  0.39269908169872414        0.0000000000000000     
  0.78539816339744828        2.6235611585434526E-005
   1.1780972450961724        5.2468742069322616E-005
   1.5707963267948966        7.8697237768210471E-005
   1.9634954084936207        1.0491774446563795E-004
   2.3561944901923448        1.3112935994286090E-004
   2.7488935718910690        1.5732768224552274E-004
   3.1415926535897931        1.8351236940361559E-004
   3.5342917352885173        2.0967857562936842E-004
   3.9269908169872414        2.3582670837640762E-004
   4.3196898986859651        2.6195123791694641E-004
   4.7123889803846897        2.8805295005440712E-004
   5.1050880620834143        3.1412602402269840E-004
   5.4977871437821380        3.4017168218269944E-004
   5.8904862254808616        3.6618346348404884E-004
   6.2831853071795862        3.9216366712935269E-004
   6.6758843888783108        4.1810484253801405E-004
   7.0685834705770345        4.4400987098924816E-004
   7.4612825522757582        4.6987074892967939E-004
   7.8539816339744828        4.9569131806492805E-004
   8.2466807156732074        5.2146270172670484E-004
   8.6393797973719302        5.4718926548957825E-004
   9.0320788790706548        5.7286181254312396E-004
   9.4247779607693793        5.9848546516150236E-004
   9.8174770424681039        6.2405021162703633E-004
   10.210176124166829        6.4956158166751266E-004
   10.602875205865551        6.7500898148864508E-004
   10.995574287564276        7.0039957063272595E-004
   11.388273369263000        7.2572130011394620E-004
   11.780972450961723        7.5098167872056365E-004
   12.173671532660448        7.7616854105144739E-004
   12.566370614359172        8.0129073467105627E-004
   12.959069696057897        8.2633440615609288E-004
   13.351768777756622        8.5130950901657343E-004
   13.744467859455344        8.7620166596025229E-004
   14.137166941154069        9.0102112153545022E-004
   14.529866022852794        9.2575332382693887E-004
   14.922565104551516        9.5040973974391818E-004
   15.315264186250241        9.7497395472601056E-004
   15.707963267948966        9.9945883266627789E-004
   16.100662349647688        1.0238473769277334E-003
   16.493361431346415        1.0481530334800482E-003
   16.886060513045138        1.0723579907789826E-003
   17.278759594743860        1.0964771499857306E-003
   17.671458676442587        1.1204910697415471E-003
   18.064157758141310        1.1444162810221314E-003
   18.456856839840036        1.1682320619001985E-003
   18.849555921538759        1.1919559910893440E-003
   19.242255003237482        1.2155666481703520E-003
   19.634954084936208        1.2390823103487492E-003
   20.027653166634931        1.2624813243746758E-003
   20.420352248333657        1.2857822002843022E-003
   20.813051330032380        1.3089624699205160E-003
   21.205750411731103        1.3320421567186713E-003
   21.598449493429829        1.3549976283684373E-003
   21.991148575128552        1.3778497232124209E-003
   22.383847656827275        1.4005743432790041E-003
   22.776546738526001        1.4231930254027247E-003
   23.169245820224724        1.4456807402893901E-003
   23.561944901923447        1.4680604217574000E-003
   23.954643983622173        1.4903058763593435E-003
   24.347343065320896        1.5124406199902296E-003
   24.740042147019622        1.5344383427873254E-003
   25.132741228718345        1.5563231427222490E-003
   25.525440310417068        1.5780680114403367E-003
   25.918139392115794        1.5996978618204594E-003
   26.310838473814517        1.6211847541853786E-003
   26.703537555513243        1.6425551148131490E-003
   27.096236637211966        1.6637797234579921E-003
   27.488935718910689        1.6848857048898935E-003
   27.881634800609415        1.7058438388630748E-003
   28.274333882308138        1.7266812501475215E-003
   28.667032964006861        1.7473682528361678E-003
   29.059732045705587        1.7679334850981832E-003
   29.452431127404310        1.7883457476273179E-003
   29.845130209103033        1.8086347263306379E-003
   30.237829290801759        1.8287686398252845E-003
   30.630528372500482        1.8487779889255762E-003
   31.023227454199208        1.8686301773414016E-003
   31.415926535897931        1.8883566372096539E-003
   31.808625617596654        1.9079237245023251E-003
   32.201324699295377        1.9273643847554922E-003
   32.594023780994107        1.9466438097879291E-003
   32.986722862692829        1.9657956436276436E-003
   33.379421944391552        1.9847848452627659E-003
   33.772121026090275        2.0036452915519476E-003
   34.164820107788998        2.0223418250679970E-003
   34.557519189487721        2.0409089047461748E-003
   34.950218271186451        2.0593104418367147E-003
   35.342917352885173        2.0775818265974522E-003
   35.735616434583896        2.0956867374479771E-003
   36.128315516282619        2.1136605646461248E-003
   36.521014597981342        2.1314667537808418E-003
   36.913713679680072        2.1491420920938253E-003
   37.306412761378795        2.1666483953595161E-003
   37.699111843077517        2.1840233821421862E-003
   38.091810924776240        2.2012281697243452E-003
   38.484510006474963        2.2183016408234835E-003
   38.877209088173693        2.2352046798914671E-003
   39.269908169872416        2.2519754711538553E-003
   39.662607251571139        2.2685751318931580E-003
   40.055306333269861        2.2850432433187962E-003
   40.448005414968584        2.3013397585600615E-003
   40.840704496667314        2.3175040259957314E-003
   41.233403578366037        2.3334959987550974E-003
   41.626102660064760        2.3493566550314426E-003
   42.018801741763482        2.3650445509701967E-003
   42.411500823462205        2.3806011304259300E-003
   42.804199905160928        2.3959849495440722E-003
   43.196898986859658        2.4112374521791935E-003
   43.589598068558381        2.4263174273073673E-003
   43.982297150257104        2.4412665516138077E-003
   44.374996231955826        2.4560429155826569E-003
   44.767695313654549        2.4706886615604162E-003
   45.160394395353279        2.4851616472005844E-003
   45.553093477052002        2.4995051790028811E-003
   45.945792558750725        2.5136761832982302E-003
   46.338491640449448        2.5277175009250641E-003
   46.731190722148170        2.5415872223675251E-003
   47.123889803846893        2.5553277228027582E-003
   47.516588885545623        2.5688973255455494E-003
   47.909287967244346        2.5823384057730436E-003
   48.301987048943069        2.5956088211387396E-003
   48.694686130641792        2.6087514124810696E-003
   49.087385212340514        2.6217235717922449E-003
   49.480084294039244        2.6345700025558472E-003
   49.872783375737967        2.6472455356270075E-003
   50.265482457436690        2.6597969699651003E-003
   50.658181539135413        2.6721775066107512E-003
   51.050880620834135        2.6844353415071964E-003
   51.443579702532865        2.6965229772031307E-003
   51.836278784231588        2.7084890753030777E-003
   52.228977865930311        2.7202859055250883E-003
   52.621676947629034        2.7319621294736862E-003
   53.014376029327757        2.7434697840362787E-003
   53.407075111026487        2.7548584621399641E-003
   53.799774192725209        2.7660795021802187E-003
   54.192473274423932        2.7771824970841408E-003
   54.585172356122655        2.7881187852472067E-003
   54.977871437821378        2.7989386580884457E-003
   55.370570519520101        2.8095927555114031E-003
   55.763269601218830        2.8201318345963955E-003
   56.155968682917553        2.8305060695856810E-003
   56.548667764616276        2.8407666832208633E-003
   56.941366846314999        2.8508638497442007E-003
   57.334065928013722        2.8608483262360096E-003
   57.726765009712452        2.8706705197691917E-003
   58.119464091411174        2.8803823515772820E-003
   58.512163173109897        2.8899330645799637E-003
   58.904862254808620        2.8993741143494844E-003
   59.297561336507343        2.9086559079587460E-003
   59.690260418206066        2.9178292024880648E-003
   60.082959499904796        2.9268441721796989E-003
   60.475658581603518        2.9357536695897579E-003
   60.868357663302241        2.9445048421621323E-003
   61.261056745000964        2.9531528707593679E-003
   61.653755826699687        2.9616437386721373E-003
   62.046454908398417        2.9700328595936298E-003
   62.439153990097140        2.9782664496451616E-003
   62.831853071795862        2.9863999225199223E-003
   63.224552153494585        2.9943792615085840E-003
   63.617251235193308        3.0022601131349802E-003
   64.009950316892031        3.0099884606897831E-003
   64.402649398590754        3.0176199506968260E-003
   64.795348480289476        3.0251005664467812E-003
   65.188047561988213        3.0324857216328382E-003
   65.580746643686936        3.0397216323763132E-003
   65.973445725385659        3.0468639452010393E-003
   66.366144807084382        3.0538586433976889E-003
   66.758843888783105        3.0607611406594515E-003
   67.151542970481827        3.0675171874463558E-003
   67.544242052180550        3.0741838272660971E-003
   67.936941133879273        3.0807051807641983E-003
   68.329640215577996        3.0871387571096420E-003
   68.722339297276719        3.0934284441173077E-003
   69.115038378975441        3.0996324494481087E-003
   69.507737460674178        3.1056937295943499E-003
   69.900436542372901        3.1116716563701630E-003
   70.293135624071624        3.1175080221146345E-003
   70.685834705770347        3.1232631299644709E-003
   71.078533787469070        3.1288783065974712E-003
   71.471232869167793        3.1344138551503420E-003
   71.863931950866515        3.1398108694702387E-003
   72.256631032565238        3.1451303511857986E-003
   72.649330114263961        3.1503126956522465E-003
   73.042029195962684        3.1554196029901505E-003
   73.434728277661421        3.1603905372321606E-003
   73.827427359360144        3.1652883626520634E-003
   74.220126441058866        3.1700516119599342E-003
   74.612825522757589        3.1747433822602034E-003
   75.005524604456312        3.1793024390935898E-003
   75.398223686155035        3.1837916467338800E-003
   75.790922767853758        3.1881495378911495E-003
   76.183621849552480        3.1924399081617594E-003
   76.576320931251203        3.1965998932719231E-003
   76.969020012949926        3.2006949186325073E-003
   77.361719094648649        3.2046607229858637E-003
   77.754418176347386        3.2085631974041462E-003
   78.147117258046109        3.2123380806297064E-003
   78.539816339744831        3.2160519622266293E-003
   78.932515421443554        3.2196391839534044E-003
   79.325214503142277        3.2231677323579788E-003
   79.717913584841000        3.2265705522149801E-003
   80.110612666539723        3.2299170270562172E-003
   80.503311748238445        3.2331389375030994E-003
   80.896010829937168        3.2363063655793667E-003
   81.288709911635891        3.2393508590757847E-003
   81.681408993334628        3.2423427328467369E-003
   82.074108075033351        3.2452133018523455E-003
   82.466807156732074        3.2480324152857065E-003
   82.859506238430797        3.2507318537682295E-003
   83.252205320129519        3.2533821649849415E-003
   83.644904401828242        3.2559139654040337E-003
   84.037603483526965        3.2583982683718204E-003
   84.430302565225688        3.2607647590339184E-003
   84.823001646924411        3.2630870118737221E-003
   85.215700728623133        3.2652923837304115E-003
   85.608399810321856        3.2674549147486687E-003
   86.001098892020593        3.2695021945983171E-003
   86.393797973719316        3.2715080305933952E-003
   86.786497055418039        3.2734004780650139E-003
   87.179196137116762        3.2752533443272114E-003
   87.571895218815484        3.2769939862191677E-003
   87.964594300514207        3.2786962110549212E-003
   88.357293382212930        3.2802876085042953E-003
   88.749992463911653        3.2818433828651905E-003
   89.142691545610376        3.2832890283316374E-003
   89.535390627309098        3.2847002148628235E-003
   89.928089709007821        3.2860033679753542E-003
   90.320788790706558        3.2872729934751987E-003
   90.713487872405281        3.2884362153708935E-003
   91.106186954104004        3.2895680051296949E-003
   91.498886035802727        3.2905938569456339E-003
   91.891585117501450        3.2915906049311161E-003
   92.284284199200172        3.2924825791269541E-003
   92.676983280898895        3.2933466136455536E-003
   93.069682362597618        3.2941079698503017E-003
   93.462381444296341        3.2948418520390987E-003
   93.855080525995064        3.2954742200672626E-003
   94.247779607693786        3.2960819080471992E-003
   94.640478689392523        3.2965894788503647E-003
   95.033177771091246        3.2970726024359465E-003
   95.425876852789969        3.2974572386592627E-003
   95.818575934488692        3.2978192903101444E-003
   96.211275016187415        3.2980833202600479E-003
   96.603974097886137        3.2983268611133099E-003
   96.996673179584860        3.2984737772494555E-003
   97.389372261283583        3.2986013684421778E-003
   97.782071342982306        3.2986332662403584E-003
   98.174770424681029        3.2986474689096212E-003
   98.567469506379766        3.2985671423375607E-003
   98.960168588078488        3.2984707504510880E-003
   99.352867669777211        3.2982812263071537E-003
   99.745566751475934        3.2980763353407383E-003
   100.13826583317466        3.2977794762700796E-003
   100.53096491487338        3.2974688801914454E-003
   100.92366399657210        3.2970672473311424E-003
   101.31636307827083        3.2966532744467258E-003
   101.70906215996955        3.2961496617645025E-003
   102.10176124166827        3.2956346403807402E-003
   102.49446032336699        3.2950311433523893E-003
   102.88715940506573        3.2944178674370050E-003
   103.27985848676445        3.2937170471996069E-003
   103.67255756846318        3.2930076122283936E-003
   104.06525665016190        3.2922120299190283E-003
   104.45795573186062        3.2914085313677788E-003
   104.85065481355934        3.2905202824622393E-003
   105.24335389525807        3.2896250486373901E-003
   105.63605297695679        3.2886459957808256E-003
   106.02875205865551        3.2876615878194571E-003
   106.42145114035424        3.2865942921489477E-003
   106.81415022205297        3.2855228055268526E-003
   107.20684930375170        3.2843693625181913E-003
   107.59954838545042        3.2832128927111626E-003
   107.99224746714914        3.2819749321788549E-003
   108.38494654884786        3.2807360403239727E-003
   108.77764563054659        3.2794165890663862E-003
   109.17034471224531        3.2780966721475124E-003
   109.56304379394403        3.2766968943178654E-003
   109.95574287564276        3.2752985134720802E-003
   110.34844195734148        3.2738209702074528E-003
   110.74114103904020        3.2723459880799055E-003
   111.13384012073894        3.2707916107028723E-003
   111.52653920243766        3.2692423555999994E-003
   111.91923828413638        3.2676146365702152E-003
   112.31193736583511        3.2659922726452351E-003
   112.70463644753383        3.2642926089465618E-003
   113.09733552923255        3.2625989988446236E-003
   113.49003461093127        3.2608294859528542E-003
   113.88273369263000        3.2590667251497507E-003
   114.27543277432872        3.2572282943874598E-003
   114.66813185602744        3.2553989440202713E-003
   115.06083093772617        3.2534943893551826E-003
   115.45353001942490        3.2515993807464838E-003
   115.84622910112363        3.2496303319931030E-003
   116.23892818282235        3.2476712949573994E-003
   116.63162726452107        3.2456389162689447E-003
   117.02432634621979        3.2436184119433165E-003
   117.41702542791852        3.2415245659649372E-003
   117.80972450961724        3.2394439913332462E-003
   118.20242359131596        3.2372907735407352E-003
   118.59512267301469        3.2351515255868435E-003
   118.98782175471341        3.2329401001334190E-003
   119.38052083641213        3.2307440415024757E-003
   119.77321991811087        3.2284765038639307E-003
   120.16591899980959        3.2262247987091541E-003
   120.55861808150831        3.2239020802080631E-003
   120.95131716320704        3.2215970568358898E-003
   121.34401624490576        3.2192212529480457E-003
   121.73671532660448        3.2168638426810503E-003
   122.12941440830321        3.2144363503903151E-003
   122.52211349000193        3.2120281830430031E-003
   122.91481257170065        3.2095503993332386E-003
   123.30751165339937        3.2070928718894720E-003
   123.70021073509811        3.2045661937445402E-003
   124.09290981679683        3.2020609360188246E-003
   124.48560889849556        3.1994869932532310E-003
   124.87830798019428        3.1969351693987846E-003
   125.27100706189300        3.1943155918270350E-003
   125.66370614359172        3.1917183659970760E-003
   126.05640522529045        3.1890540849417448E-003
   126.44910430698917        3.1864133197814226E-003
   126.84180338868789        3.1837057322263718E-003
   127.23450247038662        3.1810225918889046E-003
   127.62720155208534        3.1782733276486397E-003
   128.01990063378406        3.1755487434566021E-003
   128.41259971548280        3.1727582681924105E-003
   128.80529879718151        3.1699943356215954E-003
   129.19799787888024        3.1671649776399136E-003
   129.59069696057895        3.1643619295209646E-003
   129.98339604227769        3.1614943873137236E-003
   130.37609512397643        3.1586540862917900E-003
   130.76879420567514        3.1557495240122080E-003
   131.16149328737387        3.1528729014098644E-003
   131.55419236907258        3.1499324832111597E-003
   131.94689145077132        3.1470211688429117E-003
   132.33959053247003        3.1440458260476589E-003
   132.73228961416876        3.1411005184054375E-003
   133.12498869586747        3.1380918808281422E-003
   133.51768777756621        3.1351135112345219E-003
   133.91038685926492        3.1320722773671150E-003
   134.30308594096365        3.1290624756366014E-003
   134.69578502266239        3.1259900424629450E-003
   135.08848410436110        3.1229495070874691E-003
   135.48118318605984        3.1198468059301376E-003
   135.87388226775855        3.1167767010629177E-003
   136.26658134945728        3.1136444304138422E-003
   136.65928043115599        3.1105456873774529E-003
   137.05197951285473        3.1073854770511389E-003
   137.44467859455344        3.1042590271681547E-003
   137.83737767625217        3.1010713428258896E-003
   138.23007675795088        3.0979183502495289E-003
   138.62277583964962        3.0947045888751745E-003
   139.01547492134836        3.0915255192667246E-003
   139.40817400304707        3.0882863793522120E-003
   139.80087308474580        3.0850826296955347E-003
   140.19357216644451        3.0818195082247257E-003
   140.58627124814325        3.0785915441811085E-003
   140.97897032984196        3.0753042083233595E-003
   141.37166941154069        3.0720541253685951E-003
   141.76436849323940        3.0687442049384117E-003
   142.15706757493814        3.0654715374112129E-003
   142.54976665663688        3.0621397309005260E-003
   142.94246573833559        3.0588458757847548E-003
   143.33516482003432        3.0554933473467827E-003
   143.72786390173303        3.0521785374730825E-003
   144.12056298343177        3.0488055199384689E-003
   144.51326206513048        3.0454716179519892E-003
   144.90596114682921        3.0420797411352396E-003
   145.29866022852792        3.0387265142053366E-003
   145.69135931022666        3.0353157781064510E-003
   146.08405839192537        3.0319448560476303E-003
   146.47675747362410        3.0285159591585398E-003
   146.86945655532284        3.0251275748014450E-003
   147.26215563702155        3.0216821469366550E-003
   147.65485471872029        3.0182767659425735E-003
   148.04755380041900        3.0148152727633715E-003
   148.44025288211773        3.0113940592855215E-003
   148.83295196381644        3.0079165007919073E-003
   149.22565104551518        3.0044803861528635E-003
   149.61835012721389        3.0009881593286991E-003
   150.01104920891262        2.9975371435284615E-003
   150.40374829061133        2.9940307140350342E-003
   150.79644737231007        2.9905659612268209E-003
   151.18914645400881        2.9870457947254181E-003
   151.58184553570752        2.9835677705705166E-003
   151.97454461740625        2.9800345655530691E-003
   152.36724369910496        2.9765442013740540E-003
   152.75994278080370        2.9729986563324928E-003
   153.15264186250241        2.9694964177906513E-003
   153.54534094420114        2.9659389983862638E-003
   153.93804002589985        2.9624253511428833E-003
   154.33073910759859        2.9588569886982441E-003
   154.72343818929730        2.9553323984146118E-003
   155.11613727099603        2.9517537914216518E-003
   155.50883635269477        2.9482189565896988E-003
   155.90153543439348        2.9446298722177744E-003
   156.29423451609222        2.9410859569907188E-003
   156.68693359779093        2.9374870937317610E-003
   157.07963267948966        2.9339343309402466E-003
   157.47233176118837        2.9303266201168299E-003
   157.86503084288711        2.9267650097608566E-003
   158.25772992458582        2.9231491498649120E-003
   158.65042900628455        2.9195796232670546E-003
   159.04312808798326        2.9159560799598694E-003
   159.43582716968200        2.9123788699507713E-003
   159.82852625138074        2.9087478760629892E-003
   160.22122533307945        2.9051636811345816E-003
   160.61392441477818        2.9015257023274899E-003
   161.00662349647689        2.8979352209717035E-003
   161.39932257817563        2.8942907229065895E-003
   161.79202165987434        2.8906941879540682E-003
   162.18472074157307        2.8870438691228628E-003
   162.57741982327178        2.8834419790655375E-003
   162.97011890497052        2.8797863051295280E-003
   163.36281798666926        2.8761788271367550E-003
   163.75551706836796        2.8725184965878725E-003
   164.14821615006670        2.8689061291515827E-003
   164.54091523176541        2.8652411419898272E-003
   164.93361431346415        2.8616245836019516E-003
   165.32631339516286        2.8579554054886103E-003
   165.71901247686159        2.8543348889797926E-003
   166.11171155856030        2.8506619855761528E-003
   166.50441064025904        2.8470382094383240E-003
   166.89710972195775        2.8433620464056730E-003
   167.28980880365648        2.8397347778081894E-003
   167.68250788535522        2.8360560536384583E-003
   168.07520696705393        2.8324257582426071E-003
   168.46790604875267        2.8287442401051521E-003
   168.86060513045138        2.8251120820641518E-003
   169.25330421215011        2.8214280027896166E-003
   169.64600329384882        2.8177942149341106E-003
   170.03870237554756        2.8141085058450699E-003
   170.43140145724627        2.8104726225137711E-003
   170.82410053894500        2.8067857492715120E-003
   171.21679962064371        2.8031484689563513E-003
   171.60949870234245        2.7994606643915176E-003
   172.00219778404119        2.7958222199231386E-003
   172.39489686573990        2.7921334840357304E-003
   172.78759594743863        2.7884945739060640E-003
   173.18029502913734        2.7848051395267248E-003
   173.57299411083608        2.7811662293970585E-003
   173.96569319253479        2.7774765621870756E-003
   174.35839227423352        2.7738376520574093E-003
   174.75109135593223        2.7701482176780701E-003
   175.14379043763097        2.7665095403790474E-003
   175.53648951932968        2.7628203388303518E-003
   175.92918860102841        2.7591823600232601E-003
   176.32188768272715        2.7554940897971392E-003
   176.71458676442586        2.7518568094819784E-003
   177.10728584612460        2.7481694705784321E-003
   177.49998492782331        2.7445335872471333E-003
   177.89268400952204        2.7408476453274488E-003
   178.28538309122075        2.7372129261493683E-003
   178.67808217291949        2.7335283812135458E-003
   179.07078125461820        2.7298952918499708E-003
   179.46348033631693        2.7262130752205849E-003
   179.85617941801564        2.7225816156715155E-003
   180.24887849971438        2.7189014945179224E-003
   180.64157758141312        2.7152721304446459E-003
   181.03427666311183        2.7115941047668457E-003
   181.42697574481056        2.7079675346612930E-003
   181.81967482650927        2.7042918372899294E-003
   182.21237390820801        2.7006682939827442E-003
   182.60507298990672        2.6969956234097481E-003
   182.99777207160545        2.6933746412396431E-003
   183.39047115330416        2.6897045318037271E-003
   183.78317023500290        2.6860870420932770E-003
   184.17586931670161        2.6824204251170158E-003
   184.56856839840034        2.6788059622049332E-003
   184.96126748009908        2.6751421391963959E-003
   185.35396656179779        2.6715318672358990E-003
   185.74666564349653        2.6678720023483038E-003
   186.13936472519524        2.6642652228474617E-003
   186.53206380689397        2.6606093160808086E-003
   186.92476288859268        2.6570060290396214E-003
   187.31746197029142        2.6533538475632668E-003
   187.71016105199013        2.6497552171349525E-003
   188.10286013368886        2.6461076922714710E-003
   188.49555921538757        2.6425127871334553E-003
   188.88825829708631        2.6388692203909159E-003
   189.28095737878505        2.6352792046964169E-003
   189.67365646048376        2.6316405273973942E-003
   190.06635554218249        2.6280549354851246E-003
   190.45905462388120        2.6244209147989750E-003
   190.85175370557994        2.6208402123302221E-003
   191.24445278727865        2.6172113139182329E-003
   191.63715186897738        2.6136355008929968E-003
   192.02985095067609        2.6100114919245243E-003
   192.42255003237483        2.6064408011734486E-003
   192.81524911407357        2.6028223801404238E-003
   193.20794819577227        2.5992570444941521E-003
   193.60064727747101        2.5956437457352877E-003
   193.99334635916972        2.5920837651938200E-003
   194.38604544086846        2.5884760543704033E-003
   194.77874452256717        2.5849216617643833E-003
   195.17144360426590        2.5813197717070580E-003
   195.56414268596461        2.5777709670364857E-003
   195.95684176766335        2.5741751305758953E-003
   196.34954084936206        2.5706319138407707E-003
   196.74223993106079        2.5670421309769154E-003
   197.13493901275953        2.5635049678385258E-003
   197.52763809445824        2.5599214714020491E-003
   197.92033717615698        2.5563903618603945E-003
   198.31303625785569        2.5528131518512964E-003
   198.70573533955442        2.5492883287370205E-003
   199.09843442125313        2.5457171723246574E-003
   199.49113350295187        2.5421986356377602E-003
   199.88383258465058        2.5386339984834194E-003
   200.27653166634931        2.5351219810545444E-003
   200.66923074804802        2.5315638631582260E-003
   201.06192982974676        2.5280585978180170E-003
   201.45462891144550        2.5245072320103645E-003
   201.84732799314421        2.5210084859281778E-003
   202.24002707484294        2.5174638722091913E-003
   202.63272615654165        2.5139721110463142E-003
   203.02542523824039        2.5104344822466373E-003
   203.41812431993910        2.5069492403417826E-003
   203.81082340163783        2.5034188292920589E-003
   204.20352248333654        2.4999405723065138E-003
   204.59622156503528        2.4964166805148125E-003
   204.98892064673399        2.4929458741098642E-003
   205.38161972843272        2.4894296657294035E-003
   205.77431881013146        2.4859656114131212E-003
   206.16701789183017        2.4824566207826138E-003
   206.55971697352891        2.4790000170469284E-003
   206.95241605522762        2.4754984769970179E-003
   207.34511513692635        2.4720490910112858E-003
   207.73781421862506        2.4685550015419722E-003
   208.13051330032380        2.4651130661368370E-003
   208.52321238202251        2.4616261944174767E-003
   208.91591146372124        2.4581919424235821E-003
   209.30861054541995        2.4547129869461060E-003
   209.70130962711869        2.4512861855328083E-003
   210.09400870881743        2.4478144478052855E-003
   210.48670779051614        2.4443953298032284E-003
   210.87940687221487        2.4409317411482334E-003
   211.27210595391358        2.4375203065574169E-003
   211.66480503561232        2.4340641684830189E-003
   212.05750411731103        2.4306606501340866E-003
   212.45020319900976        2.4272124283015728E-003
   212.84290228070847        2.4238168261945248E-003
   213.23560136240721        2.4203769862651825E-003
   213.62830044410595        2.4169888347387314E-003
   214.02099952580465        2.4135564453899860E-003
   214.41369860750339        2.4101769085973501E-003
   214.80639768920210        2.4067526683211327E-003
   215.19909677090084        2.4033808149397373E-003
   215.59179585259955        2.3999647237360477E-003
   215.98449493429828        2.3966010194271803E-003
   216.37719401599699        2.3931930772960186E-003
   216.76989309769573        2.3898375220596790E-003
   217.16259217939444        2.3864377290010452E-003
   217.55529126109317        2.3830903228372335E-003
   217.94799034279191        2.3796991445124149E-003
   218.34068942449062        2.3763594217598438E-003
   218.73338850618936        2.3729768581688404E-003
   219.12608758788807        2.3696452844887972E-003
   219.51878666958680        2.3662708699703217E-003
   219.91148575128551        2.3629476781934500E-003
   220.30418483298425        2.3595821112394333E-003
   220.69688391468296        2.3562670685350895E-003
   221.08958299638169        2.3529094178229570E-003
   221.48228207808040        2.3496032226830721E-003
   221.87498115977914        2.3462541867047548E-003
   222.26768024147788        2.3429561406373978E-003
   222.66037932317658        2.3396159522235394E-003
   223.05307840487532        2.3363260552287102E-003
   223.44577748657403        2.3329942487180233E-003
   223.83847656827277        2.3297131992876530E-003
   224.23117564997148        2.3263895418494940E-003
   224.62387473167021        2.3231173399835825E-003
   225.01657381336892        2.3198020644485950E-003
   225.40927289506766        2.3165384773164988E-003
   225.80197197676637        2.3132320493459702E-003
   226.19467105846510        2.3099770769476891E-003
   226.58737014016384        2.3066792637109756E-003
   226.98006922186255        2.3034326732158661E-003
   227.37276830356129        2.3001434747129679E-003
   227.76546738526000        2.2969054989516735E-003
   228.15816646695873        2.2936253808438778E-003
   228.55086554865744        2.2903955541551113E-003
   228.94356463035618        2.2871245164424181E-003
   229.33626371205489        2.2839035373181105E-003
   229.72896279375362        2.2806408815085888E-003
   230.12166187545233        2.2774287499487400E-003
   230.51436095715107        2.2741744760423899E-003
   230.90706003884981        2.2709714248776436E-003
   231.29975912054852        2.2677259985357523E-003
   231.69245820224725        2.2645313292741776E-003
   232.08515728394596        2.2612945176661015E-003
   232.47785636564470        2.2581089287996292E-003
   232.87055544734341        2.2548811975866556E-003
   233.26325452904214        2.2517039906233549E-003
   233.65595361074085        2.2484851069748402E-003
   234.04865269243959        2.2453167475759983E-003
   234.44135177413830        2.2421069443225861E-003
   234.83405085583703        2.2389471996575594E-003
   235.22674993753577        2.2357460111379623E-003
   235.61944901923448        2.2325951140373945E-003
   236.01214810093322        2.2294030059129000E-003
   236.40484718263193        2.2262609563767910E-003
   236.79754626433066        2.2230772301554680E-003
   237.19024534602937        2.2199442610144615E-003
   237.58294442772811        2.2167693823575974E-003
   237.97564350942682        2.2136452607810497E-003
   238.36834259112555        2.2104792296886444E-003
   238.76104167282426        2.2073637228459120E-003
   239.15374075452300        2.2042067721486092E-003
   239.54643983622174        2.2011001128703356E-003
   239.93913891792045        2.1979520097374916E-003
   240.33183799961918        2.1948539651930332E-003
   240.72453708131789        2.1917149424552917E-003
   241.11723616301663        2.1886257454752922E-003
   241.50993524471534        2.1854953374713659E-003
   241.90263432641407        2.1824154537171125E-003
   242.29533340811278        2.1792936604470015E-003
   242.68803248981152        2.1762223914265633E-003
   243.08073157151026        2.1731099113821983E-003
   243.47343065320896        2.1700472570955753E-003
   243.86612973490770        2.1669433917850256E-003
   244.25882881660641        2.1638895850628614E-003
   244.65152789830515        2.1607950329780579E-003
   245.04422698000386        2.1577496081590652E-003
   245.43692606170259        2.1546641364693642E-003
   245.82962514340130        2.1516275592148304E-003
   246.22232422510004        2.1485507022589445E-003
   246.61502330679875        2.1455229725688696E-003
   247.00772238849748        2.1424549631774426E-003
   247.40042147019622        2.1394360810518265E-003
   247.79312055189493        2.1363773848861456E-003
   248.18581963359367        2.1333666518330574E-003
   248.57851871529238        2.1303168032318354E-003
   248.97121779699111        2.1273151505738497E-003
   249.36391687868982        2.1242743823677301E-003
   249.75661596038856        2.1212813444435596E-003
   250.14931504208727        2.1182491909712553E-003
   250.54201412378600        2.1152650006115437E-003
   250.93471320548471        2.1122414618730545E-003
   251.32741228718345        2.1092663519084454E-003
   251.72011136888219        2.1062516607344151E-003
   252.11281045058089        2.1032853983342648E-003
   252.50550953227963        2.1002795547246933E-003
   252.89820861397834        2.0973216742277145E-003
   253.29090769567708        2.0943246781826019E-003
   253.68360677737579        2.0913754124194384E-003
   254.07630585907452        2.0883872639387846E-003
   254.46900494077323        2.0854468457400799E-003
   254.86170402247197        2.0824675448238850E-003
   255.25440310417068        2.0795357413589954E-003
   255.64710218586941        2.0765652880072594E-003
   256.03980126756812        2.0736418664455414E-003
   256.43250034926689        2.0706802606582642E-003
   256.82519943096560        2.0677656866610050E-003
   257.21789851266431        2.0648126956075430E-003
   257.61059759436301        2.0619067363440990E-003
   258.00329667606178        2.0589628256857395E-003
   258.39599575776049        2.0560652483254671E-003
   258.78869483945920        2.0531299524009228E-003
   259.18139392115791        2.0502409897744656E-003
   259.57409300285667        2.0473145414143801E-003
   259.96679208455538        2.0444339606910944E-003
   260.35949116625409        2.0415158942341805E-003
   260.75219024795285        2.0386443939059973E-003
   261.14488932965156        2.0357351750135422E-003
   261.53758841135027        2.0328718237578869E-003
   261.93028749304898        2.0299716852605343E-003
   262.32298657474774        2.0271164830774069E-003
   262.71568565644645        2.0242249593138695E-003
   263.10838473814516        2.0213783718645573E-003
   263.50108381984387        2.0184954628348351E-003
   263.89378290154264        2.0156572572886944E-003
   264.28648198324134        2.0127831958234310E-003
   264.67918106494005        2.0099533721804619E-003
   265.07188014663882        2.0070876926183701E-003
   265.46457922833753        2.0042664837092161E-003
   265.85727831003624        2.0014096517115831E-003
   266.24997739173494        1.9985963590443134E-003
   266.64267647343371        1.9957479089498520E-003
   267.03537555513242        1.9929434638470411E-003
   267.42807463683113        1.9901040941476822E-003
   267.82077371852984        1.9873073324561119E-003
   268.21347280022860        1.9844765774905682E-003
   268.60617188192731        1.9816881977021694E-003
   268.99887096362602        1.9788660574704409E-003
   269.39157004532478        1.9760860595852137E-003
   269.78426912702349        1.9732723012566566E-003
   270.17696820872220        1.9705006852746010E-003
   270.56966729042091        1.9676955416798592E-003
   270.96236637211967        1.9649318419396877E-003
   271.35506545381838        1.9621350802481174E-003
   271.74776453551709        1.9593797624111176E-003
   272.14046361721580        1.9565918482840061E-003
   272.53316269891457        1.9538444466888905E-003
   272.92586178061327        1.9510646816343069E-003
   273.31856086231198        1.9483256619423628E-003
   273.71125994401075        1.9455543952062726E-003
   274.10395902570946        1.9428236410021782E-003
   274.49665810740817        1.9400606397539377E-003
   274.88935718910687        1.9373382674530149E-003
   275.28205627080564        1.9345834152773023E-003
   275.67475535250435        1.9318693084642291E-003
   276.06745443420306        1.9291228381916881E-003
   276.46015351590177        1.9264166476204991E-003
   276.85285259760053        1.9236782100051641E-003
   277.24555167929924        1.9209802849218249E-003
   277.63825076099795        1.9182503456249833E-003
   278.03094984269671        1.9155602203682065E-003
   278.42364892439542        1.9128385465592146E-003
   278.81634800609413        1.9101565703749657E-003
   279.20904708779284        1.9074431620538235E-003
   279.60174616949161        1.9047689856961370E-003
   279.99444525119031        1.9020638428628445E-003
   280.38714433288902        1.8993976991623640E-003
   280.77984341458779        1.8967007054015994E-003
   281.17254249628650        1.8940427107736468E-003
   281.56524157798520        1.8913536332547665E-003
   281.95794065968391        1.8887036712840199E-003
   282.35063974138268        1.8860230920836329E-003
   282.74333882308139        1.8833806971088052E-003
   283.13603790478010        1.8807081505656242E-003
   283.52873698647880        1.8780734390020370E-003
   283.92143606817757        1.8754091579467058E-003
   284.31413514987628        1.8727823626250029E-003
   284.70683423157499        1.8701262306421995E-003
   285.09953331327375        1.8675071187317371E-003
   285.49223239497246        1.8648589029908180E-003
   285.88493147667117        1.8622479401528835E-003
   286.27763055836988        1.8596076406538486E-003
   286.67032964006864        1.8570043612271547E-003
   287.06302872176735        1.8543722108006477E-003
   287.45572780346606        1.8517763819545507E-003
   287.84842688516477        1.8491521477699280E-003
   288.24112596686354        1.8465640023350716E-003
   288.63382504856224        1.8439478008076549E-003
   289.02652413026095        1.8413674551993608E-003
   289.41922321195972        1.8387589370831847E-003
   289.81192229365843        1.8361865077167749E-003
   290.20462137535714        1.8335860222578049E-003
   290.59732045705584        1.8310210434719920E-003
   290.99001953875461        1.8284283578395844E-003
   291.38271862045332        1.8258707132190466E-003
   291.77541770215203        1.8232861766591668E-003
   292.16811678385073        1.8207363318651915E-003
   292.56081586554950        1.8181590130552649E-003
   292.95351494724821        1.8156169680878520E-003
   293.34621402894692        1.8130476819351315E-003
   293.73891311064568        1.8105129711329937E-003
   294.13161219234439        1.8079513683915138E-003
   294.52431127404310        1.8054239917546511E-003
   294.91701035574181        1.8028700724244118E-003
   295.30970943744057        1.8003503791987896E-003
   295.70240851913928        1.7978043761104345E-003
   296.09510760083799        1.7952917842194438E-003
   296.48780668253670        1.7927534645423293E-003
   296.88050576423547        1.7902484396472573E-003
   297.27320484593417        1.7877176869660616E-003
   297.66590392763288        1.7852198798209429E-003
   298.05860300933165        1.7826969269663095E-003
   298.45130209103036        1.7802063375711441E-003
   298.84400117272907        1.7776909517124295E-003
   299.23670025442777        1.7752078128978610E-003
   299.62939933612654        1.7727001104503870E-003
   300.02209841782525        1.7702240729704499E-003
   300.41479749952396        1.7677238211035728E-003
   300.80749658122267        1.7652552342042327E-003
   301.20019566292143        1.7627624329179525E-003
   301.59289474462014        1.7603009473532438E-003
   301.98559382631885        1.7578155966475606E-003
   302.37829290801761        1.7553615616634488E-003
   302.77099198971632        1.7528836615383625E-003
   303.16369107141503        1.7504367278888822E-003
   303.55639015311374        1.7479660455137491E-003
   303.94908923481250        1.7455262131989002E-003
   304.34178831651121        1.7430630978196859E-003
   304.73448739820992        1.7406303668394685E-003
   305.12718647990863        1.7381745856255293E-003
   305.51988556160740        1.7357489559799433E-003
   305.91258464330610        1.7333007417619228E-003
   306.30528372500481        1.7308820970356464E-003
   306.69798280670358        1.7284408677369356E-003
   307.09068188840229        1.7260294407606125E-003
   307.48338097010100        1.7235958948731422E-003
   307.87608005179970        1.7211909871548414E-003
   308.26877913349847        1.7187648918479681E-003
   308.66147821519718        1.7163669690489769E-003
   309.05417729689589        1.7139478586614132E-003
   309.44687637859460        1.7115569207817316E-003
   309.83957546029336        1.7091451445594430E-003
   310.23227454199207        1.7067611915990710E-003
   310.62497362369078        1.7043562838807702E-003
   311.01767270538954        1.7019794322550297E-003
   311.41037178708825        1.6995817422866821E-003
   311.80307086878696        1.6972117591649294E-003
   312.19576995048567        1.6948211705312133E-003
   312.58846903218443        1.6924578230828047E-003
   312.98116811388314        1.6900745686143637E-003
   313.37386719558185        1.6877179732546210E-003
   313.76656627728056        1.6853418201208115E-003
   314.15926535897933        1.6829920932650566E-003
   314.55196444067803        1.6806223429739475E-003
   314.94466352237674        1.6782798338681459E-003
   315.33736260407551        1.6759173013269901E-003
   315.73006168577422        1.6735813114792109E-003
   316.12276076747293        1.6712257638573647E-003
   316.51545984917163        1.6688965260982513E-003
   316.90815893087040        1.6665477305650711E-003
   317.30085801256911        1.6642254777252674E-003
   317.69355709426782        1.6618832014501095E-003
   318.08625617596653        1.6595679335296154E-003
   318.47895525766529        1.6572326421737671E-003
   318.87165433936400        1.6549238935112953E-003
   319.26435342106271        1.6525952378287911E-003
   319.65705250276147        1.6502931248396635E-003
   320.04975158446018        1.6479714540764689E-003
   320.44245066615889        1.6456757439300418E-003
   320.83514974785760        1.6433608252555132E-003
   321.22784882955636        1.6410717507824302E-003
   321.62054791125507        1.6387635841965675E-003
   322.01324699295378        1.6364809125661850E-003
   322.40594607465249        1.6341794980689883E-003
   322.79864515635126        1.6319033456966281E-003
   323.19134423804996        1.6296084504574537E-003
   323.58404331974867        1.6273390501737595E-003
   323.97674240144744        1.6250509070232511E-003
   324.36944148314615        1.6227877931669354E-003
   324.76214056484486        1.6205062856897712E-003
   325.15483964654356        1.6182495746761560E-003
   325.54753872824233        1.6159748192876577E-003
   325.94023780994104        1.6137243947014213E-003
   326.33293689163975        1.6114561585709453E-003
   326.72563597333851        1.6092120204120874E-003
   327.11833505503722        1.6069505363702774E-003
   327.51103413673593        1.6047126846387982E-003
   327.90373321843464        1.6024576034396887E-003
   328.29643230013340        1.6002261545509100E-003
   328.68913138183211        1.5979777090251446E-003
   329.08183046353082        1.5957526629790664E-003
   329.47452954522953        1.5935103874653578E-003
   329.86722862692829        1.5912915114313364E-003
   330.25992770862700        1.5890559880062938E-003
   330.65262679032571        1.5868431655690074E-003
   331.04532587202448        1.5846139285713434E-003
   331.43802495372319        1.5824073925614357E-003
   331.83072403542189        1.5801849076524377E-003
   332.22342311712060        1.5779840759932995E-003
   332.61612219881937        1.5757679939270020E-003
   333.00882128051808        1.5735733322799206E-003
   333.40152036221679        1.5713635366410017E-003
   333.79421944391549        1.5691750450059772E-003
   334.18691852561426        1.5669720014557242E-003
   334.57961760731297        1.5647890977561474E-003
   334.97231668901168        1.5625922242179513E-003
   335.36501577071044        1.5604156069457531E-003
   335.75771485240915        1.5582249034196138E-003
   336.15041393410786        1.5560544561594725E-003
   336.54311301580657        1.5538702718913555E-003
   336.93581209750533        1.5517055289819837E-003
   337.32851117920404        1.5495276311412454E-003
   337.72121026090275        1.5473688254132867E-003
   338.11390934260146        1.5451969811692834E-003
   338.50660842430023        1.5430443454533815E-003
   338.89930750599893        1.5408790204674006E-003
   339.29200658769764        1.5387318562716246E-003
   339.68470566939641        1.5365727012977004E-003
   340.07740475109512        1.5344315906986594E-003
   340.47010383279382        1.5322780236601830E-003
   340.86280291449253        1.5301430830731988E-003
   341.25550199619130        1.5279956860467792E-003
   341.64820107789001        1.5258665662258863E-003
   342.04090015958872        1.5237251063808799E-003
   342.43359924128742        1.5216018073260784E-003
   342.82629832298619        1.5194665174931288E-003
   343.21899740468490        1.5173489227890968E-003
   343.61169648638361        1.5152196865528822E-003
   344.00439556808237        1.5131079126149416E-003
   344.39709464978108        1.5109848463907838E-003
   344.78979373147979        1.5088785439729691E-003
   345.18249281317850        1.5067611820995808E-003
   345.57519189487726        1.5046609332785010E-003
   345.96789097657597        1.5025495085865259E-003
   346.36059005827468        1.5004548477008939E-003
   346.75328913997339        1.4983494766056538E-003
   347.14598822167216        1.4962602872401476E-003
   347.53868730337086        1.4941606204956770E-003
   347.93138638506957        1.4920772518962622E-003
   348.32408546676834        1.4899835223332047E-003
   348.71678454846705        1.4879056252539158E-003
   349.10948363016576        1.4858176000416279E-003
   349.50218271186446        1.4837454073131084E-003
   349.89488179356323        1.4816636685281992E-003
   350.28758087526194        1.4795967144891620E-003
   350.68027995696065        1.4775205636397004E-003
   351.07297903865935        1.4754593139514327E-003
   351.46567812035812        1.4733887510374188E-003
   351.85837720205683        1.4713330892845988E-003
   352.25107628375554        1.4692682307213545E-003
   352.64377536545430        1.4672182733193040E-003
   353.03647444715301        1.4651590026915073E-003
   353.42917352885172        1.4631144003942609E-003
   353.82187261055043        1.4610609505325556E-003
   354.21457169224919        1.4590215869247913E-003
   354.60727077394790        1.4569737249985337E-003
   354.99996985564661        1.4549398329108953E-003
   355.39266893734532        1.4528976753354073E-003
   355.78536801904409        1.4508691383525729E-003
   356.17806710074279        1.4488329179584980E-003
   356.57076618244150        1.4468092704191804E-003
   356.96346526414027        1.4447785215452313E-003
   357.35616434583898        1.4427604619413614E-003
   357.74886342753769        1.4407355338335037E-003
   358.14156250923639        1.4387225965037942E-003
   358.53426159093516        1.4367031399160624E-003
   358.92696067263387        1.4346955576911569E-003
   359.31965975433258        1.4326813397929072E-003
   359.71235883603129        1.4306792290881276E-003
   360.10505791773005        1.4286703662946820E-003
   360.49775699942876        1.4266734942793846E-003
   360.89045608112747        1.4246702194213867E-003
   361.28315516282623        1.4226784696802497E-003
   361.67585424452494        1.4206807827576995E-003
   362.06855332622365        1.4186942717060447E-003
   362.46125240792236        1.4167018234729767E-003
   362.85395148962112        1.4147204346954823E-003
   363.24665057131983        1.4127332251518965E-003
   363.63934965301854        1.4107570750638843E-003
   364.03204873471725        1.4087753370404243E-003
   364.42474781641602        1.4068041928112507E-003
   364.81744689811472        1.4048280427232385E-003
   365.21014597981343        1.4028617879375815E-003
   365.60284506151220        1.4008909929543734E-003
   365.99554414321091        1.3989297440275550E-003
   366.38824322490962        1.3969643041491508E-003
   366.78094230660832        1.3950081774964929E-003
   367.17364138830709        1.3930478598922491E-003
   367.56634047000580        1.3910967390984297E-003
   367.95903955170451        1.3891418930143118E-003
   368.35173863340322        1.3871955452486873E-003
   368.74443771510198        1.3852460542693734E-003
   369.13713679680069        1.3833045959472656E-003
   369.52983587849940        1.3813603436574340E-003
   369.92253496019816        1.3794237747788429E-003
   370.31523404189687        1.3774846447631717E-003
   370.70793312359558        1.3755529653280973E-003
   371.10063220529429        1.3736191904172301E-003
   371.49333128699305        1.3716924004256725E-003
   371.88603036869176        1.3697635149583220E-003
   372.27872945039047        1.3678418472409248E-003
   372.67142853208918        1.3659183168783784E-003
   373.06412761378795        1.3640013057738543E-003
   373.45682669548665        1.3620826648548245E-003
   373.84952577718536        1.3601706596091390E-003
   374.24222485888413        1.3582569081336260E-003
   374.63492394058284        1.3563497923314571E-003
   375.02762302228155        1.3544412795454264E-003
   375.42032210398025        1.3525387039408088E-003
   375.81302118567902        1.3506355462595820E-003
   376.20572026737773        1.3487373944371939E-003
   376.59841934907644        1.3468388933688402E-003
   376.99111843077515        1.3449458638206124E-003
   377.38381751247391        1.3430526014417410E-003
   377.77651659417262        1.3411642285063863E-003
   378.16921567587133        1.3392757391557097E-003
   378.56191475757009        1.3373920228332281E-003
   378.95461383926880        1.3355086557567120E-003
   379.34731292096751        1.3336294796317816E-003
   379.74001200266622        1.3317508855834603E-003
   380.13271108436498        1.3298764824867249E-003
   380.52541016606369        1.3280031271278858E-003
   380.91810924776240        1.3261330313980579E-003
   381.31080832946117        1.3242643326520920E-003
   381.70350741115988        1.3223991263657808E-003
   382.09620649285858        1.3205352006480098E-003
   382.48890557455729        1.3186746509745717E-003
   382.88160465625606        1.3168154982849956E-003
   383.27430373795477        1.3149593723937869E-003
   383.66700281965348        1.3131053419783711E-003
   384.05970190135218        1.3112536398693919E-003
   384.45240098305095        1.3094041496515274E-003
   384.84510006474966        1.3075571041554213E-003
   385.23779914644837        1.3057125033810735E-003
   385.63049822814713        1.3038699980825186E-003
   386.02319730984584        1.3020298210904002E-003
   386.41589639154455        1.3001918559893966E-003
   386.80859547324326        1.2983568012714386E-003
   387.20129455494202        1.2965230271220207E-003
   387.59399363664073        1.2946926290169358E-003
   387.98669271833944        1.2928635114803910E-003
   388.37939180003815        1.2910377699881792E-003
   388.77209088173691        1.2892129598185420E-003
   389.16478996343562        1.2873919913545251E-003
   389.55748904513433        1.2855714885517955E-003
   389.95018812683310        1.2837549438700080E-003
   390.34288720853181        1.2819389812648296E-003
   390.73558629023051        1.2801269767805934E-003
   391.12828537192922        1.2783153215423226E-003
   391.52098445362799        1.2765079736709595E-003
   391.91368353532670        1.2747007422149181E-003
   392.30638261702541        1.2728981673717499E-003
   392.69908169872411        1.2710950104519725E-003
   393.09178078042288        1.2692967429757118E-003
   393.48447986212159        1.2674980098381639E-003
   393.87717894382030        1.2657046318054199E-003
   394.26987802551906        1.2639099732041359E-003
   394.66257710721777        1.2621210189536214E-003
   395.05527618891648        1.2603307841345668E-003
   395.44797527061519        1.2585463700816035E-003
   395.84067435231395        1.2567602097988129E-003
   396.23337343401266        1.2549799866974354E-003
   396.62607251571137        1.2531983666121960E-003
   397.01877159741008        1.2514224508777261E-003
   397.41147067910885        1.2496451381593943E-003
   397.80416976080755        1.2478739954531193E-003
   398.19686884250626        1.2461005244404078E-003
   398.58956792420503        1.2443334562703967E-003
   398.98226700590374        1.2425644090399146E-003
   399.37496608760244        1.2408018810674548E-003
   399.76766516930115        1.2390369083732367E-003
   400.16036425099992        1.2372788041830063E-003
   400.55306333269863        1.2355179060250521E-003
   400.94576241439734        1.2337639927864075E-003
   401.33846149609604        1.2320074019953609E-003
   401.73116057779481        1.2302577961236238E-003
   402.12385965949352        1.2285051634535193E-003
   402.51655874119223        1.2267599813640118E-003
   402.90925782289099        1.2250114232301712E-003
   403.30195690458970        1.2232703156769276E-003
   403.69465598628841        1.2215260649099946E-003
   404.08735506798712        1.2197894975543022E-003
   404.48005414968588        1.2180489720776677E-003
   404.87275323138459        1.2163163628429174E-003
   405.26545231308330        1.2145799119025469E-003
   405.65815139478201        1.2128514936193824E-003
   406.05085047648078        1.2111191172152758E-003
   406.44354955817948        1.2093950062990189E-003
   406.83624863987819        1.2076665880158544E-003
   407.22894772157696        1.2059467844665051E-003
   407.62164680327567        1.2042222078889608E-003
   408.01434588497438        1.2025064788758755E-003
   408.40704496667308        1.2007859768345952E-003
   408.79974404837185        1.1990743223577738E-003
   409.19244313007056        1.1973578948527575E-003
   409.58514221176927        1.1956503149122000E-003
   409.97784129346797        1.1939378455281258E-003
   410.37054037516674        1.1922343401238322E-003
   410.76323945686545        1.1905257124453783E-003
   411.15593853856416        1.1888261651620269E-003
   411.54863762026292        1.1871214956045151E-003
   411.94133670196163        1.1854257900267839E-003
   412.33403578366034        1.1837251950055361E-003
   412.72673486535905        1.1820337967947125E-003
   413.11943394705781        1.1803366942331195E-003
   413.51213302875652        1.1786493705585599E-003
   413.90483211045523        1.1769563425332308E-003
   414.29753119215394        1.1752728605642915E-003
   414.69023027385271        1.1735836742445827E-003
   415.08292935555141        1.1719040339812636E-003
   415.47562843725012        1.1702188057824969E-003
   415.86832751894889        1.1685432400554419E-003
   416.26102660064760        1.1668616207316518E-003
   416.65372568234631        1.1651898967102170E-003
   417.04642476404501        1.1635121190920472E-003
   417.43912384574378        1.1618442367762327E-003
   417.83182292744249        1.1601703008636832E-003
   418.22452200914120        1.1585063766688108E-003
   418.61722109083991        1.1568360496312380E-003
   419.00992017253867        1.1551760835573077E-003
   419.40261925423738        1.1535095982253551E-003
   419.79531833593609        1.1518531246110797E-003
   420.18801741763485        1.1501903645694256E-003
   420.58071649933356        1.1485381983220577E-003
   420.97341558103227        1.1468789307400584E-003
   421.36611466273098        1.1452303733676672E-003
   421.75881374442974        1.1435748310759664E-003
   422.15151282612845        1.1419301154091954E-003
   422.54421190782716        1.1402782984077930E-003
   422.93691098952587        1.1386374244466424E-003
   423.32961007122464        1.1369890999048948E-003
   423.72230915292334        1.1353521840646863E-003
   424.11500823462205        1.1337074683979154E-003
   424.50770731632082        1.1320743942633271E-003
   424.90040639801953        1.1304330546408892E-003
   425.29310547971824        1.1288034729659557E-003
   425.68580456141694        1.1271658586338162E-003
   426.07850364311571        1.1255401186645031E-003
   426.47120272481442        1.1239062296226621E-003
   426.86390180651313        1.1222839821130037E-003
   427.25660088821189        1.1206537019461393E-003
   427.64929996991060        1.1190354125574231E-003
   428.04199905160931        1.1174082756042480E-003
   428.43469813330802        1.1157937115058303E-003
   428.82739721500678        1.1141701834276319E-003
   429.22009629670549        1.1125594610348344E-003
   429.61279537840420        1.1109394254162908E-003
   430.00549446010291        1.1093320790678263E-003
   430.39819354180167        1.1077157687395811E-003
   430.79089262350038        1.1061120312660933E-003
   431.18359170519909        1.1044990969821811E-003
   431.57629078689786        1.1028988519683480E-003
   431.96898986859657        1.1012895265594125E-003
   432.36168895029527        1.0996927740052342E-003
   432.75438803199398        1.0980868246406317E-003
   433.14708711369275        1.0964935645461082E-003
   433.53978619539146        1.0948911076411605E-003
   433.93248527709017        1.0933015728369355E-003
   434.32518435878887        1.0917023755609989E-003
   434.71788344048764        1.0901165660470724E-003
   435.11058252218635        1.0885205119848251E-003
   435.50328160388506        1.0869383113458753E-003
   435.89598068558382        1.0853456333279610E-003
   436.28867976728253        1.0837666923180223E-003
   436.68137884898124        1.0821775067597628E-003
   437.07407793067995        1.0806026402860880E-003
   437.46677701237871        1.0790163651108742E-003
   437.85947609407742        1.0774448746815324E-003
   438.25217517577613        1.0758622083812952E-003
   438.64487425747484        1.0742939775809646E-003
   439.03757333917360        1.0727145709097385E-003
   439.43027242087231        1.0711498325690627E-003
   439.82297150257102        1.0695738019421697E-003
   440.21567058426979        1.0680124396458268E-003
   440.60836966596850        1.0664399014785886E-003
   441.00106874766720        1.0648816823959351E-003
   441.39376782936591        1.0633125202730298E-003
   441.78646691106468        1.0617576772347093E-003
   442.17916599276339        1.0601917747408152E-003
   442.57186507446210        1.0586404241621494E-003
   442.96456415616080        1.0570775484666228E-003
   443.35726323785957        1.0555295739322901E-003
   443.74996231955828        1.0539698414504528E-003
   444.14266140125699        1.0524252429604530E-003
   444.53536048295575        1.0508690029382706E-003
   444.92805956465446        1.0493275476619601E-003
   445.32075864635317        1.0477746836841106E-003
   445.71345772805188        1.0462364880368114E-003
   446.10615680975064        1.0446867672726512E-003
   446.49885589144935        1.0431517148390412E-003
   446.89155497314806        1.0416053701192141E-003
   447.28425405484677        1.0400732280686498E-003
   447.67695313654554        1.0385302593931556E-003
   448.06965221824424        1.0370016098022461E-003
   448.46235129994295        1.0354615515097976E-003
   448.85505038164172        1.0339362779632211E-003
   449.24774946334043        1.0323992464691401E-003
   449.64044854503913        1.0308769997209311E-003
   450.03314762673784        1.0293431114405394E-003
   450.42584670843661        1.0278242407366633E-003
   450.81854579013532        1.0262933792546391E-003
   451.21124487183403        1.0247778845950961E-003
   451.60394395353273        1.0232500499114394E-003
   451.99664303523150        1.0217376984655857E-003
   452.38934211693021        1.0202128905802965E-003
   452.78204119862892        1.0187036823481321E-003
   453.17474028032768        1.0171820176765323E-003
   453.56743936202639        1.0156760690733790E-003
   453.96013844372510        1.0141573147848248E-003
   454.35283752542381        1.0126545093953609E-003
   454.74553660712257        1.0111387819051743E-003
   455.13823568882128        1.0096390033140779E-003
   455.53093477051999        1.0081264190375805E-003
   455.92363385221870        1.0066299000754952E-003
   456.31633293391747        1.0051202261820436E-003
   456.70903201561617        1.0036269668489695E-003
   457.10173109731488        1.0021200869232416E-003
   457.49443017901365        1.0006297379732132E-003
   457.88712926071236        9.9912611767649651E-004
   458.27982834241107        9.9763879552483559E-004
   458.67252742410977        9.9613808561116457E-004
   459.06522650580854        9.9465367384254932E-004
   459.45792558750725        9.9315622355788946E-004
   459.85062466920596        9.9167483858764172E-004
   460.24332375090466        9.9018029868602753E-004
   460.63602283260343        9.8870170768350363E-004
   461.02872191430214        9.8721019458025694E-004
   461.42142099600085        9.8573486320674419E-004
   461.81412007769961        9.8424591124057770E-004
   462.20681915939832        9.8277349025011063E-004
   462.59951824109703        9.8128768149763346E-004
   462.99221732279574        9.7981828730553389E-004
   463.38491640449450        9.7833515610545874E-004
   463.77761548619321        9.7686878871172667E-004
   464.17031456789192        9.7538856789469719E-004
   464.56301364959063        9.7392522729933262E-004
   464.95571273128940        9.7244774224236608E-004
   465.34841181298810        9.7098737023770809E-004
   465.74111089468681        9.6951273735612631E-004
   466.13380997638558        9.6805521752685308E-004
   466.52650905808429        9.6658349502831697E-004
   466.91920813978300        9.6512888558208942E-004
   467.31190722148170        9.6366018988192081E-004
   467.70460630318047        9.6220837440341711E-004
   468.09730538487918        9.6074247267097235E-004
   468.49000446657789        9.5929362578317523E-004
   468.88270354827660        9.5783045981079340E-004
   469.27540262997536        9.5638434868305922E-004
   469.66810171167407        9.5492415130138397E-004
   470.06080079337278        9.5348095055669546E-004
   470.45349987507154        9.5202331431210041E-004
   470.84619895677025        9.5058284932747483E-004
   471.23889803846896        9.4912794884294271E-004
   471.63159712016767        9.4769051065668464E-004
   472.02429620186643        9.4623840413987637E-004
   472.41699528356514        9.4480370171368122E-004
   472.80969436526385        9.4335433095693588E-004
   473.20239344696256        9.4192253891378641E-004
   473.59509252866133        9.4047584570944309E-004
   473.98779161036003        9.3904673121869564E-004
   474.38049069205874        9.3760271556675434E-004
   474.77318977375751        9.3617627862840891E-004
   475.16588885545622        9.3473499873653054E-004
   475.55858793715493        9.3331147218123078E-004
   475.95128701885363        9.3187275342643261E-004
   476.34398610055240        9.3045213725417852E-004
   476.73668518225111        9.2901609605178237E-004
   477.12938426394982        9.2759844847023487E-004
   477.52208334564853        9.2616491019725800E-004
   477.91478242734729        9.2474976554512978E-004
   478.30748150904600        9.2331913765519857E-004
   478.70018059074471        9.2190655414015055E-004
   479.09287967244347        9.2047866201028228E-004
   479.48557875414218        9.1906863963231444E-004
   479.87827783584089        9.1764330863952637E-004
   480.27097691753960        9.1623619664460421E-004
   480.66367599923836        9.1481331037357450E-004
   481.05637508093707        9.1340893413871527E-004
   481.44907416263578        9.1198849258944392E-004
   481.84177324433455        9.1058696852996945E-004
   482.23447232603326        9.0916908811777830E-004
   482.62717140773196        9.0777024161070585E-004
   483.01987048943067        9.0635492233559489E-004
   483.41256957112944        9.0495857875794172E-004
   483.80526865282815        9.0354570420458913E-004
   484.19796773452686        9.0215250384062529E-004
   484.59066681622556        9.0074195759370923E-004
   484.98336589792433        8.9935131836682558E-004
   485.37606497962304        8.9794327504932880E-004
   485.76876406132175        8.9655519695952535E-004
   486.16146314302051        8.9514983119443059E-004
   486.55416222471922        8.9376413961872458E-004
   486.94686130641793        8.9236127678304911E-004
   487.33956038811664        8.9097820455208421E-004
   487.73225946981540        8.8957790285348892E-004
   488.12495855151411        8.8819768279790878E-004
   488.51765763321282        8.8679965119808912E-004
   488.91035671491153        8.8542187586426735E-004
   489.30305579661029        8.8402640540152788E-004
   489.69575487830900        8.8265119120478630E-004
   490.08845396000771        8.8125834008678794E-004
   490.48115304170648        8.7988533778116107E-004
   490.87385212340519        8.7849504780024290E-004
   491.26655120510389        8.7712489767000079E-004
   491.65925028680260        8.7573681958019733E-004
   492.05194936850137        8.7436923058703542E-004
   492.44464845020008        8.7298348080366850E-004
   492.83734753189879        8.7161839473992586E-004
   493.23004661359749        8.7023491505533457E-004
   493.62274569529626        8.6887233192101121E-004
   494.01544477699497        8.6749123875051737E-004
   494.40814385869368        8.6613150779157877E-004
   494.80084294039244        8.6475268471986055E-004
   495.19354202209115        8.6339516565203667E-004
   495.58624110378986        8.6201902013272047E-004
   495.97894018548857        8.6066388757899404E-004
   496.37163926718733        8.5929001215845346E-004
   496.76433834888604        8.5793773178011179E-004
   497.15703743058475        8.5656589362770319E-004
   497.54973651228346        8.5521582514047623E-004
   497.94243559398222        8.5384666454046965E-004
   498.33513467568093        8.5249909898266196E-004
   498.72783375737964        8.5113220848143101E-004
   499.12053283907841        8.4978691302239895E-004
   499.51323192077712        8.4842240903526545E-004
   499.90593100247582        8.4707950009033084E-004
   500.29863008417453        8.4571738261729479E-004
   500.69132916587330        8.4437686018645763E-004
   501.08402824757201        8.4301701281219721E-004
   501.47672732927072        8.4167858585715294E-004
   501.86942641096942        8.4032141603529453E-004
   502.26212549266819        8.3898560842499137E-004
   502.65482457436690        8.3763047587126493E-004
   503.04752365606561        8.3629682194441557E-004
   503.44022273776437        8.3494419232010841E-004
   503.83292181946308        8.3361263386905193E-004
   504.22562090116179        8.3226244896650314E-004
   504.61831998286050        8.3093333523720503E-004
   505.01101906455926        8.2958518760278821E-004
   505.40371814625797        8.2825834397226572E-004
   505.79641722795668        8.2691246643662453E-004
   506.18911630965539        8.2558789290487766E-004
   506.58181539135416        8.2424434367567301E-004
   506.97451447305286        8.2292204024270177E-004
   507.36721355475157        8.2158081931993365E-004
   507.75991263645034        8.2026084419339895E-004
   508.15261171814905        8.1892189336940646E-004
   508.54531079984775        8.1760401371866465E-004
   508.93800988154646        8.1626744940876961E-004
   509.33070896324523        8.1495154881849885E-004
   509.72340804494394        8.1361748743802309E-004
   510.11610712664265        8.1230391515418887E-004
   510.50880620834135        8.1097194924950600E-004
   510.90150529004012        8.0966029781848192E-004
   511.29420437173883        8.0833077663555741E-004
   511.68690345343754        8.0702139530330896E-004
   512.07960253513625        8.0569367855787277E-004
   512.47230161683501        8.0438668373972178E-004
   512.86500069853378        8.0306129530072212E-004
   513.25769978023243        8.0175662878900766E-004
   513.65039886193119        8.0043327761813998E-004
   514.04309794362985        7.9913047375157475E-004
   514.43579702532861        7.9780968371778727E-004
   514.82849610702738        7.9650891711935401E-004
   515.22119518872603        7.9519033897668123E-004
   515.61389427042479        7.9389160964637995E-004
   516.00659335212356        7.9257524339482188E-004
   516.39929243382221        7.9127890057861805E-004
   516.79199151552098        7.8996428055688739E-004
   517.18469059721974        7.8867003321647644E-004
   517.57738967891839        7.8735779970884323E-004
   517.97008876061716        7.8606558963656425E-004
   518.36278784231581        7.8475539339706302E-004
   518.75548692401458        7.8346527880057693E-004
   519.14818600571334        7.8215717803686857E-004
   519.54088508741199        7.8086944995447993E-004
   519.93358416911076        7.7956315362825990E-004
   520.32628325080952        7.7827769564464688E-004
   520.71898233250818        7.7697326196357608E-004
   521.11168141420694        7.7568972483277321E-004
   521.50438049590571        7.7438761945813894E-004
   521.89707957760436        7.7310629421845078E-004
   522.28977865930312        7.7180628431960940E-004
   522.68247774100178        7.7052705455571413E-004
   523.07517682270054        7.6922908192500472E-004
   523.46787590439931        7.6795183122158051E-004
   523.86057498609796        7.6665560482069850E-004
   524.25327406779672        7.6538068242371082E-004
   524.64597314949549        7.6408643508329988E-004
   525.03867223119414        7.6281337533146143E-004
   525.43137131289291        7.6152133988216519E-004
   525.82407039459167        7.6025066664442420E-004
   526.21676947629032        7.5896031921729445E-004
   526.60946855798909        7.5769145041704178E-004
   527.00216763968774        7.5640325667336583E-004
   527.39486672138651        7.5513648334890604E-004
   527.78756580308527        7.5385026866570115E-004
   528.18026488478392        7.5258547440171242E-004
   528.57296396648269        7.5130135519430041E-004
   528.96566304818145        7.5003865640610456E-004
   529.35836212988011        7.4875616701319814E-004
   529.75106121157887        7.4749556370079517E-004
   530.14376029327764        7.4621516978368163E-004
   530.53645937497629        7.4495637090876698E-004
   530.92915845667505        7.4367813067510724E-004
   531.32185753837371        7.4242136906832457E-004
   531.71455662007247        7.4114499147981405E-004
   532.10725570177124        7.3988985968753695E-004
   532.49995478346989        7.3861563578248024E-004
   532.89265386516865        7.3736265767365694E-004
   533.28535294686742        7.3609017999842763E-004
   533.67805202856607        7.3483888991177082E-004
   534.07075111026484        7.3356862412765622E-004
   534.46345019196360        7.3231942951679230E-004
   534.85614927366225        7.3105073533952236E-004
   535.24884835536102        7.2980369441211224E-004
   535.64154743705967        7.2853680467233062E-004
   536.03424651875844        7.2729185922071338E-004
   536.42694560045720        7.2602659929543734E-004
   536.81964468215585        7.2478328365832567E-004
   537.21234376385462        7.2352006100118160E-004
   537.60504284555338        7.2227872442454100E-004
   537.99774192725204        7.2101748082786798E-004
   538.39044100895080        7.1977812331169844E-004
   538.78314009064957        7.1851885877549648E-004
   539.17583917234822        7.1728124748915434E-004
   539.56853825404698        7.1602384559810162E-004
   539.96123733574564        7.1478786412626505E-004
   540.35393641744440        7.1353261591866612E-004
   540.74663549914317        7.1229855529963970E-004
   541.13933458084182        7.1104499511420727E-004
   541.53203366254058        7.0981273893266916E-004
   541.92473274423935        7.0856109960004687E-004
   542.31743182593800        7.0733064785599709E-004
   542.71013090763677        7.0608087116852403E-004
   543.10282998933553        7.0485181640833616E-004
   543.49552907103418        7.0360413519665599E-004
   543.88822815273295        7.0237705949693918E-004
   544.28092723443160        7.0113124093040824E-004
   544.67362631613037        6.9990591146051884E-004
   545.06632539782913        6.9866183912381530E-004
   545.45902447952778        6.9743825588375330E-004
   545.85172356122655        6.9619622081518173E-004
   546.24442264292531        6.9497426738962531E-004
   546.63712172462397        6.9373403675854206E-004
   547.02982080632273        6.9251353852450848E-004
   547.42251988802150        6.9127540336921811E-004
   547.81521896972015        6.9005676778033376E-004
   548.20791805141891        6.8882032064720988E-004
   548.60061713311757        6.8760314024984837E-004
   548.99331621481633        6.8636873038485646E-004
   549.38601529651510        6.8515352904796600E-004
   549.77871437821375        6.8392051616683602E-004
   550.17141345991251        6.8270700285211205E-004
   550.56411254161128        6.8147573620080948E-004
   550.95681162330993        6.8026408553123474E-004
   551.34951070500870        6.7903462331742048E-004
   551.74220978670746        6.7782471887767315E-004
   552.13490886840611        6.7659694468602538E-004
   552.52760795010488        6.7538872826844454E-004
   552.92030703180353        6.7416246747598052E-004
   553.31300611350230        6.7295605549588799E-004
   553.70570519520106        6.7173159914091229E-004
   554.09840427689971        6.7052699159830809E-004
   554.49110335859848        6.6930404864251614E-004
   554.88380244029725        6.6810118732973933E-004
   555.27650152199590        6.6688004881143570E-004
   555.66920060369466        6.6567881731316447E-004
   556.06189968539343        6.6445930860936642E-004
   556.45459876709208        6.6325982334092259E-004
   556.84729784879084        6.6204211907461286E-004
   557.23999693048961        6.6084426362067461E-004
   557.63269601218826        6.5962836379185319E-004
   558.02539509388703        6.5843167249113321E-004
   558.41809417558568        6.5721786813810468E-004
   558.81079325728444        6.5602269023656845E-004
   559.20349233898321        6.5481063211336732E-004
   559.59619142068186        6.5361708402633667E-004
   559.98889050238063        6.5240671392530203E-004
   560.38158958407939        6.5121485386043787E-004
   560.77428866577804        6.5000599715858698E-004
   561.16698774747681        6.4881553407758474E-004
   561.55968682917558        6.4760848181322217E-004
   561.95238591087423        6.4641976496204734E-004
   562.34508499257299        6.4521416788920760E-004
   562.73778407427164        6.4402713906019926E-004
   563.13048315597041        6.4282299717888236E-004
   563.52318223766918        6.4163771457970142E-004
   563.91588131936783        6.4043520251289010E-004
   564.30858040106659        6.3925154972821474E-004
   564.70127948276536        6.3805043464526534E-004
   565.09397856446401        6.3686870271340013E-004
   565.48667764616278        6.3566904282197356E-004
   565.87937672786154        6.3448853325098753E-004
   566.27207580956019        6.3329073600471020E-004
   566.66477489125896        6.3211173983290792E-004
   567.05747397295761        6.3091568881645799E-004
   567.45017305465637        6.2973838066682220E-004
   567.84287213635514        6.2854366842657328E-004
   568.23557121805379        6.2736799009144306E-004
   568.62827029975256        6.2617461662739515E-004
   569.02096938145132        6.2500091735273600E-004
   569.41366846314997        6.2380882445722818E-004
   569.80636754484874        6.2263640575110912E-004
   570.19906662654751        6.2144646653905511E-004
   570.59176570824616        6.2027550302445889E-004
   570.98446478994492        6.1908690258860588E-004
   571.37716387164357        6.1791739426553249E-004
   571.76986295334234        6.1673019081354141E-004
   572.16256203504111        6.1556219588965178E-004
   572.55526111673976        6.1437685508280993E-004
   572.94796019843852        6.1321043176576495E-004
   573.34065928013729        6.1202637152746320E-004
   573.73335836183594        6.1086151981726289E-004
   574.12605744353471        6.0967908939346671E-004
   574.51875652523347        6.0851551825180650E-004
   574.91145560693212        6.0733465943485498E-004
   575.30415468863089        6.0617265990003943E-004
   575.69685377032954        6.0499308165162802E-004
   576.08955285202831        6.0383265372365713E-004
   576.48225193372707        6.0265447245910764E-004
   576.87495101542572        6.0149561613798141E-004
   577.26765009712449        6.0031900648027658E-004
   577.66034917882325        5.9916177997365594E-004
   578.05304826052190        5.9798650909215212E-004
   578.44574734222067        5.9683038853108883E-004
   578.83844642391944        5.9565698029473424E-004
   579.23114550561809        5.9450237313285470E-004
   579.62384458731685        5.9333030367270112E-004
   580.01654366901550        5.9217709349468350E-004
   580.40924275071427        5.9100671205669641E-004
   580.80194183241304        5.8985478244721889E-004
   581.19464091411169        5.8868585620075464E-004
   581.58733999581045        5.8753532357513905E-004
   581.98003907750922        5.8636791072785854E-004
   582.37273815920787        5.8521848404780030E-004
   582.76543724090664        5.8405275922268629E-004
   583.15813632260540        5.8290484594181180E-004
   583.55083540430405        5.8174028526991606E-004
   583.94353448600282        5.8059394359588623E-004
   584.33623356770147        5.7943077990785241E-004
   584.72893264940024        5.7828571880236268E-004
   585.12163173109900        5.7712412672117352E-004
   585.51433081279765        5.7598046259954572E-004
   585.90702989449642        5.7482009287923574E-004
   586.29972897619518        5.7367788394913077E-004
   586.69242805789384        5.7251920225098729E-004
   587.08512713959260        5.7137798285111785E-004
   587.47782622129137        5.7022052351385355E-004
   587.87052530299002        5.6908110855147243E-004
   588.26322438468878        5.6792492978274822E-004
   588.65592346638743        5.6678691180422902E-004
   589.04862254808620        5.6563218822702765E-004
   589.44132162978497        5.6449527619406581E-004
   589.83402071148362        5.6334183318540454E-004
   590.22671979318238        5.6220643455162644E-004
   590.61941887488115        5.6105456314980984E-004
   591.01211795657980        5.5992015404626727E-004
   591.40481703827857        5.5876979604363441E-004
   591.79751611997733        5.5763713316991925E-004
   592.19021520167598        5.5648770648986101E-004
   592.58291428337475        5.5535614956170321E-004
   592.97561336507340        5.5420841090381145E-004
   593.36831244677217        5.5307819275185466E-004
   593.76101152847093        5.5193190928548574E-004
   594.15371061016958        5.5080285528674722E-004
   594.54640969186835        5.4965791059657931E-004
   594.93910877356711        5.4853013716638088E-004
   595.33180785526577        5.4738664766773582E-004
   595.72450693696453        5.4625974735245109E-004
   596.11720601866330        5.4511777125298977E-004
   596.50990510036195        5.4399220971390605E-004
   596.90260418206071        5.4285157239064574E-004
   597.29530326375937        5.4172758245840669E-004
   597.68800234545813        5.4058781825006008E-004
   598.08070142715690        5.3946505067870021E-004
   598.47340050885555        5.3832679986953735E-004
   598.86609959055431        5.3720519645139575E-004
   599.25879867225308        5.3606834262609482E-004
   599.65149775395173        5.3494796156883240E-004
   600.04419683565050        5.3381227189674973E-004
   600.43689591734926        5.3269334603101015E-004
   600.82959499904791        5.3155899513512850E-004
   601.22229408074668        5.3044117521494627E-004
   601.61499316244533        5.2930810488760471E-004
   602.00769224414410        5.2819162374362350E-004
   602.40039132584286        5.2705971756950021E-004
   602.79309040754151        5.2594463340938091E-004
   603.18578948924028        5.2481394959613681E-004
   603.57848857093904        5.2369985496625304E-004
   603.97118765263770        5.2257056813687086E-004
   604.36388673433646        5.2145781228318810E-004
   604.75658581603523        5.2032963139936328E-004
   605.14928489773388        5.1921827252954245E-004
   605.54198397943264        5.1809131400659680E-004
   605.93468306113130        5.1698088645935059E-004
   606.32738214283006        5.1585544133558869E-004
   606.72008122452883        5.1474629435688257E-004
   607.11278030622748        5.1362178055569530E-004
   607.50547938792624        5.1251356489956379E-004
   607.89817846962501        5.1139073912054300E-004
   608.29087755132366        5.1028374582529068E-004
   608.68357663302243        5.0916185136884451E-004
   609.07627571472119        5.0805619684979320E-004
   609.46897479641984        5.0693558296188712E-004
   609.86167387811861        5.0583080155774951E-004
   610.25437295981726        5.0471170106902719E-004
   610.64707204151603        5.0360802561044693E-004
   611.03977112321479        5.0249026389792562E-004
   611.43247020491344        5.0138804363086820E-004
   611.82516928661221        5.0027109682559967E-004
   612.21786836831097        4.9916992429643869E-004
   612.61056745000963        4.9805408343672752E-004
   613.00326653170839        4.9695413326844573E-004
   613.39596561340716        4.9583951476961374E-004
   613.78866469510581        4.9474061233922839E-004
   614.18136377680457        4.9362721620127559E-004
   614.57406285850323        4.9252953613176942E-004
   614.96676194020199        4.9141712952405214E-004
   615.35946102190076        4.9032078823074698E-004
   615.75216010359941        4.8920942936092615E-004
   616.14485918529817        4.8811407759785652E-004
   616.53755826699694        4.8700417391955853E-004
   616.93025734869559        4.8591004451736808E-004
   617.32295643039436        4.8480118857696652E-004
   617.71565551209312        4.8370799049735069E-004
   618.10835459379177        4.8260029871016741E-004
   618.50105367549054        4.8150838119909167E-004
   618.89375275718919        4.8040167894214392E-004
   619.28645183888796        4.7931098379194736E-004
   619.67915092058672        4.7820532927289605E-004
   620.07185000228537        4.7711550723761320E-004
   620.46454908398414        4.7601136611774564E-004
   620.85724816568290        4.7492270823568106E-004
   621.24994724738156        4.7381938202306628E-004
   621.64264632908032        4.7273171367123723E-004
   622.03534541077909        4.7162960981950164E-004
   622.42804449247774        4.7054322203621268E-004
   622.82074357417650        4.6944204950705171E-004
   623.21344265587516        4.6835659304633737E-004
   623.60614173757392        4.6725670108571649E-004
   623.99884081927269        4.6617246698588133E-004
   624.39153990097134        4.6507356455549598E-004
   624.78423898267010        4.6399043640121818E-004
   625.17693806436887        4.6289246529340744E-004
   625.56963714606752        4.6181015204638243E-004
   625.96233622776629        4.6071357792243361E-004
   626.35503530946505        4.5963237062096596E-004
   626.74773439116370        4.5853684423491359E-004
   627.14043347286247        4.5745662646368146E-004
   627.53313255456112        4.5636208960786462E-004
   627.92583163625989        4.5528303598985076E-004
   628.31853071795865        4.5418954687193036E-004
   628.71122979965730        4.5311130816116929E-004
   629.10392888135607        4.5201915781944990E-004
   629.49662796305483        4.5094190863892436E-004
   629.88932704475349        4.4985086424276233E-004
   630.28202612645225        4.4877466280013323E-004
   630.67472520815102        4.4768484076485038E-004
   631.06742428984967        4.4660910498350859E-004
   631.46012337154843        4.4552050530910492E-004
   631.85282245324709        4.4444593368098140E-004
   632.24552153494585        4.4335843995213509E-004
   632.63822061664462        4.4228468323126435E-004
   633.03091969834327        4.4119812082499266E-004
   633.42361878004203        4.4012570288032293E-004
   633.81631786174080        4.3904007179662585E-004
   634.20901694343945        4.3796823592856526E-004
   634.60171602513822        4.3688388541340828E-004
   634.99441510683698        4.3581309728324413E-004
   635.38711418853563        4.3472985271364450E-004
   635.77981327023440        4.3365982128307223E-004
   636.17251235193305        4.3257768265902996E-004
   636.56521143363182        4.3150875717401505E-004
   636.95791051533058        4.3042749166488647E-004
   637.35060959702923        4.2935961391776800E-004
   637.74330867872800        4.2827904690057039E-004
   638.13600776042676        4.2721215868368745E-004
   638.52870684212542        4.2613304685801268E-004
   638.92140592382418        4.2506679892539978E-004
   639.31410500552295        4.2398885125294328E-004
   639.70680408722160        4.2292306898161769E-004
   640.09950316892036        4.2184628546237946E-004
   640.49220225061902        4.2078143451362848E-004
   640.88490133231778        4.1970575693994761E-004
   641.27760041401655        4.1864195372909307E-004
   641.67029949571520        4.1756703285500407E-004
   642.06299857741396        4.1650468483567238E-004
   642.45569765911273        4.1543034603819251E-004
   642.84839674081138        4.1436875471845269E-004
   643.24109582251015        4.1329569648951292E-004
   643.63379490420891        4.1223462903872132E-004
   644.02649398590756        4.1116256034001708E-004
   644.41919306760633        4.1010265704244375E-004
   644.81189214930498        4.0903169428929687E-004
   645.20459123100375        4.0797219844534993E-004
   645.59729031270251        4.0690257446840405E-004
   645.98998939440116        4.0584389353170991E-004
   646.38268847609993        4.0477520087733865E-004
   646.77538755779869        4.0371750947088003E-004
   647.16808663949735        4.0264968993142247E-004
   647.56078572119611        4.0159281343221664E-004
   647.95348480289488        4.0052592521533370E-004
   648.34618388459353        3.9946986362338066E-004
   648.73888296629229        3.9840408135205507E-004
   649.13158204799095        3.9734871825203300E-004
   649.52428112968971        3.9628380909562111E-004
   649.91698021138848        3.9522949373349547E-004
   650.30967929308713        3.9416551589965820E-004
   650.70237837478589        3.9311201544478536E-004
   651.09507745648466        3.9204891072586179E-004
   651.48777653818331        3.9099605055525899E-004
   651.88047561988208        3.8993428461253643E-004
   652.27317470158084        3.8888200651854277E-004
   652.66587378327949        3.8782111369073391E-004
   653.05857286497826        3.8676982512697577E-004
   653.45127194667702        3.8570980541408062E-004
   653.84397102837568        3.8465927354991436E-004
   654.23667011007444        3.8360018515959382E-004
   654.62936919177309        3.8255058461800218E-004
   655.02206827347186        3.8149242755025625E-004
   655.41476735517062        3.8044329266995192E-004
   655.80746643686928        3.7938624154776335E-004
   656.20016551856804        3.7833797978237271E-004
   656.59286460026681        3.7728162715211511E-004
   656.98556368196546        3.7623423850163817E-004
   657.37826276366422        3.7517875898629427E-004
   657.77096184536299        3.7413230165839195E-004
   658.16366092706164        3.7307769525796175E-004
   658.55636000876041        3.7203187821432948E-004
   658.94905909045906        3.7097826134413481E-004
   659.34175817215782        3.6993320100009441E-004
   659.73445725385659        3.6888016620650887E-004
   660.12715633555524        3.6783624091185629E-004
   660.51985541725401        3.6678405012935400E-004
   660.91255449895277        3.6574096884578466E-004
   661.30525358065142        3.6468956386670470E-004
   661.69795266235019        3.6364723928272724E-004
   662.09065174404896        3.6259676562622190E-004
   662.48335082574761        3.6155519774183631E-004
   662.87604990744637        3.6050553899258375E-004
   663.26874898914502        3.5946455318480730E-004
   663.66144807084379        3.5841576755046844E-004
   664.05414715254255        3.5737536381930113E-004
   664.44684623424121        3.5632774233818054E-004
   664.83954531593997        3.5528821172192693E-004
   665.23224439763874        3.5424117231741548E-004
   665.62494347933739        3.5320239840075374E-004
   666.01764256103615        3.5215605748817325E-004
   666.41034164273492        3.5111806937493384E-004
   666.80304072443357        3.5007268888875842E-004
   667.19573980613234        3.4903542837128043E-004
   667.58843888783099        3.4799077548086643E-004
   667.98113796952975        3.4695432987064123E-004
   668.37383705122852        3.4591066651046276E-004
   668.76653613292717        3.4487477387301624E-004
   669.15923521462594        3.4383172169327736E-004
   669.55193429632470        3.4279699320904911E-004
   669.94463337802335        3.4175440669059753E-004
   670.33733245972212        3.4071994014084339E-004
   670.73003154142089        3.3967895433306694E-004
   671.12273062311954        3.3864539000205696E-004
   671.51542970481830        3.3760460792109370E-004
   671.90812878651695        3.3657182939350605E-004
   672.30082786821572        3.3553171670064330E-004
   672.69352694991449        3.3449972397647798E-004
   673.08622603161314        3.3346080454066396E-004
   673.47892511331190        3.3242907375097275E-004
   673.87162419501067        3.3139123115688562E-004
   674.26432327670932        3.3035982050932944E-004
   674.65702235840808        3.2932299654930830E-004
   675.04972144010685        3.2829231349751353E-004
   675.44242052180550        3.2725639175623655E-004
   675.83511960350427        3.2622611615806818E-004
   676.22781868520292        3.2519077649340034E-004
   676.62051776690168        3.2416119938716292E-004
   677.01321684860045        3.2312667462974787E-004
   677.40591593029910        3.2209814526140690E-004
   677.79861501199787        3.2106391154229641E-004
   678.19131409369663        3.2003608066588640E-004
   678.58401317539528        3.1900277826935053E-004
   678.97671225709405        3.1797570409253240E-004
   679.36941133879282        3.1694280914962292E-004
   679.76211042049147        3.1591640436090529E-004
   680.15480950219023        3.1488452805206180E-004
   680.54750858388888        3.1385887996293604E-004
   680.94020766558765        3.1282758573070168E-004
   681.33290674728642        3.1180243240669370E-004
   681.72560582898507        3.1077186577022076E-004
   682.11830491068383        3.0974723631516099E-004
   682.51100399238260        3.0871783383190632E-004
   682.90370307408125        3.0769361183047295E-004
   683.29640215578002        3.0666479142382741E-004
   683.68910123747878        3.0564144253730774E-004
   684.08180031917743        3.0461320420727134E-004
   684.47449940087620        3.0359035008586943E-004
   684.86719848257485        3.0256289755925536E-004
   685.25989756427361        3.0154080013744533E-004
   685.65259664597238        3.0051404610276222E-004
   686.04529572767103        2.9949238523840904E-004
   686.43799480936980        2.9846641700714827E-004
   686.83069389106856        2.9744545463472605E-004
   687.22339297276721        2.9642030131071806E-004
   687.61609205446598        2.9539977549575269E-004
   688.00879113616475        2.9437517514452338E-004
   688.40149021786340        2.9335526050999761E-004
   688.79418929956216        2.9233138775452971E-004
   689.18688838126081        2.9131208430044353E-004
   689.57958746295958        2.9028917197138071E-004
   689.97228654465835        2.8927047969773412E-004
   690.36498562635700        2.8824782930314541E-004
   690.75768470805576        2.8722986462526023E-004
   691.15038378975453        2.8620776720345020E-004
   691.54308287145318        2.8519029729068279E-004
   691.93578195315195        2.8416881104931235E-004
   692.32848103485071        2.8315218514762819E-004
   692.72118011654936        2.8213125187903643E-004
   693.11387919824813        2.8111506253480911E-004
   693.50657827994678        2.8009497327730060E-004
   693.89927736164555        2.7907956973649561E-004
   694.29197644334431        2.7805997524410486E-004
   694.68467552504296        2.7704521198756993E-004
   695.07737460674173        2.7602602494880557E-004
   695.47007368844049        2.7501172735355794E-004
   695.86277277013914        2.7399358805269003E-004
   696.25547185183791        2.7297969791106880E-004
   696.64817093353668        2.7196214068681002E-004
   697.04087001523533        2.7094883262179792E-004
   697.43356909693409        2.6993185747414827E-004
   697.82626817863274        2.6891921879723668E-004
   698.21896726033151        2.6790285483002663E-004
   698.61166634203028        2.6689047808758914E-004
   699.00436542372893        2.6587478350847960E-004
   699.39706450542769        2.6486322167329490E-004
   699.78976358712646        2.6384793454781175E-004
   700.18246266882511        2.6283707120455801E-004
   700.57516175052388        2.6182213332504034E-004
   700.96786083222264        2.6081182295456529E-004
   701.36055991392129        2.5979767087846994E-004
   701.75325899562006        2.5878785527311265E-004
   702.14595807731871        2.5777454720810056E-004
   702.53865715901748        2.5676502264104784E-004
   702.93135624071624        2.5575212202966213E-004
   703.32405532241489        2.5474312133155763E-004
   703.71675440411366        2.5373097741976380E-004
   704.10945348581242        2.5272270431742072E-004
   704.50215256751108        2.5171082234010100E-004
   704.89485164920984        2.5070301489904523E-004
   705.28755073090861        2.4969177320599556E-004
   705.68024981260726        2.4868460604920983E-004
   706.07294889430602        2.4767400464043021E-004
   706.46564797600468        2.4666715762577951E-004
   706.85834705770344        2.4565722560510039E-004
   707.25104613940221        2.4465075694024563E-004
   707.64374522110086        2.4364149430766702E-004
   708.03644430279962        2.4263543309643865E-004
   708.42914338449839        2.4162675254046917E-004
   708.82184246619704        2.4062104057520628E-004
   709.21454154789581        2.3961311671882868E-004
   709.60724062959457        2.3860785586293787E-004
   709.99993971129322        2.3760041221976280E-004
   710.39263879299199        2.3659564612898976E-004
   710.78533787469064        2.3558869725093246E-004
   711.17803695638941        2.3458439682144672E-004
   711.57073603808817        2.3357832105830312E-004
   711.96343511978682        2.3257431166712195E-004
   712.35613420148559        2.3156870156526566E-004
   712.74883328318435        2.3056528880260885E-004
   713.14153236488301        2.2956001339480281E-004
   713.53423144658177        2.2855699353385717E-004
   713.92693052828054        2.2755231475457549E-004
   714.31962960997919        2.2654977510683239E-004
   714.71232869167795        2.2554572205990553E-004
   715.10502777337661        2.2454357531387359E-004
   715.49772685507537        2.2353988606482744E-004
   715.89042593677414        2.2253823408391327E-004
   716.28312501847279        2.2153509780764580E-004
   716.67582410017155        2.2053385328035802E-004
   717.06852318187032        2.1953112445771694E-004
   717.46122226356897        2.1853044745512307E-004
   717.85392134526774        2.1752831526100636E-004
   718.24662042696650        2.1652808936778456E-004
   718.63931950866515        2.1552632097154856E-004
   719.03201859036392        2.1452663349919021E-004
   719.42471767206257        2.1352525800466537E-004
   719.81741675376134        2.1252578881103545E-004
   720.21011583546010        2.1152500994503498E-004
   720.60281491715875        2.1052634110674262E-004
   720.99551399885752        2.0952592603862286E-004
   721.38821308055628        2.0852767920587212E-004
   721.78091216225494        2.0752759883180261E-004
   722.17361124395370        2.0652978855650872E-004
   722.56631032565247        2.0553002832457423E-004
   722.95900940735112        2.0453253819141537E-004
   723.35170848904988        2.0353350555524230E-004
   723.74440757074854        2.0253659749869257E-004
   724.13710665244730        2.0153797231614590E-004
   724.52980573414607        2.0054145716130733E-004
   724.92250481584472        1.9954313756898046E-004
   725.31520389754348        1.9854675338137895E-004
   725.70790297924225        1.9754905952140689E-004
   726.10060206094090        1.9655321375466883E-004
   726.49330114263967        1.9555573817342520E-004
   726.88600022433843        1.9456035806797445E-004
   727.27869930603708        1.9356337725184858E-004
   727.67139838773585        1.9256844825576991E-004
   728.06409746943450        1.9157186034135520E-004
   728.45679655113327        1.9057739700656384E-004
   728.84949563283203        1.8958121654577553E-004
   729.24219471453068        1.8858721887227148E-004
   729.63489379622945        1.8759124213829637E-004
   730.02759287792821        1.8659791385289282E-004
   730.42029195962687        1.8560234457254410E-004
   730.81299104132563        1.8460869614500552E-004
   731.20569012302440        1.8361414549872279E-004
   731.59838920472305        1.8262109369970858E-004
   731.99108828642181        1.8162661581300199E-004
   732.38378736812047        1.8063372408505529E-004
   732.77648644981923        1.7964004655368626E-004
   733.16918553151800        1.7864764959085733E-004
   733.56188461321665        1.7765405937097967E-004
   733.95458369491541        1.7666212806943804E-004
   734.34728277661418        1.7566903261467814E-004
   734.73998185831283        1.7467721772845834E-004
   735.13268094001160        1.7368455883115530E-004
   735.52538002171036        1.7269307863898575E-004
   735.91807910340901        1.7170092905871570E-004
   736.31077818510778        1.7070947797037661E-004
   736.70347726680643        1.6971817240118980E-004
   737.09617634850520        1.6872704145498574E-004
   737.48887543020396        1.6773593961261213E-004
   737.88157451190261        1.6674496873747557E-004
   738.27427359360138        1.6575423069298267E-004
   738.66697267530014        1.6476382734254003E-004
   739.05967175699880        1.6377342399209738E-004
   739.45237083869756        1.6278325347229838E-004
   739.84506992039633        1.6179328667931259E-004
   740.23776900209498        1.6080349450930953E-004
   740.63046808379374        1.5981370233930647E-004
   741.02316716549240        1.5882414299994707E-004
   741.41586624719116        1.5783493290655315E-004
   741.80856532888993        1.5684566460549831E-004
   742.20126441058858        1.5585674555040896E-004
   742.59396349228734        1.5486798656638712E-004
   742.98666257398611        1.5387946041300893E-004
   743.37936165568476        1.5289068687707186E-004
   743.77206073738353        1.5190261183306575E-004
   744.16475981908229        1.5091436216607690E-004
   744.55745890078094        1.4992625801824033E-004
   744.95015798247971        1.4893853222019970E-004
   745.34285706417836        1.4795063179917634E-004
   745.73555614587713        1.4696294965688139E-004
   746.12825522757589        1.4597564586438239E-004
   746.52095430927454        1.4498838572762907E-004
   746.91365339097331        1.4400147483684123E-004
   747.30635247267207        1.4301459304988384E-004
   747.69905155437073        1.4202771126292646E-004
   748.09175063606949        1.4104113506618887E-004
   748.48444971776826        1.4005464618094265E-004
   748.87714879946691        1.3906827371101826E-004
   749.26984788116567        1.3808225048705935E-004
   749.66254696286433        1.3709627091884613E-004
   750.05524604456309        1.3611017493531108E-004
   750.44794512626186        1.3512442819774151E-004
   750.84064420796051        1.3413885608315468E-004
   751.23334328965927        1.3315322576090693E-004
   751.62604237135804        1.3216794468462467E-004
   752.01874145305669        1.3118270726408809E-004
   752.41144053475546        1.3019767357036471E-004
   752.80413961645422        1.2921282905153930E-004
   753.19683869815287        1.2822789722122252E-004
   753.58953777985164        1.2724328553304076E-004
   753.98223686155029        1.2625879026018083E-004
   754.37493594324906        1.2527444050647318E-004
   754.76763502494782        1.2429006164893508E-004
   755.16033410664647        1.2330600293353200E-004
   755.55303318834524        1.2232200242578983E-004
   755.94573227004400        1.2133808922953904E-004
   756.33843135174266        1.2035446707159281E-004
   756.73113043344142        1.1937089584534988E-004
   757.12382951514019        1.1838742648251355E-004
   757.51652859683884        1.1740391346393153E-004
   757.90922767853760        1.1642085155472159E-004
   758.30192676023637        1.1543779692146927E-004
   758.69462584193502        1.1445484415162355E-004
   759.08732492363379        1.1347163672326133E-004
   759.48002400533244        1.1248928785789758E-004
   759.87272308703120        1.1150639329571277E-004
   760.26542216872997        1.1052405170630664E-004
   760.65812125042862        1.0954159370157868E-004
   761.05082033212739        1.0855944128707051E-004
   761.44351941382615        1.0757726704468951E-004
   761.83621849552480        1.0659516556188464E-004
   762.22891757722357        1.0561332601355389E-004
   762.62161665892233        1.0463138460181653E-004
   763.01431574062099        1.0364987247157842E-004
   763.40701482231975        1.0266811295878142E-004
   763.79971390401840        1.0168646986130625E-004
   764.19241298571717        1.0070529242511839E-004
   764.58511206741593        9.9723612947855145E-005
   764.97781114911459        9.8742690170183778E-005
   765.37051023081335        9.7761869255919009E-005
   765.76320931251212        9.6780582680366933E-005
   766.15590839421077        9.5799739938229322E-005
   766.54860747590953        9.4818940851837397E-005
   766.94130655760830        9.3838396423961967E-005
   767.33400563930695        9.2857590061612427E-005
   767.72670472100572        9.1877169325016439E-005
   768.11940380270437        9.0896777692250907E-005
   768.51210288440313        8.9916320575866848E-005
   768.90480196610190        8.8936241809278727E-005
   769.29750104780055        8.7956374045461416E-005
   769.69020012949932        8.6975982412695885E-005
   770.08289921119808        8.5996623965911567E-005
   770.47559829289673        8.5016203229315579E-005
   770.86829737459550        8.4036502812523395E-005
   771.26099645629427        8.3056889707222581E-005
   771.65369553799292        8.2077662227675319E-005
   772.04639461969168        8.1097838119603693E-005
   772.43909370139033        8.0118697951547801E-005
   772.83179278308910        7.9139193985611200E-005
   773.22449186478786        7.8160104749258608E-005
   773.61719094648652        7.7180709922686219E-005
   774.00989002818528        7.6201889896765351E-005
   774.40258910988405        7.5222626037430018E-005
   774.79528819158270        7.4244017014279962E-005
   775.18798727328146        7.3264942329842597E-005
   775.58068635498023        7.2286369686480612E-005
   775.97338543667888        7.1307469625025988E-005
   776.36608451837765        7.0329340815078467E-005
   776.75878360007630        6.9350164267234504E-005
   777.15148268177506        6.8372275563888252E-005
   777.54418176347383        6.7393339122645557E-005
   777.93688084517248        6.6415785113349557E-005
   778.32957992687125        6.5436783188488334E-005
   778.72227900857001        6.4459076384082437E-005
   779.11497809026866        6.3480605604127049E-005
   779.50767717196743        6.2502964283339679E-005
   779.90037625366620        6.1524478951469064E-005
   780.29307533536485        6.0547234170371667E-005
   780.68577441706361        5.9568723372649401E-005
   781.07847349876226        5.8591598644852638E-005
   781.47117258046103        5.7613135140854865E-005
   781.86387166215980        5.6636043154867366E-005
   782.25657074385845        5.5657787015661597E-005
   782.64926982555721        5.4680731409462169E-005
   783.04196890725598        5.3702715376857668E-005
   783.43466798895463        5.2726070862263441E-005
   783.82736707065339        5.1747818361036479E-005
   784.22006615235216        5.0771468522725627E-005
   784.61276523405081        4.9793296057032421E-005
   785.00546431574958        4.8816844355314970E-005
   785.39816339744823        4.7838908358244225E-005
   785.79086247914699        4.6862620365573093E-005
   786.18356156084576        4.5884669816587120E-005
   786.57626064254441        4.4908549170941114E-005
   786.96895972424318        4.3930671381531283E-005
   787.36165880594194        4.2954357923008502E-005
   787.75435788764059        4.1976865759352222E-005
   788.14705696933936        4.1001228964887559E-005
   788.53975605103813        4.0023096516961232E-005
   788.93245513273678        3.9047539758030325E-005
   789.32515421443554        3.8069661968620494E-005
   789.71785329613419        3.7093952414579690E-005
   790.11055237783296        3.6116391129326075E-005
   790.50325145953173        3.5140881664119661E-005
   790.89595054123038        3.4163196687586606E-005
   791.28864962292914        3.3187709050253034E-005
   791.68134870462791        3.2210242352448404E-005
   792.07404778632656        3.1234892958309501E-005
   792.46674686802533        3.0257273465394974E-005
   792.85944594972409        2.9282018658705056E-005
   793.25214503142274        2.8304584702709690E-005
   793.64484411312151        2.7329229851602577E-005
   794.03754319482016        2.6351952328695916E-005
   794.43024227651892        2.5376657504239120E-005
   794.82294135821769        2.4399423637078144E-005
   795.21564043991634        2.3424199753208086E-005
   795.60833952161511        2.2447016817750409E-005
   796.00103860331387        2.1471883883350529E-005
   796.39373768501252        2.0494670025072992E-005
   796.78643676671129        1.9519517081789672E-005
   797.17913584841006        1.8542505131335929E-005
   797.57183493010871        1.7567432223586366E-005
   797.96453401180747        1.6590236555202864E-005
   798.35723309350612        1.5615254596923478E-005
   798.74993217520489        1.4638005268352572E-005
   799.14263125690366        1.3663252502738032E-005
   799.53533033860231        1.2685992260230705E-005
   799.92802942030107        1.1711198567354586E-005
   800.32072850199984        1.0733971066656522E-005
   800.71342758369849        9.7593438113108277E-006
   801.10612666539726        8.7819753389339894E-006
   801.49882574709602        7.8074190241750330E-006
   801.89152482879467        6.8301865212561097E-006
   802.28422391049344        5.8553996495902538E-006
   802.67692299219209        4.8783740567159839E-006
   803.06962207389086        3.9038231989252381E-006
   803.46232115558962        2.9264770091685932E-006
   803.85502023728827        1.9519434317771811E-006
   804.24771931898704        9.7464999271323904E-007
