   1.00000005E-03   8.82148743E-06
   2.00000009E-03   8.82148743E-06
   3.00000003E-03   3.03983688E-06
   4.00000019E-03   8.82148743E-06
   5.00000035E-03   5.42402267E-06
   6.00000005E-03   3.03983688E-06
   7.00000022E-03   1.37090683E-06
   8.00000038E-03   8.82148743E-06
   9.00000054E-03   1.78813934E-06
   1.00000007E-02   5.42402267E-06
   1.10000009E-02  -1.19209290E-07
   1.20000001E-02   3.03983688E-06
   1.30000003E-02   5.72204590E-06
   1.40000004E-02   1.37090683E-06
   1.50000006E-02   3.87430191E-06
   1.60000008E-02   8.82148743E-06
   1.70000009E-02   5.12599945E-06
   1.80000011E-02   1.78813934E-06
   1.90000013E-02   8.64267349E-06
   2.00000014E-02   5.42402267E-06
   2.10000016E-02   2.56299973E-06
   2.20000017E-02  -1.19209290E-07
   2.30000019E-02   5.66244125E-06
   2.40000002E-02   3.03983688E-06
   2.50000004E-02   7.15255737E-07
   2.60000005E-02   5.72204590E-06
   2.70000007E-02   3.51667404E-06
   2.80000009E-02   1.37090683E-06
   2.90000010E-02  -4.76837158E-07
   3.00000012E-02   3.87430191E-06
   3.10000014E-02   1.96695328E-06
   3.20000015E-02   8.82148743E-06
   3.29999998E-02   1.25169754E-06
   3.40000018E-02   5.12599945E-06
   3.50000001E-02   8.70227814E-06
   3.60000022E-02   1.78813934E-06
   3.70000005E-02   5.24520874E-06
   3.80000025E-02   8.64267349E-06
   3.90000008E-02   2.20537186E-06
   4.00000028E-02   5.42402267E-06
   4.10000011E-02  -5.96046448E-07
   4.20000032E-02   2.56299973E-06
   4.30000015E-02   5.48362732E-06
   4.40000035E-02  -1.19209290E-07
   4.50000018E-02   2.80141830E-06
   4.60000038E-02   5.66244125E-06
   4.70000021E-02   2.98023224E-07
   4.80000004E-02   3.03983688E-06
   4.90000024E-02   5.72204590E-06
   5.00000007E-02   7.15255737E-07
   5.10000028E-02   3.27825546E-06
   5.20000011E-02   5.72204590E-06
   5.30000031E-02   1.13248825E-06
   5.40000014E-02   3.51667404E-06
   5.50000034E-02   5.78165054E-06
   5.60000017E-02   1.37090683E-06
   5.70000038E-02   3.69548798E-06
   5.80000021E-02  -4.76837158E-07
   5.90000041E-02   1.72853470E-06
   6.00000024E-02   3.87430191E-06
   6.10000044E-02  -1.19209290E-07
   6.20000027E-02   1.96695328E-06
   6.30000010E-02   3.87430191E-06
   6.40000030E-02   8.82148743E-06
   6.50000051E-02  -7.15255737E-07
   6.59999996E-02   1.25169754E-06
   6.70000017E-02   3.21865082E-06
   6.80000037E-02   5.12599945E-06
   6.90000057E-02   7.03334808E-06
   7.00000003E-02   8.70227814E-06
   7.10000023E-02  -1.19209290E-07
   7.20000044E-02   1.78813934E-06
   7.30000064E-02   3.57627869E-06
   7.40000010E-02   5.24520874E-06
   7.50000030E-02   6.97374344E-06
   7.60000050E-02   8.64267349E-06
   7.70000070E-02   5.96046448E-07
   7.80000016E-02   2.20537186E-06
   7.90000036E-02   3.75509262E-06
   8.00000057E-02   5.42402267E-06
   8.10000002E-02   6.91413879E-06
   8.20000023E-02  -5.96046448E-07
   8.30000043E-02   1.01327896E-06
   8.40000063E-02   2.56299973E-06
   8.50000009E-02   4.05311584E-06
   8.60000029E-02   5.48362732E-06
   8.70000049E-02   6.91413879E-06
   8.80000070E-02  -1.19209290E-07
   8.90000015E-02   1.31130219E-06
   9.00000036E-02   2.80141830E-06
   9.10000056E-02   4.23192978E-06
   9.20000076E-02   5.66244125E-06
   9.30000022E-02   6.97374344E-06
   9.40000042E-02   2.98023224E-07
   9.50000063E-02   1.72853470E-06
   9.60000008E-02   3.03983688E-06
   9.70000029E-02   4.35113907E-06
   9.80000049E-02   5.72204590E-06
   9.90000069E-02  -4.76837158E-07
  0.100000001       7.15255737E-07
  0.101000004       2.08616257E-06
  0.102000006       3.27825546E-06
  0.103000008       4.52995300E-06
  0.104000002       5.72204590E-06
  0.105000004      -1.19209290E-07
  0.106000006       1.13248825E-06
  0.107000008       2.38418579E-06
  0.108000003       3.51667404E-06
  0.109000005       4.70876694E-06
  0.110000007       5.78165054E-06
  0.111000009       2.98023224E-07
  0.112000003       1.37090683E-06
  0.113000005       2.56299973E-06
  0.114000008       3.69548798E-06
  0.115000002       4.76837158E-06
  0.116000004      -4.76837158E-07
  0.117000006       6.55651093E-07
  0.118000008       1.72853470E-06
  0.119000003       2.74181366E-06
  0.120000005       3.87430191E-06
  0.121000007       4.94718552E-06
  0.122000009      -1.19209290E-07
  0.123000003       8.94069672E-07
  0.124000005       1.96695328E-06
  0.125000000       2.98023224E-06
  0.126000002       3.87430191E-06
  0.127000004       7.86781311E-06
  0.128000006       8.82148743E-06
  0.129000008       9.83476639E-06
  0.130000010      -7.15255737E-07
  0.131000012       3.57627869E-07
  0.131999999       1.25169754E-06
  0.133000001       2.26497650E-06
  0.134000003       3.21865082E-06
  0.135000005       4.17232513E-06
  0.136000007       5.12599945E-06
  0.137000009       6.07967377E-06
  0.138000011       7.03334808E-06
  0.139000013       7.92741776E-06
  0.140000001       8.70227814E-06
  0.141000003       9.53674316E-06
  0.142000005      -1.19209290E-07
  0.143000007       8.34465027E-07
  0.144000009       1.78813934E-06
  0.145000011       2.68220901E-06
  0.146000013       3.57627869E-06
  0.147000000       4.35113907E-06
  0.148000002       5.24520874E-06
  0.149000004       6.07967377E-06
  0.150000006       6.97374344E-06
  0.151000008       7.80820847E-06
  0.152000010       8.64267349E-06
  0.153000012      -2.38418579E-07
  0.154000014       5.96046448E-07
  0.155000001       1.37090683E-06
  0.156000003       2.20537186E-06
  0.157000005       2.92062759E-06
  0.158000007       3.75509262E-06
  0.159000009       4.58955765E-06
  0.160000011       5.42402267E-06
  0.161000013       6.19888306E-06
  0.162000000       6.91413879E-06
  0.163000003       7.68899918E-06
  0.164000005      -5.96046448E-07
  0.165000007       1.78813934E-07
  0.166000009       1.01327896E-06
  0.167000011       1.78813934E-06
  0.168000013       2.56299973E-06
  0.169000015       3.33786011E-06
  0.170000002       4.05311584E-06
  0.171000004       4.76837158E-06
  0.172000006       5.48362732E-06
  0.173000008       6.19888306E-06
  0.174000010       6.91413879E-06
  0.175000012      -8.34465027E-07
  0.176000014      -1.19209290E-07
  0.177000001       5.96046448E-07
  0.178000003       1.31130219E-06
  0.179000005       2.08616257E-06
  0.180000007       2.80141830E-06
  0.181000009       3.51667404E-06
  0.182000011       4.23192978E-06
  0.183000013       4.94718552E-06
  0.184000015       5.66244125E-06
  0.185000002       6.25848770E-06
  0.186000004       6.97374344E-06
  0.187000006      -3.57627869E-07
  0.188000008       2.98023224E-07
  0.189000010       1.01327896E-06
  0.190000013       1.72853470E-06
  0.191000015       2.44379044E-06
  0.192000002       3.03983688E-06
  0.193000004       3.69548798E-06
  0.194000006       4.35113907E-06
  0.195000008       5.06639481E-06
  0.196000010       5.72204590E-06
  0.197000012       6.37769699E-06
  0.198000014      -4.76837158E-07
  0.199000016       1.78813934E-07
  0.200000003       7.15255737E-07
  0.201000005       1.43051147E-06
  0.202000007       2.08616257E-06
  0.203000009       2.74181366E-06
  0.204000011       3.27825546E-06
  0.205000013       3.93390656E-06
  0.206000015       4.52995300E-06
  0.207000017       5.18560410E-06
  0.208000004       5.72204590E-06
  0.209000006      -8.34465027E-07
  0.210000008      -1.19209290E-07
  0.211000010       4.76837158E-07
  0.212000012       1.13248825E-06
  0.213000014       1.72853470E-06
  0.214000016       2.38418579E-06
  0.215000004       2.92062759E-06
  0.216000006       3.51667404E-06
  0.217000008       4.11272049E-06
  0.218000010       4.70876694E-06
  0.219000012       5.24520874E-06
  0.220000014       5.78165054E-06
  0.221000016      -3.57627869E-07
  0.222000018       2.98023224E-07
  0.223000005       7.74860382E-07
  0.224000007       1.37090683E-06
  0.225000009       1.96695328E-06
  0.226000011       2.56299973E-06
  0.227000013       3.15904617E-06
  0.228000015       3.69548798E-06
  0.229000017       4.29153442E-06
  0.230000004       4.76837158E-06
  0.231000006       5.36441803E-06
  0.232000008      -4.76837158E-07
  0.233000010       5.96046448E-08
  0.234000012       6.55651093E-07
  0.235000014       1.13248825E-06
  0.236000016       1.72853470E-06
  0.237000018       2.26497650E-06
  0.238000005       2.74181366E-06
  0.239000008       3.27825546E-06
  0.240000010       3.87430191E-06
  0.241000012       4.41074371E-06
  0.242000014       4.94718552E-06
  0.243000016      -7.15255737E-07
  0.244000018      -1.19209290E-07
  0.245000005       3.57627869E-07
  0.246000007       8.94069672E-07
  0.247000009       1.43051147E-06
  0.248000011       1.96695328E-06
  0.249000013       2.50339508E-06
  0.250000000       2.98023224E-06
  0.251000017       3.45706940E-06
  0.252000004       3.87430191E-06
  0.253000021       1.54972076E-06
  0.254000008       7.86781311E-06
  0.255000025       2.56299973E-06
  0.256000012       8.82148743E-06
  0.256999999       3.45706940E-06
  0.258000016       9.83476639E-06
  0.259000003       4.47034836E-06
  0.260000020      -7.15255737E-07
  0.261000007       5.48362732E-06
  0.262000024       3.57627869E-07
  0.263000011       6.43730164E-06
  0.263999999       1.25169754E-06
  0.265000015       7.45058060E-06
  0.266000003       2.26497650E-06
  0.267000020       8.34465027E-06
  0.268000007       3.21865082E-06
  0.269000024       9.29832458E-06
  0.270000011       4.17232513E-06
  0.271000028      -7.15255737E-07
  0.272000015       5.12599945E-06
  0.273000002       1.19209290E-07
  0.274000019       6.07967377E-06
  0.275000006       1.07288361E-06
  0.276000023       7.03334808E-06
  0.277000010       2.02655792E-06
  0.278000027       7.92741776E-06
  0.279000014       2.98023224E-06
  0.280000001       8.70227814E-06
  0.281000018       3.93390656E-06
  0.282000005       9.53674316E-06
  0.283000022       4.76837158E-06
  0.284000009      -1.19209290E-07
  0.285000026       5.66244125E-06
  0.286000013       8.34465027E-07
  0.287000000       6.43730164E-06
  0.288000017       1.78813934E-06
  0.289000005       7.33137131E-06
  0.290000021       2.68220901E-06
  0.291000009       8.16583633E-06
  0.292000026       3.57627869E-06
  0.293000013       9.05990601E-06
  0.294000000       4.35113907E-06
  0.295000017      -2.38418579E-07
  0.296000004       5.24520874E-06
  0.297000021       7.15255737E-07
  0.298000008       6.07967377E-06
  0.299000025       1.60932541E-06
  0.300000012       6.97374344E-06
  0.301000029       2.50339508E-06
  0.302000016       7.80820847E-06
  0.303000003       3.21865082E-06
  0.304000020       8.64267349E-06
  0.305000007       4.11272049E-06
  0.306000024      -2.38418579E-07
  0.307000011       4.94718552E-06
  0.308000028       5.96046448E-07
  0.309000015       5.78165054E-06
  0.310000002       1.37090683E-06
  0.311000019       6.61611557E-06
  0.312000006       2.20537186E-06
  0.313000023       7.33137131E-06
  0.314000010       2.92062759E-06
  0.315000027       8.16583633E-06
  0.316000015       3.75509262E-06
  0.317000002      -5.96046448E-07
  0.318000019       4.58955765E-06
  0.319000006       2.98023224E-07
  0.320000023       5.42402267E-06
  0.321000010       1.13248825E-06
  0.322000027       6.19888306E-06
  0.323000014       1.96695328E-06
  0.324000001       6.91413879E-06
  0.325000018       2.74181366E-06
  0.326000005       7.68899918E-06
  0.327000022       3.57627869E-06
  0.328000009      -5.96046448E-07
  0.329000026       4.35113907E-06
  0.330000013       1.78813934E-07
  0.331000030       5.12599945E-06
  0.332000017       1.01327896E-06
  0.333000004       5.84125519E-06
  0.334000021       1.78813934E-06
  0.335000008       6.55651093E-06
  0.336000025       2.56299973E-06
  0.337000012       7.33137131E-06
  0.338000029       3.33786011E-06
  0.339000016      -7.15255737E-07
  0.340000004       4.05311584E-06
  0.341000021       5.96046448E-08
  0.342000008       4.76837158E-06
  0.343000025       8.94069672E-07
  0.344000012       5.48362732E-06
  0.345000029       1.54972076E-06
  0.346000016       6.19888306E-06
  0.347000003       2.20537186E-06
  0.348000020       6.91413879E-06
  0.349000007       2.98023224E-06
  0.350000024      -8.34465027E-07
  0.351000011       3.75509262E-06
  0.352000028      -1.19209290E-07
  0.353000015       4.47034836E-06
  0.354000002       5.96046448E-07
  0.355000019       5.18560410E-06
  0.356000006       1.31130219E-06
  0.357000023       5.90085983E-06
  0.358000010       2.08616257E-06
  0.359000027       6.61611557E-06
  0.360000014       2.80141830E-06
  0.361000031      -9.53674316E-07
  0.362000018       3.51667404E-06
  0.363000005      -2.38418579E-07
  0.364000022       4.23192978E-06
  0.365000010       4.76837158E-07
  0.366000026       4.94718552E-06
  0.367000014       1.19209290E-06
  0.368000031       5.66244125E-06
  0.369000018       1.96695328E-06
  0.370000005       6.25848770E-06
  0.371000022       2.62260437E-06
  0.372000009       6.97374344E-06
  0.373000026       3.33786011E-06
  0.374000013      -3.57627869E-07
  0.375000030       4.05311584E-06
  0.376000017       2.98023224E-07
  0.377000004       4.58955765E-06
  0.378000021       1.01327896E-06
  0.379000008       5.24520874E-06
  0.380000025       1.72853470E-06
  0.381000012       5.96046448E-06
  0.382000029       2.44379044E-06
  0.383000016       6.61611557E-06
  0.384000003       3.03983688E-06
  0.385000020      -4.76837158E-07
  0.386000007       3.69548798E-06
  0.387000024       2.38418579E-07
  0.388000011       4.35113907E-06
  0.389000028       8.94069672E-07
  0.390000015       5.06639481E-06
  0.391000032       1.60932541E-06
  0.392000020       5.72204590E-06
  0.393000007       2.20537186E-06
  0.394000024       6.37769699E-06
  0.395000011       2.86102295E-06
  0.396000028      -4.76837158E-07
  0.397000015       3.51667404E-06
  0.398000032       1.78813934E-07
  0.399000019       4.17232513E-06
  0.400000006       7.15255737E-07
  0.401000023       4.82797623E-06
  0.402000010       1.43051147E-06
  0.403000027       5.48362732E-06
  0.404000014       2.08616257E-06
  0.405000031       6.07967377E-06
  0.406000018       2.74181366E-06
  0.407000005      -7.15255737E-07
  0.408000022       3.27825546E-06
  0.409000009      -1.19209290E-07
  0.410000026       3.93390656E-06
  0.411000013       5.96046448E-07
  0.412000030       4.52995300E-06
  0.413000017       1.25169754E-06
  0.414000034       5.18560410E-06
  0.415000021       1.84774399E-06
  0.416000009       5.72204590E-06
  0.417000026       2.50339508E-06
  0.418000013      -8.34465027E-07
  0.419000030       3.15904617E-06
  0.420000017      -1.19209290E-07
  0.421000034       3.75509262E-06
  0.422000021       4.76837158E-07
  0.423000008       4.29153442E-06
  0.424000025       1.13248825E-06
  0.425000012       4.88758087E-06
  0.426000029       1.72853470E-06
  0.427000016       5.54323196E-06
  0.428000033       2.38418579E-06
  0.429000020      -8.34465027E-07
  0.430000007       2.92062759E-06
  0.431000024      -2.38418579E-07
  0.432000011       3.51667404E-06
  0.433000028       4.17232513E-07
  0.434000015       4.11272049E-06
  0.435000032       1.01327896E-06
  0.436000019       4.70876694E-06
  0.437000006       1.54972076E-06
  0.438000023       5.24520874E-06
  0.439000010       2.08616257E-06
  0.440000027       5.78165054E-06
  0.441000015       2.68220901E-06
  0.442000031      -3.57627869E-07
  0.443000019       3.27825546E-06
  0.444000036       2.98023224E-07
  0.445000023       3.87430191E-06
  0.446000010       7.74860382E-07
  0.447000027       4.47034836E-06
  0.448000014       1.37090683E-06
  0.449000031       5.06639481E-06
  0.450000018       1.96695328E-06
  0.451000035       5.54323196E-06
  0.452000022       2.56299973E-06
  0.453000009      -4.76837158E-07
  0.454000026       3.15904617E-06
  0.455000013       1.19209290E-07
  0.456000030       3.69548798E-06
  0.457000017       7.15255737E-07
  0.458000034       4.29153442E-06
  0.459000021       1.31130219E-06
  0.460000008       4.76837158E-06
  0.461000025       1.84774399E-06
  0.462000012       5.36441803E-06
  0.463000029       2.44379044E-06
  0.464000016      -4.76837158E-07
  0.465000033       3.03983688E-06
  0.466000021       5.96046448E-08
  0.467000008       3.51667404E-06
  0.468000025       6.55651093E-07
  0.469000012       3.99351120E-06
  0.470000029       1.13248825E-06
  0.471000016       4.52995300E-06
  0.472000033       1.72853470E-06
  0.473000020       5.12599945E-06
  0.474000037       2.26497650E-06
  0.475000024      -5.96046448E-07
  0.476000011       2.74181366E-06
  0.477000028      -1.19209290E-07
  0.478000015       3.27825546E-06
  0.479000032       4.76837158E-07
  0.480000019       3.87430191E-06
  0.481000036       1.07288361E-06
  0.482000023       4.41074371E-06
  0.483000010       1.54972076E-06
  0.484000027       4.94718552E-06
  0.485000014       2.08616257E-06
  0.486000031      -7.15255737E-07
  0.487000018       2.62260437E-06
  0.488000035      -1.19209290E-07
  0.489000022       3.15904617E-06
  0.490000010       3.57627869E-07
  0.491000026       3.69548798E-06
  0.492000014       8.94069672E-07
  0.493000031       4.23192978E-06
  0.494000018       1.43051147E-06
  0.495000035       4.76837158E-06
  0.496000022       1.96695328E-06
  0.497000009      -8.34465027E-07
  0.498000026       2.50339508E-06
  0.499000013      -2.38418579E-07
  0.500000000       2.98023224E-06
  0.501000047       6.19888306E-06
  0.502000034       3.45706940E-06
  0.503000021       6.61611557E-06
  0.504000008       3.87430191E-06
  0.504999995       7.09295273E-06
  0.506000042       1.54972076E-06
  0.507000029       1.06096268E-05
  0.508000016       7.86781311E-06
  0.509000003       5.12599945E-06
  0.510000050       2.56299973E-06
  0.511000037      -1.19209290E-07
  0.512000024       8.82148743E-06
  0.513000011       6.13927841E-06
  0.513999999       3.45706940E-06
  0.515000045       9.53674316E-07
  0.516000032       9.83476639E-06
  0.517000020       7.15255737E-06
  0.518000007       4.47034836E-06
  0.519000053       1.96695328E-06
  0.520000041      -7.15255737E-07
  0.521000028       8.10623169E-06
  0.522000015       5.48362732E-06
  0.523000002       2.86102295E-06
  0.524000049       3.57627869E-07
  0.525000036       9.05990601E-06
  0.526000023       6.43730164E-06
  0.527000010       3.87430191E-06
  0.527999997       1.25169754E-06
  0.529000044       1.00135803E-05
  0.530000031       7.45058060E-06
  0.531000018       4.82797623E-06
  0.532000005       2.26497650E-06
  0.533000052      -2.38418579E-07
  0.534000039       8.34465027E-06
  0.535000026       5.78165054E-06
  0.536000013       3.21865082E-06
  0.537000000       6.55651093E-07
  0.538000047       9.29832458E-06
  0.539000034       6.73532486E-06
  0.540000021       4.17232513E-06
  0.541000009       1.66893005E-06
  0.542000055      -7.15255737E-07
  0.543000042       7.68899918E-06
  0.544000030       5.12599945E-06
  0.545000017       2.62260437E-06
  0.546000004       1.19209290E-07
  0.547000051       8.58306885E-06
  0.548000038       6.07967377E-06
  0.549000025       3.57627869E-06
  0.550000012       1.07288361E-06
  0.550999999       9.41753387E-06
  0.552000046       7.03334808E-06
  0.553000033       4.52995300E-06
  0.554000020       2.02655792E-06
  0.555000007      -4.76837158E-07
  0.556000054       7.92741776E-06
  0.557000041       5.48362732E-06
  0.558000028       2.98023224E-06
  0.559000015       5.36441803E-07
  0.560000002       8.70227814E-06
  0.561000049       6.37769699E-06
  0.562000036       3.93390656E-06
  0.563000023       1.37090683E-06
  0.564000010       9.53674316E-06
  0.564999998       7.09295273E-06
  0.566000044       4.76837158E-06
  0.567000031       2.32458115E-06
  0.568000019      -1.19209290E-07
  0.569000006       7.98702240E-06
  0.570000052       5.66244125E-06
  0.571000040       3.21865082E-06
  0.572000027       8.34465027E-07
  0.573000014       8.82148743E-06
  0.574000001       6.43730164E-06
  0.575000048       4.17232513E-06
  0.576000035       1.78813934E-06
  0.577000022      -5.96046448E-07
  0.578000009       7.33137131E-06
  0.579000056       5.06639481E-06
  0.580000043       2.68220901E-06
  0.581000030       2.98023224E-07
  0.582000017       8.16583633E-06
  0.583000004       5.84125519E-06
  0.584000051       3.57627869E-06
  0.585000038       1.25169754E-06
  0.586000025       9.05990601E-06
  0.587000012       6.67572021E-06
  0.588000000       4.35113907E-06
  0.589000046       2.14576721E-06
  0.590000033      -2.38418579E-07
  0.591000021       7.56978989E-06
  0.592000008       5.24520874E-06
  0.593000054       3.03983688E-06
  0.594000041       7.15255737E-07
  0.595000029       8.40425491E-06
  0.596000016       6.07967377E-06
  0.597000003       3.81469727E-06
  0.598000050       1.60932541E-06
  0.599000037      -7.15255737E-07
  0.600000024       6.97374344E-06
  0.601000011       4.64916229E-06
  0.602000058       2.50339508E-06
  0.603000045       1.78813934E-07
  0.604000032       7.80820847E-06
  0.605000019       5.54323196E-06
  0.606000006       3.21865082E-06
  0.607000053       1.07288361E-06
  0.608000040       8.64267349E-06
  0.609000027       6.37769699E-06
  0.610000014       4.11272049E-06
  0.611000001       1.84774399E-06
  0.612000048      -2.38418579E-07
  0.613000035       7.21216202E-06
  0.614000022       4.94718552E-06
  0.615000010       2.74181366E-06
  0.616000056       5.96046448E-07
  0.617000043       8.04662704E-06
  0.618000031       5.78165054E-06
  0.619000018       3.57627869E-06
  0.620000005       1.37090683E-06
  0.621000051      -7.15255737E-07
  0.622000039       6.61611557E-06
  0.623000026       4.41074371E-06
  0.624000013       2.20537186E-06
  0.625000000       0.00000000    
  0.626000047       7.33137131E-06
  0.627000034       5.12599945E-06
  0.628000021       2.92062759E-06
  0.629000008       7.74860382E-07
  0.630000055       8.16583633E-06
  0.631000042       5.96046448E-06
  0.632000029       3.75509262E-06
  0.633000016       1.60932541E-06
  0.634000003      -5.96046448E-07
  0.635000050       6.73532486E-06
  0.636000037       4.58955765E-06
  0.637000024       2.44379044E-06
  0.638000011       2.98023224E-07
  0.639000058       7.56978989E-06
  0.640000045       5.42402267E-06
  0.641000032       3.27825546E-06
  0.642000020       1.13248825E-06
  0.643000007       8.16583633E-06
  0.644000053       6.19888306E-06
  0.645000041       4.05311584E-06
  0.646000028       1.96695328E-06
  0.647000015      -2.38418579E-07
  0.648000002       6.91413879E-06
  0.649000049       4.88758087E-06
  0.650000036       2.74181366E-06
  0.651000023       6.55651093E-07
  0.652000010       7.68899918E-06
  0.653000057       5.66244125E-06
  0.654000044       3.57627869E-06
  0.655000031       1.43051147E-06
  0.656000018      -5.96046448E-07
  0.657000005       6.37769699E-06
  0.658000052       4.35113907E-06
  0.659000039       2.26497650E-06
  0.660000026       1.78813934E-07
  0.661000013       7.15255737E-06
  0.662000060       5.12599945E-06
  0.663000047       3.03983688E-06
  0.664000034       1.01327896E-06
  0.665000021       7.86781311E-06
  0.666000009       5.84125519E-06
  0.667000055       3.81469727E-06
  0.668000042       1.78813934E-06
  0.669000030      -2.38418579E-07
  0.670000017       6.55651093E-06
  0.671000004       4.52995300E-06
  0.672000051       2.56299973E-06
  0.673000038       5.36441803E-07
  0.674000025       7.33137131E-06
  0.675000012       5.30481339E-06
  0.676000059       3.33786011E-06
  0.677000046       1.31130219E-06
  0.678000033      -7.15255737E-07
  0.679000020       6.07967377E-06
  0.680000007       4.05311584E-06
  0.681000054       2.08616257E-06
  0.682000041       5.96046448E-08
  0.683000028       6.79492950E-06
  0.684000015       4.76837158E-06
  0.685000062       2.86102295E-06
  0.686000049       8.94069672E-07
  0.687000036       7.56978989E-06
  0.688000023       5.48362732E-06
  0.689000010       3.45706940E-06
  0.690000057       1.54972076E-06
  0.691000044      -4.76837158E-07
  0.692000031       6.19888306E-06
  0.693000019       4.23192978E-06
  0.694000006       2.20537186E-06
  0.695000052       3.57627869E-07
  0.696000040       6.91413879E-06
  0.697000027       4.94718552E-06
  0.698000014       2.98023224E-06
  0.699000061       1.13248825E-06
  0.700000048      -8.34465027E-07
  0.701000035       5.72204590E-06
  0.702000022       3.75509262E-06
  0.703000009       1.78813934E-06
  0.704000056      -1.19209290E-07
  0.705000043       6.43730164E-06
  0.706000030       4.47034836E-06
  0.707000017       2.50339508E-06
  0.708000004       5.96046448E-07
  0.709000051       7.15255737E-06
  0.710000038       5.18560410E-06
  0.711000025       3.27825546E-06
  0.712000012       1.31130219E-06
  0.713000059      -4.76837158E-07
  0.714000046       5.90085983E-06
  0.715000033       3.99351120E-06
  0.716000021       2.08616257E-06
  0.717000008       1.78813934E-07
  0.718000054       6.61611557E-06
  0.719000041       4.70876694E-06
  0.720000029       2.80141830E-06
  0.721000016       8.94069672E-07
  0.722000062      -9.53674316E-07
  0.723000050       5.42402267E-06
  0.724000037       3.51667404E-06
  0.725000024       1.66893005E-06
  0.726000011      -2.38418579E-07
  0.727000058       6.13927841E-06
  0.728000045       4.23192978E-06
  0.729000032       2.38418579E-06
  0.730000019       4.76837158E-07
  0.731000006       6.79492950E-06
  0.732000053       4.94718552E-06
  0.733000040       3.09944153E-06
  0.734000027       1.19209290E-06
  0.735000014      -5.96046448E-07
  0.736000061       5.66244125E-06
  0.737000048       3.81469727E-06
  0.738000035       1.96695328E-06
  0.739000022       5.96046448E-08
  0.740000010       6.25848770E-06
  0.741000056       4.52995300E-06
  0.742000043       2.62260437E-06
  0.743000031       7.74860382E-07
  0.744000018       6.97374344E-06
  0.745000064       5.18560410E-06
  0.746000051       3.33786011E-06
  0.747000039       1.49011612E-06
  0.748000026      -3.57627869E-07
  0.749000013       5.78165054E-06
  0.750000060       4.05311584E-06
  0.751000047       2.14576721E-06
  0.752000034       2.98023224E-07
  0.753000021       6.43730164E-06
  0.754000008       4.58955765E-06
  0.755000055       2.86102295E-06
  0.756000042       1.01327896E-06
  0.757000029      -8.34465027E-07
  0.758000016       5.24520874E-06
  0.759000063       3.51667404E-06
  0.760000050       1.72853470E-06
  0.761000037      -1.19209290E-07
  0.762000024       5.96046448E-06
  0.763000011       4.11272049E-06
  0.764000058       2.44379044E-06
  0.765000045       5.96046448E-07
  0.766000032       6.61611557E-06
  0.767000020       4.82797623E-06
  0.768000007       3.03983688E-06
  0.769000053       1.31130219E-06
  0.770000041      -4.76837158E-07
  0.771000028       5.48362732E-06
  0.772000015       3.69548798E-06
  0.773000062       2.02655792E-06
  0.774000049       2.38418579E-07
  0.775000036       6.13927841E-06
  0.776000023       4.35113907E-06
  0.777000010       2.62260437E-06
  0.778000057       8.94069672E-07
  0.779000044      -8.34465027E-07
  0.780000031       5.06639481E-06
  0.781000018       3.27825546E-06
  0.782000065       1.60932541E-06
  0.783000052      -1.19209290E-07
  0.784000039       5.72204590E-06
  0.785000026       3.93390656E-06
  0.786000013       2.20537186E-06
  0.787000060       5.36441803E-07
  0.788000047       6.37769699E-06
  0.789000034       4.58955765E-06
  0.790000021       2.86102295E-06
  0.791000009       1.13248825E-06
  0.792000055      -4.76837158E-07
  0.793000042       5.24520874E-06
  0.794000030       3.51667404E-06
  0.795000017       1.78813934E-06
  0.796000063       1.78813934E-07
  0.797000051       5.90085983E-06
  0.798000038       4.17232513E-06
  0.799000025       2.44379044E-06
  0.800000012       7.15255737E-07
  0.801000059       6.49690628E-06
  0.802000046       4.82797623E-06
  0.803000033       3.09944153E-06
  0.804000020       1.43051147E-06
  0.805000067      -2.38418579E-07
  0.806000054       5.48362732E-06
  0.807000041       3.75509262E-06
  0.808000028       2.08616257E-06
  0.809000015       3.57627869E-07
  0.810000062       6.07967377E-06
  0.811000049       4.41074371E-06
  0.812000036       2.74181366E-06
  0.813000023       9.53674316E-07
  0.814000010      -7.15255737E-07
  0.815000057       4.94718552E-06
  0.816000044       3.27825546E-06
  0.817000031       1.60932541E-06
  0.818000019      -1.19209290E-07
  0.819000065       5.60283661E-06
  0.820000052       3.93390656E-06
  0.821000040       2.26497650E-06
  0.822000027       5.96046448E-07
  0.823000014       6.13927841E-06
  0.824000061       4.52995300E-06
  0.825000048       2.86102295E-06
  0.826000035       1.25169754E-06
  0.827000022      -4.76837158E-07
  0.828000069       5.18560410E-06
  0.829000056       3.51667404E-06
  0.830000043       1.84774399E-06
  0.831000030       2.38418579E-07
  0.832000017       5.72204590E-06
  0.833000064       4.17232513E-06
  0.834000051       2.50339508E-06
  0.835000038       8.34465027E-07
  0.836000025      -8.34465027E-07
  0.837000012       4.70876694E-06
  0.838000059       3.15904617E-06
  0.839000046       1.49011612E-06
  0.840000033      -1.19209290E-07
  0.841000021       5.30481339E-06
  0.842000067       3.75509262E-06
  0.843000054       2.14576721E-06
  0.844000041       4.76837158E-07
  0.845000029       5.90085983E-06
  0.846000016       4.29153442E-06
  0.847000062       2.74181366E-06
  0.848000050       1.13248825E-06
  0.849000037      -4.76837158E-07
  0.850000024       4.88758087E-06
  0.851000011       3.27825546E-06
  0.852000058       1.72853470E-06
  0.853000045       1.19209290E-07
  0.854000032       5.54323196E-06
  0.855000019       3.87430191E-06
  0.856000066       2.38418579E-06
  0.857000053       7.74860382E-07
  0.858000040       6.13927841E-06
  0.859000027       4.52995300E-06
  0.860000014       2.92062759E-06
  0.861000061       1.37090683E-06
  0.862000048      -2.38418579E-07
  0.863000035       5.12599945E-06
  0.864000022       3.51667404E-06
  0.865000069       2.02655792E-06
  0.866000056       7.27176666E-06
  0.867000043       5.72204590E-06
  0.868000031       4.11272049E-06
  0.869000018       2.56299973E-06
  0.870000064       7.86781311E-06
  0.871000051       6.31809235E-06
  0.872000039       1.15633011E-05
  0.873000026       9.95397568E-06
  0.874000013       1.51991844E-05
  0.875000060       1.37090683E-05
  0.876000047       1.88350677E-05
  0.877000034       1.72853470E-05
  0.878000021       2.24709511E-05
  0.879000068       2.77161598E-05
  0.880000055       3.29613686E-05
  0.881000042       4.48822975E-05
  0.882000029       5.00082970E-05
  0.883000016       6.19292259E-05
  0.884000063       7.38501549E-05
  0.885000050       9.23871994E-05
  0.886000037       1.10924244E-04
  0.887000024       1.29461288E-04
  0.888000071       1.54733658E-04
  0.889000058       1.86443329E-04
  0.890000045       2.24888325E-04
  0.891000032       2.63214111E-04
  0.892000020       3.10897827E-04
  0.893000066       3.66449356E-04
  0.894000053       4.31180000E-04
  0.895000041       5.04076481E-04
  0.896000028       5.93423843E-04
  0.897000015       6.90937042E-04
  0.898000062       8.01622868E-04
  0.899000049       9.31799412E-04
  0.900000036       1.07520819E-03
  0.901000023       1.24424696E-03
  0.902000070       1.43963099E-03
  0.903000057       1.65432692E-03
  0.904000044       1.89495087E-03
  0.905000031       2.16794014E-03
  0.906000018       2.47985125E-03
  0.907000065       2.82394886E-03
  0.908000052       3.21322680E-03
  0.909000039       3.64750624E-03
  0.910000026       4.12666798E-03
  0.911000073       4.66376543E-03
  0.912000060       5.25188446E-03
  0.913000047       5.91051579E-03
  0.914000034       6.63948059E-03
  0.915000021       7.43848085E-03
  0.916000068       8.32039118E-03
  0.917000055       9.29129124E-03
  0.918000042       1.03510022E-02
  0.919000030       1.15122199E-02
  0.920000017       1.27874613E-02
  0.921000063       1.41700506E-02
  0.922000051       1.56788826E-02
  0.923000038       1.73135400E-02
  0.924000025       1.90930963E-02
  0.925000072       2.10170746E-02
  0.926000059       2.31041312E-02
  0.927000046       2.53474712E-02
  0.928000033       2.77722478E-02
  0.929000020       3.03778648E-02
  0.930000067       3.31766009E-02
  0.931000054       3.61805558E-02
  0.932000041       3.94018888E-02
  0.933000028       4.28462625E-02
  0.934000015       4.65194583E-02
  0.935000062       5.04461527E-02
  0.936000049       5.46191931E-02
  0.937000036       5.90631962E-02
  0.938000023       6.37836456E-02
  0.939000070       6.87908530E-02
  0.940000057       7.40949512E-02
  0.941000044       7.97028542E-02
  0.942000031       8.56279135E-02
  0.943000019       9.18880105E-02
  0.944000065       9.84821320E-02
  0.945000052      0.105421841    
  0.946000040      0.112718582    
  0.947000027      0.120383799    
  0.948000073      0.128422797    
  0.949000061      0.136846721    
  0.950000048      0.145660818    
  0.951000035      0.154882491    
  0.952000022      0.164504290    
  0.953000069      0.174550056    
  0.954000056      0.185011983    
  0.955000043      0.195907652    
  0.956000030      0.207235694    
  0.957000017      0.219001234    
  0.958000064      0.231220782    
  0.959000051      0.243881226    
  0.960000038      0.256999493    
  0.961000025      0.270576119    
  0.962000072      0.284616590    
  0.963000059      0.299112558    
  0.964000046      0.314072967    
  0.965000033      0.329502761    
  0.966000021      0.345394433    
  0.967000067      0.361758173    
  0.968000054      0.378581047    
  0.969000041      0.395867348    
  0.970000029      0.413615704    
  0.971000075      0.431824863    
  0.972000062      0.450487018    
  0.973000050      0.469603181    
  0.974000037      0.489169717    
  0.975000024      0.509173632    
  0.976000071      0.529620588    
  0.977000058      0.550492704    
  0.978000045      0.571795404    
  0.979000032      0.593510032    
  0.980000019      0.615639389    
  0.981000066      0.638166785    
  0.982000053      0.661092401    
  0.983000040      0.684395254    
  0.984000027      0.708080292    
  0.985000074      0.732122362    
  0.986000061      0.756525517    
  0.987000048      0.781263471    
  0.988000035      0.806342244    
  0.989000022      0.831732392    
  0.990000069      0.857442021    
  0.991000056      0.883436441    
  0.992000043      0.909725666    
  0.993000031      0.936274052    
  0.994000018      0.963091552    
  0.995000064      0.990144253    
  0.996000051       1.01743817    
  0.997000039       1.04493856    
  0.998000026       1.07265413    
  0.999000072       1.10055006    
   1.00000000       1.12863016    
   1.00100005       1.15686262    
   1.00200009       1.18525708    
   1.00300002       1.21376491    
   1.00400007       1.24241173    
   1.00500000       1.27114487    
   1.00600004       1.29998696    
   1.00700009       1.32888997    
   1.00800002       1.35786796    
   1.00900006       1.38687885    
   1.00999999       1.41593969    
   1.01100004       1.44500458    
   1.01200008       1.47409511    
   1.01300001       1.50315523    
   1.01400006       1.53221774    
   1.01500010       1.56122160    
   1.01600003       1.59020090    
   1.01700008       1.61910057    
   1.01800001       1.64794350    
   1.01900005       1.67668128    
   1.02000010       1.70534360    
   1.02100003       1.73387051    
   1.02200007       1.76230085    
   1.02300000       1.79056942    
   1.02400005       1.81872070    
   1.02500010       1.84669018    
   1.02600002       1.87451339    
   1.02700007       1.90213609    
   1.02800000       1.92959738    
   1.02900004       1.95683384    
   1.03000009       1.98388839    
   1.03100002       2.01069570    
   1.03200006       2.03731251    
   1.03299999       2.06365824    
   1.03400004       2.08979177    
   1.03500009       2.11564445    
   1.03600001       2.14126325    
   1.03700006       2.16659164    
   1.03800011       2.19167471    
   1.03900003       2.21644068    
   1.04000008       2.24095869    
   1.04100001       2.26514196    
   1.04200006       2.28906846    
   1.04300010       2.31264687    
   1.04400003       2.33595037    
   1.04500008       2.35890341    
   1.04600000       2.38156986    
   1.04700005       2.40387774    
   1.04800010       2.42589188    
   1.04900002       2.44753504    
   1.05000007       2.46888113    
   1.05100000       2.48984504    
   1.05200005       2.51050901    
   1.05300009       2.53078699    
   1.05400002       2.55075002    
   1.05500007       2.57032752    
   1.05599999       2.58958864    
   1.05700004       2.60845709    
   1.05800009       2.62701106    
   1.05900002       2.64516449    
   1.06000006       2.66300178    
   1.06100011       2.68044066    
   1.06200004       2.69756079    
   1.06300008       2.71427178    
   1.06400001       2.73067069    
   1.06500006       2.74666500    
   1.06600010       2.76234770    
   1.06700003       2.77761531    
   1.06800008       2.79257774    
   1.06900001       2.80713344    
   1.07000005       2.82138038    
   1.07100010       2.83522034    
   1.07200003       2.84875369    
   1.07300007       2.86188698    
   1.07400000       2.87471247    
   1.07500005       2.88714314    
   1.07600009       2.89927387    
   1.07700002       2.91101480    
   1.07800007       2.92244530    
   1.07900000       2.93350244    
   1.08000004       2.94426489    
   1.08100009       2.95463657    
   1.08200002       2.96471882    
   1.08300006       2.97443867    
   1.08400011       2.98385763    
   1.08500004       2.99291134    
   1.08600008       3.00169706    
   1.08700001       3.01010132    
   1.08800006       3.01824355    
   1.08900011       3.02602434    
   1.09000003       3.03354836    
   1.09100008       3.04070950    
   1.09200001       3.04761791    
   1.09300005       3.05416846    
   1.09400010       3.06048107    
   1.09500003       3.06645155    
   1.09600008       3.07218790    
   1.09700000       3.07757306    
   1.09800005       3.08273435    
   1.09900010       3.08756590    
   1.10000002       3.09217930    
   1.10100007       3.09645486    
   1.10200000       3.10053158    
   1.10300004       3.10428119    
   1.10400009       3.10783601    
   1.10500002       3.11106706    
   1.10600007       3.11411309    
   1.10699999       3.11684823    
   1.10800004       3.11939907    
   1.10900009       3.12164545    
   1.11000001       3.12372088    
   1.11100006       3.12550139    
   1.11200011       3.12710524    
   1.11300004       3.12843728    
   1.11400008       3.12960005    
   1.11500001       3.13049245    
   1.11600006       3.13122988    
   1.11700010       3.13169241    
   1.11800003       3.13200378    
   1.11900008       3.13206053    
   1.12000000       3.13198376    
   1.12100005       3.13163757    
   1.12200010       3.13116026    
   1.12300003       3.13045263    
   1.12400007       3.12961650    
   1.12500000       3.12852979    
   1.12600005       3.12733722    
   1.12700009       3.12589669    
   1.12800002       3.12435484    
   1.12900007       3.12259245    
   1.13000000       3.12071419    
   1.13100004       3.11862969    
   1.13200009       3.11644077    
   1.13300002       3.11404800    
   1.13400006       3.11155224    
   1.13500011       3.10887170    
   1.13600004       3.10609221    
   1.13700008       3.10311747    
   1.13800001       3.10006547    
   1.13900006       3.09682107    
   1.14000010       3.09351206    
   1.14100003       3.09000969    
   1.14200008       3.08644629    
   1.14300001       3.08270216    
   1.14400005       3.07890153    
   1.14500010       3.07492018    
   1.14600003       3.07088375    
   1.14700007       3.06668878    
   1.14800000       3.06243706    
   1.14900005       3.05803156    
   1.15000010       3.05358410    
   1.15100002       3.04898262    
   1.15200007       3.04432750    
   1.15300000       3.03953719    
   1.15400004       3.03471041    
   1.15500009       3.02973700    
   1.15600002       3.02473474    
   1.15700006       3.01959920    
   1.15800011       3.01443219    
   1.15900004       3.00913239    
   1.16000009       3.00381756    
   1.16100001       2.99837446    
   1.16200006       2.99290204    
   1.16300011       2.98731899    
   1.16400003       2.98173022    
   1.16500008       2.97600412    
   1.16600001       2.97027802    
   1.16700006       2.96444297    
   1.16800010       2.95859623    
   1.16900003       2.95264149    
   1.17000008       2.94668961    
   1.17100000       2.94063067    
   1.17200005       2.93457937    
   1.17300010       2.92841792    
   1.17400002       2.92226696    
   1.17500007       2.91601276    
   1.17600000       2.90977311    
   1.17700005       2.90343761    
   1.17800009       2.89711952    
   1.17900002       2.89071012    
   1.18000007       2.88430643    
   1.18100011       2.87782741    
   1.18200004       2.87137580    
   1.18300009       2.86481762    
   1.18400002       2.85829353    
   1.18500006       2.85168982    
   1.18600011       2.84510207    
   1.18700004       2.83844852    
   1.18800008       2.83182096    
   1.18900001       2.82511091    
   1.19000006       2.81844425    
   1.19100010       2.81169271    
   1.19200003       2.80497241    
   1.19300008       2.79818773    
   1.19400001       2.79144573    
   1.19500005       2.78462315    
   1.19600010       2.77784491    
   1.19700003       2.77100325    
   1.19800007       2.76419878    
   1.19900000       2.75733232    
   1.20000005       2.75050092    
   1.20100009       2.74362421    
   1.20200002       2.73677778    
   1.20300007       2.72988462    
   1.20400012       2.72302175    
   1.20500004       2.71612000    
   1.20600009       2.70925140    
   1.20700002       2.70234418    
   1.20800006       2.69546747    
   1.20900011       2.68855786    
   1.21000004       2.68169022    
   1.21100008       2.67476940    
   1.21200001       2.66789913    
   1.21300006       2.66098809    
   1.21400011       2.65412140    
   1.21500003       2.64721727    
   1.21600008       2.64036322    
   1.21700001       2.63346243    
   1.21800005       2.62662125    
   1.21900010       2.61973047    
   1.22000003       2.61290264    
   1.22100008       2.60602999    
   1.22200000       2.59921551    
   1.22300005       2.59236169    
   1.22400010       2.58556771    
   1.22500002       2.57872891    
   1.22600007       2.57195473    
   1.22700012       2.56513929    
   1.22800004       2.55838680    
   1.22900009       2.55159926    
   1.23000002       2.54487157    
   1.23100007       2.53810787    
   1.23200011       2.53141022    
   1.23300004       2.52467251    
   1.23400009       2.51800203    
   1.23500001       2.51129413    
   1.23600006       2.50465703    
   1.23700011       2.49797797    
   1.23800004       2.49137402    
   1.23900008       2.48472738    
   1.24000001       2.47815323    
   1.24100006       2.47154570    
   1.24200010       2.46500397    
   1.24300003       2.45843554    
   1.24400008       2.45193267    
   1.24500000       2.44539738    
   1.24600005       2.43892717    
   1.24700010       2.43243217    
   1.24800003       2.42600870    
   1.24900007       2.41955090    
   1.25000000       2.41316080    
   1.25100005       2.40674448    
   1.25200009       2.40039945    
   1.25300002       2.39402342    
   1.25400007       2.38772011    
   1.25500011       2.38138413    
   1.25600004       2.37512493    
   1.25700009       2.36883593    
   1.25800002       2.36261225    
   1.25900006       2.35636997    
   1.26000011       2.35019302    
   1.26100004       2.34399390    
   1.26200008       2.33786106    
   1.26300001       2.33170915    
   1.26400006       2.32562447    
   1.26500010       2.31951666    
   1.26600003       2.31347394    
   1.26700008       2.30741405    
   1.26800001       2.30142140    
   1.26900005       2.29540658    
   1.27000010       2.28946018    
   1.27100003       2.28349352    
   1.27200007       2.27759790    
   1.27300000       2.27167773    
   1.27400005       2.26582336    
   1.27500010       2.25995350    
   1.27600002       2.25415111    
   1.27700007       2.24832845    
   1.27800012       2.24257135    
   1.27900004       2.23680115    
   1.28000009       2.23109317    
   1.28100002       2.22537041    
   1.28200006       2.21971583    
   1.28300011       2.21403766    
   1.28400004       2.20842981    
   1.28500009       2.20280480    
   1.28600001       2.19724345    
   1.28700006       2.19166827    
   1.28800011       2.18615675    
   1.28900003       2.18063211    
   1.29000008       2.17516899    
   1.29100001       2.16969347    
   1.29200006       2.16427994    
   1.29300010       2.15885448    
   1.29400003       2.15349197    
   1.29500008       2.14811587    
   1.29600000       2.14280510    
   1.29700005       2.13747549    
   1.29800010       2.13220930    
   1.29900002       2.12693310    
   1.30000007       2.12171936    
   1.30100012       2.11648798    
   1.30200005       2.11132550    
   1.30300009       2.10614514    
   1.30400002       2.10102773    
   1.30500007       2.09589601    
   1.30600011       2.09082723    
   1.30700004       2.08574963    
   1.30800009       2.08072710    
   1.30900002       2.07569695    
   1.31000006       2.07072592    
   1.31100011       2.06574368    
   1.31200004       2.06082296    
   1.31300008       2.05588675    
   1.31400001       2.05101609    
   1.31500006       2.04612875    
   1.31600010       2.04130220    
   1.31700003       2.03646564    
   1.31800008       2.03169036    
   1.31900001       2.02689695    
   1.32000005       2.02216935    
   1.32100010       2.01742649    
   1.32200003       2.01274347    
   1.32300007       2.00804853    
   1.32400012       2.00341129    
   1.32500005       1.99876392    
   1.32600009       1.99417412    
   1.32700002       1.98957586    
   1.32800007       1.98503494    
   1.32900012       1.98047781    
   1.33000004       1.97598004    
   1.33100009       1.97147596    
   1.33200002       1.96702361    
   1.33300006       1.96256185    
   1.33400011       1.95815682    
   1.33500004       1.95374286    
   1.33600008       1.94938540    
   1.33700001       1.94501376    
   1.33800006       1.94069862    
   1.33900011       1.93637323    
   1.34000003       1.93210626    
   1.34100008       1.92782247    
   1.34200001       1.92360187    
   1.34300005       1.91936350    
   1.34400010       1.91518354    
   1.34500003       1.91098833    
   1.34600008       1.90685487    
   1.34700012       1.90270388    
   1.34800005       1.89861155    
   1.34900010       1.89450431    
   1.35000002       1.89045453    
   1.35100007       1.88639081    
   1.35200012       1.88238323    
   1.35300004       1.87836552    
   1.35400009       1.87439752    
   1.35500002       1.87042046    
   1.35600007       1.86649680    
   1.35700011       1.86256242    
   1.35800004       1.85868084    
   1.35900009       1.85478628    
   1.36000001       1.85094452    
   1.36100006       1.84709239    
   1.36200011       1.84329271    
   1.36300004       1.83948183    
   1.36400008       1.83572006    
   1.36500001       1.83194888    
   1.36600006       1.82823050    
   1.36700010       1.82449901    
   1.36800003       1.82081652    
   1.36900008       1.81712663    
   1.37000012       1.81348622    
   1.37100005       1.80983686    
   1.37200010       1.80623174    
   1.37300003       1.80262208    
   1.37400007       1.79905438    
   1.37500012       1.79548299    
   1.37600005       1.79195857    
   1.37700009       1.78842306    
   1.37800002       1.78493512    
   1.37900007       1.78143716    
   1.38000011       1.77798760    
   1.38100004       1.77452922    
   1.38200009       1.77111316    
   1.38300002       1.76769412    
   1.38400006       1.76431406    
   1.38500011       1.76093090    
   1.38600004       1.75759411    
   1.38700008       1.75424051    
   1.38800001       1.75093770    
   1.38900006       1.74762535    
   1.39000010       1.74435973    
   1.39100003       1.74107981    
   1.39200008       1.73784387    
   1.39300001       1.73460364    
   1.39400005       1.73140621    
   1.39500010       1.72819901    
   1.39600003       1.72503829    
   1.39700007       1.72186422    
   1.39800012       1.71873438    
   1.39900005       1.71559739    
   1.40000010       1.71250367    
   1.40100002       1.70939803    
   1.40200007       1.70633769    
   1.40300012       1.70326543    
   1.40400004       1.70023847    
   1.40500009       1.69719958    
   1.40600002       1.69420552    
   1.40700006       1.69119883    
   1.40800011       1.68823743    
   1.40900004       1.68526387    
   1.41000009       1.68233442    
   1.41100001       1.67939329    
   1.41200006       1.67649436    
   1.41300011       1.67358565    
   1.41400003       1.67071939    
   1.41500008       1.66784108    
   1.41600001       1.66500604    
   1.41700006       1.66215873    
   1.41800010       1.65935349    
   1.41900003       1.65653825    
   1.42000008       1.65376472    
   1.42100012       1.65097833    
   1.42200005       1.64823461    
   1.42300010       1.64547920    
   1.42400002       1.64276552    
   1.42500007       1.64003956    
   1.42600012       1.63735437    
   1.42700005       1.63465858    
   1.42800009       1.63200331    
   1.42900002       1.62933612    
   1.43000007       1.62670994    
   1.43100011       1.62407076    
   1.43200004       1.62147260    
   1.43300009       1.61886358    
   1.43400002       1.61629415    
   1.43500006       1.61371231    
   1.43600011       1.61117029    
   1.43700004       1.60861707    
   1.43800008       1.60610223    
   1.43900001       1.60357666    
   1.44000006       1.60108972    
   1.44100010       1.59859061    
   1.44200003       1.59613109    
   1.44300008       1.59365892    
   1.44400012       1.59122515    
   1.44500005       1.58878112    
   1.44600010       1.58637381    
   1.44700003       1.58395529    
   1.44800007       1.58157432    
   1.44900012       1.57918167    
   1.45000005       1.57682729    
   1.45100009       1.57446003    
   1.45200002       1.57213068    
   1.45300007       1.56978941    
   1.45400012       1.56748474    
   1.45500004       1.56516957    
   1.45600009       1.56288981    
   1.45700002       1.56059933    
   1.45800006       1.55834436    
   1.45900011       1.55607843    
   1.46000004       1.55384803    
   1.46100008       1.55160642    
   1.46200001       1.54940081    
   1.46300006       1.54718280    
   1.46400011       1.54500091    
   1.46500003       1.54280722    
   1.46600008       1.54064846    
   1.46700013       1.53847802    
   1.46800005       1.53634286    
   1.46900010       1.53419638    
   1.47000003       1.53208423    
   1.47100008       1.52996027    
   1.47200012       1.52787113    
   1.47300005       1.52577007    
   1.47400010       1.52370250    
   1.47500002       1.52162528    
   1.47600007       1.51958060    
   1.47700012       1.51752448    
   1.47800004       1.51550198    
   1.47900009       1.51346827    
   1.48000002       1.51146674    
   1.48100007       1.50945544    
   1.48200011       1.50747633    
   1.48300004       1.50548613    
   1.48400009       1.50352883    
   1.48500001       1.50155950    
   1.48600006       1.49962258    
   1.48700011       1.49767482    
   1.48800004       1.49575853    
   1.48900008       1.49383187    
   1.49000013       1.49193680    
   1.49100006       1.49002993    
   1.49200010       1.48815560    
   1.49300003       1.48626947    
   1.49400008       1.48441529    
   1.49500012       1.48254895    
   1.49600005       1.48071420    
   1.49700010       1.47886801    
   1.49800003       1.47705412    
   1.49900007       1.47522700    
   1.50000012       1.47343087    
   1.50100005       1.47162521    
   1.50200009       1.46984851    
   1.50300002       1.46806145    
   1.50400007       1.46630490    
   1.50500011       1.46453571    
   1.50600004       1.46279728    
   1.50700009       1.46104848    
   1.50800002       1.45932972    
   1.50900006       1.45759821    
   1.51000011       1.45589733    
   1.51100004       1.45418501    
   1.51200008       1.45250106    
   1.51300013       1.45080769    
   1.51400006       1.44914341    
   1.51500010       1.44746685    
   1.51600003       1.44581997    
   1.51700008       1.44416165    
   1.51800013       1.44253290    
   1.51900005       1.44089222    
   1.52000010       1.43928075    
   1.52100003       1.43765688    
   1.52200007       1.43606293    
   1.52300012       1.43445635    
   1.52400005       1.43287921    
   1.52500010       1.43129027    
   1.52600002       1.42972994    
   1.52700007       1.42815733    
   1.52800012       1.42661285    
   1.52900004       1.42505872    
   1.53000009       1.42353034    
   1.53100002       1.42199266    
   1.53200006       1.42048097    
   1.53300011       1.41895866    
   1.53400004       1.41746414    
   1.53500009       1.41595781    
   1.53600001       1.41447949    
   1.53700006       1.41298854    
   1.53800011       1.41152585    
   1.53900003       1.41005099    
   1.54000008       1.40860379    
   1.54100013       1.40714431    
   1.54200006       1.40571213    
   1.54300010       1.40426886    
   1.54400003       1.40285110    
   1.54500008       1.40142441    
   1.54600012       1.40002239    
   1.54700005       1.39860988    
   1.54800010       1.39722347    
   1.54900002       1.39582503    
   1.55000007       1.39445353    
   1.55100012       1.39307010    
   1.55200005       1.39171231    
   1.55300009       1.39034402    
   1.55400002       1.38900125    
   1.55500007       1.38764727    
   1.55600011       1.38631773    
   1.55700004       1.38497901    
   1.55800009       1.38366413    
   1.55900002       1.38233924    
   1.56000006       1.38103902    
   1.56100011       1.37972713    
   1.56200004       1.37844121    
   1.56300008       1.37714314    
   1.56400013       1.37586975    
   1.56500006       1.37458634    
   1.56600010       1.37332678    
   1.56700003       1.37205684    
   1.56800008       1.37081027    
   1.56900012       1.36955416    
   1.57000005       1.36832094    
   1.57100010       1.36707771    
   1.57200003       1.36585808    
   1.57300007       1.36462831    
   1.57400012       1.36342072    
   1.57500005       1.36220407    
   1.57600009       1.36101115    
   1.57700002       1.35980582    
   1.57800007       1.35862446    
   1.57900012       1.35743356    
   1.58000004       1.35626447    
   1.58100009       1.35508561    
   1.58200002       1.35393023    
   1.58300006       1.35276294    
   1.58400011       1.35162008    
   1.58500004       1.35046482    
   1.58600008       1.34933352    
   1.58700013       1.34819174    
   1.58800006       1.34707165    
   1.58900011       1.34594202    
   1.59000003       1.34483552    
   1.59100008       1.34371638    
   1.59200013       1.34262037    
   1.59300005       1.34151483    
   1.59400010       1.34043002    
   1.59500003       1.33933604    
   1.59600008       1.33826303    
   1.59700012       1.33718085    
   1.59800005       1.33611941    
   1.59900010       1.33504820    
   1.60000002       1.33399868    
   1.60100007       1.33293808    
   1.60200012       1.33189976    
   1.60300004       1.33085084    
   1.60400009       1.32982326    
   1.60500002       1.32878590    
   1.60600007       1.32776833    
   1.60700011       1.32674181    
   1.60800004       1.32573712    
   1.60900009       1.32472038    
   1.61000013       1.32372570    
   1.61100006       1.32272053    
   1.61200011       1.32173729    
   1.61300004       1.32074189    
   1.61400008       1.31976914    
   1.61500013       1.31878400    
   1.61600006       1.31782103    
   1.61700010       1.31684732    
   1.61800003       1.31589556    
   1.61900008       1.31493127    
   1.62000012       1.31398940    
   1.62100005       1.31303549    
   1.62200010       1.31210339    
   1.62300003       1.31116033    
   1.62400007       1.31023753    
   1.62500012       1.30930471    
   1.62600005       1.30839229    
   1.62700009       1.30746913    
   1.62800002       1.30656648    
   1.62900007       1.30565298    
   1.63000011       1.30475986    
   1.63100004       1.30385637    
   1.63200009       1.30297279    
   1.63300014       1.30207872    
   1.63400006       1.30120480    
   1.63500011       1.30032039    
   1.63600004       1.29945600    
   1.63700008       1.29858088    
   1.63800013       1.29772544    
   1.63900006       1.29685998    
   1.64000010       1.29601383    
   1.64100003       1.29515743    
   1.64200008       1.29432058    
   1.64300013       1.29347336    
   1.64400005       1.29264545    
   1.64500010       1.29180729    
   1.64600003       1.29098868    
   1.64700007       1.29015911    
   1.64800012       1.28934896    
   1.64900005       1.28852892    
   1.65000010       1.28772759    
   1.65100002       1.28691602    
   1.65200007       1.28612351    
   1.65300012       1.28532028    
   1.65400004       1.28453660    
   1.65500009       1.28374219    
   1.65600014       1.28296685    
   1.65700006       1.28218102    
   1.65800011       1.28141403    
   1.65900004       1.28063691    
   1.66000009       1.27987802    
   1.66100013       1.27910912    
   1.66200006       1.27835894    
   1.66300011       1.27759814    
   1.66400003       1.27685571    
   1.66500008       1.27610326    
   1.66600013       1.27536917    
   1.66700006       1.27462506    
   1.66800010       1.27389896    
   1.66900003       1.27316284    
   1.67000008       1.27244473    
   1.67100012       1.27171612    
   1.67200005       1.27100623    
   1.67300010       1.27028561    
   1.67400002       1.26958299    
   1.67500007       1.26887059    
   1.67600012       1.26817608    
   1.67700005       1.26747108    
   1.67800009       1.26678407    
   1.67900014       1.26608682    
   1.68000007       1.26540744    
   1.68100011       1.26471770    
   1.68200004       1.26404607    
   1.68300009       1.26336372    
   1.68400013       1.26269925    
   1.68500006       1.26202464    
   1.68600011       1.26136756    
   1.68700004       1.26070011    
   1.68800008       1.26005030    
   1.68900013       1.25939035    
   1.69000006       1.25874782    
   1.69100010       1.25809526    
   1.69200003       1.25745964    
   1.69300008       1.25681412    
   1.69400012       1.25618565    
   1.69500005       1.25554729    
   1.69600010       1.25492597    
   1.69700003       1.25429463    
   1.69800007       1.25367999    
   1.69900012       1.25305593    
   1.70000005       1.25244844    
   1.70100009       1.25183082    
   1.70200002       1.25123024    
   1.70300007       1.25061941    
   1.70400012       1.25002575    
   1.70500004       1.24942172    
   1.70600009       1.24883461    
   1.70700014       1.24823725    
   1.70800006       1.24765706    
   1.70900011       1.24706626    
   1.71000004       1.24649251    
   1.71100008       1.24590850    
   1.71200013       1.24534118    
   1.71300006       1.24476349    
   1.71400011       1.24420285    
   1.71500003       1.24363172    
   1.71600008       1.24307704    
   1.71700013       1.24251258    
   1.71800005       1.24196434    
   1.71900010       1.24140632    
   1.72000003       1.24086463    
   1.72100008       1.24031246    
   1.72200012       1.23977685    
   1.72300005       1.23923111    
   1.72400010       1.23870182    
   1.72500002       1.23816228    
   1.72600007       1.23763883    
   1.72700012       1.23710537    
   1.72800004       1.23658836    
   1.72900009       1.23606098    
   1.73000014       1.23554981    
   1.73100007       1.23502839    
   1.73200011       1.23452306    
   1.73300004       1.23400784    
   1.73400009       1.23350823    
   1.73500013       1.23299885    
   1.73600006       1.23250556    
   1.73700011       1.23200178    
   1.73800004       1.23151433    
   1.73900008       1.23101640    
   1.74000013       1.23053443    
   1.74100006       1.23004246    
   1.74200010       1.22956622    
   1.74300003       1.22907984    
   1.74400008       1.22860932    
   1.74500012       1.22812843    
   1.74600005       1.22766340    
   1.74700010       1.22718835    
   1.74800003       1.22672904    
   1.74900007       1.22625935    
   1.75000012       1.22580528    
   1.75100005       1.22534144    
   1.75200009       1.22489297    
   1.75300014       1.22443438    
   1.75400007       1.22399127    
   1.75500011       1.22353804    
   1.75600004       1.22310019    
   1.75700009       1.22265255    
   1.75800014       1.22222006    
   1.75900006       1.22177756    
   1.76000011       1.22135019    
   1.76100004       1.22091341    
   1.76200008       1.22049129    
   1.76300013       1.22005939    
   1.76400006       1.21964252    
   1.76500010       1.21921611    
   1.76600003       1.21880400    
   1.76700008       1.21838272    
   1.76800013       1.21797585    
   1.76900005       1.21755958    
   1.77000010       1.21715772    
   1.77100003       1.21674645    
   1.77200007       1.21634960    
   1.77300012       1.21594322    
   1.77400005       1.21555150    
   1.77500010       1.21515036    
   1.77600014       1.21476328    
   1.77700007       1.21436691    
   1.77800012       1.21398497    
   1.77900004       1.21359336    
   1.78000009       1.21321654    
   1.78100014       1.21282947    
   1.78200006       1.21245742    
   1.78300011       1.21207559    
   1.78400004       1.21170807    
   1.78500009       1.21133065    
   1.78600013       1.21096766    
   1.78700006       1.21059549    
   1.78800011       1.21023750    
   1.78900003       1.20986974    
   1.79000008       1.20951593    
   1.79100013       1.20915306    
   1.79200006       1.20880401    
   1.79300010       1.20844543    
   1.79400003       1.20810115    
   1.79500008       1.20774734    
   1.79600012       1.20740736    
   1.79700005       1.20705807    
   1.79800010       1.20672262    
   1.79900014       1.20637763    
   1.80000007       1.20604670    
   1.80100012       1.20570648    
   1.80200005       1.20537972    
   1.80300009       1.20504379    
   1.80400014       1.20472169    
   1.80500007       1.20439029    
   1.80600011       1.20407200    
   1.80700004       1.20374525    
   1.80800009       1.20343161    
   1.80900013       1.20310843    
   1.81000006       1.20279920    
   1.81100011       1.20248079    
   1.81200004       1.20217562    
   1.81300008       1.20186138    
   1.81400013       1.20156014    
   1.81500006       1.20125008    
   1.81600010       1.20095372    
   1.81700003       1.20064771    
   1.81800008       1.20035529    
   1.81900012       1.20005345    
   1.82000005       1.19976509    
   1.82100010       1.19946718    
   1.82200015       1.19918287    
   1.82300007       1.19888914    
   1.82400012       1.19860876    
   1.82500005       1.19831955    
   1.82600009       1.19804311    
   1.82700014       1.19775748    
   1.82800007       1.19748545    
   1.82900012       1.19720364    
   1.83000004       1.19693518    
   1.83100009       1.19665766    
   1.83200014       1.19639301    
   1.83300006       1.19611955    
   1.83400011       1.19585884    
   1.83500004       1.19558918    
   1.83600008       1.19533241    
   1.83700013       1.19506645    
   1.83800006       1.19481385    
   1.83900011       1.19455159    
   1.84000003       1.19430268    
   1.84100008       1.19404435    
   1.84200013       1.19379902    
   1.84300005       1.19354463    
   1.84400010       1.19330287    
   1.84500003       1.19305229    
   1.84600008       1.19281423    
   1.84700012       1.19256735    
   1.84800005       1.19233298    
   1.84900010       1.19208980    
   1.85000014       1.19185913    
   1.85100007       1.19161963    
   1.85200012       1.19139266    
   1.85300004       1.19115674    
   1.85400009       1.19093335    
   1.85500014       1.19070089    
   1.85600007       1.19048119    
   1.85700011       1.19025242    
   1.85800004       1.19003618    
   1.85900009       1.18981099    
   1.86000013       1.18959844    
   1.86100006       1.18937659    
   1.86200011       1.18916738    
   1.86300004       1.18894911    
   1.86400008       1.18874359    
   1.86500013       1.18852878    
   1.86600006       1.18832636    
   1.86700010       1.18811512    
   1.86800003       1.18791628    
   1.86900008       1.18770850    
   1.87000012       1.18751287    
   1.87100005       1.18730843    
   1.87200010       1.18711627    
   1.87300014       1.18691552    
   1.87400007       1.18672669    
   1.87500012       1.18652880    
   1.87600005       1.18634355    
   1.87700009       1.18614912    
   1.87800014       1.18596673    
   1.87900007       1.18577588    
   1.88000011       1.18559694    
   1.88100004       1.18540919    
   1.88200009       1.18523347    
   1.88300014       1.18504894    
   1.88400006       1.18487656    
   1.88500011       1.18469512    
   1.88600004       1.18452597    
   1.88700008       1.18434775    
   1.88800013       1.18418193    
   1.88900006       1.18400693    
   1.89000010       1.18384385    
   1.89100003       1.18367219    
   1.89200008       1.18351245    
   1.89300013       1.18334377    
   1.89400005       1.18318677    
   1.89500010       1.18302155    
   1.89600015       1.18286765    
   1.89700007       1.18270528    
   1.89800012       1.18255484    
   1.89900005       1.18239546    
   1.90000010       1.18224764    
   1.90100014       1.18209159    
   1.90200007       1.18194711    
   1.90300012       1.18179369    
   1.90400004       1.18165195    
   1.90500009       1.18150175    
   1.90600014       1.18136299    
   1.90700006       1.18121576    
   1.90800011       1.18108010    
   1.90900004       1.18093586    
   1.91000009       1.18080294    
   1.91100013       1.18066144    
   1.91200006       1.18053150    
   1.91300011       1.18039310    
   1.91400003       1.18026590    
   1.91500008       1.18013012    
   1.91600013       1.18000567    
   1.91700006       1.17987323    
   1.91800010       1.17975140    
   1.91900015       1.17962158    
   1.92000008       1.17950296    
   1.92100012       1.17937577    
   1.92200005       1.17925990    
   1.92300010       1.17913532    
   1.92400014       1.17902207    
   1.92500007       1.17890036    
   1.92600012       1.17878997    
   1.92700005       1.17867112    
   1.92800009       1.17856312    
   1.92900014       1.17844677    
   1.93000007       1.17834139    
   1.93100011       1.17822790    
   1.93200004       1.17812538    
   1.93300009       1.17801428    
   1.93400013       1.17791402    
   1.93500006       1.17780602    
   1.93600011       1.17770839    
   1.93700004       1.17760265    
   1.93800008       1.17750776    
   1.93900013       1.17740428    
   1.94000006       1.17731178    
   1.94100010       1.17721117    
   1.94200015       1.17712104    
   1.94300008       1.17702293    
   1.94400012       1.17693555    
   1.94500005       1.17683947    
   1.94600010       1.17675412    
   1.94700015       1.17666090    
   1.94800007       1.17657828    
   1.94900012       1.17648721    
   1.95000005       1.17640662    
   1.95100009       1.17631793    
   1.95200014       1.17623973    
   1.95300007       1.17615366    
   1.95400012       1.17607760    
   1.95500004       1.17599356    
   1.95600009       1.17592013    
   1.95700014       1.17583799    
   1.95800006       1.17576659    
   1.95900011       1.17568707    
   1.96000004       1.17561758    
   1.96100008       1.17554009    
   1.96200013       1.17547309    
   1.96300006       1.17539752    
   1.96400011       1.17533267    
   1.96500015       1.17525911    
   1.96600008       1.17519629    
   1.96700013       1.17512476    
   1.96800005       1.17506397    
   1.96900010       1.17499471    
   1.97000015       1.17493534    
   1.97100008       1.17486811    
   1.97200012       1.17481089    
   1.97300005       1.17474568    
   1.97400010       1.17469025    
   1.97500014       1.17462659    
   1.97600007       1.17457306    
   1.97700012       1.17451143    
   1.97800004       1.17445958    
   1.97900009       1.17439961    
   1.98000014       1.17434955    
   1.98100007       1.17429149    
   1.98200011       1.17424297    
   1.98300004       1.17418647    
   1.98400009       1.17413998    
   1.98500013       1.17408502    
   1.98600006       1.17403996    
   1.98700011       1.17398655    
   1.98800004       1.17394304    
   1.98900008       1.17389131    
   1.99000013       1.17384911    
   1.99100006       1.17379868    
   1.99200010       1.17375803    
   1.99300015       1.17370892    
   1.99400008       1.17366946    
   1.99500012       1.17362225    
   1.99600005       1.17358398    
   1.99700010       1.17353797    
   1.99800014       1.17350078    
   1.99900007       1.17345607    
   2.00000000       1.17342067    
   2.00100017       1.17337668    
   2.00200009       1.17334235    
   2.00300002       1.17329955    
   2.00400019       1.17326641    
   2.00500011       1.17322469    
   2.00600004       1.17319226    
   2.00700021       1.17315173    
   2.00800014       1.17312050    
   2.00900006       1.17308104    
   2.00999999       1.17305052    
   2.01100016       1.17301178    
   2.01200008       1.17298222    
   2.01300001       1.17294478    
   2.01400018       1.17291546    
   2.01500010       1.17287862    
   2.01600003       1.17285061    
   2.01700020       1.17281449    
   2.01800013       1.17278695    
   2.01900005       1.17275143    
   2.01999998       1.17272472    
   2.02100015       1.17268956    
   2.02200007       1.17266321    
   2.02300000       1.17262900    
   2.02400017       1.17260301    
   2.02500010       1.17256904    
   2.02600002       1.17254412    
   2.02700019       1.17251039    
   2.02800012       1.17248547    
   2.02900004       1.17245209    
   2.03000021       1.17242742    
   2.03100014       1.17239451    
   2.03200006       1.17237031    
   2.03299999       1.17233729    
   2.03400016       1.17231321    
   2.03500009       1.17228055    
   2.03600001       1.17225659    
   2.03700018       1.17222393    
   2.03800011       1.17219996    
   2.03900003       1.17216754    
   2.04000020       1.17214334    
   2.04100013       1.17211115    
   2.04200006       1.17208695    
   2.04299998       1.17205453    
   2.04400015       1.17203033    
   2.04500008       1.17199755    
   2.04600000       1.17197323    
   2.04700017       1.17194009    
   2.04800010       1.17191565    
   2.04900002       1.17188251    
   2.05000019       1.17185736    
   2.05100012       1.17182398    
   2.05200005       1.17179859    
   2.05300021       1.17176461    
   2.05400014       1.17173886    
   2.05500007       1.17170441    
   2.05599999       1.17167807    
   2.05700016       1.17164326    
   2.05800009       1.17161644    
   2.05900002       1.17158103    
   2.06000018       1.17155373    
   2.06100011       1.17151761    
   2.06200004       1.17148936    
   2.06300020       1.17145288    
   2.06400013       1.17142379    
   2.06500006       1.17138660    
   2.06599998       1.17135692    
   2.06700015       1.17131877    
   2.06800008       1.17128801    
   2.06900001       1.17124903    
   2.07000017       1.17121756    
   2.07100010       1.17117786    
   2.07200003       1.17114544    
   2.07300019       1.17110467    
   2.07400012       1.17107129    
   2.07500005       1.17102933    
   2.07600021       1.17099500    
   2.07700014       1.17095208    
   2.07800007       1.17091668    
   2.07900000       1.17087257    
   2.08000016       1.17083585    
   2.08100009       1.17079079    
   2.08200002       1.17075312    
   2.08300018       1.17070687    
   2.08400011       1.17066789    
   2.08500004       1.17062032    
   2.08600020       1.17057991    
   2.08700013       1.17053103    
   2.08800006       1.17048931    
   2.08899999       1.17043912    
   2.09000015       1.17039621    
   2.09100008       1.17034459    
   2.09200001       1.17030025    
   2.09300017       1.17024720    
   2.09400010       1.17020154    
   2.09500003       1.17014706    
   2.09600019       1.17009950    
   2.09700012       1.17004359    
   2.09800005       1.16999495    
   2.09900022       1.16993725    
   2.10000014       1.16988707    
   2.10100007       1.16982794    
   2.10200000       1.16977620    
   2.10300016       1.16971540    
   2.10400009       1.16966176    
   2.10500002       1.16959953    
   2.10600019       1.16954446    
   2.10700011       1.16948056    
   2.10800004       1.16942346    
   2.10900021       1.16935813    
   2.11000013       1.16929936    
   2.11100006       1.16923189    
   2.11199999       1.16917157    
   2.11300015       1.16910267    
   2.11400008       1.16904044    
   2.11500001       1.16896963    
   2.11600018       1.16890550    
   2.11700010       1.16883302    
   2.11800003       1.16876709    
   2.11900020       1.16869283    
   2.12000012       1.16862512    
   2.12100005       1.16854906    
   2.12200022       1.16847956    
   2.12300014       1.16840148    
   2.12400007       1.16832972    
   2.12500000       1.16825008    
   2.12600017       1.16817665    
   2.12700009       1.16809475    
   2.12800002       1.16801965    
   2.12900019       1.16793573    
   2.13000011       1.16785860    
   2.13100004       1.16777301    
   2.13200021       1.16769373    
   2.13300014       1.16760635    
   2.13400006       1.16752517    
   2.13499999       1.16743553    
   2.13600016       1.16735244    
   2.13700008       1.16726089    
   2.13800001       1.16717577    
   2.13900018       1.16708231    
   2.14000010       1.16699553    
   2.14100003       1.16689980    
   2.14200020       1.16681075    
   2.14300013       1.16671336    
   2.14400005       1.16662240    
   2.14500022       1.16652286    
   2.14600015       1.16643000    
   2.14700007       1.16632843    
   2.14800000       1.16623342    
   2.14900017       1.16612983    
   2.15000010       1.16603291    
   2.15100002       1.16592729    
   2.15200019       1.16582799    
   2.15300012       1.16572070    
   2.15400004       1.16561961    
   2.15500021       1.16550994    
   2.15600014       1.16540682    
   2.15700006       1.16529536    
   2.15799999       1.16519022    
   2.15900016       1.16507697    
   2.16000009       1.16496944    
   2.16100001       1.16485429    
   2.16200018       1.16474497    
   2.16300011       1.16462743    
   2.16400003       1.16451633    
   2.16500020       1.16439688    
   2.16600013       1.16428375    
   2.16700006       1.16416252    
   2.16800022       1.16404700    
   2.16900015       1.16392350    
   2.17000008       1.16380656    
   2.17100000       1.16368103    
   2.17200017       1.16356194    
   2.17300010       1.16343474    
   2.17400002       1.16331339    
   2.17500019       1.16318429    
   2.17600012       1.16306114    
   2.17700005       1.16292989    
   2.17800021       1.16280508    
   2.17900014       1.16267180    
   2.18000007       1.16254497    
   2.18099999       1.16240990    
   2.18200016       1.16228092    
   2.18300009       1.16214418    
   2.18400002       1.16201305    
   2.18500018       1.16187453    
   2.18600011       1.16174185    
   2.18700004       1.16160119    
   2.18800020       1.16146648    
   2.18900013       1.16132414    
   2.19000006       1.16118777    
   2.19100022       1.16104341    
   2.19200015       1.16090500    
   2.19300008       1.16075885    
   2.19400001       1.16061878    
   2.19500017       1.16047072    
   2.19600010       1.16032898    
   2.19700003       1.16017926    
   2.19800019       1.16003561    
   2.19900012       1.15988421    
   2.20000005       1.15973866    
   2.20100021       1.15958524    
   2.20200014       1.15943813    
   2.20300007       1.15928316    
   2.20400000       1.15913451    
   2.20500016       1.15897763    
   2.20600009       1.15882719    
   2.20700002       1.15866888    
   2.20800018       1.15851629    
   2.20900011       1.15835655    
   2.21000004       1.15820265    
   2.21100020       1.15804076    
   2.21200013       1.15788531    
   2.21300006       1.15772200    
   2.21399999       1.15756488    
   2.21500015       1.15740013    
   2.21600008       1.15724134    
   2.21700001       1.15707493    
   2.21800017       1.15691447    
   2.21900010       1.15674639    
   2.22000003       1.15658462    
   2.22100019       1.15641522    
   2.22200012       1.15625155    
   2.22300005       1.15608048    
   2.22400022       1.15591574    
   2.22500014       1.15574324    
   2.22600007       1.15557694    
   2.22700000       1.15540290    
   2.22800016       1.15523517    
   2.22900009       1.15505981    
   2.23000002       1.15489054    
   2.23100019       1.15471387    
   2.23200011       1.15454316    
   2.23300004       1.15436518    
   2.23400021       1.15419304    
   2.23500013       1.15401375    
   2.23600006       1.15384018    
   2.23699999       1.15365958    
   2.23800015       1.15348494    
   2.23900008       1.15330267    
   2.24000001       1.15312684    
   2.24100018       1.15294349    
   2.24200010       1.15276635    
   2.24300003       1.15258157    
   2.24400020       1.15240312    
   2.24500012       1.15221727    
   2.24600005       1.15203786    
   2.24700022       1.15185070    
   2.24800014       1.15166974    
   2.24900007       1.15148163    
   2.25000000       1.15129983    
   2.25100017       1.15111041    
   2.25200009       1.15092731    
   2.25300002       1.15073693    
   2.25400019       1.15055263    
   2.25500011       1.15036106    
   2.25600004       1.15017569    
   2.25700021       1.14998317    
   2.25800014       1.14979661    
   2.25900006       1.14960337    
   2.25999999       1.14941585    
   2.26100016       1.14922106    
   2.26200008       1.14903247    
   2.26300001       1.14883721    
   2.26400018       1.14864779    
   2.26500010       1.14845109    
   2.26600003       1.14826083    
   2.26700020       1.14806330    
   2.26800013       1.14787197    
   2.26900005       1.14767385    
   2.27000022       1.14748156    
   2.27100015       1.14728224    
   2.27200007       1.14708924    
   2.27300000       1.14688921    
   2.27400017       1.14669538    
   2.27500010       1.14649439    
   2.27600002       1.14629948    
   2.27700019       1.14609778    
   2.27800012       1.14590251    
   2.27900004       1.14569998    
   2.28000021       1.14550352    
   2.28100014       1.14530051    
   2.28200006       1.14510334    
   2.28299999       1.14489937    
   2.28400016       1.14470148    
   2.28500009       1.14449704    
   2.28600001       1.14429843    
   2.28700018       1.14409328    
   2.28800011       1.14389408    
   2.28900003       1.14368808    
   2.29000020       1.14348817    
   2.29100013       1.14328182    
   2.29200006       1.14308143    
   2.29300022       1.14287412    
   2.29400015       1.14267313    
   2.29500008       1.14246547    
   2.29600000       1.14226413    
   2.29700017       1.14205563    
   2.29800010       1.14185369    
   2.29900002       1.14164460    
   2.30000019       1.14144194    
   2.30100012       1.14123261    
   2.30200005       1.14102983    
   2.30300021       1.14081979    
   2.30400014       1.14061630    
   2.30500007       1.14040589    
   2.30599999       1.14020181    
   2.30700016       1.13999104    
   2.30800009       1.13978660    
   2.30900002       1.13957548    
   2.31000018       1.13937056    
   2.31100011       1.13915896    
   2.31200004       1.13895380    
   2.31300020       1.13874197    
   2.31400013       1.13853633    
   2.31500006       1.13832390    
   2.31600022       1.13811803    
   2.31700015       1.13790548    
   2.31800008       1.13769913    
   2.31900001       1.13748622    
   2.32000017       1.13727963    
   2.32100010       1.13706648    
   2.32200003       1.13685954    
   2.32300019       1.13664627    
   2.32400012       1.13643909    
   2.32500005       1.13622546    
   2.32600021       1.13601804    
   2.32700014       1.13580430    
   2.32800007       1.13559651    
   2.32900000       1.13538253    
   2.33000016       1.13517451    
   2.33100009       1.13496041    
   2.33200002       1.13475263    
   2.33300018       1.13453805    
   2.33400011       1.13432992    
   2.33500004       1.13411534    
   2.33600020       1.13390720    
   2.33700013       1.13369250    
   2.33800006       1.13348413    
   2.33900023       1.13326919    
   2.34000015       1.13306069    
   2.34100008       1.13284588    
   2.34200001       1.13263750    
   2.34300017       1.13242233    
   2.34400010       1.13221383    
   2.34500003       1.13199902    
   2.34600019       1.13179028    
   2.34700012       1.13157511    
   2.34800005       1.13136625    
   2.34900022       1.13115132    
   2.35000014       1.13094246    
   2.35100007       1.13072777    
   2.35200000       1.13051903    
   2.35300016       1.13030386    
   2.35400009       1.13009524    
   2.35500002       1.12988019    
   2.35600019       1.12967145    
   2.35700011       1.12945676    
   2.35800004       1.12924802    
   2.35900021       1.12903309    
   2.36000013       1.12882459    
   2.36100006       1.12860990    
   2.36200023       1.12840140    
   2.36300015       1.12818658    
   2.36400008       1.12797832    
   2.36500001       1.12776387    
   2.36600018       1.12755537    
   2.36700010       1.12734115    
   2.36800003       1.12713289    
   2.36900020       1.12691879    
   2.37000012       1.12671089    
   2.37100005       1.12649667    
   2.37200022       1.12628889    
   2.37300014       1.12607479    
   2.37400007       1.12586737    
   2.37500000       1.12565362    
   2.37600017       1.12544596    
   2.37700009       1.12523234    
   2.37800002       1.12502527    
   2.37900019       1.12481189    
   2.38000011       1.12460482    
   2.38100004       1.12439191    
   2.38200021       1.12418485    
   2.38300014       1.12397218    
   2.38400006       1.12376559    
   2.38500023       1.12355256    
   2.38600016       1.12334645    
   2.38700008       1.12313414    
   2.38800001       1.12292814    
   2.38900018       1.12271583    
   2.39000010       1.12251019    
   2.39100003       1.12229860    
   2.39200020       1.12209296    
   2.39300013       1.12188148    
   2.39400005       1.12167633    
   2.39500022       1.12146485    
   2.39600015       1.12126017    
   2.39700007       1.12104905    
   2.39800000       1.12084460    
   2.39900017       1.12063408    
   2.40000010       1.12042987    
   2.40100002       1.12021971    
   2.40200019       1.12001586    
   2.40300012       1.11980617    
   2.40400004       1.11960256    
   2.40500021       1.11939335    
   2.40600014       1.11918998    
   2.40700006       1.11898100    
   2.40800023       1.11877811    
   2.40900016       1.11856925    
   2.41000009       1.11836696    
   2.41100001       1.11815846    
   2.41200018       1.11795652    
   2.41300011       1.11774898    
   2.41400003       1.11754715    
   2.41500020       1.11733937    
   2.41600013       1.11713839    
   2.41700006       1.11693144    
   2.41800022       1.11673045    
   2.41900015       1.11652422    
   2.42000008       1.11632359    
   2.42100000       1.11611760    
   2.42200017       1.11591744    
   2.42300010       1.11571193    
   2.42400002       1.11551213    
   2.42500019       1.11530685    
   2.42600012       1.11510801    
   2.42700005       1.11490309    
   2.42800021       1.11470437    
   2.42900014       1.11449993    
   2.43000007       1.11430216    
   2.43100023       1.11409807    
   2.43200016       1.11390054    
   2.43300009       1.11369717    
   2.43400002       1.11350012    
   2.43500018       1.11329722    
   2.43600011       1.11310053    
   2.43700004       1.11289835    
   2.43800020       1.11270213    
   2.43900013       1.11250043    
   2.44000006       1.11230445    
   2.44100022       1.11210310    
   2.44200015       1.11190784    
   2.44300008       1.11170721    
   2.44400001       1.11151242    
   2.44500017       1.11131215    
   2.44600010       1.11111796    
   2.44700003       1.11091840    
   2.44800019       1.11072481    
   2.44900012       1.11052537    
   2.45000005       1.11033261    
   2.45100021       1.11013353    
   2.45200014       1.10994124    
   2.45300007       1.10974324    
   2.45400023       1.10955095    
   2.45500016       1.10935354    
   2.45600009       1.10916197    
   2.45700002       1.10896540    
   2.45800018       1.10877419    
   2.45900011       1.10857737    
   2.46000004       1.10838735    
   2.46100020       1.10819125    
   2.46200013       1.10800171    
   2.46300006       1.10780656    
   2.46400023       1.10761714    
   2.46500015       1.10742223    
   2.46600008       1.10723388    
   2.46700001       1.10703993    
   2.46800017       1.10685170    
   2.46900010       1.10665774    
   2.47000003       1.10647082    
   2.47100019       1.10627759    
   2.47200012       1.10609090    
   2.47300005       1.10589838    
   2.47400022       1.10571229    
   2.47500014       1.10552025    
   2.47600007       1.10533476    
   2.47700024       1.10514379    
   2.47800016       1.10495853    
   2.47900009       1.10476804    
   2.48000002       1.10458338    
   2.48100019       1.10439348    
   2.48200011       1.10420954    
   2.48300004       1.10402048    
   2.48400021       1.10383713    
   2.48500013       1.10364807    
   2.48600006       1.10346556    
   2.48700023       1.10327733    
   2.48800015       1.10309553    
   2.48900008       1.10290790    
   2.49000001       1.10272670    
   2.49100018       1.10253930    
   2.49200010       1.10235870    
   2.49300003       1.10217261    
   2.49400020       1.10199225    
   2.49500012       1.10180664    
   2.49600005       1.10162735    
   2.49700022       1.10144198    
   2.49800014       1.10126328    
   2.49900007       1.10107934    
   2.50000000       1.10090065    
   2.50100017       1.10071695    
   2.50200009       1.10053933    
   2.50300002       1.10035634    
   2.50400019       1.10017931    
   2.50500011       1.09999704    
   2.50600004       1.09982038    
   2.50700021       1.09963846    
   2.50800014       1.09946287    
   2.50900006       1.09928167    
   2.51000023       1.09910655    
   2.51100016       1.09892607    
   2.51200008       1.09875154    
   2.51300001       1.09857178    
   2.51400018       1.09839785    
   2.51500010       1.09821892    
   2.51600003       1.09804547    
   2.51700020       1.09786689    
   2.51800013       1.09769440    
   2.51900005       1.09751642    
   2.52000022       1.09734464    
   2.52100015       1.09716737    
   2.52200007       1.09699607    
   2.52300000       1.09681952    
   2.52400017       1.09664881    
   2.52500010       1.09647298    
   2.52600002       1.09630299    
   2.52700019       1.09612775    
   2.52800012       1.09595835    
   2.52900004       1.09578383    
   2.53000021       1.09561503    
   2.53100014       1.09544110    
   2.53200006       1.09527302    
   2.53300023       1.09509957    
   2.53400016       1.09493232    
   2.53500009       1.09475970    
   2.53600001       1.09459293    
   2.53700018       1.09442103    
   2.53800011       1.09425485    
   2.53900003       1.09408367    
   2.54000020       1.09391809    
   2.54100013       1.09374750    
   2.54200006       1.09358275    
   2.54300022       1.09341276    
   2.54400015       1.09324849    
   2.54500008       1.09307909    
   2.54600000       1.09291577    
   2.54700017       1.09274709    
   2.54800010       1.09258425    
   2.54900002       1.09241617    
   2.55000019       1.09225404    
   2.55100012       1.09208679    
   2.55200005       1.09192514    
   2.55300021       1.09175837    
   2.55400014       1.09159756    
   2.55500007       1.09143162    
   2.55600023       1.09127128    
   2.55700016       1.09110606    
   2.55800009       1.09094644    
   2.55900002       1.09078157    
   2.56000018       1.09062278    
   2.56100011       1.09045875    
   2.56200004       1.09030032    
   2.56300020       1.09013700    
   2.56400013       1.08997929    
   2.56500006       1.08981681    
   2.56600022       1.08965957    
   2.56700015       1.08949769    
   2.56800008       1.08934128    
   2.56900001       1.08917999    
   2.57000017       1.08902419    
   2.57100010       1.08886349    
   2.57200003       1.08870828    
   2.57300019       1.08854842    
   2.57400012       1.08839393    
   2.57500005       1.08823442    
   2.57600021       1.08808064    
   2.57700014       1.08792186    
   2.57800007       1.08776879    
   2.57900023       1.08761084    
   2.58000016       1.08745813    
   2.58100009       1.08730066    
   2.58200002       1.08714890    
   2.58300018       1.08699214    
   2.58400011       1.08684087    
   2.58500004       1.08668470    
   2.58600020       1.08653414    
   2.58700013       1.08637869    
   2.58800006       1.08622873    
   2.58900023       1.08607399    
   2.59000015       1.08592463    
   2.59100008       1.08577049    
   2.59200001       1.08562183    
   2.59300017       1.08546841    
   2.59400010       1.08532023    
   2.59500003       1.08516729    
   2.59600019       1.08501995    
   2.59700012       1.08486772    
   2.59800005       1.08472085    
   2.59900022       1.08456945    
   2.60000014       1.08442318    
   2.60100007       1.08427238    
   2.60200024       1.08412671    
   2.60300016       1.08397639    
   2.60400009       1.08383155    
   2.60500002       1.08368194    
   2.60600019       1.08353770    
   2.60700011       1.08338857    
   2.60800004       1.08324492    
   2.60900021       1.08309674    
   2.61000013       1.08295357    
   2.61100006       1.08280587    
   2.61200023       1.08266354    
   2.61300015       1.08251643    
   2.61400008       1.08237457    
   2.61500001       1.08222806    
   2.61600018       1.08208692    
   2.61700010       1.08194137    
   2.61800003       1.08180058    
   2.61900020       1.08165538    
   2.62000012       1.08151543    
   2.62100005       1.08137095    
   2.62200022       1.08123159    
   2.62300014       1.08108759    
   2.62400007       1.08094883    
   2.62500024       1.08080554    
   2.62600017       1.08066738    
   2.62700009       1.08052480    
   2.62800002       1.08038723    
   2.62900019       1.08024502    
   2.63000011       1.08010817    
   2.63100004       1.07996690    
   2.63200021       1.07983053    
   2.63300014       1.07968962    
   2.63400006       1.07955396    
   2.63500023       1.07941365    
   2.63600016       1.07927871    
   2.63700008       1.07913923    
   2.63800001       1.07900453    
   2.63900018       1.07886565    
   2.64000010       1.07873166    
   2.64100003       1.07859337    
   2.64200020       1.07845998    
   2.64300013       1.07832229    
   2.64400005       1.07818949    
   2.64500022       1.07805252    
   2.64600015       1.07792020    
   2.64700007       1.07778358    
   2.64800024       1.07765210    
   2.64900017       1.07751620    
   2.65000010       1.07738519    
   2.65100002       1.07724977    
   2.65200019       1.07711947    
   2.65300012       1.07698476    
   2.65400004       1.07685494    
   2.65500021       1.07672083    
   2.65600014       1.07659161    
   2.65700006       1.07645798    
   2.65800023       1.07632935    
   2.65900016       1.07619631    
   2.66000009       1.07606828    
   2.66100001       1.07593584    
   2.66200018       1.07580853    
   2.66300011       1.07567668    
   2.66400003       1.07554972    
   2.66500020       1.07541859    
   2.66600013       1.07529223    
   2.66700006       1.07516146    
   2.66800022       1.07503581    
   2.66900015       1.07490587    
   2.67000008       1.07478058    
   2.67100024       1.07465112    
   2.67200017       1.07452643    
   2.67300010       1.07439744    
   2.67400002       1.07427347    
   2.67500019       1.07414520    
   2.67600012       1.07402158    
   2.67700005       1.07389379    
   2.67800021       1.07377088    
   2.67900014       1.07364380    
   2.68000007       1.07352138    
   2.68100023       1.07339454    
   2.68200016       1.07327282    
   2.68300009       1.07314682    
   2.68400002       1.07302547    
   2.68500018       1.07290006    
   2.68600011       1.07277930    
   2.68700004       1.07265437    
   2.68800020       1.07253408    
   2.68900013       1.07240975    
   2.69000006       1.07229006    
   2.69100022       1.07216609    
   2.69200015       1.07204700    
   2.69300008       1.07192373    
   2.69400024       1.07180524    
   2.69500017       1.07168233    
   2.69600010       1.07156444    
   2.69700003       1.07144237    
   2.69800019       1.07132471    
   2.69900012       1.07120299    
   2.70000005       1.07108617    
   2.70100021       1.07096493    
   2.70200014       1.07084858    
   2.70300007       1.07072818    
   2.70400023       1.07061207    
   2.70500016       1.07049203    
   2.70600009       1.07037675    
   2.70700002       1.07025719    
   2.70800018       1.07014227    
   2.70900011       1.07002342    
   2.71000004       1.06990898    
   2.71100020       1.06979060    
   2.71200013       1.06967676    
   2.71300006       1.06955898    
   2.71400023       1.06944561    
   2.71500015       1.06932831    
   2.71600008       1.06921530    
   2.71700025       1.06909847    
   2.71800017       1.06898618    
   2.71900010       1.06887007    
   2.72000003       1.06875813    
   2.72100019       1.06864250    
   2.72200012       1.06853104    
   2.72300005       1.06841588    
   2.72400022       1.06830490    
   2.72500014       1.06819022    
   2.72600007       1.06807983    
   2.72700024       1.06796587    
   2.72800016       1.06785583    
   2.72900009       1.06774211    
   2.73000002       1.06763279    
   2.73100019       1.06751966    
   2.73200011       1.06741071    
   2.73300004       1.06729817    
   2.73400021       1.06718969    
   2.73500013       1.06707752    
   2.73600006       1.06696963    
   2.73700023       1.06685793    
   2.73800015       1.06675053    
   2.73900008       1.06663930    
   2.74000025       1.06653249    
   2.74100018       1.06642163    
   2.74200010       1.06631541    
   2.74300003       1.06620526    
   2.74400020       1.06609917    
   2.74500012       1.06598938    
   2.74600005       1.06588411    
   2.74700022       1.06577480    
   2.74800014       1.06566978    
   2.74900007       1.06556106    
   2.75000024       1.06545651    
   2.75100017       1.06534815    
   2.75200009       1.06524420    
   2.75300002       1.06513643    
   2.75400019       1.06503284    
   2.75500011       1.06492555    
   2.75600004       1.06482232    
   2.75700021       1.06471562    
   2.75800014       1.06461298    
   2.75900006       1.06450653    
   2.76000023       1.06440437    
   2.76100016       1.06429851    
   2.76200008       1.06419671    
   2.76300025       1.06409144    
   2.76400018       1.06398988    
   2.76500010       1.06388509    
   2.76600003       1.06378412    
   2.76700020       1.06367970    
   2.76800013       1.06357920    
   2.76900005       1.06347525    
   2.77000022       1.06337523    
   2.77100015       1.06327188    
   2.77200007       1.06317222    
   2.77300024       1.06306911    
   2.77400017       1.06297004    
   2.77500010       1.06286740    
   2.77600002       1.06276870    
   2.77700019       1.06266665    
   2.77800012       1.06256831    
   2.77900004       1.06246662    
   2.78000021       1.06236875    
   2.78100014       1.06226742    
   2.78200006       1.06217015    
   2.78300023       1.06206942    
   2.78400016       1.06197238    
   2.78500009       1.06187201    
   2.78600001       1.06177545    
   2.78700018       1.06167555    
   2.78800011       1.06157935    
   2.78900003       1.06147981    
   2.79000020       1.06138420    
   2.79100013       1.06128514    
   2.79200006       1.06118989    
   2.79300022       1.06109130    
   2.79400015       1.06099641    
   2.79500008       1.06089830    
   2.79600024       1.06080365    
   2.79700017       1.06070590    
   2.79800010       1.06061184    
   2.79900002       1.06051457    
   2.80000019       1.06042099    
   2.80100012       1.06032407    
   2.80200005       1.06023073    
   2.80300021       1.06013441    
   2.80400014       1.06004143    
   2.80500007       1.05994546    
   2.80600023       1.05985284    
   2.80700016       1.05975723    
   2.80800009       1.05966520    
   2.80900002       1.05956995    
   2.81000018       1.05947840    
   2.81100011       1.05938339    
   2.81200004       1.05929232    
   2.81300020       1.05919778    
   2.81400013       1.05910695    
   2.81500006       1.05901301    
   2.81600022       1.05892253    
   2.81700015       1.05882895    
   2.81800008       1.05873883    
   2.81900024       1.05864549    
   2.82000017       1.05855584    
   2.82100010       1.05846298    
   2.82200003       1.05837369    
   2.82300019       1.05828130    
   2.82400012       1.05819237    
   2.82500005       1.05810034    
   2.82600021       1.05801177    
   2.82700014       1.05792022    
   2.82800007       1.05783200    
   2.82900023       1.05774081    
   2.83000016       1.05765283    
   2.83100009       1.05756211    
   2.83200002       1.05747461    
   2.83300018       1.05738413    
   2.83400011       1.05729699    
   2.83500004       1.05720699    
   2.83600020       1.05712020    
   2.83700013       1.05703044    
   2.83800006       1.05694425    
   2.83900023       1.05685472    
   2.84000015       1.05676889    
   2.84100008       1.05667984    
   2.84200025       1.05659437    
   2.84300017       1.05650568    
   2.84400010       1.05642045    
   2.84500003       1.05633211    
   2.84600019       1.05624723    
   2.84700012       1.05615938    
   2.84800005       1.05607486    
   2.84900022       1.05598724    
   2.85000014       1.05590308    
   2.85100007       1.05581605    
   2.85200024       1.05573213    
   2.85300016       1.05564535    
   2.85400009       1.05556178    
   2.85500002       1.05547535    
   2.85600019       1.05539215    
   2.85700011       1.05530620    
   2.85800004       1.05522335    
   2.85900021       1.05513763    
   2.86000013       1.05505514    
   2.86100006       1.05496967    
   2.86200023       1.05488753    
   2.86300015       1.05480254    
   2.86400008       1.05472076    
   2.86500025       1.05463600    
   2.86600018       1.05455458    
   2.86700010       1.05447030    
   2.86800003       1.05438912    
   2.86900020       1.05430508    
   2.87000012       1.05422425    
   2.87100005       1.05414069    
   2.87200022       1.05406010    
   2.87300014       1.05397689    
   2.87400007       1.05389667    
   2.87500024       1.05381370    
   2.87600017       1.05373383    
   2.87700009       1.05365121    
   2.87800002       1.05357158    
   2.87900019       1.05348921    
   2.88000011       1.05341005    
   2.88100004       1.05332804    
   2.88200021       1.05324924    
   2.88300014       1.05316746    
   2.88400006       1.05308890    
   2.88500023       1.05300760    
   2.88600016       1.05292928    
   2.88700008       1.05284822    
   2.88800025       1.05277026    
   2.88900018       1.05268967    
   2.89000010       1.05261195    
   2.89100003       1.05253160    
   2.89200020       1.05245411    
   2.89300013       1.05237401    
   2.89400005       1.05229700    
   2.89500022       1.05221713    
   2.89600015       1.05214047    
   2.89700007       1.05206108    
   2.89800024       1.05198455    
   2.89900017       1.05190551    
   2.90000010       1.05182922    
   2.90100002       1.05175042    
   2.90200019       1.05167449    
   2.90300012       1.05159593    
   2.90400004       1.05152035    
   2.90500021       1.05144215    
   2.90600014       1.05136681    
   2.90700006       1.05128896    
   2.90800023       1.05121386    
   2.90900016       1.05113614    
   2.91000009       1.05106151    
   2.91100025       1.05098414    
   2.91200018       1.05090964    
   2.91300011       1.05083251    
   2.91400003       1.05075848    
   2.91500020       1.05068159    
   2.91600013       1.05060780    
   2.91700006       1.05053139    
   2.91800022       1.05045772    
   2.91900015       1.05038142    
   2.92000008       1.05030811    
   2.92100024       1.05023217    
   2.92200017       1.05015922    
   2.92300010       1.05008364    
   2.92400002       1.05001080    
   2.92500019       1.04993534    
   2.92600012       1.04986286    
   2.92700005       1.04978788    
   2.92800021       1.04971552    
   2.92900014       1.04964066    
   2.93000007       1.04956865    
   2.93100023       1.04949427    
   2.93200016       1.04942238    
   2.93300009       1.04934824    
   2.93400025       1.04927671    
   2.93500018       1.04920268    
   2.93600011       1.04913139    
   2.93700004       1.04905784    
   2.93800020       1.04898679    
   2.93900013       1.04891336    
   2.94000006       1.04884255    
   2.94100022       1.04876935    
   2.94200015       1.04869890    
   2.94300008       1.04862607    
   2.94400024       1.04855573    
   2.94500017       1.04848313    
   2.94600010       1.04841316    
   2.94700003       1.04834080    
   2.94800019       1.04827094    
   2.94900012       1.04819894    
   2.95000005       1.04812932    
   2.95100021       1.04805756    
   2.95200014       1.04798818    
   2.95300007       1.04791665    
   2.95400023       1.04784751    
   2.95500016       1.04777622    
   2.95600009       1.04770732    
   2.95700026       1.04763615    
   2.95800018       1.04756761    
   2.95900011       1.04749680    
   2.96000004       1.04742837    
   2.96100020       1.04735792    
   2.96200013       1.04728973    
   2.96300006       1.04721928    
   2.96400023       1.04715133    
   2.96500015       1.04708135    
   2.96600008       1.04701352    
   2.96700025       1.04694366    
   2.96800017       1.04687619    
   2.96900010       1.04680669    
   2.97000003       1.04673934    
   2.97100019       1.04666984    
   2.97200012       1.04660285    
   2.97300005       1.04653370    
   2.97400022       1.04646695    
   2.97500014       1.04639804    
   2.97600007       1.04633141    
   2.97700024       1.04626274    
   2.97800016       1.04619634    
   2.97900009       1.04612780    
   2.98000026       1.04606164    
   2.98100019       1.04599345    
   2.98200011       1.04592741    
   2.98300004       1.04585946    
   2.98400021       1.04579365    
   2.98500013       1.04572582    
   2.98600006       1.04566026    
   2.98700023       1.04559278    
   2.98800015       1.04552734    
   2.98900008       1.04545999    
   2.99000025       1.04539490    
   2.99100018       1.04532766    
   2.99200010       1.04526281    
   2.99300003       1.04519582    
   2.99400020       1.04513109    
   2.99500012       1.04506445    
   2.99600005       1.04499984    
   2.99700022       1.04493344    
   2.99800014       1.04486895    
   2.99900007       1.04480267    
   3.00000024       1.04473853    
   3.00100017       1.04467249    
   3.00200009       1.04460847    
   3.00300026       1.04454255    
   3.00400019       1.04447877    
   3.00500011       1.04441321    
   3.00600004       1.04434955    
   3.00700021       1.04428399    
   3.00800014       1.04422069    
   3.00900006       1.04415548    
   3.01000023       1.04409218    
   3.01100016       1.04402721    
   3.01200008       1.04396415    
   3.01300025       1.04389918    
   3.01400018       1.04383647    
   3.01500010       1.04377162    
   3.01600003       1.04370904    
   3.01700020       1.04364455    
   3.01800013       1.04358208    
   3.01900005       1.04351771    
   3.02000022       1.04345548    
   3.02100015       1.04339135    
   3.02200007       1.04332924    
   3.02300024       1.04326534    
   3.02400017       1.04320335    
   3.02500010       1.04313970    
   3.02600026       1.04307783    
   3.02700019       1.04301429    
   3.02800012       1.04295278    
   3.02900004       1.04288936    
   3.03000021       1.04282796    
   3.03100014       1.04276478    
   3.03200006       1.04270351    
   3.03300023       1.04264045    
   3.03400016       1.04257941    
   3.03500009       1.04251647    
   3.03600025       1.04245555    
   3.03700018       1.04239297    
   3.03800011       1.04233217    
   3.03900003       1.04226971    
   3.04000020       1.04220915    
   3.04100013       1.04214692    
   3.04200006       1.04208636    
   3.04300022       1.04202414    
   3.04400015       1.04196393    
   3.04500008       1.04190218    
   3.04600024       1.04184186    
   3.04700017       1.04178023    
   3.04800010       1.04172015    
   3.04900026       1.04165852    
   3.05000019       1.04159880    
   3.05100012       1.04153740    
   3.05200005       1.04147768    
   3.05300021       1.04141641    
   3.05400014       1.04135680    
   3.05500007       1.04129577    
   3.05600023       1.04123640    
   3.05700016       1.04117548    
   3.05800009       1.04111624    
   3.05900025       1.04105544    
   3.06000018       1.04099643    
   3.06100011       1.04093575    
   3.06200004       1.04087687    
   3.06300020       1.04081643    
   3.06400013       1.04075766    
   3.06500006       1.04069734    
   3.06600022       1.04063869    
   3.06700015       1.04057848    
   3.06800008       1.04052007    
   3.06900024       1.04046011    
   3.07000017       1.04040182    
   3.07100010       1.04034185    
   3.07200003       1.04028368    
   3.07300019       1.04022408    
   3.07400012       1.04016602    
   3.07500005       1.04010642    
   3.07600021       1.04004860    
   3.07700014       1.03998911    
   3.07800007       1.03993130    
   3.07900023       1.03987205    
   3.08000016       1.03981447    
   3.08100009       1.03975534    
   3.08200026       1.03969789    
   3.08300018       1.03963888    
   3.08400011       1.03958154    
   3.08500004       1.03952277    
   3.08600020       1.03946555    
   3.08700013       1.03940690    
   3.08800006       1.03934979    
   3.08900023       1.03929126    
   3.09000015       1.03923428    
   3.09100008       1.03917587    
   3.09200025       1.03911901    
   3.09300017       1.03906071    
   3.09400010       1.03900409    
   3.09500003       1.03894591    
   3.09600019       1.03888941    
   3.09700012       1.03883147    
   3.09800005       1.03877497    
   3.09900022       1.03871715    
   3.10000014       1.03866088    
   3.10100007       1.03860307    
   3.10200024       1.03854704    
   3.10300016       1.03848934    
   3.10400009       1.03843331    
   3.10500026       1.03837585    
   3.10600019       1.03831995    
   3.10700011       1.03826261    
   3.10800004       1.03820682    
   3.10900021       1.03814960    
   3.11000013       1.03809392    
   3.11100006       1.03803682    
   3.11200023       1.03798127    
   3.11300015       1.03792429    
   3.11400008       1.03786886    
   3.11500025       1.03781199    
   3.11600018       1.03775668    
   3.11700010       1.03770006    
   3.11800003       1.03764486    
   3.11900020       1.03758824    
   3.12000012       1.03753328    
   3.12100005       1.03747678    
   3.12200022       1.03742170    
   3.12300014       1.03736544    
   3.12400007       1.03731048    
   3.12500024       1.03725433    
   3.12600017       1.03719962    
   3.12700009       1.03714359    
   3.12800026       1.03708887    
   3.12900019       1.03703296    
   3.13000011       1.03697848    
   3.13100004       1.03692257    
   3.13200021       1.03686810    
   3.13300014       1.03681242    
   3.13400006       1.03675818    
   3.13500023       1.03670263    
   3.13600016       1.03664839    
   3.13700008       1.03659284    
   3.13800025       1.03653884    
   3.13900018       1.03648341    
   3.14000010       1.03642941    
   3.14100003       1.03637421    
   3.14200020       1.03632021    
   3.14300013       1.03626513    
   3.14400005       1.03621125    
   3.14500022       1.03615642    
   3.14600015       1.03610265    
   3.14700007       1.03604770    
   3.14800024       1.03599417    
   3.14900017       1.03593934    
   3.15000010       1.03588581    
   3.15100026       1.03583121    
   3.15200019       1.03577781    
   3.15300012       1.03572321    
   3.15400004       1.03566992    
   3.15500021       1.03561556    
   3.15600014       1.03556228    
   3.15700006       1.03550792    
   3.15800023       1.03545475    
   3.15900016       1.03540051    
   3.16000009       1.03534758    
   3.16100025       1.03529346    
   3.16200018       1.03524053    
   3.16300011       1.03518653    
   3.16400003       1.03513372    
   3.16500020       1.03507972    
   3.16600013       1.03502703    
   3.16700006       1.03497314    
   3.16800022       1.03492057    
   3.16900015       1.03486693    
   3.17000008       1.03481424    
   3.17100024       1.03476071    
   3.17200017       1.03470826    
   3.17300010       1.03465474    
   3.17400026       1.03460240    
   3.17500019       1.03454900    
   3.17600012       1.03449667    
   3.17700005       1.03444338    
   3.17800021       1.03439116    
   3.17900014       1.03433800    
   3.18000007       1.03428590    
   3.18100023       1.03423285    
   3.18200016       1.03418076    
   3.18300009       1.03412771    
   3.18400025       1.03407586    
   3.18500018       1.03402293    
   3.18600011       1.03397107    
   3.18700004       1.03391826    
   3.18800020       1.03386652    
   3.18900013       1.03381383    
   3.19000006       1.03376210    
   3.19100022       1.03370953    
   3.19200015       1.03365791    
   3.19300008       1.03360546    
   3.19400024       1.03355384    
   3.19500017       1.03350151    
   3.19600010       1.03345013    
   3.19700027       1.03339779    
   3.19800019       1.03334641    
   3.19900012       1.03329420    
   3.20000005       1.03324282    
   3.20100021       1.03319073    
   3.20200014       1.03313947    
   3.20300007       1.03308749    
   3.20400023       1.03303635    
   3.20500016       1.03298450    
   3.20600009       1.03293335    
   3.20700026       1.03288150    
   3.20800018       1.03283060    
   3.20900011       1.03277886    
   3.21000004       1.03272796    
   3.21100020       1.03267622    
   3.21200013       1.03262544    
   3.21300006       1.03257394    
   3.21400023       1.03252316    
   3.21500015       1.03247166    
   3.21600008       1.03242099    
   3.21700025       1.03236961    
   3.21800017       1.03231907    
   3.21900010       1.03226781    
   3.22000027       1.03221726    
   3.22100019       1.03216600    
   3.22200012       1.03211558    
   3.22300005       1.03206444    
   3.22400022       1.03201413    
   3.22500014       1.03196311    
   3.22600007       1.03191280    
   3.22700024       1.03186178    
   3.22800016       1.03181159    
   3.22900009       1.03176081    
   3.23000026       1.03171062    
   3.23100019       1.03165984    
   3.23200011       1.03160977    
   3.23300004       1.03155911    
   3.23400021       1.03150904    
   3.23500013       1.03145850    
   3.23600006       1.03140855    
   3.23700023       1.03135800    
   3.23800015       1.03130817    
   3.23900008       1.03125775    
   3.24000025       1.03120804    
   3.24100018       1.03115761    
   3.24200010       1.03110790    
   3.24300027       1.03105760    
   3.24400020       1.03100801    
   3.24500012       1.03095794    
   3.24600005       1.03090835    
   3.24700022       1.03085816    
   3.24800014       1.03080869    
   3.24900007       1.03075874    
   3.25000024       1.03070927    
   3.25100017       1.03065932    
   3.25200009       1.03060997    
   3.25300026       1.03056014    
   3.25400019       1.03051078    
   3.25500011       1.03046107    
   3.25600004       1.03041184    
   3.25700021       1.03036213    
   3.25800014       1.03031301    
   3.25900006       1.03026342    
   3.26000023       1.03021431    
   3.26100016       1.03016484    
   3.26200008       1.03011572    
   3.26300025       1.03006637    
   3.26400018       1.03001738    
   3.26500010       1.02996802    
   3.26600027       1.02991915    
   3.26700020       1.02986991    
   3.26800013       1.02982104    
   3.26900005       1.02977192    
   3.27000022       1.02972317    
   3.27100015       1.02967405    
   3.27200007       1.02962530    
   3.27300024       1.02957630    
   3.27400017       1.02952766    
   3.27500010       1.02947879    
   3.27600026       1.02943027    
   3.27700019       1.02938139    
   3.27800012       1.02933288    
   3.27900004       1.02928400    
   3.28000021       1.02923560    
   3.28100014       1.02918696    
   3.28200006       1.02913857    
   3.28300023       1.02908993    
   3.28400016       1.02904165    
   3.28500009       1.02899313    
   3.28600025       1.02894485    
   3.28700018       1.02889645    
   3.28800011       1.02884829    
   3.28900027       1.02879989    
   3.29000020       1.02875173    
   3.29100013       1.02870345    
   3.29200006       1.02865553    
   3.29300022       1.02860725    
   3.29400015       1.02855921    
   3.29500008       1.02851117    
   3.29600024       1.02846324    
   3.29700017       1.02841520    
   3.29800010       1.02836728    
   3.29900026       1.02831936    
   3.30000019       1.02827156    
   3.30100012       1.02822375    
   3.30200005       1.02817595    
   3.30300021       1.02812815    
   3.30400014       1.02808046    
   3.30500007       1.02803278    
   3.30600023       1.02798522    
   3.30700016       1.02793753    
   3.30800009       1.02788997    
   3.30900025       1.02784240    
   3.31000018       1.02779496    
   3.31100011       1.02774739    
   3.31200027       1.02770007    
   3.31300020       1.02765262    
   3.31400013       1.02760530    
   3.31500006       1.02755797    
   3.31600022       1.02751064    
   3.31700015       1.02746344    
   3.31800008       1.02741623    
   3.31900024       1.02736902    
   3.32000017       1.02732182    
   3.32100010       1.02727473    
   3.32200027       1.02722764    
   3.32300019       1.02718067    
   3.32400012       1.02713370    
   3.32500005       1.02708673    
   3.32600021       1.02703977    
   3.32700014       1.02699280    
   3.32800007       1.02694595    
   3.32900023       1.02689922    
   3.33000016       1.02685237    
   3.33100009       1.02680564    
   3.33200026       1.02675891    
   3.33300018       1.02671230    
   3.33400011       1.02666557    
   3.33500028       1.02661896    
   3.33600020       1.02657235    
   3.33700013       1.02652586    
   3.33800006       1.02647936    
   3.33900023       1.02643287    
   3.34000015       1.02638638    
   3.34100008       1.02634013    
   3.34200025       1.02629364    
   3.34300017       1.02624738    
   3.34400010       1.02620113    
   3.34500027       1.02615488    
   3.34600019       1.02610850    
   3.34700012       1.02606249    
   3.34800005       1.02601624    
   3.34900022       1.02597022    
   3.35000014       1.02592397    
   3.35100007       1.02587807    
   3.35200024       1.02583194    
   3.35300016       1.02578616    
   3.35400009       1.02574015    
   3.35500026       1.02569425    
   3.35600019       1.02564836    
   3.35700011       1.02560258    
   3.35800028       1.02555668    
   3.35900021       1.02551103    
   3.36000013       1.02546525    
   3.36100006       1.02541971    
   3.36200023       1.02537394    
   3.36300015       1.02532840    
   3.36400008       1.02528274    
   3.36500025       1.02523732    
   3.36600018       1.02519166    
   3.36700010       1.02514637    
   3.36800027       1.02510071    
   3.36900020       1.02505541    
   3.37000012       1.02500999    
   3.37100005       1.02496481    
   3.37200022       1.02491939    
   3.37300014       1.02487433    
   3.37400007       1.02482879    
   3.37500024       1.02478385    
   3.37600017       1.02473855    
   3.37700009       1.02469361    
   3.37800026       1.02464843    
   3.37900019       1.02460349    
   3.38000011       1.02455831    
   3.38100004       1.02451348    
   3.38200021       1.02446842    
   3.38300014       1.02442372    
   3.38400006       1.02437866    
   3.38500023       1.02433395    
   3.38600016       1.02428901    
   3.38700008       1.02424443    
   3.38800025       1.02419949    
   3.38900018       1.02415502    
   3.39000010       1.02411020    
   3.39100027       1.02406585    
   3.39200020       1.02402103    
   3.39300013       1.02397668    
   3.39400005       1.02393198    
   3.39500022       1.02388775    
   3.39600015       1.02384317    
   3.39700007       1.02379894    
   3.39800024       1.02375436    
   3.39900017       1.02371025    
   3.40000010       1.02366579    
   3.40100026       1.02362168    
   3.40200019       1.02357721    
   3.40300012       1.02353334    
   3.40400004       1.02348888    
   3.40500021       1.02344513    
   3.40600014       1.02340078    
   3.40700006       1.02335703    
   3.40800023       1.02331281    
   3.40900016       1.02326906    
   3.41000009       1.02322483    
   3.41100025       1.02318132    
   3.41200018       1.02313709    
   3.41300011       1.02309358    
   3.41400027       1.02304947    
   3.41500020       1.02300608    
   3.41600013       1.02296209    
   3.41700006       1.02291870    
   3.41800022       1.02287471    
   3.41900015       1.02283144    
   3.42000008       1.02278757    
   3.42100024       1.02274442    
   3.42200017       1.02270055    
   3.42300010       1.02265751    
   3.42400026       1.02261376    
   3.42500019       1.02257073    
   3.42600012       1.02252698    
   3.42700005       1.02248406    
   3.42800021       1.02244043    
   3.42900014       1.02239752    
   3.43000007       1.02235401    
   3.43100023       1.02231121    
   3.43200016       1.02226770    
   3.43300009       1.02222502    
   3.43400025       1.02218163    
   3.43500018       1.02213895    
   3.43600011       1.02209556    
   3.43700027       1.02205300    
   3.43800020       1.02200973    
   3.43900013       1.02196729    
   3.44000006       1.02192402    
   3.44100022       1.02188170    
   3.44200015       1.02183855    
   3.44300008       1.02179623    
   3.44400024       1.02175307    
   3.44500017       1.02171087    
   3.44600010       1.02166784    
   3.44700027       1.02162564    
   3.44800019       1.02158272    
   3.44900012       1.02154064    
   3.45000005       1.02149785    
   3.45100021       1.02145576    
   3.45200014       1.02141297    
   3.45300007       1.02137113    
   3.45400023       1.02132833    
   3.45500016       1.02128649    
   3.45600009       1.02124381    
   3.45700026       1.02120209    
   3.45800018       1.02115941    
   3.45900011       1.02111769    
   3.46000028       1.02107525    
   3.46100020       1.02103364    
   3.46200013       1.02099109    
   3.46300006       1.02094960    
   3.46400023       1.02090716    
   3.46500015       1.02086580    
   3.46600008       1.02082348    
   3.46700025       1.02078199    
   3.46800017       1.02073979    
   3.46900010       1.02069843    
   3.47000027       1.02065635    
   3.47100019       1.02061510    
   3.47200012       1.02057302    
   3.47300005       1.02053177    
   3.47400022       1.02048969    
   3.47500014       1.02044868    
   3.47600007       1.02040672    
   3.47700024       1.02036572    
   3.47800016       1.02032387    
   3.47900009       1.02028298    
   3.48000026       1.02024114    
   3.48100019       1.02020025    
   3.48200011       1.02015853    
   3.48300028       1.02011776    
   3.48400021       1.02007604    
   3.48500013       1.02003539    
   3.48600006       1.01999378    
   3.48700023       1.01995313    
   3.48800015       1.01991165    
   3.48900008       1.01987112    
   3.49000025       1.01982963    
   3.49100018       1.01978922    
   3.49200010       1.01974773    
   3.49300027       1.01970744    
   3.49400020       1.01966608    
   3.49500012       1.01962578    
   3.49600005       1.01958454    
   3.49700022       1.01954424    
   3.49800014       1.01950312    
   3.49900007       1.01946294    
   3.50000024       1.01942182    
   3.50100017       1.01938176    
   3.50200009       1.01934075    
   3.50300026       1.01930070    
   3.50400019       1.01925981    
   3.50500011       1.01921988    
   3.50600028       1.01917899    
   3.50700021       1.01913917    
   3.50800014       1.01909828    
   3.50900006       1.01905859    
   3.51000023       1.01901770    
   3.51100016       1.01897812    
   3.51200008       1.01893735    
   3.51300025       1.01889777    
   3.51400018       1.01885724    
   3.51500010       1.01881766    
   3.51600027       1.01877713    
   3.51700020       1.01873767    
   3.51800013       1.01869714    
   3.51900005       1.01865780    
   3.52000022       1.01861739    
   3.52100015       1.01857817    
   3.52200007       1.01853776    
   3.52300024       1.01849866    
   3.52400017       1.01845837    
   3.52500010       1.01841927    
   3.52600026       1.01837897    
   3.52700019       1.01833999    
   3.52800012       1.01829970    
   3.52900028       1.01826084    
   3.53000021       1.01822078    
   3.53100014       1.01818192    
   3.53200006       1.01814187    
   3.53300023       1.01810312    
   3.53400016       1.01806307    
   3.53500009       1.01802444    
   3.53600025       1.01798463    
   3.53700018       1.01794589    
   3.53800011       1.01790607    
   3.53900027       1.01786757    
   3.54000020       1.01782787    
   3.54100013       1.01778936    
   3.54200006       1.01774967    
   3.54300022       1.01771128    
   3.54400015       1.01767170    
   3.54500008       1.01763344    
   3.54600024       1.01759386    
   3.54700017       1.01755559    
   3.54800010       1.01751614    
   3.54900026       1.01747799    
   3.55000019       1.01743853    
   3.55100012       1.01740050    
   3.55200028       1.01736116    
   3.55300021       1.01732314    
   3.55400014       1.01728392    
   3.55500007       1.01724601    
   3.55600023       1.01720679    
   3.55700016       1.01716900    
   3.55800009       1.01712990    
   3.55900025       1.01709211    
   3.56000018       1.01705301    
   3.56100011       1.01701534    
   3.56200027       1.01697636    
   3.56300020       1.01693881    
   3.56400013       1.01689982    
   3.56500006       1.01686227    
   3.56600022       1.01682341    
   3.56700015       1.01678598    
   3.56800008       1.01674724    
   3.56900024       1.01670980    
   3.57000017       1.01667118    
   3.57100010       1.01663387    
   3.57200027       1.01659524    
   3.57300019       1.01655793    
   3.57400012       1.01651943    
   3.57500029       1.01648223    
   3.57600021       1.01644385    
   3.57700014       1.01640677    
   3.57800007       1.01636827    
   3.57900023       1.01633132    
   3.58000016       1.01629293    
   3.58100009       1.01625597    
   3.58200026       1.01621771    
   3.58300018       1.01618087    
   3.58400011       1.01614273    
   3.58500028       1.01610589    
   3.58600020       1.01606774    
   3.58700013       1.01603115    
   3.58800006       1.01599300    
   3.58900023       1.01595640    
   3.59000015       1.01591837    
   3.59100008       1.01588190    
   3.59200025       1.01584387    
   3.59300017       1.01580751    
   3.59400010       1.01576960    
   3.59500027       1.01573324    
   3.59600019       1.01569545    
   3.59700012       1.01565909    
   3.59800029       1.01562142    
   3.59900022       1.01558518    
   3.60000014       1.01554739    
   3.60100007       1.01551127    
   3.60200024       1.01547372    
   3.60300016       1.01543760    
   3.60400009       1.01540017    
   3.60500026       1.01536405    
   3.60600019       1.01532662    
   3.60700011       1.01529074    
   3.60800028       1.01525331    
   3.60900021       1.01521742    
   3.61000013       1.01518011    
   3.61100006       1.01514435    
   3.61200023       1.01510715    
   3.61300015       1.01507139    
   3.61400008       1.01503420    
   3.61500025       1.01499856    
   3.61600018       1.01496148    
   3.61700010       1.01492584    
   3.61800027       1.01488888    
   3.61900020       1.01485336    
   3.62000012       1.01481640    
   3.62100029       1.01478100    
   3.62200022       1.01474404    
   3.62300014       1.01470876    
   3.62400007       1.01467192    
   3.62500024       1.01463664    
   3.62600017       1.01459980    
   3.62700009       1.01456463    
   3.62800026       1.01452792    
   3.62900019       1.01449275    
   3.63000011       1.01445615    
   3.63100028       1.01442111    
   3.63200021       1.01438463    
   3.63300014       1.01434958    
   3.63400006       1.01431310    
   3.63500023       1.01427817    
   3.63600016       1.01424181    
   3.63700008       1.01420689    
   3.63800025       1.01417065    
   3.63900018       1.01413584    
   3.64000010       1.01409960    
   3.64100027       1.01406491    
   3.64200020       1.01402867    
   3.64300013       1.01399398    
   3.64400029       1.01395786    
   3.64500022       1.01392329    
   3.64600015       1.01388729    
   3.64700007       1.01385272    
   3.64800024       1.01381683    
   3.64900017       1.01378238    
   3.65000010       1.01374638    
   3.65100026       1.01371205    
   3.65200019       1.01367617    
   3.65300012       1.01364195    
   3.65400028       1.01360607    
   3.65500021       1.01357186    
   3.65600014       1.01353621    
   3.65700006       1.01350200    
   3.65800023       1.01346636    
   3.65900016       1.01343238    
   3.66000009       1.01339674    
   3.66100025       1.01336277    
   3.66200018       1.01332724    
   3.66300011       1.01329327    
   3.66400027       1.01325786    
   3.66500020       1.01322401    
   3.66600013       1.01318860    
   3.66700006       1.01315475    
   3.66800022       1.01311946    
   3.66900015       1.01308572    
   3.67000008       1.01305056    
   3.67100024       1.01301682    
   3.67200017       1.01298165    
   3.67300010       1.01294804    
   3.67400026       1.01291299    
   3.67500019       1.01287949    
   3.67600012       1.01284444    
   3.67700028       1.01281095    
   3.67800021       1.01277602    
   3.67900014       1.01274264    
   3.68000007       1.01270771    
   3.68100023       1.01267433    
   3.68200016       1.01263952    
   3.68300009       1.01260626    
   3.68400025       1.01257157    
   3.68500018       1.01253831    
   3.68600011       1.01250362    
   3.68700027       1.01247048    
   3.68800020       1.01243579    
   3.68900013       1.01240277    
   3.69000006       1.01236820    
   3.69100022       1.01233518    
   3.69200015       1.01230073    
   3.69300008       1.01226783    
   3.69400024       1.01223338    
   3.69500017       1.01220047    
   3.69600010       1.01216614    
   3.69700027       1.01213336    
   3.69800019       1.01209903    
   3.69900012       1.01206636    
   3.70000029       1.01203215    
   3.70100021       1.01199937    
   3.70200014       1.01196527    
   3.70300007       1.01193261    
   3.70400023       1.01189864    
   3.70500016       1.01186597    
   3.70600009       1.01183200    
   3.70700026       1.01179957    
   3.70800018       1.01176560    
   3.70900011       1.01173317    
   3.71000028       1.01169920    
   3.71100020       1.01166689    
   3.71200013       1.01163316    
   3.71300006       1.01160085    
   3.71400023       1.01156712    
   3.71500015       1.01153481    
   3.71600008       1.01150119    
   3.71700025       1.01146901    
   3.71800017       1.01143539    
   3.71900010       1.01140320    
   3.72000027       1.01136971    
   3.72100019       1.01133764    
   3.72200012       1.01130414    
   3.72300029       1.01127219    
   3.72400022       1.01123869    
   3.72500014       1.01120687    
   3.72600007       1.01117349    
   3.72700024       1.01114166    
   3.72800016       1.01110840    
   3.72900009       1.01107657    
   3.73000026       1.01104331    
   3.73100019       1.01101160    
   3.73200011       1.01097846    
   3.73300028       1.01094675    
   3.73400021       1.01091373    
   3.73500013       1.01088214    
   3.73600006       1.01084900    
   3.73700023       1.01081753    
   3.73800015       1.01078451    
   3.73900008       1.01075304    
   3.74000025       1.01072013    
   3.74100018       1.01068878    
   3.74200010       1.01065588    
   3.74300027       1.01062453    
   3.74400020       1.01059175    
   3.74500012       1.01056051    
   3.74600029       1.01052773    
   3.74700022       1.01049650    
   3.74800014       1.01046383    
   3.74900007       1.01043272    
   3.75000024       1.01040006    
   3.75100017       1.01036894    
   3.75200009       1.01033640    
   3.75300026       1.01030540    
   3.75400019       1.01027298    
   3.75500011       1.01024199    
   3.75600028       1.01020956    
   3.75700021       1.01017857    
   3.75800014       1.01014626    
   3.75900006       1.01011539    
   3.76000023       1.01008308    
   3.76100016       1.01005232    
   3.76200008       1.01002014    
   3.76300025       1.00998938    
   3.76400018       1.00995719    
   3.76500010       1.00992644    
   3.76600027       1.00989437    
   3.76700020       1.00986373    
   3.76800013       1.00983167    
   3.76900029       1.00980115    
   3.77000022       1.00976920    
   3.77100015       1.00973868    
   3.77200007       1.00970674    
   3.77300024       1.00967622    
   3.77400017       1.00964451    
   3.77500010       1.00961399    
   3.77600026       1.00958228    
   3.77700019       1.00955188    
   3.77800012       1.00952017    
   3.77900028       1.00948989    
   3.78000021       1.00945818    
   3.78100014       1.00942791    
   3.78200006       1.00939643    
   3.78300023       1.00936627    
   3.78400016       1.00933468    
   3.78500009       1.00930452    
   3.78600025       1.00927305    
   3.78700018       1.00924301    
   3.78800011       1.00921154    
   3.78900027       1.00918162    
   3.79000020       1.00915027    
   3.79100013       1.00912035    
   3.79200029       1.00908899    
   3.79300022       1.00905907    
   3.79400015       1.00902784    
   3.79500008       1.00899804    
   3.79600024       1.00896680    
   3.79700017       1.00893700    
   3.79800010       1.00890601    
   3.79900026       1.00887620    
   3.80000019       1.00884521    
   3.80100012       1.00881541    
   3.80200028       1.00878453    
   3.80300021       1.00875485    
   3.80400014       1.00872397    
   3.80500007       1.00869429    
   3.80600023       1.00866354    
   3.80700016       1.00863397    
   3.80800009       1.00860310    
   3.80900025       1.00857365    
   3.81000018       1.00854290    
   3.81100011       1.00851345    
   3.81200027       1.00848281    
   3.81300020       1.00845337    
   3.81400013       1.00842285    
   3.81500030       1.00839353    
   3.81600022       1.00836289    
   3.81700015       1.00833368    
   3.81800008       1.00830317    
   3.81900024       1.00827396    
   3.82000017       1.00824344    
   3.82100010       1.00821424    
   3.82200027       1.00818396    
   3.82300019       1.00815487    
   3.82400012       1.00812447    
   3.82500029       1.00809538    
   3.82600021       1.00806510    
   3.82700014       1.00803614    
   3.82800007       1.00800586    
   3.82900023       1.00797689    
   3.83000016       1.00794685    
   3.83100009       1.00791788    
   3.83200026       1.00788784    
   3.83300018       1.00785899    
   3.83400011       1.00782895    
   3.83500028       1.00780010    
   3.83600020       1.00777006    
   3.83700013       1.00774133    
   3.83800030       1.00771141    
   3.83900023       1.00768268    
   3.84000015       1.00765288    
   3.84100008       1.00762415    
   3.84200025       1.00759435    
   3.84300017       1.00756574    
   3.84400010       1.00753593    
   3.84500027       1.00750744    
   3.84600019       1.00747776    
   3.84700012       1.00744927    
   3.84800029       1.00741959    
   3.84900022       1.00739110    
   3.85000014       1.00736153    
   3.85100007       1.00733304    
   3.85200024       1.00730360    
   3.85300016       1.00727522    
   3.85400009       1.00724578    
   3.85500026       1.00721741    
   3.85600019       1.00718796    
   3.85700011       1.00715971    
   3.85800028       1.00713038    
   3.85900021       1.00710213    
   3.86000013       1.00707281    
   3.86100030       1.00704455    
   3.86200023       1.00701535    
   3.86300015       1.00698733    
   3.86400008       1.00695813    
   3.86500025       1.00692999    
   3.86600018       1.00690079    
   3.86700010       1.00687277    
   3.86800027       1.00684369    
   3.86900020       1.00681567    
   3.87000012       1.00678670    
   3.87100029       1.00675881    
   3.87200022       1.00672972    
   3.87300014       1.00670183    
   3.87400007       1.00667298    
   3.87500024       1.00664508    
   3.87600017       1.00661612    
   3.87700009       1.00658834    
   3.87800026       1.00655961    
   3.87900019       1.00653183    
   3.88000011       1.00650311    
   3.88100028       1.00647533    
   3.88200021       1.00644660    
   3.88300014       1.00641894    
   3.88400030       1.00639021    
   3.88500023       1.00636256    
   3.88600016       1.00633407    
   3.88700008       1.00630653    
   3.88800025       1.00627792    
   3.88900018       1.00625038    
   3.89000010       1.00622189    
   3.89100027       1.00619435    
   3.89200020       1.00616586    
   3.89300013       1.00613844    
   3.89400029       1.00611007    
   3.89500022       1.00608265    
   3.89600015       1.00605428    
   3.89700007       1.00602698    
   3.89800024       1.00599861    
   3.89900017       1.00597131    
   3.90000010       1.00594306    
   3.90100026       1.00591576    
   3.90200019       1.00588763    
   3.90300012       1.00586033    
   3.90400028       1.00583220    
   3.90500021       1.00580502    
   3.90600014       1.00577700    
   3.90700030       1.00574970    
   3.90800023       1.00572169    
   3.90900016       1.00569463    
   3.91000009       1.00566673    
   3.91100025       1.00563955    
   3.91200018       1.00561166    
   3.91300011       1.00558460    
   3.91400027       1.00555670    
   3.91500020       1.00552976    
   3.91600013       1.00550187    
   3.91700029       1.00547493    
   3.91800022       1.00544715    
   3.91900015       1.00542033    
   3.92000008       1.00539255    
   3.92100024       1.00536561    
   3.92200017       1.00533795    
   3.92300010       1.00531113    
   3.92400026       1.00528347    
   3.92500019       1.00525665    
   3.92600012       1.00522912    
   3.92700028       1.00520241    
   3.92800021       1.00517488    
   3.92900014       1.00514817    
   3.93000031       1.00512064    
   3.93100023       1.00509405    
   3.93200016       1.00506651    
   3.93300009       1.00503993    
   3.93400025       1.00501263    
   3.93500018       1.00498605    
   3.93600011       1.00495863    
   3.93700027       1.00493205    
   3.93800020       1.00490475    
   3.93900013       1.00487828    
   3.94000030       1.00485098    
   3.94100022       1.00482452    
   3.94200015       1.00479734    
   3.94300008       1.00477099    
   3.94400024       1.00474381    
   3.94500017       1.00471735    
   3.94600010       1.00469029    
   3.94700027       1.00466383    
   3.94800019       1.00463676    
   3.94900012       1.00461054    
   3.95000029       1.00458360    
   3.95100021       1.00455725    
   3.95200014       1.00453019    
   3.95300007       1.00450408    
   3.95400023       1.00447714    
   3.95500016       1.00445092    
   3.95600009       1.00442398    
   3.95700026       1.00439775    
   3.95800018       1.00437105    
   3.95900011       1.00434494    
   3.96000028       1.00431812    
   3.96100020       1.00429201    
   3.96200013       1.00426531    
   3.96300030       1.00423920    
   3.96400023       1.00421250    
   3.96500015       1.00418651    
   3.96600008       1.00415993    
   3.96700025       1.00413394    
   3.96800017       1.00410724    
   3.96900010       1.00408137    
   3.97000027       1.00405478    
   3.97100019       1.00402880    
   3.97200012       1.00400233    
   3.97300029       1.00397646    
   3.97400022       1.00395000    
   3.97500014       1.00392425    
   3.97600007       1.00389779    
   3.97700024       1.00387192    
   3.97800016       1.00384557    
   3.97900009       1.00381970    
   3.98000026       1.00379336    
   3.98100019       1.00376773    
   3.98200011       1.00374150    
   3.98300028       1.00371575    
   3.98400021       1.00368941    
   3.98500013       1.00366378    
   3.98600030       1.00363755    
   3.98700023       1.00361192    
   3.98800015       1.00358570    
   3.98900008       1.00356019    
   3.99000025       1.00353408    
   3.99100018       1.00350845    
   3.99200010       1.00348246    
   3.99300027       1.00345695    
   3.99400020       1.00343084    
   3.99500012       1.00340533    
   3.99600029       1.00337923    
   3.99700022       1.00335383    
   3.99800014       1.00332797    
   3.99900007       1.00330257    
   4.00000000       1.00327659    
   4.00100040       1.00325119    
   4.00200033       1.00322533    
   4.00300026       1.00319982    
   4.00400019       1.00317407    
   4.00500011       1.00314879    
   4.00600004       1.00312293    
   4.00699997       1.00309777    
   4.00800037       1.00307190    
   4.00900030       1.00304663    
   4.01000023       1.00302088    
   4.01100016       1.00299561    
   4.01200008       1.00296998    
   4.01300001       1.00294483    
   4.01400042       1.00291920    
   4.01500034       1.00289416    
   4.01600027       1.00286841    
   4.01700020       1.00284326    
   4.01800013       1.00281775    
   4.01900005       1.00279260    
   4.01999998       1.00276697    
   4.02100039       1.00274193    
   4.02200031       1.00271654    
   4.02300024       1.00269151    
   4.02400017       1.00266612    
   4.02500010       1.00264108    
   4.02600002       1.00261569    
   4.02700043       1.00259066    
   4.02800035       1.00256515    
   4.02900028       1.00254035    
   4.03000021       1.00251508    
   4.03100014       1.00249016    
   4.03200006       1.00246477    
   4.03299999       1.00243986    
   4.03400040       1.00241470    
   4.03500032       1.00238979    
   4.03600025       1.00236452    
   4.03700018       1.00233972    
   4.03800011       1.00231457    
   4.03900003       1.00228989    
   4.03999996       1.00226474    
   4.04100037       1.00223994    
   4.04200029       1.00221479    
   4.04300022       1.00218999    
   4.04400015       1.00216472    
   4.04500008       1.00214016    
   4.04600000       1.00211525    
   4.04700041       1.00209069    
   4.04800034       1.00206542    
   4.04900026       1.00204098    
   4.05000019       1.00201595    
   4.05100012       1.00199127    
   4.05200005       1.00196624    
   4.05299997       1.00194168    
   4.05400038       1.00191689    
   4.05500031       1.00189245    
   4.05600023       1.00186753    
   4.05700016       1.00184309    
   4.05800009       1.00181806    
   4.05900002       1.00179362    
   4.06000042       1.00176859    
   4.06100035       1.00174439    
   4.06200027       1.00171971    
   4.06300020       1.00169528    
   4.06400013       1.00167036    
   4.06500006       1.00164604    
   4.06599998       1.00162137    
   4.06700039       1.00159693    
   4.06800032       1.00157201    
   4.06900024       1.00154793    
   4.07000017       1.00152326    
   4.07100010       1.00149918    
   4.07200003       1.00147450    
   4.07300043       1.00145018    
   4.07400036       1.00142539    
   4.07500029       1.00140119    
   4.07600021       1.00137627    
   4.07700014       1.00135243    
   4.07800007       1.00132799    
   4.07900000       1.00130403    
   4.08000040       1.00127900    
   4.08100033       1.00125551    
   4.08200026       1.00123060    
   4.08300018       1.00120664    
   4.08400011       1.00118113    
   4.08500004       1.00115788    
   4.08599997       1.00113344    
   4.08700037       1.00110972    
   4.08800030       1.00108552    
   4.08900023       1.00106180    
   4.09000015       1.00103688    
   4.09100008       1.00101304    
   4.09200001       1.00098634    
   4.09300041       1.00096464    
   4.09400034       1.00094068    
   4.09500027       1.00091982    
