   1.00000005E-03   0.00000000    
   2.00000009E-03   0.00000000    
   3.00000003E-03   0.00000000    
   4.00000019E-03   0.00000000    
   5.00000035E-03   0.00000000    
   6.00000005E-03   0.00000000    
   7.00000022E-03   0.00000000    
   8.00000038E-03   0.00000000    
   9.00000054E-03   0.00000000    
   1.00000007E-02   0.00000000    
   1.10000009E-02   0.00000000    
   1.20000001E-02   0.00000000    
   1.30000003E-02   0.00000000    
   1.40000004E-02   0.00000000    
   1.50000006E-02   0.00000000    
   1.60000008E-02   0.00000000    
   1.70000009E-02   0.00000000    
   1.80000011E-02   0.00000000    
   1.90000013E-02   0.00000000    
   2.00000014E-02   0.00000000    
   2.10000016E-02   0.00000000    
   2.20000017E-02   0.00000000    
   2.30000019E-02   0.00000000    
   2.40000002E-02   0.00000000    
   2.50000004E-02   0.00000000    
   2.60000005E-02   0.00000000    
   2.70000007E-02   0.00000000    
   2.80000009E-02   0.00000000    
   2.90000010E-02   0.00000000    
   3.00000012E-02   0.00000000    
   3.10000014E-02   0.00000000    
   3.20000015E-02   0.00000000    
   3.29999998E-02   0.00000000    
   3.40000018E-02   0.00000000    
   3.50000001E-02   0.00000000    
   3.60000022E-02   0.00000000    
   3.70000005E-02   0.00000000    
   3.80000025E-02   0.00000000    
   3.90000008E-02   0.00000000    
   4.00000028E-02   0.00000000    
   4.10000011E-02   0.00000000    
   4.20000032E-02   0.00000000    
   4.30000015E-02   0.00000000    
   4.40000035E-02   0.00000000    
   4.50000018E-02   0.00000000    
   4.60000038E-02   0.00000000    
   4.70000021E-02   0.00000000    
   4.80000004E-02   0.00000000    
   4.90000024E-02   0.00000000    
   5.00000007E-02   0.00000000    
   5.10000028E-02   0.00000000    
   5.20000011E-02   0.00000000    
   5.30000031E-02   0.00000000    
   5.40000014E-02   0.00000000    
   5.50000034E-02   0.00000000    
   5.60000017E-02   0.00000000    
   5.70000038E-02   0.00000000    
   5.80000021E-02   0.00000000    
   5.90000041E-02   0.00000000    
   6.00000024E-02   0.00000000    
   6.10000044E-02   0.00000000    
   6.20000027E-02   0.00000000    
   6.30000010E-02   0.00000000    
   6.40000030E-02   0.00000000    
   6.50000051E-02   0.00000000    
   6.59999996E-02   0.00000000    
   6.70000017E-02   0.00000000    
   6.80000037E-02   0.00000000    
   6.90000057E-02   0.00000000    
   7.00000003E-02   0.00000000    
   7.10000023E-02   0.00000000    
   7.20000044E-02   0.00000000    
   7.30000064E-02   0.00000000    
   7.40000010E-02   0.00000000    
   7.50000030E-02   0.00000000    
   7.60000050E-02   0.00000000    
   7.70000070E-02   0.00000000    
   7.80000016E-02   0.00000000    
   7.90000036E-02   0.00000000    
   8.00000057E-02   0.00000000    
   8.10000002E-02   0.00000000    
   8.20000023E-02   0.00000000    
   8.30000043E-02   0.00000000    
   8.40000063E-02   0.00000000    
   8.50000009E-02   0.00000000    
   8.60000029E-02   0.00000000    
   8.70000049E-02   0.00000000    
   8.80000070E-02   0.00000000    
   8.90000015E-02   0.00000000    
   9.00000036E-02   0.00000000    
   9.10000056E-02   0.00000000    
   9.20000076E-02   0.00000000    
   9.30000022E-02   0.00000000    
   9.40000042E-02   0.00000000    
   9.50000063E-02   0.00000000    
   9.60000008E-02   0.00000000    
   9.70000029E-02   0.00000000    
   9.80000049E-02   0.00000000    
   9.90000069E-02   0.00000000    
  0.100000001       0.00000000    
  0.101000004       0.00000000    
  0.102000006       0.00000000    
  0.103000008       0.00000000    
  0.104000002       0.00000000    
  0.105000004       0.00000000    
  0.106000006       0.00000000    
  0.107000008       0.00000000    
  0.108000003       0.00000000    
  0.109000005       0.00000000    
  0.110000007       0.00000000    
  0.111000009       0.00000000    
  0.112000003       0.00000000    
  0.113000005       0.00000000    
  0.114000008       0.00000000    
  0.115000002       0.00000000    
  0.116000004       0.00000000    
  0.117000006       0.00000000    
  0.118000008       0.00000000    
  0.119000003       0.00000000    
  0.120000005       0.00000000    
  0.121000007       0.00000000    
  0.122000009       0.00000000    
  0.123000003       0.00000000    
  0.124000005       0.00000000    
  0.125000000       0.00000000    
  0.126000002       0.00000000    
  0.127000004       0.00000000    
  0.128000006       0.00000000    
  0.129000008       0.00000000    
  0.130000010       0.00000000    
  0.131000012       0.00000000    
  0.131999999       0.00000000    
  0.133000001       0.00000000    
  0.134000003       0.00000000    
  0.135000005       0.00000000    
  0.136000007       0.00000000    
  0.137000009       0.00000000    
  0.138000011       0.00000000    
  0.139000013       0.00000000    
  0.140000001       0.00000000    
  0.141000003       0.00000000    
  0.142000005       0.00000000    
  0.143000007       0.00000000    
  0.144000009       0.00000000    
  0.145000011       0.00000000    
  0.146000013       0.00000000    
  0.147000000       0.00000000    
  0.148000002       0.00000000    
  0.149000004       0.00000000    
  0.150000006       0.00000000    
  0.151000008       0.00000000    
  0.152000010       0.00000000    
  0.153000012       0.00000000    
  0.154000014       0.00000000    
  0.155000001       0.00000000    
  0.156000003       0.00000000    
  0.157000005       0.00000000    
  0.158000007       0.00000000    
  0.159000009       0.00000000    
  0.160000011       0.00000000    
  0.161000013       0.00000000    
  0.162000000       0.00000000    
  0.163000003       0.00000000    
  0.164000005       0.00000000    
  0.165000007       0.00000000    
  0.166000009       0.00000000    
  0.167000011       0.00000000    
  0.168000013       0.00000000    
  0.169000015       0.00000000    
  0.170000002       0.00000000    
  0.171000004       0.00000000    
  0.172000006       0.00000000    
  0.173000008       0.00000000    
  0.174000010       0.00000000    
  0.175000012       0.00000000    
  0.176000014       0.00000000    
  0.177000001       0.00000000    
  0.178000003       0.00000000    
  0.179000005       0.00000000    
  0.180000007       0.00000000    
  0.181000009       0.00000000    
  0.182000011       0.00000000    
  0.183000013       0.00000000    
  0.184000015       0.00000000    
  0.185000002       0.00000000    
  0.186000004       0.00000000    
  0.187000006       0.00000000    
  0.188000008       0.00000000    
  0.189000010       0.00000000    
  0.190000013       0.00000000    
  0.191000015       0.00000000    
  0.192000002       0.00000000    
  0.193000004       0.00000000    
  0.194000006       0.00000000    
  0.195000008       0.00000000    
  0.196000010       0.00000000    
  0.197000012       0.00000000    
  0.198000014       0.00000000    
  0.199000016       0.00000000    
  0.200000003       0.00000000    
  0.201000005       0.00000000    
  0.202000007       0.00000000    
  0.203000009       0.00000000    
  0.204000011       0.00000000    
  0.205000013       0.00000000    
  0.206000015       0.00000000    
  0.207000017       0.00000000    
  0.208000004       0.00000000    
  0.209000006       0.00000000    
  0.210000008       0.00000000    
  0.211000010       0.00000000    
  0.212000012       0.00000000    
  0.213000014       0.00000000    
  0.214000016       0.00000000    
  0.215000004       0.00000000    
  0.216000006       0.00000000    
  0.217000008       0.00000000    
  0.218000010       0.00000000    
  0.219000012       0.00000000    
  0.220000014       0.00000000    
  0.221000016       0.00000000    
  0.222000018       0.00000000    
  0.223000005       0.00000000    
  0.224000007       0.00000000    
  0.225000009       0.00000000    
  0.226000011       0.00000000    
  0.227000013       0.00000000    
  0.228000015       0.00000000    
  0.229000017       0.00000000    
  0.230000004       0.00000000    
  0.231000006       0.00000000    
  0.232000008       0.00000000    
  0.233000010       0.00000000    
  0.234000012       0.00000000    
  0.235000014       0.00000000    
  0.236000016       0.00000000    
  0.237000018       0.00000000    
  0.238000005       0.00000000    
  0.239000008       0.00000000    
  0.240000010       0.00000000    
  0.241000012       0.00000000    
  0.242000014       0.00000000    
  0.243000016       0.00000000    
  0.244000018       0.00000000    
  0.245000005       0.00000000    
  0.246000007       0.00000000    
  0.247000009       0.00000000    
  0.248000011       0.00000000    
  0.249000013       0.00000000    
  0.250000000       0.00000000    
  0.251000017       0.00000000    
  0.252000004       0.00000000    
  0.253000021       0.00000000    
  0.254000008       0.00000000    
  0.255000025       0.00000000    
  0.256000012       0.00000000    
  0.256999999       0.00000000    
  0.258000016       0.00000000    
  0.259000003       0.00000000    
  0.260000020       0.00000000    
  0.261000007       0.00000000    
  0.262000024       0.00000000    
  0.263000011       0.00000000    
  0.263999999       0.00000000    
  0.265000015       0.00000000    
  0.266000003       0.00000000    
  0.267000020       0.00000000    
  0.268000007       0.00000000    
  0.269000024       0.00000000    
  0.270000011       0.00000000    
  0.271000028       0.00000000    
  0.272000015       0.00000000    
  0.273000002       0.00000000    
  0.274000019       0.00000000    
  0.275000006       0.00000000    
  0.276000023       0.00000000    
  0.277000010       0.00000000    
  0.278000027       0.00000000    
  0.279000014       0.00000000    
  0.280000001       0.00000000    
  0.281000018       0.00000000    
  0.282000005       0.00000000    
  0.283000022       0.00000000    
  0.284000009       0.00000000    
  0.285000026       0.00000000    
  0.286000013       0.00000000    
  0.287000000       0.00000000    
  0.288000017       0.00000000    
  0.289000005       0.00000000    
  0.290000021       0.00000000    
  0.291000009       0.00000000    
  0.292000026       0.00000000    
  0.293000013       0.00000000    
  0.294000000       0.00000000    
  0.295000017       0.00000000    
  0.296000004       0.00000000    
  0.297000021       0.00000000    
  0.298000008       0.00000000    
  0.299000025       0.00000000    
  0.300000012       0.00000000    
  0.301000029       0.00000000    
  0.302000016       0.00000000    
  0.303000003       0.00000000    
  0.304000020       0.00000000    
  0.305000007       0.00000000    
  0.306000024       0.00000000    
  0.307000011       0.00000000    
  0.308000028       0.00000000    
  0.309000015       0.00000000    
  0.310000002       0.00000000    
  0.311000019       0.00000000    
  0.312000006       0.00000000    
  0.313000023       0.00000000    
  0.314000010       0.00000000    
  0.315000027       0.00000000    
  0.316000015       0.00000000    
  0.317000002       0.00000000    
  0.318000019       0.00000000    
  0.319000006       0.00000000    
  0.320000023       0.00000000    
  0.321000010       0.00000000    
  0.322000027       0.00000000    
  0.323000014       0.00000000    
  0.324000001       0.00000000    
  0.325000018       0.00000000    
  0.326000005       0.00000000    
  0.327000022       0.00000000    
  0.328000009       0.00000000    
  0.329000026       0.00000000    
  0.330000013       0.00000000    
  0.331000030       0.00000000    
  0.332000017       0.00000000    
  0.333000004       0.00000000    
  0.334000021       0.00000000    
  0.335000008       0.00000000    
  0.336000025       0.00000000    
  0.337000012       0.00000000    
  0.338000029       0.00000000    
  0.339000016       0.00000000    
  0.340000004       0.00000000    
  0.341000021       0.00000000    
  0.342000008       0.00000000    
  0.343000025       0.00000000    
  0.344000012       0.00000000    
  0.345000029       0.00000000    
  0.346000016       0.00000000    
  0.347000003       0.00000000    
  0.348000020       0.00000000    
  0.349000007       0.00000000    
  0.350000024       0.00000000    
  0.351000011       0.00000000    
  0.352000028       0.00000000    
  0.353000015       0.00000000    
  0.354000002       0.00000000    
  0.355000019       0.00000000    
  0.356000006       0.00000000    
  0.357000023       0.00000000    
  0.358000010       0.00000000    
  0.359000027       0.00000000    
  0.360000014       0.00000000    
  0.361000031       0.00000000    
  0.362000018       0.00000000    
  0.363000005       0.00000000    
  0.364000022       0.00000000    
  0.365000010       0.00000000    
  0.366000026       0.00000000    
  0.367000014       0.00000000    
  0.368000031       0.00000000    
  0.369000018       0.00000000    
  0.370000005       0.00000000    
  0.371000022       0.00000000    
  0.372000009       0.00000000    
  0.373000026       0.00000000    
  0.374000013       0.00000000    
  0.375000030       0.00000000    
  0.376000017       0.00000000    
  0.377000004       0.00000000    
  0.378000021       0.00000000    
  0.379000008       0.00000000    
  0.380000025       0.00000000    
  0.381000012       0.00000000    
  0.382000029       0.00000000    
  0.383000016       0.00000000    
  0.384000003       0.00000000    
  0.385000020       0.00000000    
  0.386000007       0.00000000    
  0.387000024       0.00000000    
  0.388000011       0.00000000    
  0.389000028       0.00000000    
  0.390000015       0.00000000    
  0.391000032       0.00000000    
  0.392000020       0.00000000    
  0.393000007       0.00000000    
  0.394000024       0.00000000    
  0.395000011       0.00000000    
  0.396000028       0.00000000    
  0.397000015       0.00000000    
  0.398000032       0.00000000    
  0.399000019       0.00000000    
  0.400000006       0.00000000    
  0.401000023       0.00000000    
  0.402000010       0.00000000    
  0.403000027       0.00000000    
  0.404000014       0.00000000    
  0.405000031       0.00000000    
  0.406000018       0.00000000    
  0.407000005       0.00000000    
  0.408000022       0.00000000    
  0.409000009       0.00000000    
  0.410000026       0.00000000    
  0.411000013       0.00000000    
  0.412000030       0.00000000    
  0.413000017       0.00000000    
  0.414000034       0.00000000    
  0.415000021       0.00000000    
  0.416000009       0.00000000    
  0.417000026       0.00000000    
  0.418000013       0.00000000    
  0.419000030       0.00000000    
  0.420000017       0.00000000    
  0.421000034       0.00000000    
  0.422000021       0.00000000    
  0.423000008       0.00000000    
  0.424000025       0.00000000    
  0.425000012       0.00000000    
  0.426000029       0.00000000    
  0.427000016       0.00000000    
  0.428000033       0.00000000    
  0.429000020       0.00000000    
  0.430000007       0.00000000    
  0.431000024       0.00000000    
  0.432000011       0.00000000    
  0.433000028       0.00000000    
  0.434000015       0.00000000    
  0.435000032       0.00000000    
  0.436000019       0.00000000    
  0.437000006       0.00000000    
  0.438000023       0.00000000    
  0.439000010       0.00000000    
  0.440000027       0.00000000    
  0.441000015       0.00000000    
  0.442000031       0.00000000    
  0.443000019       0.00000000    
  0.444000036       0.00000000    
  0.445000023       0.00000000    
  0.446000010       0.00000000    
  0.447000027       0.00000000    
  0.448000014       0.00000000    
  0.449000031       0.00000000    
  0.450000018       0.00000000    
  0.451000035       0.00000000    
  0.452000022       0.00000000    
  0.453000009       0.00000000    
  0.454000026       0.00000000    
  0.455000013       0.00000000    
  0.456000030       0.00000000    
  0.457000017       0.00000000    
  0.458000034       0.00000000    
  0.459000021       0.00000000    
  0.460000008       0.00000000    
  0.461000025       0.00000000    
  0.462000012       0.00000000    
  0.463000029       0.00000000    
  0.464000016       0.00000000    
  0.465000033       0.00000000    
  0.466000021       0.00000000    
  0.467000008       0.00000000    
  0.468000025       0.00000000    
  0.469000012       0.00000000    
  0.470000029       0.00000000    
  0.471000016       0.00000000    
  0.472000033       0.00000000    
  0.473000020       0.00000000    
  0.474000037       0.00000000    
  0.475000024       0.00000000    
  0.476000011       0.00000000    
  0.477000028       0.00000000    
  0.478000015       0.00000000    
  0.479000032       0.00000000    
  0.480000019       0.00000000    
  0.481000036       0.00000000    
  0.482000023       0.00000000    
  0.483000010       0.00000000    
  0.484000027       0.00000000    
  0.485000014       0.00000000    
  0.486000031       0.00000000    
  0.487000018       0.00000000    
  0.488000035       0.00000000    
  0.489000022       0.00000000    
  0.490000010       0.00000000    
  0.491000026       0.00000000    
  0.492000014       0.00000000    
  0.493000031       0.00000000    
  0.494000018       0.00000000    
  0.495000035       0.00000000    
  0.496000022       0.00000000    
  0.497000009       0.00000000    
  0.498000026       0.00000000    
  0.499000013       0.00000000    
  0.500000000       0.00000000    
  0.501000047       0.00000000    
  0.502000034       0.00000000    
  0.503000021       0.00000000    
  0.504000008       0.00000000    
  0.504999995       0.00000000    
  0.506000042       0.00000000    
  0.507000029       0.00000000    
  0.508000016       0.00000000    
  0.509000003       0.00000000    
  0.510000050       0.00000000    
  0.511000037       0.00000000    
  0.512000024       0.00000000    
  0.513000011       0.00000000    
  0.513999999       0.00000000    
  0.515000045       0.00000000    
  0.516000032       0.00000000    
  0.517000020       0.00000000    
  0.518000007       0.00000000    
  0.519000053       0.00000000    
  0.520000041       0.00000000    
  0.521000028       0.00000000    
  0.522000015       0.00000000    
  0.523000002       0.00000000    
  0.524000049       0.00000000    
  0.525000036       0.00000000    
  0.526000023       0.00000000    
  0.527000010       0.00000000    
  0.527999997       0.00000000    
  0.529000044       0.00000000    
  0.530000031       0.00000000    
  0.531000018       0.00000000    
  0.532000005       0.00000000    
  0.533000052       0.00000000    
  0.534000039       0.00000000    
  0.535000026       0.00000000    
  0.536000013       0.00000000    
  0.537000000       0.00000000    
  0.538000047       0.00000000    
  0.539000034       0.00000000    
  0.540000021       0.00000000    
  0.541000009       0.00000000    
  0.542000055       0.00000000    
  0.543000042       0.00000000    
  0.544000030       0.00000000    
  0.545000017       0.00000000    
  0.546000004       0.00000000    
  0.547000051       0.00000000    
  0.548000038       0.00000000    
  0.549000025       0.00000000    
  0.550000012       0.00000000    
  0.550999999       0.00000000    
  0.552000046       0.00000000    
  0.553000033       0.00000000    
  0.554000020       0.00000000    
  0.555000007       0.00000000    
  0.556000054       0.00000000    
  0.557000041       0.00000000    
  0.558000028       0.00000000    
  0.559000015       0.00000000    
  0.560000002       0.00000000    
  0.561000049       0.00000000    
  0.562000036       0.00000000    
  0.563000023       0.00000000    
  0.564000010       0.00000000    
  0.564999998       0.00000000    
  0.566000044       0.00000000    
  0.567000031       0.00000000    
  0.568000019       0.00000000    
  0.569000006       0.00000000    
  0.570000052       0.00000000    
  0.571000040       0.00000000    
  0.572000027       0.00000000    
  0.573000014       0.00000000    
  0.574000001       0.00000000    
  0.575000048       0.00000000    
  0.576000035       0.00000000    
  0.577000022       0.00000000    
  0.578000009       0.00000000    
  0.579000056       0.00000000    
  0.580000043       0.00000000    
  0.581000030       0.00000000    
  0.582000017       0.00000000    
  0.583000004       0.00000000    
  0.584000051       0.00000000    
  0.585000038       0.00000000    
  0.586000025       0.00000000    
  0.587000012       0.00000000    
  0.588000000       0.00000000    
  0.589000046       0.00000000    
  0.590000033       0.00000000    
  0.591000021       0.00000000    
  0.592000008       0.00000000    
  0.593000054       0.00000000    
  0.594000041       0.00000000    
  0.595000029       0.00000000    
  0.596000016       0.00000000    
  0.597000003       0.00000000    
  0.598000050       0.00000000    
  0.599000037       0.00000000    
  0.600000024       0.00000000    
  0.601000011       0.00000000    
  0.602000058       0.00000000    
  0.603000045       0.00000000    
  0.604000032       0.00000000    
  0.605000019       0.00000000    
  0.606000006       0.00000000    
  0.607000053       0.00000000    
  0.608000040       0.00000000    
  0.609000027       0.00000000    
  0.610000014       0.00000000    
  0.611000001       0.00000000    
  0.612000048       0.00000000    
  0.613000035       0.00000000    
  0.614000022       0.00000000    
  0.615000010       0.00000000    
  0.616000056       0.00000000    
  0.617000043       0.00000000    
  0.618000031       0.00000000    
  0.619000018       0.00000000    
  0.620000005       0.00000000    
  0.621000051       0.00000000    
  0.622000039       0.00000000    
  0.623000026       0.00000000    
  0.624000013       0.00000000    
  0.625000000       0.00000000    
  0.626000047       0.00000000    
  0.627000034       0.00000000    
  0.628000021       0.00000000    
  0.629000008       0.00000000    
  0.630000055       0.00000000    
  0.631000042       0.00000000    
  0.632000029       0.00000000    
  0.633000016       0.00000000    
  0.634000003       0.00000000    
  0.635000050       0.00000000    
  0.636000037       0.00000000    
  0.637000024       0.00000000    
  0.638000011       0.00000000    
  0.639000058       0.00000000    
  0.640000045       0.00000000    
  0.641000032       0.00000000    
  0.642000020       0.00000000    
  0.643000007       0.00000000    
  0.644000053       0.00000000    
  0.645000041       0.00000000    
  0.646000028       0.00000000    
  0.647000015       0.00000000    
  0.648000002       0.00000000    
  0.649000049       0.00000000    
  0.650000036       0.00000000    
  0.651000023       0.00000000    
  0.652000010       0.00000000    
  0.653000057       0.00000000    
  0.654000044       0.00000000    
  0.655000031       0.00000000    
  0.656000018       0.00000000    
  0.657000005       0.00000000    
  0.658000052       0.00000000    
  0.659000039       0.00000000    
  0.660000026       0.00000000    
  0.661000013       0.00000000    
  0.662000060       0.00000000    
  0.663000047       0.00000000    
  0.664000034       0.00000000    
  0.665000021       0.00000000    
  0.666000009       0.00000000    
  0.667000055       0.00000000    
  0.668000042       0.00000000    
  0.669000030       0.00000000    
  0.670000017       0.00000000    
  0.671000004       0.00000000    
  0.672000051       0.00000000    
  0.673000038       0.00000000    
  0.674000025       0.00000000    
  0.675000012       0.00000000    
  0.676000059       0.00000000    
  0.677000046       0.00000000    
  0.678000033       0.00000000    
  0.679000020       0.00000000    
  0.680000007       0.00000000    
  0.681000054       0.00000000    
  0.682000041       0.00000000    
  0.683000028       0.00000000    
  0.684000015       0.00000000    
  0.685000062       0.00000000    
  0.686000049       0.00000000    
  0.687000036       0.00000000    
  0.688000023       0.00000000    
  0.689000010       0.00000000    
  0.690000057       0.00000000    
  0.691000044       0.00000000    
  0.692000031       0.00000000    
  0.693000019       0.00000000    
  0.694000006       0.00000000    
  0.695000052       0.00000000    
  0.696000040       0.00000000    
  0.697000027       0.00000000    
  0.698000014       0.00000000    
  0.699000061       0.00000000    
  0.700000048       0.00000000    
  0.701000035       0.00000000    
  0.702000022       0.00000000    
  0.703000009       0.00000000    
  0.704000056       0.00000000    
  0.705000043       0.00000000    
  0.706000030       0.00000000    
  0.707000017       0.00000000    
  0.708000004       0.00000000    
  0.709000051       0.00000000    
  0.710000038       0.00000000    
  0.711000025       0.00000000    
  0.712000012       0.00000000    
  0.713000059       0.00000000    
  0.714000046       0.00000000    
  0.715000033       0.00000000    
  0.716000021       0.00000000    
  0.717000008       0.00000000    
  0.718000054       0.00000000    
  0.719000041       0.00000000    
  0.720000029       0.00000000    
  0.721000016       0.00000000    
  0.722000062       0.00000000    
  0.723000050       0.00000000    
  0.724000037       0.00000000    
  0.725000024       0.00000000    
  0.726000011       0.00000000    
  0.727000058       0.00000000    
  0.728000045       0.00000000    
  0.729000032       0.00000000    
  0.730000019       0.00000000    
  0.731000006       0.00000000    
  0.732000053       0.00000000    
  0.733000040       0.00000000    
  0.734000027       0.00000000    
  0.735000014       0.00000000    
  0.736000061       0.00000000    
  0.737000048       0.00000000    
  0.738000035       0.00000000    
  0.739000022       0.00000000    
  0.740000010       0.00000000    
  0.741000056       0.00000000    
  0.742000043       0.00000000    
  0.743000031       0.00000000    
  0.744000018       0.00000000    
  0.745000064       0.00000000    
  0.746000051       0.00000000    
  0.747000039       0.00000000    
  0.748000026       0.00000000    
  0.749000013       0.00000000    
  0.750000060       0.00000000    
  0.751000047       0.00000000    
  0.752000034       0.00000000    
  0.753000021       1.40129846E-45
  0.754000008       7.00649232E-45
  0.755000055       4.06376555E-44
  0.756000042       2.42424634E-43
  0.757000029       1.35785821E-42
  0.758000016       7.37923771E-42
  0.759000063       3.88762233E-41
  0.760000050       1.98817627E-40
  0.761000037       9.87695413E-40
  0.762000024       4.76896059E-39
  0.763000011       2.23911688E-38
  0.764000058       1.02294665E-37
  0.765000045       4.54861257E-37
  0.766000032       1.96993561E-36
  0.767000020       8.31276472E-36
  0.768000007       3.41969157E-35
  0.769000053       1.37220598E-34
  0.770000041       5.37206107E-34
  0.771000028       2.05321541E-33
  0.772000015       7.66398733E-33
  0.773000062       2.79531793E-32
  0.774000049       9.96549669E-32
  0.775000036       3.47408868E-31
  0.776000023       1.18486361E-30
  0.777000010       3.95507281E-30
  0.778000057       1.29266868E-29
  0.779000044       4.13793391E-29
  0.780000031       1.29785061E-28
  0.781000018       3.99013083E-28
  0.782000065       1.20293998E-27
  0.783000052       3.55717681E-27
  0.784000039       1.03218197E-26
  0.785000026       2.93991573E-26
  0.786000013       8.22200386E-26
  0.787000060       2.25883516E-25
  0.788000047       6.09717940E-25
  0.789000034       1.61759981E-24
  0.790000021       4.21944817E-24
  0.791000009       1.08249150E-23
  0.792000055       2.73208501E-23
  0.793000042       6.78552465E-23
  0.794000030       1.65891996E-22
  0.795000017       3.99331589E-22
  0.796000063       9.46853917E-22
  0.797000051       2.21169678E-21
  0.798000038       5.09097961E-21
  0.799000025       1.15512477E-20
  0.800000012       2.58418219E-20
  0.801000059       5.70157049E-20
  0.802000046       1.24092718E-19
  0.803000033       2.66480680E-19
  0.804000020       5.64775709E-19
  0.805000067       1.18169130E-18
  0.806000054       2.44121017E-18
  0.807000041       4.98069228E-18
  0.808000028       1.00383984E-17
  0.809000015       1.99904689E-17
  0.810000062       3.93426720E-17
  0.811000049       7.65348465E-17
  0.812000036       1.47198802E-16
  0.813000023       2.79951483E-16
  0.814000010       5.26614836E-16
  0.815000057       9.80025379E-16
  0.816000044       1.80448236E-15
  0.817000031       3.28810736E-15
  0.818000019       5.93049440E-15
  0.819000065       1.05899235E-14
  0.820000052       1.87230399E-14
  0.821000040       3.27841188E-14
  0.822000027       5.68586180E-14
  0.823000014       9.76924704E-14
  0.824000061       1.66323566E-13
  0.825000048       2.80603801E-13
  0.826000035       4.69229690E-13
  0.827000022       7.77826642E-13
  0.828000069       1.27841856E-12
  0.829000056       2.08343759E-12
  0.830000043       3.36746841E-12
  0.831000030       5.39870319E-12
  0.832000017       8.58628446E-12
  0.833000064       1.35493942E-11
  0.834000051       2.12167419E-11
  0.835000038       3.29711466E-11
  0.836000025       5.08580261E-11
  0.837000012       7.78763790E-11
  0.838000059       1.18395155E-10
  0.839000046       1.78723092E-10
  0.840000033       2.67925238E-10
  0.841000021       3.98908906E-10
  0.842000067       5.89972626E-10
  0.843000054       8.66791972E-10
  0.844000041       1.26528610E-09
  0.845000029       1.83521809E-09
  0.846000016       2.64530176E-09
  0.847000062       3.78964016E-09
  0.848000050       5.39613820E-09
  0.849000037       7.63807062E-09
  0.850000024       1.07485798E-08
  0.851000011       1.50392729E-08
  0.852000058       2.09247126E-08
  0.853000045       2.89517690E-08
  0.854000032       3.98397404E-08
  0.855000019       5.45300622E-08
  0.856000066       7.42460315E-08
  0.857000053       1.00567249E-07
  0.858000040       1.35528708E-07
  0.859000027       1.81730542E-07
  0.860000014       2.42487175E-07
  0.861000061       3.22003871E-07
  0.862000048       4.25560216E-07
  0.863000035       5.59798764E-07
  0.864000022       7.33003958E-07
  0.865000069       9.55498422E-07
  0.866000056       1.23999394E-06
  0.867000043       1.60218849E-06
  0.868000031       2.06131540E-06
  0.869000018       2.64085315E-06
  0.870000064       3.36937023E-06
  0.871000051       4.28128806E-06
  0.872000039       5.41833879E-06
  0.873000026       6.83037479E-06
  0.874000013       8.57706982E-06
  0.875000060       1.07296601E-05
  0.876000047       1.33721996E-05
  0.877000034       1.66041591E-05
  0.878000021       2.05430042E-05
  0.879000068       2.53261460E-05
  0.880000055       3.11136864E-05
  0.881000042       3.80920283E-05
  0.882000029       4.64786317E-05
  0.883000016       5.65228656E-05
  0.884000063       6.85144259E-05
  0.885000050       8.27815238E-05
  0.886000037       9.97057432E-05
  0.887000024       1.19715005E-04
  0.888000071       1.43303900E-04
  0.889000058       1.71022999E-04
  0.890000045       2.03501520E-04
  0.891000032       2.41445348E-04
  0.892000020       2.85645452E-04
  0.893000066       3.36993107E-04
  0.894000053       3.96469346E-04
  0.895000041       4.65173769E-04
  0.896000028       5.44327428E-04
  0.897000015       6.35276258E-04
  0.898000062       7.39514420E-04
  0.899000049       8.58664396E-04
  0.900000036       9.94518283E-04
  0.901000023       1.14903320E-03
  0.902000070       1.32436689E-03
  0.903000057       1.52280915E-03
  0.904000044       1.74689631E-03
  0.905000031       1.99934049E-03
  0.906000018       2.28310656E-03
  0.907000065       2.60137138E-03
  0.908000052       2.95750005E-03
  0.909000039       3.35513544E-03
  0.910000026       3.79819190E-03
  0.911000073       4.29083873E-03
  0.912000060       4.83744219E-03
  0.913000047       5.44266915E-03
  0.914000034       6.11150591E-03
  0.915000021       6.84915157E-03
  0.916000068       7.66122714E-03
  0.917000055       8.55334010E-03
  0.918000042       9.53163207E-03
  0.919000030       1.06024696E-02
  0.920000017       1.17724752E-02
  0.921000063       1.30485687E-02
  0.922000051       1.44378589E-02
  0.923000038       1.59477834E-02
  0.924000025       1.75860673E-02
  0.925000072       1.93607174E-02
  0.926000059       2.12797206E-02
  0.927000046       2.33515240E-02
  0.928000033       2.55847592E-02
  0.929000020       2.79881563E-02
  0.930000067       3.05709466E-02
  0.931000054       3.33419479E-02
  0.932000041       3.63107249E-02
  0.933000028       3.94864455E-02
  0.934000015       4.28788364E-02
  0.935000062       4.64974642E-02
  0.936000049       5.03518470E-02
  0.937000036       5.44517562E-02
  0.938000023       5.88069856E-02
  0.939000070       6.34273216E-02
  0.940000057       6.83221519E-02
  0.941000044       7.35010505E-02
  0.942000031       7.89739937E-02
  0.943000019       8.47500190E-02
  0.944000065       9.08389017E-02
  0.945000052       9.72487777E-02
  0.946000040      0.103989333    
  0.947000027      0.111068718    
  0.948000073      0.118496373    
  0.949000061      0.126278907    
  0.950000048      0.134425506    
  0.951000035      0.142943054    
  0.952000022      0.151839063    
  0.953000069      0.161120236    
  0.954000056      0.170793220    
  0.955000043      0.180863261    
  0.956000030      0.191336870    
  0.957000017      0.202218652    
  0.958000064      0.213514626    
  0.959000051      0.225226566    
  0.960000038      0.237360314    
  0.961000025      0.249917775    
  0.962000072      0.262903661    
  0.963000059      0.276317388    
  0.964000046      0.290162206    
  0.965000033      0.304438412    
  0.966000021      0.319147676    
  0.967000067      0.334289551    
  0.968000054      0.349863172    
  0.969000041      0.365866274    
  0.970000029      0.382299036    
  0.971000075      0.399158955    
  0.972000062      0.416442662    
  0.973000050      0.434146017    
  0.974000037      0.452266484    
  0.975000024      0.470798314    
  0.976000071      0.489739507    
  0.977000058      0.509079993    
  0.978000045      0.528817296    
  0.979000032      0.548942745    
  0.980000019      0.569450676    
  0.981000066      0.590333939    
  0.982000053      0.611584187    
  0.983000040      0.633190691    
  0.984000027      0.655148387    
  0.985000074      0.677446067    
  0.986000061      0.700074673    
  0.987000048      0.723022461    
  0.988000035      0.746282876    
  0.989000022      0.769840837    
  0.990000069      0.793691218    
  0.991000056      0.817815363    
  0.992000043      0.842208743    
  0.993000031      0.866852641    
  0.994000018      0.891741693    
  0.995000064      0.916859448    
  0.996000051      0.942196131    
  0.997000039      0.967735827    
  0.998000026      0.993469298    
  0.999000072       1.01938248    
   1.00000000       1.04546022    
   1.00100005       1.07169247    
   1.00200009       1.09806824    
   1.00300002       1.12456250    
   1.00400007       1.15117884    
   1.00500000       1.17788970    
   1.00600004       1.20469308    
   1.00700009       1.23156834    
   1.00800002       1.25850487    
   1.00900006       1.28548729    
   1.00999999       1.31250656    
   1.01100004       1.33954680    
   1.01200008       1.36660028    
   1.01300001       1.39364398    
   1.01400006       1.42067635    
   1.01500010       1.44767594    
   1.01600003       1.47463858    
   1.01700008       1.50154626    
   1.01800001       1.52838969    
   1.01900005       1.55515516    
   1.02000010       1.58183742    
   1.02100003       1.60841334    
   1.02200007       1.63488519    
   1.02300000       1.66123044    
   1.02400005       1.68744910    
   1.02500010       1.71352291    
   1.02600002       1.73944426    
   1.02700007       1.76520264    
   1.02800000       1.79079163    
   1.02900004       1.81619835    
   1.03000009       1.84141791    
   1.03100002       1.86643219    
   1.03200006       1.89124775    
   1.03299999       1.91584027    
   1.03400004       1.94021451    
   1.03500009       1.96435642    
   1.03600001       1.98826098    
   1.03700006       2.01191807    
   1.03800011       2.03532791    
   1.03900003       2.05847049    
   1.04000008       2.08135891    
   1.04100001       2.10396647    
   1.04200006       2.12630725    
   1.04300010       2.14836144    
   1.04400003       2.17012858    
   1.04500008       2.19160581    
   1.04600000       2.21278787    
   1.04700005       2.23366785    
   1.04800010       2.25424957    
   1.04900002       2.27451587    
   1.05000007       2.29447865    
   1.05100000       2.31411982    
   1.05200005       2.33345127    
   1.05300009       2.35245752    
   1.05400002       2.37114453    
   1.05500007       2.38950443    
   1.05599999       2.40754175    
   1.05700004       2.42524672    
   1.05800009       2.44262815    
   1.05900002       2.45967197    
   1.06000006       2.47639108    
   1.06100011       2.49277258    
   1.06200004       2.50882339    
   1.06300008       2.52453852    
   1.06400001       2.53992319    
   1.06500006       2.55496979    
   1.06600010       2.56968951    
   1.06700003       2.58406591    
   1.06800008       2.59812021    
   1.06900001       2.61183333    
   1.07000005       2.62522221    
   1.07100010       2.63827562    
   1.07200003       2.65100408    
   1.07300007       2.66339970    
   1.07400000       2.67547393    
   1.07500005       2.68721771    
   1.07600009       2.69864607    
   1.07700002       2.70974541    
   1.07800007       2.72053146    
   1.07900000       2.73099279    
   1.08000004       2.74114728    
   1.08100009       2.75098300    
   1.08200002       2.76051188    
   1.08300006       2.76972795    
   1.08400011       2.77864456    
   1.08500004       2.78725147    
   1.08600008       2.79556394    
   1.08700001       2.80357361    
   1.08800006       2.81129456    
   1.08900011       2.81871796    
   1.09000003       2.82585931    
   1.09100008       2.83270788    
   1.09200001       2.83928037    
   1.09300005       2.84556794    
   1.09400010       2.85158515    
   1.09500003       2.85732317    
   1.09600008       2.86279917    
   1.09700000       2.86800051    
   1.09800005       2.87294650    
   1.09900010       2.87762737    
   1.10000002       2.88205719    
   1.10100007       2.88622856    
   1.10200000       2.89015746    
   1.10300004       2.89383388    
   1.10400009       2.89727569    
   1.10500002       2.90047216    
   1.10600007       2.90343976    
   1.10699999       2.90616846    
   1.10800004       2.90867686    
   1.10900009       2.91095495    
   1.11000001       2.91301680    
   1.11100006       2.91485620    
   1.11200011       2.91648841    
   1.11300004       2.91790318    
   1.11400008       2.91911817    
   1.11500001       2.92012382    
   1.11600006       2.92093563    
   1.11700010       2.92154527    
   1.11800003       2.92196870    
   1.11900008       2.92219687    
   1.12000000       2.92224479    
   1.12100005       2.92210412    
   1.12200010       2.92179155    
   1.12300003       2.92129683    
   1.12400007       2.92063618    
   1.12500000       2.91980100    
   1.12600005       2.91880655    
   1.12700009       2.91764307    
   1.12800002       2.91632771    
   1.12900007       2.91484976    
   1.13000000       2.91322637    
   1.13100004       2.91144753    
   1.13200009       2.90952802    
   1.13300002       2.90746045    
   1.13400006       2.90525842    
   1.13500011       2.90291333    
   1.13600004       2.90044069    
   1.13700008       2.89783192    
   1.13800001       2.89510083    
   1.13900006       2.89223933    
   1.14000010       2.88926101    
   1.14100003       2.88615870    
   1.14200008       2.88294530    
   1.14300001       2.87961292    
   1.14400005       2.87617540    
   1.14500010       2.87262368    
   1.14600003       2.86897373    
   1.14700007       2.86521411    
   1.14800000       2.86136079    
   1.14900005       2.85740471    
   1.15000010       2.85335827    
   1.15100002       2.84921503    
   1.15200007       2.84498644    
   1.15300000       2.84066606    
   1.15400004       2.83626485    
   1.15500009       2.83177590    
   1.15600002       2.82721233    
   1.15700006       2.82256460    
   1.15800011       2.81784678    
   1.15900004       2.81305003    
   1.16000009       2.80818701    
   1.16100001       2.80324960    
   1.16200006       2.79825020    
   1.16300011       2.79317999    
   1.16400003       2.78805280    
   1.16500008       2.78285813    
   1.16600001       2.77761102    
   1.16700006       2.77230072    
   1.16800010       2.76694083    
   1.16900003       2.76152229    
   1.17000008       2.75605798    
   1.17100000       2.75053859    
   1.17200005       2.74497581    
   1.17300010       2.73936129    
   1.17400002       2.73370910    
   1.17500007       2.72800779    
   1.17600000       2.72227168    
   1.17700005       2.71648932    
   1.17800009       2.71067524    
   1.17900002       2.70482087    
   1.18000007       2.69893456    
   1.18100011       2.69301033    
   1.18200004       2.68706107    
   1.18300009       2.68107462    
   1.18400002       2.67506480    
   1.18500006       2.66902232    
   1.18600011       2.66295862    
   1.18700004       2.65686560    
   1.18800008       2.65075278    
   1.18900001       2.64461374    
   1.19000006       2.63845849    
   1.19100010       2.63227749    
   1.19200003       2.62608409    
   1.19300008       2.61986709    
   1.19400001       2.61363935    
   1.19500005       2.60739136    
   1.19600010       2.60113430    
   1.19700003       2.59485936    
   1.19800007       2.58857703    
   1.19900000       2.58227921    
   1.20000005       2.57597589    
   1.20100009       2.56965899    
   1.20200002       2.56333899    
   1.20300007       2.55700660    
   1.20400012       2.55067301    
   1.20500004       2.54432988    
   1.20600009       2.53798676    
   1.20700002       2.53163552    
   1.20800006       2.52528620    
   1.20900011       2.51893020    
   1.21000004       2.51257825    
   1.21100008       2.50622058    
   1.21200001       2.49986911    
   1.21300006       2.49351287    
   1.21400011       2.48716378    
   1.21500003       2.48081303    
   1.21600008       2.47447038    
   1.21700001       2.46812606    
   1.21800005       2.46179175    
   1.21900010       2.45545721    
   1.22000003       2.44913435    
   1.22100008       2.44281292    
   1.22200000       2.43650317    
   1.22300005       2.43019629    
   1.22400010       2.42390203    
   1.22500002       2.41761231    
   1.22600007       2.41133595    
   1.22700012       2.40506482    
   1.22800004       2.39880872    
   1.22900009       2.39255905    
   1.23000002       2.38632560    
   1.23100007       2.38009787    
   1.23200011       2.37388730    
   1.23300004       2.36768603    
   1.23400009       2.36150050    
   1.23500001       2.35532498    
   1.23600006       2.34916711    
   1.23700011       2.34301949    
   1.23800004       2.33689094    
   1.23900008       2.33077216    
   1.24000001       2.32467341    
   1.24100006       2.31858611    
   1.24200010       2.31251836    
   1.24300003       2.30646324    
   1.24400008       2.30042863    
   1.24500000       2.29440689    
   1.24600005       2.28840613    
   1.24700010       2.28241849    
   1.24800003       2.27645326    
   1.24900007       2.27050138    
   1.25000000       2.26457214    
   1.25100005       2.25865650    
   1.25200009       2.25276399    
   1.25300002       2.24688721    
   1.25400007       2.24103212    
   1.25500011       2.23519301    
   1.25600004       2.22937775    
   1.25700009       2.22357702    
   1.25800002       2.21780181    
   1.25900006       2.21204185    
   1.26000011       2.20630574    
   1.26100004       2.20058656    
   1.26200008       2.19489145    
   1.26300001       2.18921399    
   1.26400006       2.18356061    
   1.26500010       2.17792439    
   1.26600003       2.17231393    
   1.26700008       2.16671944    
   1.26800001       2.16115165    
   1.26900005       2.15560031    
   1.27000010       2.15007472    
   1.27100003       2.14456725    
   1.27200007       2.13908505    
   1.27300000       2.13362122    
   1.27400005       2.12818313    
   1.27500010       2.12276268    
   1.27600002       2.11736894    
   1.27700007       2.11199307    
   1.27800012       2.10664344    
   1.27900004       2.10131264    
   1.28000009       2.09600759    
   1.28100002       2.09072137    
   1.28200006       2.08546162    
   1.28300011       2.08021975    
   1.28400004       2.07500505    
   1.28500009       2.06980872    
   1.28600001       2.06463933    
   1.28700006       2.05948830    
   1.28800011       2.05436349    
   1.28900003       2.04925823    
   1.29000008       2.04417944    
   1.29100001       2.03911924    
   1.29200006       2.03408551    
   1.29300010       2.02907062    
   1.29400003       2.02408290    
   1.29500008       2.01911378    
   1.29600000       2.01417136    
   1.29700005       2.00924730    
   1.29800010       2.00434995    
   1.29900002       1.99947202    
   1.30000007       1.99462008    
   1.30100012       1.98978710    
   1.30200005       1.98498094    
   1.30300009       1.98019350    
   1.30400002       1.97543252    
   1.30500007       1.97068989    
   1.30600011       1.96597397    
   1.30700004       1.96127713    
   1.30800009       1.95660627    
   1.30900002       1.95195425    
   1.31000006       1.94732797    
   1.31100011       1.94272065    
   1.31200004       1.93813944    
   1.31300008       1.93357670    
   1.31400001       1.92904055    
   1.31500006       1.92452216    
   1.31600010       1.92002988    
   1.31700003       1.91555643    
   1.31800008       1.91110826    
   1.31900001       1.90667868    
   1.32000005       1.90227461    
   1.32100010       1.89788878    
   1.32200003       1.89352858    
   1.32300007       1.88918650    
   1.32400012       1.88486981    
   1.32500005       1.88057137    
   1.32600009       1.87629783    
   1.32700002       1.87204266    
   1.32800007       1.86781216    
   1.32900012       1.86359954    
   1.33000004       1.85941207    
   1.33100009       1.85524249    
   1.33200002       1.85109782    
   1.33300006       1.84697020    
   1.33400011       1.84286737    
   1.33500004       1.83878243    
   1.33600008       1.83472145    
   1.33700001       1.83067846    
   1.33800006       1.82665920    
   1.33900011       1.82265723    
   1.34000003       1.81867993    
   1.34100008       1.81471920    
   1.34200001       1.81078291    
   1.34300005       1.80686295    
   1.34400010       1.80296719    
   1.34500003       1.79908860    
   1.34600008       1.79523301    
   1.34700012       1.79139411    
   1.34800005       1.78757954    
   1.34900010       1.78378081    
   1.35000002       1.78000557    
   1.35100007       1.77624667    
   1.35200012       1.77251065    
   1.35300004       1.76879168    
   1.35400009       1.76509476    
   1.35500002       1.76141465    
   1.35600007       1.75775683    
   1.35700011       1.75411499    
   1.35800004       1.75049591    
   1.35900009       1.74689245    
   1.36000001       1.74331188    
   1.36100006       1.73974657    
   1.36200011       1.73620343    
   1.36300004       1.73267591    
   1.36400008       1.72917032    
   1.36500001       1.72568047    
   1.36600006       1.72221196    
   1.36700010       1.71875882    
   1.36800003       1.71532762    
   1.36900008       1.71191108    
   1.37000012       1.70851612    
   1.37100005       1.70513630    
   1.37200010       1.70177734    
   1.37300003       1.69843376    
   1.37400007       1.69511080    
   1.37500012       1.69180238    
   1.37600005       1.68851519    
   1.37700009       1.68524206    
   1.37800002       1.68199015    
   1.37900007       1.67875230    
   1.38000011       1.67553461    
   1.38100004       1.67233181    
   1.38200009       1.66914892    
   1.38300002       1.66598022    
   1.38400006       1.66283143    
   1.38500011       1.65969646    
   1.38600004       1.65658200    
   1.38700008       1.65348041    
   1.38800001       1.65039933    
   1.38900006       1.64733136    
   1.39000010       1.64428318    
   1.39100003       1.64124858    
   1.39200008       1.63823295    
   1.39300001       1.63523114    
   1.39400005       1.63224816    
   1.39500010       1.62927818    
   1.39600003       1.62632763    
   1.39700007       1.62338972    
   1.39800012       1.62047064    
   1.39900005       1.61756492    
   1.40000010       1.61467731    
   1.40100002       1.61180270    
   1.40200007       1.60894632    
   1.40300012       1.60610259    
   1.40400004       1.60327744    
   1.40500009       1.60046422    
   1.40600002       1.59766948    
   1.40700006       1.59488666    
   1.40800011       1.59212208    
   1.40900004       1.58936965    
   1.41000009       1.58663487    
   1.41100001       1.58391225    
   1.41200006       1.58120692    
   1.41300011       1.57851338    
   1.41400003       1.57583773    
   1.41500008       1.57317340    
   1.41600001       1.57052648    
   1.41700006       1.56789076    
   1.41800010       1.56527257    
   1.41900003       1.56266582    
   1.42000008       1.56007588    
   1.42100012       1.55749702    
   1.42200005       1.55493498    
   1.42300010       1.55238426    
   1.42400002       1.54985023    
   1.42500007       1.54732680    
   1.42600012       1.54481995    
   1.42700005       1.54232419    
   1.42800009       1.53984427    
   1.42900002       1.53737557    
   1.43000007       1.53492260    
   1.43100011       1.53248024    
   1.43200004       1.53005409    
   1.43300009       1.52763832    
   1.43400002       1.52523839    
   1.43500006       1.52284873    
   1.43600011       1.52047443    
   1.43700004       1.51811087    
   1.43800008       1.51576233    
   1.43900001       1.51342428    
   1.44000006       1.51110113    
   1.44100010       1.50878799    
   1.44200003       1.50649023    
   1.44300008       1.50420213    
   1.44400012       1.50192916    
   1.44500005       1.49966609    
   1.44600010       1.49741733    
   1.44700003       1.49517870    
   1.44800007       1.49295461    
   1.44900012       1.49073982    
   1.45000005       1.48853981    
   1.45100009       1.48634899    
   1.45200002       1.48417294    
   1.45300007       1.48200572    
   1.45400012       1.47985280    
   1.45500004       1.47770929    
   1.45600009       1.47557974    
   1.45700002       1.47345924    
   1.45800006       1.47135270    
   1.45900011       1.46925485    
   1.46000004       1.46717119    
   1.46100008       1.46509600    
   1.46200001       1.46303487    
   1.46300006       1.46098185    
   1.46400011       1.45894301    
   1.46500003       1.45691228    
   1.46600008       1.45489514    
   1.46700013       1.45288634    
   1.46800005       1.45089126    
   1.46900010       1.44890392    
   1.47000003       1.44693029    
   1.47100008       1.44496441    
   1.47200012       1.44301188    
   1.47300005       1.44106722    
   1.47400010       1.43913567    
   1.47500002       1.43721199    
   1.47600007       1.43530142    
   1.47700012       1.43339825    
   1.47800004       1.43150806    
   1.47900009       1.42962551    
   1.48000002       1.42775595    
   1.48100007       1.42589343    
   1.48200011       1.42404366    
   1.48300004       1.42220140    
   1.48400009       1.42037165    
   1.48500001       1.41854918    
   1.48600006       1.41673887    
   1.48700011       1.41493583    
   1.48800004       1.41314530    
   1.48900008       1.41136134    
   1.49000013       1.40958977    
   1.49100006       1.40782547    
   1.49200010       1.40607297    
   1.49300003       1.40432727    
   1.49400008       1.40259361    
   1.49500012       1.40086663    
   1.49600005       1.39915168    
   1.49700010       1.39744318    
   1.49800003       1.39574647    
   1.49900007       1.39405632    
   1.50000012       1.39237761    
   1.50100005       1.39070570    
   1.50200009       1.38904500    
   1.50300002       1.38739097    
   1.50400007       1.38574815    
   1.50500011       1.38411152    
   1.50600004       1.38248658    
   1.50700009       1.38086748    
   1.50800002       1.37925982    
   1.50900006       1.37765801    
   1.51000011       1.37606740    
   1.51100004       1.37448287    
   1.51200008       1.37290931    
   1.51300013       1.37134147    
   1.51400006       1.36978483    
   1.51500010       1.36823392    
   1.51600003       1.36669385    
   1.51700008       1.36515927    
   1.51800013       1.36363554    
   1.51900005       1.36211765    
   1.52000010       1.36061025    
   1.52100003       1.35910845    
   1.52200007       1.35761714    
   1.52300012       1.35613132    
   1.52400005       1.35465586    
   1.52500010       1.35318589    
   1.52600002       1.35172617    
   1.52700007       1.35027170    
   1.52800012       1.34882760    
   1.52900004       1.34738898    
   1.53000009       1.34596002    
   1.53100002       1.34453654    
   1.53200006       1.34312296    
   1.53300011       1.34171450    
   1.53400004       1.34031618    
   1.53500009       1.33892262    
   1.53600001       1.33753920    
   1.53700006       1.33616054    
   1.53800011       1.33479154    
   1.53900003       1.33342779    
   1.54000008       1.33207357    
   1.54100013       1.33072388    
   1.54200006       1.32938433    
   1.54300010       1.32804918    
   1.54400003       1.32672346    
   1.54500008       1.32540262    
   1.54600012       1.32409096    
   1.54700005       1.32278430    
   1.54800010       1.32148671    
   1.54900002       1.32019377    
   1.55000007       1.31891012    
   1.55100012       1.31763065    
   1.55200005       1.31636071    
   1.55300009       1.31509495    
   1.55400002       1.31383836    
   1.55500007       1.31258595    
   1.55600011       1.31134272    
   1.55700004       1.31010377    
   1.55800009       1.30887377    
   1.55900002       1.30764794    
   1.56000006       1.30643094    
   1.56100011       1.30521798    
   1.56200004       1.30401409    
   1.56300008       1.30281401    
   1.56400013       1.30162287    
   1.56500006       1.30043566    
   1.56600010       1.29925704    
   1.56700003       1.29808247    
   1.56800008       1.29691625    
   1.56900012       1.29575408    
   1.57000005       1.29460037    
   1.57100010       1.29345047    
   1.57200003       1.29230917    
   1.57300007       1.29117143    
   1.57400012       1.29004204    
   1.57500005       1.28891647    
   1.57600009       1.28779900    
   1.57700002       1.28668547    
   1.57800007       1.28557992    
   1.57900012       1.28447807    
   1.58000004       1.28338444    
   1.58100009       1.28229415    
   1.58200002       1.28121209    
   1.58300006       1.28013349    
   1.58400011       1.27906275    
   1.58500004       1.27799559    
   1.58600008       1.27693629    
   1.58700013       1.27588034    
   1.58800006       1.27483249    
   1.58900011       1.27378786    
   1.59000003       1.27275097    
   1.59100008       1.27171743    
   1.59200013       1.27069139    
   1.59300005       1.26966894    
   1.59400010       1.26865387    
   1.59500003       1.26764214    
   1.59600008       1.26663804    
   1.59700012       1.26563692    
   1.59800005       1.26464355    
   1.59900010       1.26365304    
   1.60000002       1.26267016    
   1.60100007       1.26169026    
   1.60200012       1.26071787    
   1.60300004       1.25974834    
   1.60400009       1.25878632    
   1.60500002       1.25782716    
   1.60600007       1.25687528    
   1.60700011       1.25592613    
   1.60800004       1.25498450    
   1.60900009       1.25404549    
   1.61000013       1.25311375    
   1.61100006       1.25218487    
   1.61200011       1.25126314    
   1.61300004       1.25034404    
   1.61400008       1.24943221    
   1.61500013       1.24852288    
   1.61600006       1.24762070    
   1.61700010       1.24672103    
   1.61800003       1.24582851    
   1.61900008       1.24493837    
   1.62000012       1.24405527    
   1.62100005       1.24317491    
   1.62200010       1.24230123    
   1.62300003       1.24143016    
   1.62400007       1.24056566    
   1.62500012       1.23970389    
   1.62600005       1.23884892    
   1.62700009       1.23799622    
   1.62800002       1.23715031    
   1.62900007       1.23630667    
   1.63000011       1.23546982    
   1.63100004       1.23463535    
   1.63200009       1.23380756    
   1.63300014       1.23298192    
   1.63400006       1.23216295    
   1.63500011       1.23134601    
   1.63600004       1.23053598    
   1.63700008       1.22972775    
   1.63800013       1.22892618    
   1.63900006       1.22812688    
   1.64000010       1.22733390    
   1.64100003       1.22654307    
   1.64200008       1.22575867    
   1.64300013       1.22497630    
   1.64400005       1.22420037    
   1.64500010       1.22342646    
   1.64600003       1.22265899    
   1.64700007       1.22189307    
   1.64800012       1.22113383    
   1.64900005       1.22037661    
   1.65000010       1.21962547    
   1.65100002       1.21887624    
   1.65200007       1.21813321    
   1.65300012       1.21739197    
   1.65400004       1.21665716    
   1.65500009       1.21592379    
   1.65600014       1.21519661    
   1.65700006       1.21447158    
   1.65800011       1.21375227    
   1.65900004       1.21303499    
   1.66000009       1.21232355    
   1.66100013       1.21161389    
   1.66200006       1.21091020    
   1.66300011       1.21020818    
   1.66400003       1.20951235    
   1.66500008       1.20881784    
   1.66600013       1.20812953    
   1.66700006       1.20744264    
   1.66800010       1.20676172    
   1.66900003       1.20608246    
   1.67000008       1.20540893    
   1.67100012       1.20473695    
   1.67200005       1.20407069    
   1.67300010       1.20340610    
   1.67400002       1.20274723    
   1.67500007       1.20208991    
   1.67600012       1.20143819    
   1.67700005       1.20078814    
   1.67800009       1.20014346    
   1.67900014       1.19950032    
   1.68000007       1.19886303    
   1.68100011       1.19822693    
   1.68200004       1.19759655    
   1.68300009       1.19696748    
   1.68400013       1.19634378    
   1.68500006       1.19572175    
   1.68600011       1.19510520    
   1.68700004       1.19448996    
   1.68800008       1.19388020    
   1.68900013       1.19327164    
   1.69000006       1.19266868    
   1.69100010       1.19206655    
   1.69200003       1.19147038    
   1.69300008       1.19087517    
   1.69400012       1.19028544    
   1.69500005       1.18969691    
   1.69600010       1.18911374    
   1.69700003       1.18853176    
   1.69800007       1.18795502    
   1.69900012       1.18737936    
   1.70000005       1.18680918    
   1.70100009       1.18623996    
   1.70200002       1.18567622    
   1.70300007       1.18511355    
   1.70400012       1.18455577    
   1.70500004       1.18399930    
   1.70600009       1.18344820    
   1.70700014       1.18289793    
   1.70800006       1.18235290    
   1.70900011       1.18180859    
   1.71000004       1.18126976    
   1.71100008       1.18073177    
   1.71200013       1.18019903    
   1.71300006       1.17966700    
   1.71400011       1.17914021    
   1.71500003       1.17861450    
   1.71600008       1.17809343    
   1.71700013       1.17757356    
   1.71800005       1.17705870    
   1.71900010       1.17654455    
   1.72000003       1.17603564    
   1.72100008       1.17552733    
   1.72200012       1.17502403    
   1.72300005       1.17452180    
   1.72400010       1.17402434    
   1.72500002       1.17352784    
   1.72600007       1.17303598    
   1.72700012       1.17254484    
   1.72800004       1.17205894    
   1.72900009       1.17157364    
   1.73000014       1.17109311    
   1.73100007       1.17061353    
   1.73200011       1.17013848    
   1.73300004       1.16966438    
   1.73400009       1.16919494    
   1.73500013       1.16872609    
   1.73600006       1.16826224    
   1.73700011       1.16779900    
   1.73800004       1.16734052    
   1.73900008       1.16688275    
   1.74000013       1.16642952    
   1.74100006       1.16597700    
   1.74200010       1.16552925    
   1.74300003       1.16508198    
   1.74400008       1.16463947    
   1.74500012       1.16419744    
   1.74600005       1.16376007    
   1.74700010       1.16332340    
   1.74800003       1.16289139    
   1.74900007       1.16245973    
   1.75000012       1.16203272    
   1.75100005       1.16160619    
   1.75200009       1.16118431    
   1.75300014       1.16076291    
   1.75400007       1.16034603    
   1.75500011       1.15992963    
   1.75600004       1.15951777    
   1.75700009       1.15910637    
   1.75800014       1.15869939    
   1.75900006       1.15829301    
   1.76000011       1.15789104    
   1.76100004       1.15748954    
   1.76200008       1.15709245    
   1.76300013       1.15669560    
   1.76400006       1.15630352    
   1.76500010       1.15591156    
   1.76600003       1.15552413    
   1.76700008       1.15513706    
   1.76800013       1.15475440    
   1.76900005       1.15437210    
   1.77000010       1.15399396    
   1.77100003       1.15361643    
   1.77200007       1.15324295    
   1.77300012       1.15287006    
   1.77400005       1.15250146    
   1.77500010       1.15213299    
   1.77600014       1.15176892    
   1.77700007       1.15140510    
   1.77800012       1.15104556    
   1.77900004       1.15068638    
   1.78000009       1.15033138    
   1.78100014       1.14997649    
   1.78200006       1.14962614    
   1.78300011       1.14927578    
   1.78400004       1.14892983    
   1.78500009       1.14858389    
   1.78600013       1.14824212    
   1.78700006       1.14790070    
   1.78800011       1.14756322    
   1.78900003       1.14722633    
   1.79000008       1.14689326    
   1.79100013       1.14656055    
   1.79200006       1.14623189    
   1.79300010       1.14590335    
   1.79400003       1.14557910    
   1.79500008       1.14525473    
   1.79600012       1.14493454    
   1.79700005       1.14461470    
   1.79800010       1.14429855    
   1.79900014       1.14398277    
   1.80000007       1.14367104    
   1.80100012       1.14335930    
   1.80200005       1.14305174    
   1.80300009       1.14274406    
   1.80400014       1.14244056    
   1.80500007       1.14213717    
   1.80600011       1.14183760    
   1.80700004       1.14153826    
   1.80800009       1.14124274    
   1.80900013       1.14094722    
   1.81000006       1.14065599    
   1.81100011       1.14036441    
   1.81200004       1.14007699    
   1.81300008       1.13978946    
   1.81400013       1.13950598    
   1.81500006       1.13922238    
   1.81600010       1.13894284    
   1.81700003       1.13866329    
   1.81800008       1.13838756    
   1.81900012       1.13811159    
   1.82000005       1.13783979    
   1.82100010       1.13756788    
   1.82200015       1.13729966    
   1.82300007       1.13703167    
   1.82400012       1.13676727    
   1.82500005       1.13650298    
   1.82600009       1.13624263    
   1.82700014       1.13598192    
   1.82800007       1.13572514    
   1.82900012       1.13546824    
   1.83000004       1.13521516    
   1.83100009       1.13496184    
   1.83200014       1.13471258    
   1.83300006       1.13446295    
   1.83400011       1.13421726    
   1.83500004       1.13397145    
   1.83600008       1.13372922    
   1.83700013       1.13348687    
   1.83800006       1.13324833    
   1.83900011       1.13300979    
   1.84000003       1.13277471    
   1.84100008       1.13253951    
   1.84200013       1.13230824    
   1.84300005       1.13207650    
   1.84400010       1.13184857    
   1.84500003       1.13162041    
   1.84600008       1.13139606    
   1.84700012       1.13117135    
   1.84800005       1.13095033    
   1.84900010       1.13072920    
   1.85000014       1.13051176    
   1.85100007       1.13029385    
   1.85200012       1.13007975    
   1.85300004       1.12986541    
   1.85400009       1.12965488    
   1.85500014       1.12944376    
   1.85600007       1.12923634    
   1.85700011       1.12902868    
   1.85800004       1.12882471    
   1.85900009       1.12862039    
   1.86000013       1.12841964    
   1.86100006       1.12821889    
   1.86200011       1.12802136    
   1.86300004       1.12782359    
   1.86400008       1.12762940    
   1.86500013       1.12743509    
   1.86600006       1.12724400    
   1.86700010       1.12705290    
   1.86800003       1.12686503    
   1.86900008       1.12667716    
   1.87000012       1.12649274    
   1.87100005       1.12630785    
   1.87200010       1.12612653    
   1.87300014       1.12594485    
   1.87400007       1.12576675    
   1.87500012       1.12558818    
   1.87600005       1.12541318    
   1.87700009       1.12523770    
   1.87800014       1.12506568    
   1.87900007       1.12489355    
   1.88000011       1.12472475    
   1.88100004       1.12455547    
   1.88200009       1.12438965    
   1.88300014       1.12422347    
   1.88400006       1.12406087    
   1.88500011       1.12389767    
   1.88600004       1.12373805    
   1.88700008       1.12357783    
   1.88800013       1.12342119    
   1.88900006       1.12326396    
   1.89000010       1.12311018    
   1.89100003       1.12295616    
   1.89200008       1.12280536    
   1.89300013       1.12265408    
   1.89400005       1.12250626    
   1.89500010       1.12235796    
   1.89600015       1.12221301    
   1.89700007       1.12206757    
   1.89800012       1.12192559    
   1.89900005       1.12178314    
   1.90000010       1.12164402    
   1.90100014       1.12150419    
   1.90200007       1.12136793    
   1.90300012       1.12123108    
   1.90400004       1.12109756    
   1.90500009       1.12096369    
   1.90600014       1.12083292    
   1.90700006       1.12070179    
   1.90800011       1.12057376    
   1.90900004       1.12044549    
   1.91000009       1.12032020    
   1.91100013       1.12019479    
   1.91200006       1.12007225    
   1.91300011       1.11994922    
   1.91400003       1.11982965    
   1.91500008       1.11970937    
   1.91600013       1.11959231    
   1.91700006       1.11947477    
   1.91800010       1.11936045    
   1.91900015       1.11924553    
   1.92000008       1.11913395    
   1.92100012       1.11902165    
   1.92200005       1.11891270    
   1.92300010       1.11880291    
   1.92400014       1.11869657    
   1.92500007       1.11858952    
   1.92600012       1.11848557    
   1.92700005       1.11838126    
   1.92800009       1.11827981    
   1.92900014       1.11817789    
   1.93000007       1.11807907    
   1.93100011       1.11797953    
   1.93200004       1.11788344    
   1.93300009       1.11778641    
   1.93400013       1.11769259    
   1.93500006       1.11759806    
   1.93600011       1.11750674    
   1.93700004       1.11741483    
   1.93800008       1.11732566    
   1.93900013       1.11723614    
   1.94000006       1.11714959    
   1.94100010       1.11706233    
   1.94200015       1.11697817    
   1.94300008       1.11689329    
   1.94400012       1.11681151    
   1.94500005       1.11672890    
   1.94600010       1.11664939    
   1.94700015       1.11656892    
   1.94800007       1.11649179    
   1.94900012       1.11641371    
   1.95000005       1.11633873    
   1.95100009       1.11626303    
   1.95200014       1.11619008    
   1.95300007       1.11611640    
   1.95400012       1.11604583    
   1.95500004       1.11597455    
   1.95600009       1.11590600    
   1.95700014       1.11583674    
   1.95800006       1.11577034    
   1.95900011       1.11570311    
   1.96000004       1.11563897    
   1.96100008       1.11557388    
   1.96200013       1.11551142    
   1.96300006       1.11544836    
   1.96400011       1.11538804    
   1.96500015       1.11532700    
   1.96600008       1.11526871    
   1.96700013       1.11520958    
   1.96800005       1.11515343    
   1.96900010       1.11509597    
   1.97000015       1.11504161    
   1.97100008       1.11498618    
   1.97200012       1.11493361    
   1.97300005       1.11488020    
   1.97400010       1.11482930    
   1.97500014       1.11477757    
   1.97600007       1.11472845    
   1.97700012       1.11467862    
   1.97800004       1.11463130    
   1.97900009       1.11458302    
   1.98000014       1.11453724    
   1.98100007       1.11449063    
   1.98200011       1.11444676    
   1.98300004       1.11440182    
   1.98400009       1.11435938    
   1.98500013       1.11431599    
   1.98600006       1.11427522    
   1.98700011       1.11423326    
   1.98800004       1.11419392    
   1.98900008       1.11415350    
   1.99000013       1.11411560    
   1.99100006       1.11407661    
   1.99200010       1.11404014    
   1.99300015       1.11400247    
   1.99400008       1.11396730    
   1.99500012       1.11393106    
   1.99600005       1.11389720    
   1.99700010       1.11386228    
   1.99800014       1.11382985    
   1.99900007       1.11379600    
   2.00000000       1.11376464    
   2.00100017       1.11373210    
   2.00200009       1.11370194    
   2.00300002       1.11367035    
   2.00400019       1.11364138    
   2.00500011       1.11361074    
   2.00600004       1.11358297    
   2.00700021       1.11355340    
   2.00800014       1.11352646    
   2.00900006       1.11349797    
   2.00999999       1.11347187    
   2.01100016       1.11344433    
   2.01200008       1.11341906    
   2.01300001       1.11339247    
   2.01400018       1.11336803    
   2.01500010       1.11334217    
   2.01600003       1.11331880    
   2.01700020       1.11329353    
   2.01800013       1.11327064    
   2.01900005       1.11324632    
   2.01999998       1.11322415    
   2.02100015       1.11320031    
   2.02200007       1.11317861    
   2.02300000       1.11315548    
   2.02400017       1.11313438    
   2.02500010       1.11311173    
   2.02600002       1.11309111    
   2.02700019       1.11306882    
   2.02800012       1.11304867    
   2.02900004       1.11302698    
   2.03000021       1.11300731    
   2.03100014       1.11298585    
   2.03200006       1.11296642    
   2.03299999       1.11294520    
   2.03400016       1.11292601    
   2.03500009       1.11290514    
   2.03600001       1.11288619    
   2.03700018       1.11286545    
   2.03800011       1.11284673    
   2.03900003       1.11282611    
   2.04000020       1.11280739    
   2.04100013       1.11278677    
   2.04200006       1.11276817    
   2.04299998       1.11274767    
   2.04400015       1.11272907    
   2.04500008       1.11270845    
   2.04600000       1.11268973    
   2.04700017       1.11266911    
   2.04800010       1.11265028    
   2.04900002       1.11262929    
   2.05000019       1.11261034    
   2.05100012       1.11258936    
   2.05200005       1.11256993    
   2.05300021       1.11254883    
   2.05400014       1.11252928    
   2.05500007       1.11250770    
   2.05599999       1.11248767    
   2.05700016       1.11246574    
   2.05800009       1.11244547    
   2.05900002       1.11242318    
   2.06000018       1.11240232    
   2.06100011       1.11237955    
   2.06200004       1.11235833    
   2.06300020       1.11233509    
   2.06400013       1.11231315    
   2.06500006       1.11228931    
   2.06599998       1.11226702    
   2.06700015       1.11224234    
   2.06800008       1.11221933    
   2.06900001       1.11219418    
   2.07000017       1.11217034    
   2.07100010       1.11214447    
   2.07200003       1.11212003    
   2.07300019       1.11209345    
   2.07400012       1.11206818    
   2.07500005       1.11204076    
   2.07600021       1.11201465    
   2.07700014       1.11198640    
   2.07800007       1.11195946    
   2.07900000       1.11193025    
   2.08000016       1.11190236    
   2.08100009       1.11187220    
   2.08200002       1.11184335    
   2.08300018       1.11181223    
   2.08400011       1.11178243    
   2.08500004       1.11175036    
   2.08600020       1.11171949    
   2.08700013       1.11168635    
   2.08800006       1.11165452    
   2.08899999       1.11162007    
   2.09000015       1.11158693    
   2.09100008       1.11155164    
   2.09200001       1.11151743    
   2.09300017       1.11148083    
   2.09400010       1.11144543    
   2.09500003       1.11140764    
   2.09600019       1.11137104    
   2.09700012       1.11133218    
   2.09800005       1.11129415    
   2.09900022       1.11125398    
   2.10000014       1.11121476    
   2.10100007       1.11117315    
   2.10200000       1.11113274    
   2.10300016       1.11108983    
   2.10400009       1.11104810    
   2.10500002       1.11100388    
   2.10600019       1.11096060    
   2.10700011       1.11091506    
   2.10800004       1.11087048    
   2.10900021       1.11082327    
   2.11000013       1.11077726    
   2.11100006       1.11072874    
   2.11199999       1.11068130    
   2.11300015       1.11063147    
   2.11400008       1.11058259    
   2.11500001       1.11053109    
   2.11600018       1.11048067    
   2.11700010       1.11042774    
   2.11800003       1.11037588    
   2.11900020       1.11032140    
   2.12000012       1.11026788    
   2.12100005       1.11021197    
   2.12200022       1.11015689    
   2.12300014       1.11009932    
   2.12400007       1.11004281    
   2.12500000       1.10998368    
   2.12600017       1.10992551    
   2.12700009       1.10986483    
   2.12800002       1.10980511    
   2.12900019       1.10974264    
   2.13000011       1.10968125    
   2.13100004       1.10961735    
   2.13200021       1.10955441    
   2.13300014       1.10948884    
   2.13400006       1.10942411    
   2.13499999       1.10935700    
   2.13600016       1.10929072    
   2.13700008       1.10922194    
   2.13800001       1.10915387    
   2.13900018       1.10908341    
   2.14000010       1.10901380    
   2.14100003       1.10894167    
   2.14200020       1.10887051    
   2.14300013       1.10879660    
   2.14400005       1.10872364    
   2.14500022       1.10864818    
   2.14600015       1.10857356    
   2.14700007       1.10849643    
   2.14800000       1.10842001    
   2.14900017       1.10834122    
   2.15000010       1.10826325    
   2.15100002       1.10818267    
   2.15200019       1.10810304    
   2.15300012       1.10802090    
   2.15400004       1.10793960    
   2.15500021       1.10785568    
   2.15600014       1.10777271    
   2.15700006       1.10768700    
   2.15799999       1.10760248    
   2.15900016       1.10751522    
   2.16000009       1.10742891    
   2.16100001       1.10733998    
   2.16200018       1.10725176    
   2.16300011       1.10716128    
   2.16400003       1.10707164    
   2.16500020       1.10697925    
   2.16600013       1.10688794    
   2.16700006       1.10679412    
   2.16800022       1.10670102    
   2.16900015       1.10660541    
   2.17000008       1.10651076    
   2.17100000       1.10641348    
   2.17200017       1.10631728    
   2.17300010       1.10621846    
   2.17400002       1.10612047    
   2.17500019       1.10602009    
   2.17600012       1.10592043    
   2.17700005       1.10581851    
   2.17800021       1.10571718    
   2.17900014       1.10561347    
   2.18000007       1.10551083    
   2.18099999       1.10540545    
   2.18200016       1.10530114    
   2.18300009       1.10519433    
   2.18400002       1.10508835    
   2.18500018       1.10498011    
   2.18600011       1.10487258    
   2.18700004       1.10476243    
   2.18800020       1.10465348    
   2.18900013       1.10454202    
   2.19000006       1.10443139    
   2.19100022       1.10431826    
   2.19200015       1.10420620    
   2.19300008       1.10409176    
   2.19400001       1.10397804    
   2.19500017       1.10386193    
   2.19600010       1.10374701    
   2.19700003       1.10362947    
   2.19800019       1.10351300    
   2.19900012       1.10339391    
   2.20000005       1.10327590    
   2.20100021       1.10315549    
   2.20200014       1.10303605    
   2.20300007       1.10291421    
   2.20400000       1.10279322    
   2.20500016       1.10267007    
   2.20600009       1.10254765    
   2.20700002       1.10242319    
   2.20800018       1.10229957    
   2.20900011       1.10217345    
   2.21000004       1.10204864    
   2.21100020       1.10192108    
   2.21200013       1.10179484    
   2.21300006       1.10166597    
   2.21399999       1.10153830    
   2.21500015       1.10140848    
   2.21600008       1.10127926    
   2.21700001       1.10114813    
   2.21800017       1.10101783    
   2.21900010       1.10088515    
   2.22000003       1.10075378    
   2.22100019       1.10061991    
   2.22200012       1.10048711    
   2.22300005       1.10035193    
   2.22400022       1.10021806    
   2.22500014       1.10008168    
   2.22600007       1.09994662    
   2.22700000       1.09980917    
   2.22800016       1.09967268    
   2.22900009       1.09953415    
   2.23000002       1.09939659    
   2.23100019       1.09925675    
   2.23200011       1.09911811    
   2.23300004       1.09897733    
   2.23400021       1.09883749    
   2.23500013       1.09869552    
   2.23600006       1.09855461    
   2.23699999       1.09841168    
   2.23800015       1.09826970    
   2.23900008       1.09812558    
   2.24000001       1.09798253    
   2.24100018       1.09783757    
   2.24200010       1.09769344    
   2.24300003       1.09754741    
   2.24400020       1.09740233    
   2.24500012       1.09725523    
   2.24600005       1.09710932    
   2.24700022       1.09696114    
   2.24800014       1.09681416    
   2.24900007       1.09666502    
   2.25000000       1.09651721    
   2.25100017       1.09636736    
   2.25200009       1.09621847    
   2.25300002       1.09606767    
   2.25400019       1.09591794    
   2.25500011       1.09576631    
   2.25600004       1.09561586    
   2.25700021       1.09546316    
   2.25800014       1.09531188    
   2.25900006       1.09515834    
   2.25999999       1.09500623    
   2.26100016       1.09485209    
   2.26200008       1.09469903    
   2.26300001       1.09454405    
   2.26400018       1.09439039    
   2.26500010       1.09423459    
   2.26600003       1.09407997    
   2.26700020       1.09392345    
   2.26800013       1.09376836    
   2.26900005       1.09361112    
   2.27000022       1.09345520    
   2.27100015       1.09329736    
   2.27200007       1.09314060    
   2.27300000       1.09298217    
   2.27400017       1.09282470    
   2.27500010       1.09266567    
   2.27600002       1.09250760    
   2.27700019       1.09234786    
   2.27800012       1.09218919    
   2.27900004       1.09202886    
   2.28000021       1.09186971    
   2.28100014       1.09170866    
   2.28200006       1.09154904    
   2.28299999       1.09138751    
   2.28400016       1.09122717    
   2.28500009       1.09106493    
   2.28600001       1.09090424    
   2.28700018       1.09074163    
   2.28800011       1.09058022    
   2.28900003       1.09041715    
   2.29000020       1.09025526    
   2.29100013       1.09009159    
   2.29200006       1.08992946    
   2.29300022       1.08976531    
   2.29400015       1.08960259    
   2.29500008       1.08943820    
   2.29600000       1.08927488    
   2.29700017       1.08911014    
   2.29800010       1.08894646    
   2.29900002       1.08878124    
   2.30000019       1.08861721    
   2.30100012       1.08845162    
   2.30200005       1.08828723    
   2.30300021       1.08812129    
   2.30400014       1.08795655    
   2.30500007       1.08779013    
   2.30599999       1.08762515    
   2.30700016       1.08745849    
   2.30800009       1.08729327    
   2.30900002       1.08712626    
   2.31000018       1.08696055    
   2.31100011       1.08679342    
   2.31200004       1.08662760    
   2.31300020       1.08645999    
   2.31400013       1.08629382    
   2.31500006       1.08612621    
   2.31600022       1.08595991    
   2.31700015       1.08579195    
   2.31800008       1.08562529    
   2.31900001       1.08545721    
   2.32000017       1.08529043    
   2.32100010       1.08512199    
   2.32200003       1.08495522    
   2.32300019       1.08478665    
   2.32400012       1.08461952    
   2.32500005       1.08445084    
   2.32600021       1.08428371    
   2.32700014       1.08411479    
   2.32800007       1.08394754    
   2.32900000       1.08377862    
   2.33000016       1.08361113    
   2.33100009       1.08344209    
   2.33200002       1.08327460    
   2.33300018       1.08310544    
   2.33400011       1.08293784    
   2.33500004       1.08276868    
   2.33600020       1.08260095    
   2.33700013       1.08243179    
   2.33800006       1.08226407    
   2.33900023       1.08209467    
   2.34000015       1.08192694    
   2.34100008       1.08175778    
   2.34200001       1.08159006    
   2.34300017       1.08142078    
   2.34400010       1.08125293    
   2.34500003       1.08108366    
   2.34600019       1.08091581    
   2.34700012       1.08074677    
   2.34800005       1.08057904    
   2.34900022       1.08040977    
   2.35000014       1.08024216    
   2.35100007       1.08007300    
   2.35200000       1.07990527    
   2.35300016       1.07973635    
   2.35400009       1.07956886    
   2.35500002       1.07939994    
   2.35600019       1.07923245    
   2.35700011       1.07906365    
   2.35800004       1.07889616    
   2.35900021       1.07872748    
   2.36000013       1.07856035    
   2.36100006       1.07839155    
   2.36200023       1.07822454    
   2.36300015       1.07805622    
   2.36400008       1.07788908    
   2.36500001       1.07772076    
   2.36600018       1.07755399    
   2.36700010       1.07738590    
   2.36800003       1.07721913    
   2.36900020       1.07705128    
   2.37000012       1.07688463    
   2.37100005       1.07671702    
   2.37200022       1.07655084    
   2.37300014       1.07638311    
   2.37400007       1.07621706    
   2.37500000       1.07604969    
   2.37600017       1.07588398    
   2.37700009       1.07571673    
   2.37800002       1.07555115    
   2.37900019       1.07538414    
   2.38000011       1.07521868    
   2.38100004       1.07505214    
   2.38200021       1.07488716    
   2.38300014       1.07472062    
   2.38400006       1.07455587    
   2.38500023       1.07438958    
   2.38600016       1.07422507    
   2.38700008       1.07405913    
   2.38800001       1.07389474    
   2.38900018       1.07372940    
   2.39000010       1.07356524    
   2.39100003       1.07340002    
   2.39200020       1.07323635    
   2.39300013       1.07307136    
   2.39400005       1.07290792    
   2.39500022       1.07274342    
   2.39600015       1.07258022    
   2.39700007       1.07241595    
   2.39800000       1.07225311    
   2.39900017       1.07208920    
   2.40000010       1.07192683    
   2.40100002       1.07176328    
   2.40200019       1.07160115    
   2.40300012       1.07143795    
   2.40400004       1.07127607    
   2.40500021       1.07111335    
   2.40600014       1.07095194    
   2.40700006       1.07078946    
   2.40800023       1.07062829    
   2.40900016       1.07046628    
   2.41000009       1.07030559    
   2.41100001       1.07014394    
   2.41200018       1.06998372    
   2.41300011       1.06982243    
   2.41400003       1.06966245    
   2.41500020       1.06950164    
   2.41600013       1.06934226    
   2.41700006       1.06918156    
   2.41800022       1.06902254    
   2.41900015       1.06886256    
   2.42000008       1.06870389    
   2.42100000       1.06854427    
   2.42200017       1.06838608    
   2.42300010       1.06822681    
   2.42400002       1.06806910    
   2.42500019       1.06791031    
   2.42600012       1.06775296    
   2.42700005       1.06759465    
   2.42800021       1.06743777    
   2.42900014       1.06727993    
   2.43000007       1.06712341    
   2.43100023       1.06696594    
   2.43200016       1.06681001    
   2.43300009       1.06665301    
   2.43400002       1.06649768    
   2.43500018       1.06634116    
   2.43600011       1.06618607    
   2.43700004       1.06603003    
   2.43800020       1.06587553    
   2.43900013       1.06571996    
   2.44000006       1.06556594    
   2.44100022       1.06541085    
   2.44200015       1.06525731    
   2.44300008       1.06510258    
   2.44400001       1.06494963    
   2.44500017       1.06479537    
   2.44600010       1.06464291    
   2.44700003       1.06448936    
   2.44800019       1.06433725    
   2.44900012       1.06418419    
   2.45000005       1.06403267    
   2.45100021       1.06388009    
   2.45200014       1.06372905    
   2.45300007       1.06357694    
   2.45400023       1.06342649    
   2.45500016       1.06327486    
   2.45600009       1.06312478    
   2.45700002       1.06297386    
   2.45800018       1.06282425    
   2.45900011       1.06267381    
   2.46000004       1.06252491    
   2.46100020       1.06237495    
   2.46200013       1.06222653    
   2.46300006       1.06207716    
   2.46400023       1.06192935    
   2.46500015       1.06178033    
   2.46600008       1.06163299    
   2.46700001       1.06148458    
   2.46800017       1.06133783    
   2.46900010       1.06119001    
   2.47000003       1.06104386    
   2.47100019       1.06089652    
   2.47200012       1.06075084    
   2.47300005       1.06060421    
   2.47400022       1.06045902    
   2.47500014       1.06031275    
   2.47600007       1.06016827    
   2.47700024       1.06002259    
   2.47800016       1.05987859    
   2.47900009       1.05973351    
   2.48000002       1.05959010    
   2.48100019       1.05944562    
   2.48200011       1.05930281    
   2.48300004       1.05915892    
   2.48400021       1.05901647    
   2.48500013       1.05887306    
   2.48600006       1.05873132    
   2.48700023       1.05858862    
   2.48800015       1.05844736    
   2.48900008       1.05830538    
   2.49000001       1.05816460    
   2.49100018       1.05802310    
   2.49200010       1.05788291    
   2.49300003       1.05774188    
   2.49400020       1.05760241    
   2.49500012       1.05746210    
   2.49600005       1.05732310    
   2.49700022       1.05718315    
   2.49800014       1.05704486    
   2.49900007       1.05690563    
   2.50000000       1.05676782    
   2.50100017       1.05662918    
   2.50200009       1.05649197    
   2.50300002       1.05635393    
   2.50400019       1.05621719    
   2.50500011       1.05607975    
   2.50600004       1.05594373    
   2.50700021       1.05580688    
   2.50800014       1.05567133    
   2.50900006       1.05553508    
   2.51000023       1.05540013    
   2.51100016       1.05526459    
   2.51200008       1.05513024    
   2.51300001       1.05499506    
   2.51400018       1.05486143    
   2.51500010       1.05472684    
   2.51600003       1.05459368    
   2.51700020       1.05445993    
   2.51800013       1.05432737    
   2.51900005       1.05419397    
   2.52000022       1.05406213    
   2.52100015       1.05392933    
   2.52200007       1.05379820    
   2.52300000       1.05366600    
   2.52400017       1.05353534    
   2.52500010       1.05340385    
   2.52600002       1.05327368    
   2.52700019       1.05314267    
   2.52800012       1.05301309    
   2.52900004       1.05288279    
   2.53000021       1.05275393    
   2.53100014       1.05262411    
   2.53200006       1.05249584    
   2.53300023       1.05236650    
   2.53400016       1.05223882    
   2.53500009       1.05211031    
   2.53600001       1.05198324    
   2.53700018       1.05185521    
   2.53800011       1.05172873    
   2.53900003       1.05160129    
   2.54000020       1.05147552    
   2.54100013       1.05134857    
   2.54200006       1.05122328    
   2.54300022       1.05109715    
   2.54400015       1.05097246    
   2.54500008       1.05084682    
   2.54600000       1.05072272    
   2.54700017       1.05059767    
   2.54800010       1.05047417    
   2.54900002       1.05034971    
   2.55000019       1.05022681    
   2.55100012       1.05010319    
   2.55200005       1.04998076    
   2.55300021       1.04985750    
   2.55400014       1.04973578    
   2.55500007       1.04961312    
   2.55600023       1.04949212    
   2.55700016       1.04937017    
   2.55800009       1.04924965    
   2.55900002       1.04912817    
   2.56000018       1.04900825    
   2.56100011       1.04888737    
   2.56200004       1.04876792    
   2.56300020       1.04864788    
   2.56400013       1.04852903    
   2.56500006       1.04840946    
   2.56600022       1.04829109    
   2.56700015       1.04817224    
   2.56800008       1.04805470    
   2.56900001       1.04793632    
   2.57000017       1.04781926    
   2.57100010       1.04770148    
   2.57200003       1.04758501    
   2.57300019       1.04746783    
   2.57400012       1.04735196    
   2.57500005       1.04723549    
   2.57600021       1.04711998    
   2.57700014       1.04700398    
   2.57800007       1.04688931    
   2.57900023       1.04677403    
   2.58000016       1.04665983    
   2.58100009       1.04654503    
   2.58200002       1.04643154    
   2.58300018       1.04631722    
   2.58400011       1.04620433    
   2.58500004       1.04609060    
   2.58600020       1.04597819    
   2.58700013       1.04586530    
   2.58800006       1.04575348    
   2.58900023       1.04564083    
   2.59000015       1.04552984    
   2.59100008       1.04541779    
   2.59200001       1.04530728    
   2.59300017       1.04519582    
   2.59400010       1.04508591    
   2.59500003       1.04497504    
   2.59600019       1.04486561    
   2.59700012       1.04475546    
   2.59800005       1.04464650    
   2.59900022       1.04453695    
   2.60000014       1.04442871    
   2.60100007       1.04431963    
   2.60200024       1.04421198    
   2.60300016       1.04410338    
   2.60400009       1.04399633    
   2.60500002       1.04388845    
   2.60600019       1.04378188    
   2.60700011       1.04367459    
   2.60800004       1.04356849    
   2.60900021       1.04346180    
   2.61000013       1.04335630    
   2.61100006       1.04325008    
   2.61200023       1.04314530    
   2.61300015       1.04303968    
   2.61400008       1.04293537    
   2.61500001       1.04283035    
   2.61600018       1.04272652    
   2.61700010       1.04262197    
   2.61800003       1.04251885    
   2.61900020       1.04241502    
   2.62000012       1.04231238    
   2.62100005       1.04220891    
   2.62200022       1.04210687    
   2.62300014       1.04200399    
   2.62400007       1.04190242    
   2.62500024       1.04180014    
   2.62600017       1.04169929    
   2.62700009       1.04159760    
   2.62800002       1.04149723    
   2.62900019       1.04139602    
   2.63000011       1.04129624    
   2.63100004       1.04119551    
   2.63200021       1.04109621    
   2.63300014       1.04099619    
   2.63400006       1.04089737    
   2.63500023       1.04079783    
   2.63600016       1.04069972    
   2.63700008       1.04060078    
   2.63800001       1.04050291    
   2.63900018       1.04040468    
   2.64000010       1.04030740    
   2.64100003       1.04020953    
   2.64200020       1.04011297    
   2.64300013       1.04001558    
   2.64400005       1.03991950    
   2.64500022       1.03982282    
   2.64600015       1.03972721    
   2.64700007       1.03963089    
   2.64800024       1.03953588    
   2.64900017       1.03944027    
   2.65000010       1.03934574    
   2.65100002       1.03925049    
   2.65200019       1.03915644    
   2.65300012       1.03906190    
   2.65400004       1.03896844    
   2.65500021       1.03887439    
   2.65600014       1.03878152    
   2.65700006       1.03868783    
   2.65800023       1.03859544    
   2.65900016       1.03850234    
   2.66000009       1.03841054    
   2.66100001       1.03831804    
   2.66200018       1.03822660    
   2.66300011       1.03813446    
   2.66400003       1.03804374    
   2.66500020       1.03795218    
   2.66600013       1.03786182    
   2.66700006       1.03777087    
   2.66800022       1.03768110    
   2.66900015       1.03759062    
   2.67000008       1.03750134    
   2.67100024       1.03741133    
   2.67200017       1.03732252    
   2.67300010       1.03723311    
   2.67400002       1.03714478    
   2.67500019       1.03705573    
   2.67600012       1.03696799    
   2.67700005       1.03687966    
   2.67800021       1.03679228    
   2.67900014       1.03670442    
   2.68000007       1.03661764    
   2.68100023       1.03653014    
   2.68200016       1.03644395    
   2.68300009       1.03635693    
   2.68400002       1.03627110    
   2.68500018       1.03618455    
   2.68600011       1.03609931    
   2.68700004       1.03601348    
   2.68800020       1.03592861    
   2.68900013       1.03584301    
   2.69000006       1.03575885    
   2.69100022       1.03567386    
   2.69200015       1.03559005    
   2.69300008       1.03550553    
   2.69400024       1.03542221    
   2.69500017       1.03533816    
   2.69600010       1.03525519    
   2.69700003       1.03517175    
   2.69800019       1.03508937    
   2.69900012       1.03500640    
   2.70000005       1.03492451    
   2.70100021       1.03484190    
   2.70200014       1.03476036    
   2.70300007       1.03467834    
   2.70400023       1.03459740    
   2.70500016       1.03451562    
   2.70600009       1.03443539    
   2.70700002       1.03435409    
   2.70800018       1.03427398    
   2.70900011       1.03419340    
   2.71000004       1.03411376    
   2.71100020       1.03403366    
   2.71200013       1.03395450    
   2.71300006       1.03387487    
   2.71400023       1.03379607    
   2.71500015       1.03371692    
   2.71600008       1.03363883    
   2.71700025       1.03355992    
   2.71800017       1.03348219    
   2.71900010       1.03340375    
   2.72000003       1.03332663    
   2.72100019       1.03324866    
   2.72200012       1.03317189    
   2.72300005       1.03309441    
   2.72400022       1.03301799    
   2.72500014       1.03294098    
   2.72600007       1.03286517    
   2.72700024       1.03278863    
   2.72800016       1.03271306    
   2.72900009       1.03263700    
   2.73000002       1.03256202    
   2.73100019       1.03248632    
   2.73200011       1.03241181    
   2.73300004       1.03233647    
   2.73400021       1.03226244    
   2.73500013       1.03218758    
   2.73600006       1.03211391    
   2.73700023       1.03203952    
   2.73800015       1.03196621    
   2.73900008       1.03189242    
   2.74000025       1.03181958    
   2.74100018       1.03174603    
   2.74200010       1.03167367    
   2.74300003       1.03160071    
   2.74400020       1.03152871    
   2.74500012       1.03145587    
   2.74600005       1.03138447    
   2.74700022       1.03131223    
   2.74800014       1.03124118    
   2.74900007       1.03116930    
   2.75000024       1.03109860    
   2.75100017       1.03102720    
   2.75200009       1.03095710    
   2.75300002       1.03088617    
   2.75400019       1.03081608    
   2.75500011       1.03074574    
   2.75600004       1.03067625    
   2.75700021       1.03060627    
   2.75800014       1.03053713    
   2.75900006       1.03046751    
   2.76000023       1.03039873    
   2.76100016       1.03032959    
   2.76200008       1.03026140    
   2.76300025       1.03019238    
   2.76400018       1.03012455    
   2.76500010       1.03005624    
   2.76600003       1.02998865    
   2.76700020       1.02992058    
   2.76800013       1.02985346    
   2.76900005       1.02978599    
   2.77000022       1.02971923    
   2.77100015       1.02965200    
   2.77200007       1.02958584    
   2.77300024       1.02951896    
   2.77400017       1.02945304    
   2.77500010       1.02938676    
   2.77600002       1.02932131    
   2.77700019       1.02925515    
   2.77800012       1.02919006    
   2.77900004       1.02912438    
   2.78000021       1.02905977    
   2.78100014       1.02899444    
   2.78200006       1.02893007    
   2.78300023       1.02886534    
   2.78400016       1.02880120    
   2.78500009       1.02873683    
   2.78600001       1.02867329    
   2.78700018       1.02860916    
   2.78800011       1.02854598    
   2.78900003       1.02848220    
   2.79000020       1.02841949    
   2.79100013       1.02835608    
   2.79200006       1.02829361    
   2.79300022       1.02823067    
   2.79400015       1.02816844    
   2.79500008       1.02810585    
   2.79600024       1.02804434    
   2.79700017       1.02798200    
   2.79800010       1.02792072    
   2.79900002       1.02785873    
   2.80000019       1.02779782    
   2.80100012       1.02773643    
   2.80200005       1.02767587    
   2.80300021       1.02761459    
   2.80400014       1.02755427    
   2.80500007       1.02749348    
   2.80600023       1.02743363    
   2.80700016       1.02737308    
   2.80800009       1.02731371    
   2.80900002       1.02725351    
   2.81000018       1.02719450    
   2.81100011       1.02713466    
   2.81200004       1.02707589    
   2.81300020       1.02701652    
   2.81400013       1.02695811    
   2.81500006       1.02689898    
   2.81600022       1.02684093    
   2.81700015       1.02678216    
   2.81800008       1.02672446    
   2.81900024       1.02666605    
   2.82000017       1.02660871    
   2.82100010       1.02655065    
   2.82200003       1.02649355    
   2.82300019       1.02643585    
   2.82400012       1.02637911    
   2.82500005       1.02632189    
   2.82600021       1.02626538    
   2.82700014       1.02620840    
   2.82800007       1.02615237    
   2.82900023       1.02609563    
   2.83000016       1.02603996    
   2.83100009       1.02598357    
   2.83200002       1.02592826    
   2.83300018       1.02587235    
   2.83400011       1.02581716    
   2.83500004       1.02576149    
   2.83600020       1.02570665    
   2.83700013       1.02565122    
   2.83800006       1.02559698    
   2.83900023       1.02554178    
   2.84000015       1.02548766    
   2.84100008       1.02543318    
   2.84200025       1.02537930    
   2.84300017       1.02532494    
   2.84400010       1.02527153    
   2.84500003       1.02521729    
   2.84600019       1.02516425    
   2.84700012       1.02511036    
   2.84800005       1.02505767    
   2.84900022       1.02500415    
   2.85000014       1.02495158    
   2.85100007       1.02489841    
   2.85200024       1.02484632    
   2.85300016       1.02479339    
   2.85400009       1.02474141    
   2.85500002       1.02468896    
   2.85600019       1.02463734    
   2.85700011       1.02458525    
   2.85800004       1.02453387    
   2.85900021       1.02448189    
   2.86000013       1.02443087    
   2.86100006       1.02437925    
   2.86200023       1.02432859    
   2.86300015       1.02427733    
   2.86400008       1.02422678    
   2.86500025       1.02417588    
   2.86600018       1.02412581    
   2.86700010       1.02407491    
   2.86800003       1.02402508    
   2.86900020       1.02397466    
   2.87000012       1.02392507    
   2.87100005       1.02387500    
   2.87200022       1.02382576    
   2.87300014       1.02377594    
   2.87400007       1.02372682    
   2.87500024       1.02367735    
   2.87600017       1.02362859    
   2.87700009       1.02357936    
   2.87800002       1.02353096    
   2.87900019       1.02348185    
   2.88000011       1.02343369    
   2.88100004       1.02338505    
   2.88200021       1.02333724    
   2.88300014       1.02328873    
   2.88400006       1.02324116    
   2.88500023       1.02319300    
   2.88600016       1.02314568    
   2.88700008       1.02309763    
   2.88800025       1.02305067    
   2.88900018       1.02300310    
   2.89000010       1.02295637    
   2.89100003       1.02290905    
   2.89200020       1.02286255    
   2.89300013       1.02281535    
   2.89400005       1.02276909    
   2.89500022       1.02272224    
   2.89600015       1.02267635    
   2.89700007       1.02262986    
   2.89800024       1.02258408    
   2.89900017       1.02253771    
   2.90000010       1.02249241    
   2.90100002       1.02244627    
   2.90200019       1.02240109    
   2.90300012       1.02235532    
   2.90400004       1.02231038    
   2.90500021       1.02226484    
   2.90600014       1.02222013    
   2.90700006       1.02217484    
   2.90800023       1.02213049    
   2.90900016       1.02208543    
   2.91000009       1.02204132    
   2.91100025       1.02199650    
   2.91200018       1.02195239    
   2.91300011       1.02190804    
   2.91400003       1.02186430    
   2.91500020       1.02181995    
   2.91600013       1.02177668    
   2.91700006       1.02173257    
   2.91800022       1.02168941    
   2.91900015       1.02164555    
   2.92000008       1.02160263    
   2.92100024       1.02155912    
   2.92200017       1.02151632    
   2.92300010       1.02147305    
   2.92400002       1.02143061    
   2.92500019       1.02138734    
   2.92600012       1.02134514    
   2.92700005       1.02130234    
   2.92800021       1.02126026    
   2.92900014       1.02121770    
   2.93000007       1.02117586    
   2.93100023       1.02113354    
   2.93200016       1.02109194    
   2.93300009       1.02104974    
   2.93400025       1.02100849    
   2.93500018       1.02096653    
   2.93600011       1.02092540    
   2.93700004       1.02088380    
   2.93800020       1.02084279    
   2.93900013       1.02080142    
   2.94000006       1.02076077    
   2.94100022       1.02071941    
   2.94200015       1.02067888    
   2.94300008       1.02063787    
   2.94400024       1.02059770    
   2.94500017       1.02055681    
   2.94600010       1.02051687    
   2.94700003       1.02047622    
   2.94800019       1.02043641    
   2.94900012       1.02039599    
   2.95000005       1.02035642    
   2.95100021       1.02031636    
   2.95200014       1.02027702    
   2.95300007       1.02023697    
   2.95400023       1.02019787    
   2.95500016       1.02015805    
   2.95600009       1.02011907    
   2.95700026       1.02007949    
   2.95800018       1.02004075    
   2.95900011       1.02000153    
   2.96000004       1.01996291    
   2.96100020       1.01992381    
   2.96200013       1.01988530    
   2.96300006       1.01984644    
   2.96400023       1.01980829    
   2.96500015       1.01976955    
   2.96600008       1.01973164    
   2.96700025       1.01969302    
   2.96800017       1.01965535    
   2.96900010       1.01961696    
   2.97000003       1.01957941    
   2.97100019       1.01954138    
   2.97200012       1.01950395    
   2.97300005       1.01946592    
   2.97400022       1.01942885    
   2.97500014       1.01939094    
   2.97600007       1.01935387    
   2.97700024       1.01931643    
   2.97800016       1.01927960    
   2.97900009       1.01924229    
   2.98000026       1.01920557    
   2.98100019       1.01916838    
   2.98200011       1.01913202    
   2.98300004       1.01909494    
   2.98400021       1.01905882    
   2.98500013       1.01902187    
   2.98600006       1.01898587    
   2.98700023       1.01894915    
   2.98800015       1.01891339    
   2.98900008       1.01887679    
   2.99000025       1.01884115    
   2.99100018       1.01880479    
   2.99200010       1.01876938    
   2.99300003       1.01873314    
   2.99400020       1.01869774    
   2.99500012       1.01866198    
   2.99600005       1.01862669    
   2.99700022       1.01859093    
   2.99800014       1.01855588    
   2.99900007       1.01852024    
   3.00000024       1.01848555    
   3.00100017       1.01845002    
   3.00200009       1.01841533    
   3.00300026       1.01838017    
   3.00400019       1.01834559    
   3.00500011       1.01831055    
   3.00600004       1.01827621    
   3.00700021       1.01824117    
   3.00800014       1.01820707    
   3.00900006       1.01817226    
   3.01000023       1.01813829    
   3.01100016       1.01810360    
   3.01200008       1.01806986    
   3.01300025       1.01803541    
   3.01400018       1.01800179    
   3.01500010       1.01796746    
   3.01600003       1.01793385    
   3.01700020       1.01789987    
   3.01800013       1.01786649    
   3.01900005       1.01783252    
   3.02000022       1.01779938    
   3.02100015       1.01776540    
   3.02200007       1.01773238    
   3.02300024       1.01769865    
   3.02400017       1.01766574    
   3.02500010       1.01763237    
   3.02600026       1.01759958    
   3.02700019       1.01756632    
   3.02800012       1.01753366    
   3.02900004       1.01750028    
   3.03000021       1.01746798    
   3.03100014       1.01743484    
   3.03200006       1.01740253    
   3.03300023       1.01736963    
   3.03400016       1.01733744    
   3.03500009       1.01730466    
   3.03600025       1.01727271    
   3.03700018       1.01724005    
   3.03800011       1.01720822    
   3.03900003       1.01717567    
   3.04000020       1.01714396    
   3.04100013       1.01711166    
   3.04200006       1.01708007    
   3.04300022       1.01704788    
   3.04400015       1.01701641    
   3.04500008       1.01698422    
   3.04600024       1.01695299    
   3.04700017       1.01692104    
   3.04800010       1.01688993    
   3.04900026       1.01685810    
   3.05000019       1.01682711    
   3.05100012       1.01679552    
   3.05200005       1.01676452    
   3.05300021       1.01673293    
   3.05400014       1.01670229    
   3.05500007       1.01667082    
   3.05600023       1.01664007    
   3.05700016       1.01660883    
   3.05800009       1.01657832    
   3.05900025       1.01654732    
   3.06000018       1.01651704    
   3.06100011       1.01648593    
   3.06200004       1.01645565    
   3.06300020       1.01642478    
   3.06400013       1.01639473    
   3.06500006       1.01636398    
   3.06600022       1.01633382    
   3.06700015       1.01630330    
   3.06800008       1.01627338    
   3.06900024       1.01624298    
   3.07000017       1.01621318    
   3.07100010       1.01618278    
   3.07200003       1.01615310    
   3.07300019       1.01612294    
   3.07400012       1.01609337    
   3.07500005       1.01606321    
   3.07600021       1.01603389    
   3.07700014       1.01600385    
   3.07800007       1.01597464    
   3.07900023       1.01594472    
   3.08000016       1.01591563    
   3.08100009       1.01588583    
   3.08200026       1.01585674    
   3.08300018       1.01582694    
   3.08400011       1.01579821    
   3.08500004       1.01576865    
   3.08600020       1.01573968    
   3.08700013       1.01571047    
   3.08800006       1.01568162    
   3.08900023       1.01565242    
   3.09000015       1.01562381    
   3.09100008       1.01559460    
   3.09200025       1.01556611    
   3.09300017       1.01553714    
   3.09400010       1.01550865    
   3.09500003       1.01547968    
   3.09600019       1.01545143    
   3.09700012       1.01542258    
   3.09800005       1.01539445    
   3.09900022       1.01536560    
   3.10000014       1.01533771    
   3.10100007       1.01530910    
   3.10200024       1.01528120    
   3.10300016       1.01525259    
   3.10400009       1.01522493    
   3.10500026       1.01519632    
   3.10600019       1.01516867    
   3.10700011       1.01514030    
   3.10800004       1.01511276    
   3.10900021       1.01508451    
   3.11000013       1.01505685    
   3.11100006       1.01502883    
   3.11200023       1.01500142    
   3.11300015       1.01497340    
   3.11400008       1.01494622    
   3.11500025       1.01491821    
   3.11600018       1.01489115    
   3.11700010       1.01486313    
   3.11800003       1.01483619    
   3.11900020       1.01480842    
   3.12000012       1.01478136    
   3.12100005       1.01475370    
   3.12200022       1.01472688    
   3.12300014       1.01469922    
   3.12400007       1.01467252    
   3.12500024       1.01464510    
   3.12600017       1.01461840    
   3.12700009       1.01459110    
   3.12800026       1.01456439    
   3.12900019       1.01453722    
   3.13000011       1.01451063    
   3.13100004       1.01448357    
   3.13200021       1.01445711    
   3.13300014       1.01443005    
   3.13400006       1.01440382    
   3.13500023       1.01437676    
   3.13600016       1.01435053    
   3.13700008       1.01432371    
   3.13800025       1.01429749    
   3.13900018       1.01427078    
   3.14000010       1.01424468    
   3.14100003       1.01421797    
   3.14200020       1.01419210    
   3.14300013       1.01416540    
   3.14400005       1.01413953    
   3.14500022       1.01411307    
   3.14600015       1.01408732    
   3.14700007       1.01406085    
   3.14800024       1.01403522    
   3.14900017       1.01400876    
   3.15000010       1.01398313    
   3.15100026       1.01395690    
   3.15200019       1.01393151    
   3.15300012       1.01390529    
   3.15400004       1.01387978    
   3.15500021       1.01385367    
   3.15600014       1.01382840    
   3.15700006       1.01380229    
   3.15800023       1.01377702    
   3.15900016       1.01375115    
   3.16000009       1.01372600    
   3.16100025       1.01370001    
   3.16200018       1.01367497    
   3.16300011       1.01364934    
   3.16400003       1.01362431    
   3.16500020       1.01359844    
   3.16600013       1.01357353    
   3.16700006       1.01354802    
   3.16800022       1.01352322    
   3.16900015       1.01349771    
   3.17000008       1.01347280    
   3.17100024       1.01344740    
   3.17200017       1.01342261    
   3.17300010       1.01339734    
   3.17400026       1.01337266    
   3.17500019       1.01334739    
   3.17600012       1.01332283    
   3.17700005       1.01329768    
   3.17800021       1.01327324    
   3.17900014       1.01324809    
   3.18000007       1.01322365    
   3.18100023       1.01319861    
   3.18200016       1.01317418    
   3.18300009       1.01314926    
   3.18400025       1.01312494    
   3.18500018       1.01310015    
   3.18600011       1.01307595    
   3.18700004       1.01305103    
   3.18800020       1.01302683    
   3.18900013       1.01300216    
   3.19000006       1.01297808    
   3.19100022       1.01295340    
   3.19200015       1.01292944    
   3.19300008       1.01290488    
   3.19400024       1.01288104    
   3.19500017       1.01285625    
   3.19600010       1.01283252    
   3.19700027       1.01280808    
   3.19800019       1.01278424    
   3.19900012       1.01275980    
   3.20000005       1.01273620    
   3.20100021       1.01271188    
   3.20200014       1.01268828    
   3.20300007       1.01266408    
   3.20400023       1.01264036    
   3.20500016       1.01261628    
   3.20600009       1.01259279    
   3.20700026       1.01256847    
   3.20800018       1.01254499    
   3.20900011       1.01252103    
   3.21000004       1.01249766    
   3.21100020       1.01247370    
   3.21200013       1.01245046    
   3.21300006       1.01242638    
   3.21400023       1.01240325    
   3.21500015       1.01237941    
   3.21600008       1.01235628    
   3.21700025       1.01233244    
   3.21800017       1.01230931    
   3.21900010       1.01228559    
   3.22000027       1.01226258    
   3.22100019       1.01223886    
   3.22200012       1.01221585    
   3.22300005       1.01219225    
   3.22400022       1.01216936    
   3.22500014       1.01214588    
   3.22600007       1.01212287    
   3.22700024       1.01209950    
   3.22800016       1.01207674    
   3.22900009       1.01205337    
   3.23000026       1.01203060    
   3.23100019       1.01200724    
   3.23200011       1.01198447    
   3.23300004       1.01196122    
   3.23400021       1.01193857    
   3.23500013       1.01191545    
   3.23600006       1.01189291    
   3.23700023       1.01186967    
   3.23800015       1.01184726    
   3.23900008       1.01182413    
   3.24000025       1.01180160    
   3.24100018       1.01177859    
   3.24200010       1.01175630    
   3.24300027       1.01173329    
   3.24400020       1.01171100    
   3.24500012       1.01168799    
   3.24600005       1.01166582    
   3.24700022       1.01164293    
   3.24800014       1.01162076    
   3.24900007       1.01159787    
   3.25000024       1.01157582    
   3.25100017       1.01155293    
   3.25200009       1.01153088    
   3.25300026       1.01150823    
   3.25400019       1.01148629    
   3.25500011       1.01146364    
   3.25600004       1.01144159    
   3.25700021       1.01141918    
   3.25800014       1.01139712    
   3.25900006       1.01137471    
   3.26000023       1.01135278    
   3.26100016       1.01133025    
   3.26200008       1.01130855    
   3.26300025       1.01128614    
   3.26400018       1.01126444    
   3.26500010       1.01124215    
   3.26600027       1.01122046    
   3.26700020       1.01119804    
   3.26800013       1.01117647    
   3.26900005       1.01115429    
   3.27000022       1.01113272    
   3.27100015       1.01111054    
   3.27200007       1.01108909    
   3.27300024       1.01106691    
   3.27400017       1.01104534    
   3.27500010       1.01102328    
   3.27600026       1.01100194    
   3.27700019       1.01098001    
   3.27800012       1.01095855    
   3.27900004       1.01093662    
   3.28000021       1.01091528    
   3.28100014       1.01089334    
   3.28200006       1.01087213    
   3.28300023       1.01085043    
   3.28400016       1.01082921    
   3.28500009       1.01080739    
   3.28600025       1.01078618    
   3.28700018       1.01076448    
   3.28800011       1.01074350    
   3.28900027       1.01072180    
   3.29000020       1.01070070    
   3.29100013       1.01067913    
   3.29200006       1.01065803    
   3.29300022       1.01063669    
   3.29400015       1.01061559    
   3.29500008       1.01059413    
   3.29600024       1.01057327    
   3.29700017       1.01055169    
   3.29800010       1.01053095    
   3.29900026       1.01050949    
   3.30000019       1.01048875    
   3.30100012       1.01046741    
   3.30200005       1.01044679    
   3.30300021       1.01042545    
   3.30400014       1.01040483    
   3.30500007       1.01038361    
   3.30600023       1.01036298    
   3.30700016       1.01034176    
   3.30800009       1.01032114    
   3.30900025       1.01030004    
   3.31000018       1.01027966    
   3.31100011       1.01025856    
   3.31200027       1.01023805    
   3.31300020       1.01021695    
   3.31400013       1.01019657    
   3.31500006       1.01017559    
   3.31600022       1.01015532    
   3.31700015       1.01013434    
   3.31800008       1.01011419    
   3.31900024       1.01009321    
   3.32000017       1.01007295    
   3.32100010       1.01005220    
   3.32200027       1.01003206    
   3.32300019       1.01001108    
   3.32400012       1.00999105    
   3.32500005       1.00997043    
   3.32600021       1.00995016    
   3.32700014       1.00992954    
   3.32800007       1.00990951    
   3.32900023       1.00988889    
   3.33000016       1.00986898    
   3.33100009       1.00984836    
   3.33200026       1.00982845    
   3.33300018       1.00980794    
   3.33400011       1.00978804    
   3.33500028       1.00976765    
   3.33600020       1.00974786    
   3.33700013       1.00972736    
   3.33800006       1.00970769    
   3.33900023       1.00968730    
   3.34000015       1.00966752    
   3.34100008       1.00964725    
   3.34200025       1.00962758    
   3.34300017       1.00960732    
   3.34400010       1.00958776    
   3.34500027       1.00956750    
   3.34600019       1.00954783    
   3.34700012       1.00952780    
   3.34800005       1.00950825    
   3.34900022       1.00948811    
   3.35000014       1.00946879    
   3.35100007       1.00944865    
   3.35200024       1.00942922    
   3.35300016       1.00940931    
   3.35400009       1.00938988    
   3.35500026       1.00936997    
   3.35600019       1.00935066    
   3.35700011       1.00933075    
   3.35800028       1.00931156    
   3.35900021       1.00929165    
   3.36000013       1.00927234    
   3.36100006       1.00925279    
   3.36200023       1.00923347    
   3.36300015       1.00921381    
   3.36400008       1.00919473    
   3.36500025       1.00917494    
   3.36600018       1.00915599    
   3.36700010       1.00913632    
   3.36800027       1.00911725    
   3.36900020       1.00909770    
   3.37000012       1.00907874    
   3.37100005       1.00905931    
   3.37200022       1.00904036    
   3.37300014       1.00902081    
   3.37400007       1.00900209    
   3.37500024       1.00898254    
   3.37600017       1.00896382    
   3.37700009       1.00894439    
   3.37800026       1.00892568    
   3.37900019       1.00890636    
   3.38000011       1.00888753    
   3.38100004       1.00886834    
   3.38200021       1.00884962    
   3.38300014       1.00883055    
   3.38400006       1.00881195    
   3.38500023       1.00879264    
   3.38600016       1.00877416    
   3.38700008       1.00875509    
   3.38800025       1.00873661    
   3.38900018       1.00871754    
   3.39000010       1.00869918    
   3.39100027       1.00867999    
   3.39200020       1.00866163    
   3.39300013       1.00864267    
   3.39400005       1.00862432    
   3.39500022       1.00860548    
   3.39600015       1.00858712    
   3.39700007       1.00856829    
   3.39800024       1.00855005    
   3.39900017       1.00853133    
   3.40000010       1.00851297    
   3.40100026       1.00849426    
   3.40200019       1.00847626    
   3.40300012       1.00845742    
   3.40400004       1.00843930    
   3.40500021       1.00842059    
   3.40600014       1.00840271    
   3.40700006       1.00838411    
   3.40800023       1.00836611    
   3.40900016       1.00834751    
   3.41000009       1.00832963    
   3.41100025       1.00831115    
   3.41200018       1.00829327    
   3.41300011       1.00827479    
   3.41400027       1.00825703    
   3.41500020       1.00823855    
   3.41600013       1.00822079    
   3.41700006       1.00820231    
   3.41800022       1.00818467    
   3.41900015       1.00816631    
   3.42000008       1.00814879    
   3.42100024       1.00813043    
   3.42200017       1.00811291    
   3.42300010       1.00809467    
   3.42400026       1.00807703    
   3.42500019       1.00805902    
   3.42600012       1.00804138    
   3.42700005       1.00802326    
   3.42800021       1.00800586    
   3.42900014       1.00798786    
   3.43000007       1.00797045    
   3.43100023       1.00795245    
   3.43200016       1.00793505    
   3.43300009       1.00791705    
   3.43400025       1.00789976    
   3.43500018       1.00788188    
   3.43600011       1.00786459    
   3.43700027       1.00784683    
   3.43800020       1.00782955    
   3.43900013       1.00781178    
   3.44000006       1.00779474    
   3.44100022       1.00777686    
   3.44200015       1.00775969    
   3.44300008       1.00774205    
   3.44400024       1.00772500    
   3.44500017       1.00770736    
   3.44600010       1.00769043    
   3.44700027       1.00767279    
   3.44800019       1.00765586    
   3.44900012       1.00763845    
   3.45000005       1.00762141    
   3.45100021       1.00760400    
   3.45200014       1.00758696    
   3.45300007       1.00756967    
   3.45400023       1.00755286    
   3.45500016       1.00753558    
   3.45600009       1.00751877    
   3.45700026       1.00750148    
   3.45800018       1.00748479    
   3.45900011       1.00746739    
   3.46000028       1.00745082    
   3.46100020       1.00743353    
   3.46200013       1.00741696    
   3.46300006       1.00739968    
   3.46400023       1.00738323    
   3.46500015       1.00736606    
   3.46600008       1.00734961    
   3.46700025       1.00733268    
   3.46800017       1.00731599    
   3.46900010       1.00729907    
   3.47000027       1.00728261    
   3.47100019       1.00726569    
   3.47200012       1.00724924    
   3.47300005       1.00723255    
   3.47400022       1.00721622    
   3.47500014       1.00719929    
   3.47600007       1.00718307    
   3.47700024       1.00716627    
   3.47800016       1.00715005    
   3.47900009       1.00713336    
   3.48000026       1.00711727    
   3.48100019       1.00710046    
   3.48200011       1.00708437    
   3.48300028       1.00706780    
   3.48400021       1.00705183    
   3.48500013       1.00703514    
   3.48600006       1.00701916    
   3.48700023       1.00700259    
   3.48800015       1.00698662    
   3.48900008       1.00697017    
   3.49000025       1.00695431    
   3.49100018       1.00693786    
   3.49200010       1.00692189    
   3.49300027       1.00690556    
   3.49400020       1.00688982    
   3.49500012       1.00687337    
   3.49600005       1.00685775    
   3.49700022       1.00684142    
   3.49800014       1.00682580    
   3.49900007       1.00680959    
   3.50000024       1.00679386    
   3.50100017       1.00677776    
   3.50200009       1.00676215    
   3.50300026       1.00674593    
   3.50400019       1.00673044    
   3.50500011       1.00671422    
   3.50600028       1.00669885    
   3.50700021       1.00668275    
   3.50800014       1.00666738    
   3.50900006       1.00665140    
   3.51000023       1.00663602    
   3.51100016       1.00662005    
   3.51200008       1.00660479    
   3.51300025       1.00658882    
   3.51400018       1.00657356    
   3.51500010       1.00655770    
   3.51600027       1.00654244    
   3.51700020       1.00652671    
   3.51800013       1.00651157    
   3.51900005       1.00649583    
   3.52000022       1.00648069    
   3.52100015       1.00646496    
   3.52200007       1.00644994    
   3.52300024       1.00643432    
   3.52400017       1.00641930    
   3.52500010       1.00640368    
   3.52600026       1.00638866    
   3.52700019       1.00637329    
   3.52800012       1.00635827    
   3.52900028       1.00634277    
   3.53000021       1.00632787    
   3.53100014       1.00631249    
   3.53200006       1.00629759    
   3.53300023       1.00628233    
   3.53400016       1.00626743    
   3.53500009       1.00625229    
   3.53600025       1.00623751    
   3.53700018       1.00622213    
   3.53800011       1.00620759    
   3.53900027       1.00619233    
   3.54000020       1.00617766    
   3.54100013       1.00616241    
   3.54200006       1.00614798    
   3.54300022       1.00613284    
   3.54400015       1.00611818    
   3.54500008       1.00610316    
   3.54600024       1.00608861    
   3.54700017       1.00607371    
   3.54800010       1.00605929    
   3.54900026       1.00604427    
   3.55000019       1.00602984    
   3.55100012       1.00601494    
   3.55200028       1.00600076    
   3.55300021       1.00598574    
   3.55400014       1.00597143    
   3.55500007       1.00595677    
   3.55600023       1.00594234    
   3.55700016       1.00592780    
   3.55800009       1.00591350    
   3.55900025       1.00589871    
   3.56000018       1.00588453    
   3.56100011       1.00586998    
   3.56200027       1.00585580    
   3.56300020       1.00584126    
   3.56400013       1.00582731    
   3.56500006       1.00581276    
   3.56600022       1.00579870    
   3.56700015       1.00578415    
   3.56800008       1.00577021    
   3.56900024       1.00575566    
   3.57000017       1.00574183    
   3.57100010       1.00572753    
   3.57200027       1.00571358    
   3.57300019       1.00569928    
   3.57400012       1.00568545    
   3.57500029       1.00567114    
   3.57600021       1.00565732    
   3.57700014       1.00564313    
   3.57800007       1.00562942    
   3.57900023       1.00561535    
   3.58000016       1.00560141    
   3.58100009       1.00558734    
   3.58200026       1.00557375    
   3.58300018       1.00555956    
   3.58400011       1.00554597    
   3.58500028       1.00553203    
   3.58600020       1.00551844    
   3.58700013       1.00550449    
   3.58800006       1.00549102    
   3.58900023       1.00547707    
   3.59000015       1.00546372    
   3.59100008       1.00544965    
   3.59200025       1.00543630    
   3.59300017       1.00542247    
   3.59400010       1.00540924    
   3.59500027       1.00539529    
   3.59600019       1.00538206    
   3.59700012       1.00536835    
   3.59800029       1.00535500    
   3.59900022       1.00534129    
   3.60000014       1.00532818    
   3.60100007       1.00531459    
   3.60200024       1.00530124    
   3.60300016       1.00528777    
   3.60400009       1.00527465    
   3.60500026       1.00526118    
   3.60600019       1.00524807    
   3.60700011       1.00523448    
   3.60800028       1.00522149    
   3.60900021       1.00520813    
   3.61000013       1.00519502    
   3.61100006       1.00518167    
   3.61200023       1.00516880    
   3.61300015       1.00515544    
   3.61400008       1.00514245    
   3.61500025       1.00512922    
   3.61600018       1.00511646    
   3.61700010       1.00510323    
   3.61800027       1.00509036    
   3.61900020       1.00507712    
   3.62000012       1.00506437    
   3.62100029       1.00505126    
   3.62200022       1.00503862    
   3.62300014       1.00502539    
   3.62400007       1.00501275    
   3.62500024       1.00499976    
   3.62600017       1.00498712    
   3.62700009       1.00497401    
   3.62800026       1.00496149    
   3.62900019       1.00494862    
   3.63000011       1.00493598    
   3.63100028       1.00492311    
   3.63200021       1.00491059    
   3.63300014       1.00489771    
   3.63400006       1.00488544    
   3.63500023       1.00487256    
   3.63600016       1.00486016    
   3.63700008       1.00484741    
   3.63800025       1.00483513    
   3.63900018       1.00482225    
   3.64000010       1.00480986    
   3.64100027       1.00479722    
   3.64200020       1.00478506    
   3.64300013       1.00477242    
   3.64400029       1.00476027    
   3.64500022       1.00474763    
   3.64600015       1.00473547    
   3.64700007       1.00472295    
   3.64800024       1.00471079    
   3.64900017       1.00469840    
   3.65000010       1.00468624    
   3.65100026       1.00467384    
   3.65200019       1.00466180    
   3.65300012       1.00464940    
   3.65400028       1.00463724    
   3.65500021       1.00462496    
   3.65600014       1.00461316    
   3.65700006       1.00460076    
   3.65800023       1.00458896    
   3.65900016       1.00457656    
   3.66000009       1.00456476    
   3.66100025       1.00455248    
   3.66200018       1.00454080    
   3.66300011       1.00452864    
   3.66400027       1.00451672    
   3.66500020       1.00450456    
   3.66600013       1.00449288    
   3.66700006       1.00448084    
   3.66800022       1.00446916    
   3.66900015       1.00445712    
   3.67000008       1.00444543    
   3.67100024       1.00443339    
   3.67200017       1.00442195    
   3.67300010       1.00440991    
   3.67400026       1.00439847    
   3.67500019       1.00438643    
   3.67600012       1.00437498    
   3.67700028       1.00436306    
   3.67800021       1.00435162    
   3.67900014       1.00433993    
   3.68000007       1.00432837    
   3.68100023       1.00431657    
   3.68200016       1.00430524    
   3.68300009       1.00429344    
   3.68400025       1.00428224    
   3.68500018       1.00427043    
   3.68600011       1.00425911    
   3.68700027       1.00424755    
   3.68800020       1.00423622    
   3.68900013       1.00422478    
   3.69000006       1.00421357    
   3.69100022       1.00420189    
   3.69200015       1.00419068    
   3.69300008       1.00417924    
   3.69400024       1.00416815    
   3.69500017       1.00415659    
   3.69600010       1.00414562    
   3.69700027       1.00413406    
   3.69800019       1.00412309    
   3.69900012       1.00411177    
   3.70000029       1.00410068    
   3.70100021       1.00408936    
   3.70200014       1.00407839    
   3.70300007       1.00406706    
   3.70400023       1.00405610    
   3.70500016       1.00404489    
   3.70600009       1.00403404    
   3.70700026       1.00402284    
   3.70800018       1.00401199    
   3.70900011       1.00400078    
   3.71000028       1.00399005    
   3.71100020       1.00397885    
   3.71200013       1.00396812    
   3.71300006       1.00395703    
   3.71400023       1.00394619    
   3.71500015       1.00393522    
   3.71600008       1.00392461    
   3.71700025       1.00391352    
   3.71800017       1.00390303    
   3.71900010       1.00389194    
   3.72000027       1.00388145    
   3.72100019       1.00387037    
   3.72200012       1.00385988    
   3.72300029       1.00384891    
   3.72400022       1.00383854    
   3.72500014       1.00382769    
   3.72600007       1.00381720    
   3.72700024       1.00380623    
   3.72800016       1.00379586    
   3.72900009       1.00378513    
   3.73000026       1.00377476    
   3.73100019       1.00376403    
   3.73200011       1.00375366    
   3.73300028       1.00374293    
   3.73400021       1.00373256    
   3.73500013       1.00372195    
   3.73600006       1.00371182    
   3.73700023       1.00370121    
   3.73800015       1.00369096    
   3.73900008       1.00368035    
   3.74000025       1.00366998    
   3.74100018       1.00365961    
   3.74200010       1.00364935    
   3.74300027       1.00363886    
   3.74400020       1.00362885    
   3.74500012       1.00361836    
   3.74600029       1.00360835    
   3.74700022       1.00359774    
   3.74800014       1.00358772    
   3.74900007       1.00357735    
   3.75000024       1.00356734    
   3.75100017       1.00355709    
   3.75200009       1.00354707    
   3.75300026       1.00353682    
   3.75400019       1.00352681    
   3.75500011       1.00351655    
   3.75600028       1.00350666    
   3.75700021       1.00349653    
   3.75800014       1.00348663    
   3.75900006       1.00347650    
   3.76000023       1.00346673    
   3.76100016       1.00345659    
   3.76200008       1.00344670    
   3.76300025       1.00343657    
   3.76400018       1.00342679    
   3.76500010       1.00341666    
   3.76600027       1.00340700    
   3.76700020       1.00339711    
   3.76800013       1.00338733    
   3.76900029       1.00337720    
   3.77000022       1.00336766    
   3.77100015       1.00335765    
   3.77200007       1.00334811    
   3.77300024       1.00333822    
   3.77400017       1.00332868    
   3.77500010       1.00331867    
   3.77600026       1.00330925    
   3.77700019       1.00329936    
   3.77800012       1.00328982    
   3.77900028       1.00328004    
   3.78000021       1.00327063    
   3.78100014       1.00326073    
   3.78200006       1.00325131    
   3.78300023       1.00324166    
   3.78400016       1.00323224    
   3.78500009       1.00322247    
   3.78600025       1.00321305    
   3.78700018       1.00320351    
   3.78800011       1.00319409    
   3.78900027       1.00318456    
   3.79000020       1.00317526    
   3.79100013       1.00316560    
   3.79200029       1.00315630    
   3.79300022       1.00314689    
   3.79400015       1.00313759    
   3.79500008       1.00312805    
   3.79600024       1.00311875    
   3.79700017       1.00310934    
   3.79800010       1.00310016    
   3.79900026       1.00309086    
   3.80000019       1.00308168    
   3.80100012       1.00307226    
   3.80200028       1.00306308    
   3.80300021       1.00305378    
   3.80400014       1.00304461    
   3.80500007       1.00303531    
   3.80600023       1.00302625    
   3.80700016       1.00301695    
   3.80800009       1.00300801    
   3.80900025       1.00299883    
   3.81000018       1.00298977    
   3.81100011       1.00298035    
   3.81200027       1.00297153    
   3.81300020       1.00296235    
   3.81400013       1.00295341    
   3.81500030       1.00294423    
   3.81600022       1.00293541    
   3.81700015       1.00292623    
   3.81800008       1.00291741    
   3.81900024       1.00290835    
   3.82000017       1.00289953    
   3.82100010       1.00289035    
   3.82200027       1.00288153    
   3.82300019       1.00287259    
   3.82400012       1.00286388    
   3.82500029       1.00285482    
   3.82600021       1.00284612    
   3.82700014       1.00283718    
   3.82800007       1.00282848    
   3.82900023       1.00281966    
   3.83000016       1.00281096    
   3.83100009       1.00280190    
   3.83200026       1.00279331    
   3.83300018       1.00278449    
   3.83400011       1.00277579    
   3.83500028       1.00276709    
   3.83600020       1.00275838    
   3.83700013       1.00274968    
   3.83800030       1.00274122    
   3.83900023       1.00273228    
   3.84000015       1.00272381    
   3.84100008       1.00271499    
   3.84200025       1.00270653    
   3.84300017       1.00269783    
   3.84400010       1.00268948    
   3.84500027       1.00268066    
   3.84600019       1.00267231    
   3.84700012       1.00266361    
   3.84800029       1.00265527    
   3.84900022       1.00264668    
   3.85000014       1.00263822    
   3.85100007       1.00262964    
   3.85200024       1.00262129    
   3.85300016       1.00261271    
   3.85400009       1.00260448    
   3.85500026       1.00259590    
   3.85600019       1.00258768    
   3.85700011       1.00257921    
   3.85800028       1.00257099    
   3.85900021       1.00256240    
   3.86000013       1.00255430    
   3.86100030       1.00254583    
   3.86200023       1.00253761    
   3.86300015       1.00252914    
   3.86400008       1.00252104    
   3.86500025       1.00251257    
   3.86600018       1.00250447    
   3.86700010       1.00249612    
   3.86800027       1.00248802    
   3.86900020       1.00247979    
   3.87000012       1.00247169    
   3.87100029       1.00246334    
   3.87200022       1.00245535    
   3.87300014       1.00244701    
   3.87400007       1.00243890    
   3.87500024       1.00243068    
   3.87600017       1.00242269    
   3.87700009       1.00241458    
   3.87800026       1.00240660    
   3.87900019       1.00239837    
   3.88000011       1.00239050    
   3.88100028       1.00238240    
   3.88200021       1.00237441    
   3.88300014       1.00236630    
   3.88400030       1.00235844    
   3.88500023       1.00235033    
   3.88600016       1.00234234    
   3.88700008       1.00233424    
   3.88800025       1.00232637    
   3.88900018       1.00231850    
   3.89000010       1.00231063    
   3.89100027       1.00230253    
   3.89200020       1.00229478    
   3.89300013       1.00228679    
   3.89400029       1.00227904    
   3.89500022       1.00227118    
   3.89600015       1.00226343    
   3.89700007       1.00225544    
   3.89800024       1.00224781    
   3.89900017       1.00223970    
   3.90000010       1.00223207    
   3.90100026       1.00222421    
   3.90200019       1.00221646    
   3.90300012       1.00220871    
   3.90400028       1.00220096    
   3.90500021       1.00219321    
   3.90600014       1.00218558    
   3.90700030       1.00217772    
   3.90800023       1.00217021    
   3.90900016       1.00216246    
   3.91000009       1.00215495    
   3.91100025       1.00214720    
   3.91200018       1.00213957    
   3.91300011       1.00213170    
   3.91400027       1.00212419    
   3.91500020       1.00211656    
   3.91600013       1.00210905    
   3.91700029       1.00210130    
   3.91800022       1.00209391    
   3.91900015       1.00208628    
   3.92000008       1.00207877    
   3.92100024       1.00207114    
   3.92200017       1.00206387    
   3.92300010       1.00205624    
   3.92400026       1.00204873    
   3.92500019       1.00204122    
   3.92600012       1.00203383    
   3.92700028       1.00202620    
   3.92800021       1.00201881    
   3.92900014       1.00201130    
   3.93000031       1.00200403    
   3.93100023       1.00199640    
   3.93200016       1.00198913    
   3.93300009       1.00198174    
   3.93400025       1.00197434    
   3.93500018       1.00196695    
   3.93600011       1.00195956    
   3.93700027       1.00195229    
   3.93800020       1.00194490    
   3.93900013       1.00193763    
   3.94000030       1.00193024    
   3.94100022       1.00192297    
   3.94200015       1.00191569    
   3.94300008       1.00190818    
   3.94400024       1.00190103    
   3.94500017       1.00189376    
   3.94600010       1.00188661    
   3.94700027       1.00187922    
   3.94800019       1.00187206    
   3.94900012       1.00186479    
   3.95000029       1.00185776    
   3.95100021       1.00185049    
   3.95200014       1.00184333    
   3.95300007       1.00183606    
   3.95400023       1.00182903    
   3.95500016       1.00182188    
   3.95600009       1.00181472    
   3.95700026       1.00180757    
   3.95800018       1.00180042    
   3.95900011       1.00179315    
   3.96000028       1.00178611    
   3.96100020       1.00177896    
   3.96200013       1.00177193    
   3.96300030       1.00176477    
   3.96400023       1.00175774    
   3.96500015       1.00175071    
   3.96600008       1.00174367    
   3.96700025       1.00173664    
   3.96800017       1.00172961    
   3.96900010       1.00172257    
   3.97000027       1.00171566    
   3.97100019       1.00170863    
   3.97200012       1.00170171    
   3.97300029       1.00169456    
   3.97400022       1.00168777    
   3.97500014       1.00168061    
   3.97600007       1.00167382    
   3.97700024       1.00166667    
   3.97800016       1.00165987    
   3.97900009       1.00165284    
   3.98000026       1.00164604    
   3.98100019       1.00163913    
   3.98200011       1.00163221    
   3.98300028       1.00162530    
   3.98400021       1.00161850    
   3.98500013       1.00161159    
   3.98600030       1.00160480    
   3.98700023       1.00159800    
   3.98800015       1.00159109    
   3.98900008       1.00158417    
   3.99000025       1.00157750    
   3.99100018       1.00157070    
   3.99200010       1.00156391    
   3.99300027       1.00155711    
   3.99400020       1.00155032    
   3.99500012       1.00154328    
   3.99600029       1.00153661    
   3.99700022       1.00152981    
   3.99800014       1.00152314    
   3.99900007       1.00151634    
   4.00000000       1.00150967    
   4.00100040       1.00150299    
   4.00200033       1.00149632    
   4.00300026       1.00148952    
   4.00400019       1.00148284    
   4.00500011       1.00147617    
   4.00600004       1.00146949    
   4.00699997       1.00146270    
   4.00800037       1.00145626    
   4.00900030       1.00144947    
   4.01000023       1.00144291    
   4.01100016       1.00143611    
   4.01200008       1.00142968    
   4.01300001       1.00142288    
   4.01400042       1.00141621    
   4.01500034       1.00140965    
   4.01600027       1.00140297    
   4.01700020       1.00139642    
   4.01800013       1.00138986    
   4.01900005       1.00138330    
   4.01999998       1.00137675    
   4.02100039       1.00137019    
   4.02200031       1.00136364    
   4.02300024       1.00135708    
   4.02400017       1.00135052    
   4.02500010       1.00134397    
   4.02600002       1.00133753    
   4.02700043       1.00133097    
   4.02800035       1.00132453    
   4.02900028       1.00131798    
   4.03000021       1.00131142    
   4.03100014       1.00130498    
   4.03200006       1.00129855    
   4.03299999       1.00129199    
   4.03400040       1.00128555    
   4.03500032       1.00127900    
   4.03600025       1.00127256    
   4.03700018       1.00126612    
   4.03800011       1.00125968    
   4.03900003       1.00125325    
   4.03999996       1.00124681    
   4.04100037       1.00124037    
   4.04200029       1.00123394    
   4.04300022       1.00122750    
   4.04400015       1.00122118    
   4.04500008       1.00121474    
   4.04600000       1.00120842    
   4.04700041       1.00120199    
   4.04800034       1.00119579    
   4.04900026       1.00118935    
   4.05000019       1.00118303    
   4.05100012       1.00117660    
   4.05200005       1.00117028    
   4.05299997       1.00116384    
   4.05400038       1.00115764    
   4.05500031       1.00115132    
   4.05600023       1.00114501    
   4.05700016       1.00113857    
   4.05800009       1.00113225    
   4.05900002       1.00112593    
   4.06000042       1.00111961    
   4.06100035       1.00111341    
   4.06200027       1.00110710    
   4.06300020       1.00110078    
   4.06400013       1.00109458    
   4.06500006       1.00108826    
   4.06599998       1.00108206    
   4.06700039       1.00107574    
   4.06800032       1.00106955    
   4.06900024       1.00106323    
   4.07000017       1.00105703    
   4.07100010       1.00105071    
   4.07200003       1.00104463    
   4.07300043       1.00103831    
   4.07400036       1.00103211    
   4.07500029       1.00102592    
   4.07600021       1.00101972    
   4.07700014       1.00101352    
   4.07800007       1.00100732    
   4.07900000       1.00100112    
   4.08000040       1.00099492    
   4.08100033       1.00098884    
   4.08200026       1.00098252    
   4.08300018       1.00097644    
   4.08400011       1.00097013    
   4.08500004       1.00096405    
   4.08599997       1.00095785    
   4.08700037       1.00095177    
   4.08800030       1.00094557    
   4.08900023       1.00093937    
   4.09000015       1.00093329    
   4.09100008       1.00092709    
   4.09200001       1.00092101    
   4.09300041       1.00091493    
   4.09400034       1.00090885    
   4.09500027       1.00090265    
   4.09600019       1.00089657    
