   1.00000005E-03   0.00000000    
   2.00000009E-03   0.00000000    
   3.00000003E-03   0.00000000    
   4.00000019E-03   0.00000000    
   5.00000035E-03   0.00000000    
   6.00000005E-03   0.00000000    
   7.00000022E-03   0.00000000    
   8.00000038E-03   0.00000000    
   9.00000054E-03   0.00000000    
   1.00000007E-02   0.00000000    
   1.10000009E-02   0.00000000    
   1.20000001E-02   0.00000000    
   1.30000003E-02   0.00000000    
   1.40000004E-02   0.00000000    
   1.50000006E-02   0.00000000    
   1.60000008E-02   0.00000000    
   1.70000009E-02   0.00000000    
   1.80000011E-02   0.00000000    
   1.90000013E-02   0.00000000    
   2.00000014E-02   0.00000000    
   2.10000016E-02   0.00000000    
   2.20000017E-02   0.00000000    
   2.30000019E-02   0.00000000    
   2.40000002E-02   0.00000000    
   2.50000004E-02   0.00000000    
   2.60000005E-02   0.00000000    
   2.70000007E-02   0.00000000    
   2.80000009E-02   0.00000000    
   2.90000010E-02   0.00000000    
   3.00000012E-02   0.00000000    
   3.10000014E-02   0.00000000    
   3.20000015E-02   0.00000000    
   3.29999998E-02   0.00000000    
   3.40000018E-02   0.00000000    
   3.50000001E-02   0.00000000    
   3.60000022E-02   0.00000000    
   3.70000005E-02   0.00000000    
   3.80000025E-02   0.00000000    
   3.90000008E-02   0.00000000    
   4.00000028E-02   0.00000000    
   4.10000011E-02   0.00000000    
   4.20000032E-02   0.00000000    
   4.30000015E-02   0.00000000    
   4.40000035E-02   0.00000000    
   4.50000018E-02   0.00000000    
   4.60000038E-02   0.00000000    
   4.70000021E-02   0.00000000    
   4.80000004E-02   0.00000000    
   4.90000024E-02   0.00000000    
   5.00000007E-02   0.00000000    
   5.10000028E-02   0.00000000    
   5.20000011E-02   0.00000000    
   5.30000031E-02   0.00000000    
   5.40000014E-02   0.00000000    
   5.50000034E-02   0.00000000    
   5.60000017E-02   0.00000000    
   5.70000038E-02   0.00000000    
   5.80000021E-02   0.00000000    
   5.90000041E-02   0.00000000    
   6.00000024E-02   0.00000000    
   6.10000044E-02   0.00000000    
   6.20000027E-02   0.00000000    
   6.30000010E-02   0.00000000    
   6.40000030E-02   0.00000000    
   6.50000051E-02   0.00000000    
   6.59999996E-02   0.00000000    
   6.70000017E-02   0.00000000    
   6.80000037E-02   0.00000000    
   6.90000057E-02   0.00000000    
   7.00000003E-02   0.00000000    
   7.10000023E-02   0.00000000    
   7.20000044E-02   0.00000000    
   7.30000064E-02   0.00000000    
   7.40000010E-02   0.00000000    
   7.50000030E-02   0.00000000    
   7.60000050E-02   0.00000000    
   7.70000070E-02   0.00000000    
   7.80000016E-02   0.00000000    
   7.90000036E-02   0.00000000    
   8.00000057E-02   0.00000000    
   8.10000002E-02   0.00000000    
   8.20000023E-02   0.00000000    
   8.30000043E-02   0.00000000    
   8.40000063E-02   0.00000000    
   8.50000009E-02   0.00000000    
   8.60000029E-02   0.00000000    
   8.70000049E-02   0.00000000    
   8.80000070E-02   0.00000000    
   8.90000015E-02   0.00000000    
   9.00000036E-02   0.00000000    
   9.10000056E-02   0.00000000    
   9.20000076E-02   0.00000000    
   9.30000022E-02   0.00000000    
   9.40000042E-02   0.00000000    
   9.50000063E-02   0.00000000    
   9.60000008E-02   0.00000000    
   9.70000029E-02   0.00000000    
   9.80000049E-02   0.00000000    
   9.90000069E-02   0.00000000    
  0.100000001       0.00000000    
  0.101000004       0.00000000    
  0.102000006       0.00000000    
  0.103000008       0.00000000    
  0.104000002       0.00000000    
  0.105000004       0.00000000    
  0.106000006       0.00000000    
  0.107000008       0.00000000    
  0.108000003       0.00000000    
  0.109000005       0.00000000    
  0.110000007       0.00000000    
  0.111000009       0.00000000    
  0.112000003       0.00000000    
  0.113000005       0.00000000    
  0.114000008       0.00000000    
  0.115000002       0.00000000    
  0.116000004       0.00000000    
  0.117000006       0.00000000    
  0.118000008       0.00000000    
  0.119000003       0.00000000    
  0.120000005       0.00000000    
  0.121000007       0.00000000    
  0.122000009       0.00000000    
  0.123000003       0.00000000    
  0.124000005       0.00000000    
  0.125000000       0.00000000    
  0.126000002       0.00000000    
  0.127000004       0.00000000    
  0.128000006       0.00000000    
  0.129000008       0.00000000    
  0.130000010       0.00000000    
  0.131000012       0.00000000    
  0.131999999       0.00000000    
  0.133000001       0.00000000    
  0.134000003       0.00000000    
  0.135000005       0.00000000    
  0.136000007       0.00000000    
  0.137000009       0.00000000    
  0.138000011       0.00000000    
  0.139000013       0.00000000    
  0.140000001       0.00000000    
  0.141000003       0.00000000    
  0.142000005       0.00000000    
  0.143000007       0.00000000    
  0.144000009       0.00000000    
  0.145000011       0.00000000    
  0.146000013       0.00000000    
  0.147000000       0.00000000    
  0.148000002       0.00000000    
  0.149000004       0.00000000    
  0.150000006       0.00000000    
  0.151000008       0.00000000    
  0.152000010       0.00000000    
  0.153000012       0.00000000    
  0.154000014       0.00000000    
  0.155000001       0.00000000    
  0.156000003       0.00000000    
  0.157000005       0.00000000    
  0.158000007       0.00000000    
  0.159000009       0.00000000    
  0.160000011       0.00000000    
  0.161000013       0.00000000    
  0.162000000       0.00000000    
  0.163000003       0.00000000    
  0.164000005       0.00000000    
  0.165000007       0.00000000    
  0.166000009       0.00000000    
  0.167000011       0.00000000    
  0.168000013       0.00000000    
  0.169000015       0.00000000    
  0.170000002       0.00000000    
  0.171000004       0.00000000    
  0.172000006       0.00000000    
  0.173000008       0.00000000    
  0.174000010       0.00000000    
  0.175000012       0.00000000    
  0.176000014       0.00000000    
  0.177000001       0.00000000    
  0.178000003       0.00000000    
  0.179000005       0.00000000    
  0.180000007       0.00000000    
  0.181000009       0.00000000    
  0.182000011       0.00000000    
  0.183000013       0.00000000    
  0.184000015       0.00000000    
  0.185000002       0.00000000    
  0.186000004       0.00000000    
  0.187000006       0.00000000    
  0.188000008       0.00000000    
  0.189000010       0.00000000    
  0.190000013       0.00000000    
  0.191000015       0.00000000    
  0.192000002       0.00000000    
  0.193000004       0.00000000    
  0.194000006       0.00000000    
  0.195000008       0.00000000    
  0.196000010       0.00000000    
  0.197000012       0.00000000    
  0.198000014       0.00000000    
  0.199000016       0.00000000    
  0.200000003       0.00000000    
  0.201000005       0.00000000    
  0.202000007       0.00000000    
  0.203000009       0.00000000    
  0.204000011       0.00000000    
  0.205000013       0.00000000    
  0.206000015       0.00000000    
  0.207000017       0.00000000    
  0.208000004       0.00000000    
  0.209000006       0.00000000    
  0.210000008       0.00000000    
  0.211000010       0.00000000    
  0.212000012       0.00000000    
  0.213000014       0.00000000    
  0.214000016       0.00000000    
  0.215000004       0.00000000    
  0.216000006       0.00000000    
  0.217000008       0.00000000    
  0.218000010       0.00000000    
  0.219000012       0.00000000    
  0.220000014       0.00000000    
  0.221000016       0.00000000    
  0.222000018       0.00000000    
  0.223000005       0.00000000    
  0.224000007       0.00000000    
  0.225000009       0.00000000    
  0.226000011       0.00000000    
  0.227000013       0.00000000    
  0.228000015       0.00000000    
  0.229000017       0.00000000    
  0.230000004       0.00000000    
  0.231000006       0.00000000    
  0.232000008       0.00000000    
  0.233000010       0.00000000    
  0.234000012       0.00000000    
  0.235000014       0.00000000    
  0.236000016       0.00000000    
  0.237000018       0.00000000    
  0.238000005       0.00000000    
  0.239000008       0.00000000    
  0.240000010       0.00000000    
  0.241000012       0.00000000    
  0.242000014       0.00000000    
  0.243000016       0.00000000    
  0.244000018       0.00000000    
  0.245000005       0.00000000    
  0.246000007       0.00000000    
  0.247000009       0.00000000    
  0.248000011       0.00000000    
  0.249000013       0.00000000    
  0.250000000       0.00000000    
  0.251000017       0.00000000    
  0.252000004       0.00000000    
  0.253000021       0.00000000    
  0.254000008       0.00000000    
  0.255000025       0.00000000    
  0.256000012       0.00000000    
  0.256999999       0.00000000    
  0.258000016       0.00000000    
  0.259000003       0.00000000    
  0.260000020       0.00000000    
  0.261000007       0.00000000    
  0.262000024       0.00000000    
  0.263000011       0.00000000    
  0.263999999       0.00000000    
  0.265000015       0.00000000    
  0.266000003       0.00000000    
  0.267000020       0.00000000    
  0.268000007       0.00000000    
  0.269000024       0.00000000    
  0.270000011       0.00000000    
  0.271000028       0.00000000    
  0.272000015       0.00000000    
  0.273000002       0.00000000    
  0.274000019       0.00000000    
  0.275000006       0.00000000    
  0.276000023       0.00000000    
  0.277000010       0.00000000    
  0.278000027       0.00000000    
  0.279000014       0.00000000    
  0.280000001       0.00000000    
  0.281000018       0.00000000    
  0.282000005       0.00000000    
  0.283000022       0.00000000    
  0.284000009       0.00000000    
  0.285000026       0.00000000    
  0.286000013       0.00000000    
  0.287000000       0.00000000    
  0.288000017       0.00000000    
  0.289000005       0.00000000    
  0.290000021       0.00000000    
  0.291000009       0.00000000    
  0.292000026       0.00000000    
  0.293000013       0.00000000    
  0.294000000       0.00000000    
  0.295000017       0.00000000    
  0.296000004       0.00000000    
  0.297000021       0.00000000    
  0.298000008       0.00000000    
  0.299000025       0.00000000    
  0.300000012       0.00000000    
  0.301000029       0.00000000    
  0.302000016       0.00000000    
  0.303000003       0.00000000    
  0.304000020       0.00000000    
  0.305000007       0.00000000    
  0.306000024       0.00000000    
  0.307000011       0.00000000    
  0.308000028       0.00000000    
  0.309000015       0.00000000    
  0.310000002       0.00000000    
  0.311000019       0.00000000    
  0.312000006       0.00000000    
  0.313000023       0.00000000    
  0.314000010       0.00000000    
  0.315000027       0.00000000    
  0.316000015       0.00000000    
  0.317000002       0.00000000    
  0.318000019       0.00000000    
  0.319000006       0.00000000    
  0.320000023       0.00000000    
  0.321000010       0.00000000    
  0.322000027       0.00000000    
  0.323000014       0.00000000    
  0.324000001       0.00000000    
  0.325000018       0.00000000    
  0.326000005       0.00000000    
  0.327000022       0.00000000    
  0.328000009       0.00000000    
  0.329000026       0.00000000    
  0.330000013       0.00000000    
  0.331000030       0.00000000    
  0.332000017       0.00000000    
  0.333000004       0.00000000    
  0.334000021       0.00000000    
  0.335000008       0.00000000    
  0.336000025       0.00000000    
  0.337000012       0.00000000    
  0.338000029       0.00000000    
  0.339000016       0.00000000    
  0.340000004       0.00000000    
  0.341000021       0.00000000    
  0.342000008       0.00000000    
  0.343000025       0.00000000    
  0.344000012       0.00000000    
  0.345000029       0.00000000    
  0.346000016       0.00000000    
  0.347000003       0.00000000    
  0.348000020       0.00000000    
  0.349000007       0.00000000    
  0.350000024       0.00000000    
  0.351000011       0.00000000    
  0.352000028       0.00000000    
  0.353000015       0.00000000    
  0.354000002       0.00000000    
  0.355000019       0.00000000    
  0.356000006       0.00000000    
  0.357000023       0.00000000    
  0.358000010       0.00000000    
  0.359000027       0.00000000    
  0.360000014       0.00000000    
  0.361000031       0.00000000    
  0.362000018       0.00000000    
  0.363000005       0.00000000    
  0.364000022       0.00000000    
  0.365000010       0.00000000    
  0.366000026       0.00000000    
  0.367000014       0.00000000    
  0.368000031       0.00000000    
  0.369000018       0.00000000    
  0.370000005       0.00000000    
  0.371000022       0.00000000    
  0.372000009       0.00000000    
  0.373000026       0.00000000    
  0.374000013       0.00000000    
  0.375000030       0.00000000    
  0.376000017       0.00000000    
  0.377000004       0.00000000    
  0.378000021       0.00000000    
  0.379000008       0.00000000    
  0.380000025       0.00000000    
  0.381000012       0.00000000    
  0.382000029       0.00000000    
  0.383000016       0.00000000    
  0.384000003       0.00000000    
  0.385000020       0.00000000    
  0.386000007       0.00000000    
  0.387000024       0.00000000    
  0.388000011       0.00000000    
  0.389000028       0.00000000    
  0.390000015       0.00000000    
  0.391000032       0.00000000    
  0.392000020       0.00000000    
  0.393000007       0.00000000    
  0.394000024       0.00000000    
  0.395000011       0.00000000    
  0.396000028       0.00000000    
  0.397000015       0.00000000    
  0.398000032       0.00000000    
  0.399000019       0.00000000    
  0.400000006       0.00000000    
  0.401000023       0.00000000    
  0.402000010       0.00000000    
  0.403000027       0.00000000    
  0.404000014       0.00000000    
  0.405000031       0.00000000    
  0.406000018       0.00000000    
  0.407000005       0.00000000    
  0.408000022       0.00000000    
  0.409000009       0.00000000    
  0.410000026       0.00000000    
  0.411000013       0.00000000    
  0.412000030       0.00000000    
  0.413000017       0.00000000    
  0.414000034       0.00000000    
  0.415000021       0.00000000    
  0.416000009       0.00000000    
  0.417000026       0.00000000    
  0.418000013       0.00000000    
  0.419000030       0.00000000    
  0.420000017       0.00000000    
  0.421000034       0.00000000    
  0.422000021       0.00000000    
  0.423000008       0.00000000    
  0.424000025       0.00000000    
  0.425000012       0.00000000    
  0.426000029       0.00000000    
  0.427000016       0.00000000    
  0.428000033       0.00000000    
  0.429000020       0.00000000    
  0.430000007       0.00000000    
  0.431000024       0.00000000    
  0.432000011       0.00000000    
  0.433000028       0.00000000    
  0.434000015       0.00000000    
  0.435000032       0.00000000    
  0.436000019       0.00000000    
  0.437000006       0.00000000    
  0.438000023       0.00000000    
  0.439000010       0.00000000    
  0.440000027       0.00000000    
  0.441000015       0.00000000    
  0.442000031       0.00000000    
  0.443000019       0.00000000    
  0.444000036       0.00000000    
  0.445000023       0.00000000    
  0.446000010       0.00000000    
  0.447000027       0.00000000    
  0.448000014       0.00000000    
  0.449000031       0.00000000    
  0.450000018       0.00000000    
  0.451000035       0.00000000    
  0.452000022       0.00000000    
  0.453000009       0.00000000    
  0.454000026       0.00000000    
  0.455000013       0.00000000    
  0.456000030       0.00000000    
  0.457000017       0.00000000    
  0.458000034       0.00000000    
  0.459000021       0.00000000    
  0.460000008       0.00000000    
  0.461000025       0.00000000    
  0.462000012       0.00000000    
  0.463000029       0.00000000    
  0.464000016       0.00000000    
  0.465000033       0.00000000    
  0.466000021       0.00000000    
  0.467000008       0.00000000    
  0.468000025       0.00000000    
  0.469000012       0.00000000    
  0.470000029       0.00000000    
  0.471000016       0.00000000    
  0.472000033       0.00000000    
  0.473000020       0.00000000    
  0.474000037       0.00000000    
  0.475000024       0.00000000    
  0.476000011       0.00000000    
  0.477000028       0.00000000    
  0.478000015       0.00000000    
  0.479000032       0.00000000    
  0.480000019       0.00000000    
  0.481000036       0.00000000    
  0.482000023       0.00000000    
  0.483000010       0.00000000    
  0.484000027       0.00000000    
  0.485000014       0.00000000    
  0.486000031       0.00000000    
  0.487000018       0.00000000    
  0.488000035       0.00000000    
  0.489000022       0.00000000    
  0.490000010       0.00000000    
  0.491000026       0.00000000    
  0.492000014       0.00000000    
  0.493000031       0.00000000    
  0.494000018       0.00000000    
  0.495000035       0.00000000    
  0.496000022       0.00000000    
  0.497000009       0.00000000    
  0.498000026       0.00000000    
  0.499000013       0.00000000    
  0.500000000       0.00000000    
  0.501000047       0.00000000    
  0.502000034       0.00000000    
  0.503000021       0.00000000    
  0.504000008       0.00000000    
  0.504999995       0.00000000    
  0.506000042       0.00000000    
  0.507000029       0.00000000    
  0.508000016       0.00000000    
  0.509000003       0.00000000    
  0.510000050       0.00000000    
  0.511000037       0.00000000    
  0.512000024       0.00000000    
  0.513000011       0.00000000    
  0.513999999       0.00000000    
  0.515000045       0.00000000    
  0.516000032       0.00000000    
  0.517000020       0.00000000    
  0.518000007       0.00000000    
  0.519000053       0.00000000    
  0.520000041       0.00000000    
  0.521000028       0.00000000    
  0.522000015       0.00000000    
  0.523000002       0.00000000    
  0.524000049       0.00000000    
  0.525000036       0.00000000    
  0.526000023       0.00000000    
  0.527000010       0.00000000    
  0.527999997       0.00000000    
  0.529000044       0.00000000    
  0.530000031       0.00000000    
  0.531000018       0.00000000    
  0.532000005       0.00000000    
  0.533000052       0.00000000    
  0.534000039       0.00000000    
  0.535000026       0.00000000    
  0.536000013       0.00000000    
  0.537000000       0.00000000    
  0.538000047       0.00000000    
  0.539000034       0.00000000    
  0.540000021       0.00000000    
  0.541000009       0.00000000    
  0.542000055       0.00000000    
  0.543000042       0.00000000    
  0.544000030       0.00000000    
  0.545000017       0.00000000    
  0.546000004       0.00000000    
  0.547000051       0.00000000    
  0.548000038       0.00000000    
  0.549000025       0.00000000    
  0.550000012       0.00000000    
  0.550999999       0.00000000    
  0.552000046       0.00000000    
  0.553000033       0.00000000    
  0.554000020       0.00000000    
  0.555000007       0.00000000    
  0.556000054       0.00000000    
  0.557000041       0.00000000    
  0.558000028       0.00000000    
  0.559000015       0.00000000    
  0.560000002       0.00000000    
  0.561000049       0.00000000    
  0.562000036       0.00000000    
  0.563000023       0.00000000    
  0.564000010       0.00000000    
  0.564999998       0.00000000    
  0.566000044       0.00000000    
  0.567000031       0.00000000    
  0.568000019       0.00000000    
  0.569000006       0.00000000    
  0.570000052       0.00000000    
  0.571000040       0.00000000    
  0.572000027       0.00000000    
  0.573000014       0.00000000    
  0.574000001       0.00000000    
  0.575000048       0.00000000    
  0.576000035       0.00000000    
  0.577000022       0.00000000    
  0.578000009       0.00000000    
  0.579000056       0.00000000    
  0.580000043       0.00000000    
  0.581000030       0.00000000    
  0.582000017       0.00000000    
  0.583000004       0.00000000    
  0.584000051       0.00000000    
  0.585000038       0.00000000    
  0.586000025       0.00000000    
  0.587000012       0.00000000    
  0.588000000       0.00000000    
  0.589000046       0.00000000    
  0.590000033       0.00000000    
  0.591000021       0.00000000    
  0.592000008       0.00000000    
  0.593000054       0.00000000    
  0.594000041       0.00000000    
  0.595000029       0.00000000    
  0.596000016       0.00000000    
  0.597000003       0.00000000    
  0.598000050       0.00000000    
  0.599000037       0.00000000    
  0.600000024       0.00000000    
  0.601000011       0.00000000    
  0.602000058       0.00000000    
  0.603000045       0.00000000    
  0.604000032       0.00000000    
  0.605000019       0.00000000    
  0.606000006       0.00000000    
  0.607000053       0.00000000    
  0.608000040       0.00000000    
  0.609000027       0.00000000    
  0.610000014       0.00000000    
  0.611000001       0.00000000    
  0.612000048       0.00000000    
  0.613000035       0.00000000    
  0.614000022       0.00000000    
  0.615000010       0.00000000    
  0.616000056       0.00000000    
  0.617000043       0.00000000    
  0.618000031       0.00000000    
  0.619000018       0.00000000    
  0.620000005       0.00000000    
  0.621000051       0.00000000    
  0.622000039       0.00000000    
  0.623000026       0.00000000    
  0.624000013       0.00000000    
  0.625000000       0.00000000    
  0.626000047       0.00000000    
  0.627000034       0.00000000    
  0.628000021       0.00000000    
  0.629000008       0.00000000    
  0.630000055       0.00000000    
  0.631000042       0.00000000    
  0.632000029       0.00000000    
  0.633000016       0.00000000    
  0.634000003       0.00000000    
  0.635000050       0.00000000    
  0.636000037       0.00000000    
  0.637000024       0.00000000    
  0.638000011       0.00000000    
  0.639000058       0.00000000    
  0.640000045       0.00000000    
  0.641000032       0.00000000    
  0.642000020       0.00000000    
  0.643000007       0.00000000    
  0.644000053       0.00000000    
  0.645000041       0.00000000    
  0.646000028       0.00000000    
  0.647000015       0.00000000    
  0.648000002       0.00000000    
  0.649000049       0.00000000    
  0.650000036       0.00000000    
  0.651000023       0.00000000    
  0.652000010       0.00000000    
  0.653000057       0.00000000    
  0.654000044       0.00000000    
  0.655000031       0.00000000    
  0.656000018       0.00000000    
  0.657000005       0.00000000    
  0.658000052       0.00000000    
  0.659000039       0.00000000    
  0.660000026       0.00000000    
  0.661000013       0.00000000    
  0.662000060       0.00000000    
  0.663000047       0.00000000    
  0.664000034       0.00000000    
  0.665000021       0.00000000    
  0.666000009       0.00000000    
  0.667000055       0.00000000    
  0.668000042       0.00000000    
  0.669000030       0.00000000    
  0.670000017       0.00000000    
  0.671000004       0.00000000    
  0.672000051       0.00000000    
  0.673000038       0.00000000    
  0.674000025       0.00000000    
  0.675000012       0.00000000    
  0.676000059       0.00000000    
  0.677000046       0.00000000    
  0.678000033       0.00000000    
  0.679000020       0.00000000    
  0.680000007       0.00000000    
  0.681000054       0.00000000    
  0.682000041       0.00000000    
  0.683000028       0.00000000    
  0.684000015       0.00000000    
  0.685000062       0.00000000    
  0.686000049       0.00000000    
  0.687000036       0.00000000    
  0.688000023       0.00000000    
  0.689000010       0.00000000    
  0.690000057       0.00000000    
  0.691000044       0.00000000    
  0.692000031       0.00000000    
  0.693000019       0.00000000    
  0.694000006       0.00000000    
  0.695000052       0.00000000    
  0.696000040       0.00000000    
  0.697000027       0.00000000    
  0.698000014       0.00000000    
  0.699000061       0.00000000    
  0.700000048       0.00000000    
  0.701000035       0.00000000    
  0.702000022       0.00000000    
  0.703000009       0.00000000    
  0.704000056       0.00000000    
  0.705000043       0.00000000    
  0.706000030       0.00000000    
  0.707000017       0.00000000    
  0.708000004       0.00000000    
  0.709000051       0.00000000    
  0.710000038       0.00000000    
  0.711000025       0.00000000    
  0.712000012       0.00000000    
  0.713000059       0.00000000    
  0.714000046       0.00000000    
  0.715000033       0.00000000    
  0.716000021       0.00000000    
  0.717000008       0.00000000    
  0.718000054       0.00000000    
  0.719000041       0.00000000    
  0.720000029       0.00000000    
  0.721000016       0.00000000    
  0.722000062       0.00000000    
  0.723000050       0.00000000    
  0.724000037       0.00000000    
  0.725000024       0.00000000    
  0.726000011       0.00000000    
  0.727000058       0.00000000    
  0.728000045       0.00000000    
  0.729000032       0.00000000    
  0.730000019       0.00000000    
  0.731000006       0.00000000    
  0.732000053       0.00000000    
  0.733000040       0.00000000    
  0.734000027       0.00000000    
  0.735000014       0.00000000    
  0.736000061       0.00000000    
  0.737000048       0.00000000    
  0.738000035       0.00000000    
  0.739000022       0.00000000    
  0.740000010       0.00000000    
  0.741000056       0.00000000    
  0.742000043       0.00000000    
  0.743000031       4.20389539E-45
  0.744000018       2.80259693E-44
  0.745000064       1.56945428E-43
  0.746000051       8.91225823E-43
  0.747000039       4.90734722E-42
  0.748000026       2.61902683E-41
  0.749000013       1.35607856E-40
  0.750000060       6.81800367E-40
  0.751000047       3.32934923E-39
  0.752000034       1.58021667E-38
  0.753000021       7.29339641E-38
  0.754000008       3.27543337E-37
  0.755000055       1.43215672E-36
  0.756000042       6.09830312E-36
  0.757000029       2.53049008E-35
  0.758000016       1.02368809E-34
  0.759000063       4.03957027E-34
  0.760000050       1.55545545E-33
  0.761000037       5.84752824E-33
  0.762000024       2.14715152E-32
  0.763000011       7.70412238E-32
  0.764000058       2.70254826E-31
  0.765000045       9.27075437E-31
  0.766000032       3.11167780E-30
  0.767000020       1.02224841E-29
  0.768000007       3.28844654E-29
  0.769000053       1.03632304E-28
  0.770000041       3.19998990E-28
  0.771000028       9.68698369E-28
  0.772000015       2.87571193E-27
  0.773000062       8.37532699E-27
  0.774000049       2.39371106E-26
  0.775000036       6.71595684E-26
  0.776000023       1.85048514E-25
  0.777000010       5.00896106E-25
  0.778000057       1.33243518E-24
  0.779000044       3.48400774E-24
  0.780000031       8.95774356E-24
  0.781000018       2.26542282E-23
  0.782000065       5.63732562E-23
  0.783000052       1.38057474E-22
  0.784000039       3.32861462E-22
  0.785000026       7.90317761E-22
  0.786000013       1.84834780E-21
  0.787000060       4.25964734E-21
  0.788000047       9.67462770E-21
  0.789000034       2.16619183E-20
  0.790000021       4.78279546E-20
  0.791000009       1.04161135E-19
  0.792000055       2.23802012E-19
  0.793000042       4.74524101E-19
  0.794000030       9.93102600E-19
  0.795000017       2.05195634E-18
  0.796000063       4.18720150E-18
  0.797000051       8.43927132E-18
  0.798000038       1.68044223E-17
  0.799000025       3.30662174E-17
  0.800000012       6.43097589E-17
  0.801000059       1.23649896E-16
  0.802000046       2.35082824E-16
  0.803000033       4.42007891E-16
  0.804000020       8.22094497E-16
  0.805000067       1.51287866E-15
  0.806000054       2.75497868E-15
  0.807000041       4.96545325E-15
  0.808000028       8.85958600E-15
  0.809000015       1.56515917E-14
  0.810000062       2.73827219E-14
  0.811000049       4.74488917E-14
  0.812000036       8.14492110E-14
  0.813000023       1.38524459E-13
  0.814000010       2.33467949E-13
  0.815000057       3.90008636E-13
  0.816000044       6.45798031E-13
  0.817000031       1.06018840E-12
  0.818000019       1.72582044E-12
  0.819000065       2.78624584E-12
  0.820000052       4.46146245E-12
  0.821000040       7.08707789E-12
  0.822000027       1.11692825E-11
  0.823000014       1.74672013E-11
  0.824000061       2.71106661E-11
  0.825000048       4.17629750E-11
  0.826000035       6.38650730E-11
  0.827000022       9.69617858E-11
  0.828000069       1.46176043E-10
  0.829000056       2.18831467E-10
  0.830000043       3.25372757E-10
  0.831000030       4.80542106E-10
  0.832000017       7.05040415E-10
  0.833000064       1.02775144E-09
  0.834000051       1.48863699E-09
  0.835000038       2.14270091E-09
  0.836000025       3.06524539E-09
  0.837000012       4.35856551E-09
  0.838000059       6.16091178E-09
  0.839000046       8.65767547E-09
  0.840000033       1.20967414E-08
  0.841000021       1.68065721E-08
  0.842000067       2.32216237E-08
  0.843000054       3.19103002E-08
  0.844000041       4.36163035E-08
  0.845000029       5.93026002E-08
  0.846000016       8.02157203E-08
  0.847000062       1.07955117E-07
  0.848000050       1.44560204E-07
  0.849000037       1.92627766E-07
  0.850000024       2.55444291E-07
  0.851000011       3.37144087E-07
  0.852000058       4.42910647E-07
  0.853000045       5.79189361E-07
  0.854000032       7.53986171E-07
  0.855000019       9.77210789E-07
  0.856000066       1.26103430E-06
  0.857000053       1.62033359E-06
  0.858000040       2.07327753E-06
  0.859000027       2.64186701E-06
  0.860000014       3.35273808E-06
  0.861000061       4.23802749E-06
  0.862000048       5.33599314E-06
  0.863000035       6.69253586E-06
  0.864000022       8.36212894E-06
  0.865000069       1.04095498E-05
  0.866000056       1.29106802E-05
  0.867000043       1.59551182E-05
  0.868000031       1.96476994E-05
  0.869000018       2.41107900E-05
  0.870000064       2.94867623E-05
  0.871000051       3.59396727E-05
  0.872000039       4.36604423E-05
  0.873000026       5.28672826E-05
  0.874000013       6.38108613E-05
  0.875000060       7.67788806E-05
  0.876000047       9.20961611E-05
  0.877000034       1.10133056E-04
  0.878000021       1.31310386E-04
  0.879000068       1.56101465E-04
  0.880000055       1.85035984E-04
  0.881000042       2.18709451E-04
  0.882000029       2.57791718E-04
  0.883000016       3.03022185E-04
  0.884000063       3.55232274E-04
  0.885000050       4.15325921E-04
  0.886000037       4.84325690E-04
  0.887000024       5.63331647E-04
  0.888000071       6.53583731E-04
  0.889000058       7.56403722E-04
  0.890000045       8.73264798E-04
  0.891000032       1.00576354E-03
  0.892000020       1.15562999E-03
  0.893000066       1.32476387E-03
  0.894000053       1.51517300E-03
  0.895000041       1.72905694E-03
  0.896000028       1.96877890E-03
  0.897000015       2.23687198E-03
  0.898000062       2.53606797E-03
  0.899000049       2.86923791E-03
  0.900000036       3.23946564E-03
  0.901000023       3.65003571E-03
  0.902000070       4.10447875E-03
  0.903000057       4.60639317E-03
  0.904000044       5.15970727E-03
  0.905000031       5.76848211E-03
  0.906000018       6.43706322E-03
  0.907000065       7.16999313E-03
  0.908000052       7.97189213E-03
  0.909000039       8.84769391E-03
  0.910000026       9.80256405E-03
  0.911000073       1.08418902E-02
  0.912000060       1.19710807E-02
  0.913000047       1.31958416E-02
  0.914000034       1.45221241E-02
  0.915000021       1.59559790E-02
  0.916000068       1.75038166E-02
  0.917000055       1.91717539E-02
  0.918000042       2.09664367E-02
  0.919000030       2.28946395E-02
  0.920000017       2.49631349E-02
  0.921000063       2.71789115E-02
  0.922000051       2.95488685E-02
  0.923000038       3.20801884E-02
  0.924000025       3.47800404E-02
  0.925000072       3.76558378E-02
  0.926000059       4.07145098E-02
  0.927000046       4.39634807E-02
  0.928000033       4.74100336E-02
  0.929000020       5.10613769E-02
  0.930000067       5.49250804E-02
  0.931000054       5.90079091E-02
  0.932000041       6.33172393E-02
  0.933000028       6.78598806E-02
  0.934000015       7.26428777E-02
  0.935000062       7.76730999E-02
  0.936000049       8.29568058E-02
  0.937000036       8.85006860E-02
  0.938000023       9.43109542E-02
  0.939000070      0.100393943    
  0.940000057      0.106754914    
  0.941000044      0.113399662    
  0.942000031      0.120333888    
  0.943000019      0.127562374    
  0.944000065      0.135090321    
  0.945000052      0.142921284    
  0.946000040      0.151060075    
  0.947000027      0.159510240    
  0.948000073      0.168276116    
  0.949000061      0.177359268    
  0.950000048      0.186763778    
  0.951000035      0.196491569    
  0.952000022      0.206544697    
  0.953000069      0.216924965    
  0.954000056      0.227633506    
  0.955000043      0.238670662    
  0.956000030      0.250037491    
  0.957000017      0.261733770    
  0.958000064      0.273760170    
  0.959000051      0.286113739    
  0.960000038      0.298795104    
  0.961000025      0.311801761    
  0.962000072      0.325133383    
  0.963000059      0.338785201    
  0.964000046      0.352755427    
  0.965000033      0.367040873    
  0.966000021      0.381638467    
  0.967000067      0.396544456    
  0.968000054      0.411753505    
  0.969000041      0.427260697    
  0.970000029      0.443062067    
  0.971000075      0.459152728    
  0.972000062      0.475525647    
  0.973000050      0.492175072    
  0.974000037      0.509094954    
  0.975000024      0.526278496    
  0.976000071      0.543720484    
  0.977000058      0.561410546    
  0.978000045      0.579343498    
  0.979000032      0.597510695    
  0.980000019      0.615904391    
  0.981000066      0.634517968    
  0.982000053      0.653341353    
  0.983000040      0.672365427    
  0.984000027      0.691583216    
  0.985000074      0.710985541    
  0.986000061      0.730562687    
  0.987000048      0.750305057    
  0.988000035      0.770205438    
  0.989000022      0.790252209    
  0.990000069      0.810439169    
  0.991000056      0.830752254    
  0.992000043      0.851186335    
  0.993000031      0.871727347    
  0.994000018      0.892369747    
  0.995000064      0.913102210    
  0.996000051      0.933915138    
  0.997000039      0.954798162    
  0.998000026      0.975742877    
  0.999000072      0.996740222    
   1.00000000       1.01777720    
   1.00100005       1.03884864    
   1.00200009       1.05994475    
   1.00300002       1.08104885    
   1.00400007       1.10216308    
   1.00500000       1.12326884    
   1.00600004       1.14436388    
   1.00700009       1.16543567    
   1.00800002       1.18647480    
   1.00900006       1.20747328    
   1.00999999       1.22842371    
   1.01100004       1.24931717    
   1.01200008       1.27014709    
   1.01300001       1.29089999    
   1.01400006       1.31157386    
   1.01500010       1.33215642    
   1.01600003       1.35264361    
   1.01700008       1.37302673    
   1.01800001       1.39329720    
   1.01900005       1.41344929    
   1.02000010       1.43347836    
   1.02100003       1.45337129    
   1.02200007       1.47312927    
   1.02300000       1.49273944    
   1.02400005       1.51220131    
   1.02500010       1.53150594    
   1.02600002       1.55064631    
   1.02700007       1.56961942    
   1.02800000       1.58841968    
   1.02900004       1.60704195    
   1.03000009       1.62548196    
   1.03100002       1.64373028    
   1.03200006       1.66179156    
   1.03299999       1.67965186    
   1.03400004       1.69731379    
   1.03500009       1.71477163    
   1.03600001       1.73202026    
   1.03700006       1.74905741    
   1.03800011       1.76588142    
   1.03900003       1.78248286    
   1.04000008       1.79886925    
   1.04100001       1.81502640    
   1.04200006       1.83096194    
   1.04300010       1.84666741    
   1.04400003       1.86214006    
   1.04500008       1.87738264    
   1.04600000       1.89238989    
   1.04700005       1.90716076    
   1.04800010       1.92169631    
   1.04900002       1.93598914    
   1.05000007       1.95004547    
   1.05100000       1.96385717    
   1.05200005       1.97743046    
   1.05300009       1.99075890    
   1.05400002       2.00384402    
   1.05500007       2.01668572    
   1.05599999       2.02928376    
   1.05700004       2.04163647    
   1.05800009       2.05374718    
   1.05900002       2.06561112    
   1.06000006       2.07723403    
   1.06100011       2.08861160    
   1.06200004       2.09974623    
   1.06300008       2.11063838    
   1.06400001       2.12128901    
   1.06500006       2.13169789    
   1.06600010       2.14186931    
   1.06700003       2.15179634    
   1.06800008       2.16149092    
   1.06900001       2.17094398    
   1.07000005       2.18016458    
   1.07100010       2.18914819    
   1.07200003       2.19790077    
   1.07300007       2.20641971    
   1.07400000       2.21471071    
   1.07500005       2.22277141    
   1.07600009       2.23060822    
   1.07700002       2.23821712    
   1.07800007       2.24560499    
   1.07900000       2.25276875    
   1.08000004       2.25971675    
   1.08100009       2.26644516    
   1.08200002       2.27295923    
   1.08300006       2.27925825    
   1.08400011       2.28534889    
   1.08500004       2.29122734    
   1.08600008       2.29690099    
   1.08700001       2.30236816    
   1.08800006       2.30763483    
   1.08900011       2.31269932    
   1.09000003       2.31756830    
   1.09100008       2.32223892    
   1.09200001       2.32671928    
   1.09300005       2.33100581    
   1.09400010       2.33510709    
   1.09500003       2.33901930    
   1.09600008       2.34275079    
   1.09700000       2.34629774    
   1.09800005       2.34966898    
   1.09900010       2.35286188    
   1.10000002       2.35588241    
   1.10100007       2.35872936    
   1.10200000       2.36141014    
   1.10300004       2.36392212    
   1.10400009       2.36627269    
   1.10500002       2.36845899    
   1.10600007       2.37048912    
   1.10699999       2.37235856    
   1.10800004       2.37407827    
   1.10900009       2.37564349    
   1.11000001       2.37706137    
   1.11100006       2.37833047    
   1.11200011       2.37945771    
   1.11300004       2.38044047    
   1.11400008       2.38128614    
   1.11500001       2.38199234    
   1.11600006       2.38256621    
   1.11700010       2.38300538    
   1.11800003       2.38331676    
   1.11900008       2.38349867    
   1.12000000       2.38355708    
   1.12100005       2.38349009    
   1.12200010       2.38330531    
   1.12300003       2.38299942    
   1.12400007       2.38257957    
   1.12500000       2.38204408    
   1.12600005       2.38139844    
   1.12700009       2.38064122    
   1.12800002       2.37977910    
   1.12900007       2.37880969    
   1.13000000       2.37773967    
   1.13100004       2.37656593    
   1.13200009       2.37529588    
   1.13300002       2.37392712    
   1.13400006       2.37246537    
   1.13500011       2.37090921    
   1.13600004       2.36926436    
   1.13700008       2.36752868    
   1.13800001       2.36570811    
   1.13900006       2.36380148    
   1.14000010       2.36181307    
   1.14100003       2.35974240    
   1.14200008       2.35759401    
   1.14300001       2.35536695    
   1.14400005       2.35306573    
   1.14500010       2.35068917    
   1.14600003       2.34824252    
   1.14700007       2.34572411    
   1.14800000       2.34313917    
   1.14900005       2.34048533    
   1.15000010       2.33776832    
   1.15100002       2.33498645    
   1.15200007       2.33214402    
   1.15300000       2.32924008    
   1.15400004       2.32627892    
   1.15500009       2.32325888    
   1.15600002       2.32018542    
   1.15700006       2.31705570    
   1.15800011       2.31387544    
   1.15900004       2.31064272    
   1.16000009       2.30736160    
   1.16100001       2.30403066    
   1.16200006       2.30065441    
   1.16300011       2.29723120    
   1.16400003       2.29376531    
   1.16500008       2.29025459    
   1.16600001       2.28670502    
   1.16700006       2.28311276    
   1.16800010       2.27948403    
   1.16900003       2.27581525    
   1.17000008       2.27211165    
   1.17100000       2.26837134    
   1.17200005       2.26459813    
   1.17300010       2.26079011    
   1.17400002       2.25695276    
   1.17500007       2.25308228    
   1.17600000       2.24918437    
   1.17700005       2.24525523    
   1.17800009       2.24130082    
   1.17900002       2.23731899    
   1.18000007       2.23331213    
   1.18100011       2.22927952    
   1.18200004       2.22522545    
   1.18300009       2.22114658    
   1.18400002       2.21704817    
   1.18500006       2.21292734    
   1.18600011       2.20878792    
   1.18700004       2.20462871    
   1.18800008       2.20045257    
   1.18900001       2.19625783    
   1.19000006       2.19204831    
   1.19100010       2.18782139    
   1.19200003       2.18358183    
   1.19300008       2.17932630    
   1.19400001       2.17505956    
   1.19500005       2.17077851    
   1.19600010       2.16648722    
   1.19700003       2.16218400    
   1.19800007       2.15787148    
   1.19900000       2.15354848    
   1.20000005       2.14921761    
   1.20100009       2.14487720    
   1.20200002       2.14053082    
   1.20300007       2.13617563    
   1.20400012       2.13181567    
   1.20500004       2.12744904    
   1.20600009       2.12307858    
   1.20700002       2.11870170    
   1.20800006       2.11432266    
   1.20900011       2.10993886    
   1.21000004       2.10555363    
   1.21100008       2.10116434    
   1.21200001       2.09677553    
   1.21300006       2.09238315    
   1.21400011       2.08799148    
   1.21500003       2.08359838    
   1.21600008       2.07920671    
   1.21700001       2.07481432    
   1.21800005       2.07042432    
   1.21900010       2.06603408    
   1.22000003       2.06164789    
   1.22100008       2.05726242    
   1.22200000       2.05288124    
   1.22300005       2.04850173    
   1.22400010       2.04412675    
   1.22500002       2.03975511    
   1.22600007       2.03538847    
   1.22700012       2.03102493    
   1.22800004       2.02666879    
   1.22900009       2.02231622    
   1.23000002       2.01797080    
   1.23100007       2.01362967    
   1.23200011       2.00929642    
   1.23300004       2.00496888    
   1.23400009       2.00064874    
   1.23500001       1.99633539    
   1.23600006       1.99203050    
   1.23700011       1.98773205    
   1.23800004       1.98344374    
   1.23900008       1.97916162    
   1.24000001       1.97488964    
   1.24100006       1.97062528    
   1.24200010       1.96637118    
   1.24300003       1.96212542    
   1.24400008       1.95789027    
   1.24500000       1.95366383    
   1.24600005       1.94944823    
   1.24700010       1.94524145    
   1.24800003       1.94104707    
   1.24900007       1.93686140    
   1.25000000       1.93268836    
   1.25100005       1.92852426    
   1.25200009       1.92437279    
   1.25300002       1.92023206    
   1.25400007       1.91610312    
   1.25500011       1.91198480    
   1.25600004       1.90787995    
   1.25700009       1.90378511    
   1.25800002       1.89970469    
   1.25900006       1.89563441    
   1.26000011       1.89157784    
   1.26100004       1.88753283    
   1.26200008       1.88350117    
   1.26300001       1.87948179    
   1.26400006       1.87547576    
   1.26500010       1.87148166    
   1.26600003       1.86750245    
   1.26700008       1.86353433    
   1.26800001       1.85958159    
   1.26900005       1.85564029    
   1.27000010       1.85171378    
   1.27100003       1.84779978    
   1.27200007       1.84390068    
   1.27300000       1.84001422    
   1.27400005       1.83614290    
   1.27500010       1.83228338    
   1.27600002       1.82843995    
   1.27700007       1.82460880    
   1.27800012       1.82079303    
   1.27900004       1.81699061    
   1.28000009       1.81320322    
   1.28100002       1.80942929    
   1.28200006       1.80567050    
   1.28300011       1.80192459    
   1.28400004       1.79819489    
   1.28500009       1.79447806    
   1.28600001       1.79077721    
   1.28700006       1.78708947    
   1.28800011       1.78341722    
   1.28900003       1.77975881    
   1.29000008       1.77611613    
   1.29100001       1.77248669    
   1.29200006       1.76887333    
   1.29300010       1.76527321    
   1.29400003       1.76168954    
   1.29500008       1.75811875    
   1.29600000       1.75456452    
   1.29700005       1.75102329    
   1.29800010       1.74749839    
   1.29900002       1.74398708    
   1.30000007       1.74049139    
   1.30100012       1.73700953    
   1.30200005       1.73354375    
   1.30300009       1.73009145    
   1.30400002       1.72665536    
   1.30500007       1.72323239    
   1.30600011       1.71982574    
   1.30700004       1.71643293    
   1.30800009       1.71305585    
   1.30900002       1.70969260    
   1.31000006       1.70634484    
   1.31100011       1.70301080    
   1.31200004       1.69969285    
   1.31300008       1.69638824    
   1.31400001       1.69310009    
   1.31500006       1.68982482    
   1.31600010       1.68656564    
   1.31700003       1.68332005    
   1.31800008       1.68008995    
   1.31900001       1.67687380    
   1.32000005       1.67367315    
   1.32100010       1.67048585    
   1.32200003       1.66731429    
   1.32300007       1.66415608    
   1.32400012       1.66101348    
   1.32500005       1.65788460    
   1.32600009       1.65477085    
   1.32700002       1.65167069    
   1.32800007       1.64858580    
   1.32900012       1.64551413    
   1.33000004       1.64245808    
   1.33100009       1.63941514    
   1.33200002       1.63638794    
   1.33300006       1.63337314    
   1.33400011       1.63037407    
   1.33500004       1.62738812    
   1.33600008       1.62441707    
   1.33700001       1.62145913    
   1.33800006       1.61851645    
   1.33900011       1.61558628    
   1.34000003       1.61267173    
   1.34100008       1.60976970    
   1.34200001       1.60688269    
   1.34300005       1.60400820    
   1.34400010       1.60114872    
   1.34500003       1.59830225    
   1.34600008       1.59546995    
   1.34700012       1.59265053    
   1.34800005       1.58984625    
   1.34900010       1.58705401    
   1.35000002       1.58427644    
   1.35100007       1.58151114    
   1.35200012       1.57876039    
   1.35300004       1.57602251    
   1.35400009       1.57329845    
   1.35500002       1.57058692    
   1.35600007       1.56788957    
   1.35700011       1.56520438    
   1.35800004       1.56253350    
   1.35900009       1.55987442    
   1.36000001       1.55722988    
   1.36100006       1.55459702    
   1.36200011       1.55197811    
   1.36300004       1.54937136    
   1.36400008       1.54677820    
   1.36500001       1.54419720    
   1.36600006       1.54162979    
   1.36700010       1.53907394    
   1.36800003       1.53653216    
   1.36900008       1.53400171    
   1.37000012       1.53148472    
   1.37100005       1.52897954    
   1.37200010       1.52648771    
   1.37300003       1.52400732    
   1.37400007       1.52154052    
   1.37500012       1.51908457    
   1.37600005       1.51664233    
   1.37700009       1.51421094    
   1.37800002       1.51179314    
   1.37900007       1.50938618    
   1.38000011       1.50699222    
   1.38100004       1.50460947    
   1.38200009       1.50223958    
   1.38300002       1.49988079    
   1.38400006       1.49753463    
   1.38500011       1.49519908    
   1.38600004       1.49287689    
   1.38700008       1.49056494    
   1.38800001       1.48826575    
   1.38900006       1.48597729    
   1.39000010       1.48370111    
   1.39100003       1.48143566    
   1.39200008       1.47918260    
   1.39300001       1.47694016    
   1.39400005       1.47470975    
   1.39500010       1.47248960    
   1.39600003       1.47028196    
   1.39700007       1.46808434    
   1.39800012       1.46589875    
   1.39900005       1.46372354    
   1.40000010       1.46156001    
   1.40100002       1.45940685    
   1.40200007       1.45726550    
   1.40300012       1.45513380    
   1.40400004       1.45301437    
   1.40500009       1.45090437    
   1.40600002       1.44880629    
   1.40700006       1.44671774    
   1.40800011       1.44464087    
   1.40900004       1.44257379    
   1.41000009       1.44051790    
   1.41100001       1.43847179    
   1.41200006       1.43643701    
   1.41300011       1.43441153    
   1.41400003       1.43239737    
   1.41500008       1.43039250    
   1.41600001       1.42839897    
   1.41700006       1.42641449    
   1.41800010       1.42444122    
   1.41900003       1.42247725    
   1.42000008       1.42052400    
   1.42100012       1.41857970    
   1.42200005       1.41664648    
   1.42300010       1.41472220    
   1.42400002       1.41280878    
   1.42500007       1.41090405    
   1.42600012       1.40900993    
   1.42700005       1.40712488    
   1.42800009       1.40525007    
   1.42900002       1.40338421    
   1.43000007       1.40152860    
   1.43100011       1.39968157    
   1.43200004       1.39784527    
   1.43300009       1.39601707    
   1.43400002       1.39419949    
   1.43500006       1.39239013    
   1.43600011       1.39059067    
   1.43700004       1.38880002    
   1.43800008       1.38701928    
   1.43900001       1.38524675    
   1.44000006       1.38348424    
   1.44100010       1.38172960    
   1.44200003       1.37998521    
   1.44300008       1.37824869    
   1.44400012       1.37652183    
   1.44500005       1.37480342    
   1.44600010       1.37309420    
   1.44700003       1.37139320    
   1.44800007       1.36970162    
   1.44900012       1.36801791    
   1.45000005       1.36634374    
   1.45100009       1.36467719    
   1.45200002       1.36302030    
   1.45300007       1.36137080    
   1.45400012       1.35973060    
   1.45500004       1.35809827    
   1.45600009       1.35647476    
   1.45700002       1.35485911    
   1.45800006       1.35325241    
   1.45900011       1.35165298    
   1.46000004       1.35006297    
   1.46100008       1.34847999    
   1.46200001       1.34690619    
   1.46300006       1.34533930    
   1.46400011       1.34378159    
   1.46500003       1.34223092    
   1.46600008       1.34068894    
   1.46700013       1.33915401    
   1.46800005       1.33762825    
   1.46900010       1.33610892    
   1.47000003       1.33459866    
   1.47100008       1.33309484    
   1.47200012       1.33160007    
   1.47300005       1.33011186    
   1.47400010       1.32863224    
   1.47500002       1.32715929    
   1.47600007       1.32569480    
   1.47700012       1.32423699    
   1.47800004       1.32278740    
   1.47900009       1.32134449    
   1.48000002       1.31990993    
   1.48100007       1.31848156    
   1.48200011       1.31706154    
   1.48300004       1.31564820    
   1.48400009       1.31424272    
   1.48500001       1.31284368    
   1.48600006       1.31145251    
   1.48700011       1.31006765    
   1.48800004       1.30869091    
   1.48900008       1.30732012    
   1.49000013       1.30595732    
   1.49100006       1.30460095    
   1.49200010       1.30325198    
   1.49300003       1.30190933    
   1.49400008       1.30057442    
   1.49500012       1.29924524    
   1.49600005       1.29792404    
   1.49700010       1.29660857    
   1.49800003       1.29530084    
   1.49900007       1.29399884    
   1.50000012       1.29270411    
   1.50100005       1.29141557    
   1.50200009       1.29013431    
   1.50300002       1.28885889    
   1.50400007       1.28759062    
   1.50500011       1.28632820    
   1.50600004       1.28507328    
   1.50700009       1.28382349    
   1.50800002       1.28258133    
   1.50900006       1.28134441    
   1.51000011       1.28011477    
   1.51100004       1.27889073    
   1.51200008       1.27767360    
   1.51300013       1.27646184    
   1.51400006       1.27525723    
   1.51500010       1.27405798    
   1.51600003       1.27286577    
   1.51700008       1.27167869    
   1.51800013       1.27049851    
   1.51900005       1.26932359    
   1.52000010       1.26815546    
   1.52100003       1.26699269    
   1.52200007       1.26583648    
   1.52300012       1.26468539    
   1.52400005       1.26354110    
   1.52500010       1.26240182    
   1.52600002       1.26126921    
   1.52700007       1.26014149    
   1.52800012       1.25902021    
   1.52900004       1.25790417    
   1.53000009       1.25679457    
   1.53100002       1.25568986    
   1.53200006       1.25459135    
   1.53300011       1.25349796    
   1.53400004       1.25241089    
   1.53500009       1.25132859    
   1.53600001       1.25025249    
   1.53700006       1.24918115    
   1.53800011       1.24811625    
   1.53900003       1.24705589    
   1.54000008       1.24600184    
   1.54100013       1.24495196    
   1.54200006       1.24390888    
   1.54300010       1.24286985    
   1.54400003       1.24183726    
   1.54500008       1.24080896    
   1.54600012       1.23978674    
   1.54700005       1.23876905    
   1.54800010       1.23775721    
   1.54900002       1.23674989    
   1.55000007       1.23574853    
   1.55100012       1.23475134    
   1.55200005       1.23376036    
   1.55300009       1.23277330    
   1.55400002       1.23179233    
   1.55500007       1.23081553    
   1.55600011       1.22984421    
   1.55700004       1.22887754    
   1.55800009       1.22791636    
   1.55900002       1.22695935    
   1.56000006       1.22600794    
   1.56100011       1.22506058    
   1.56200004       1.22411919    
   1.56300008       1.22318161    
   1.56400013       1.22224951    
   1.56500006       1.22132158    
   1.56600010       1.22039902    
   1.56700003       1.21948051    
   1.56800008       1.21856737    
   1.56900012       1.21765816    
   1.57000005       1.21675444    
   1.57100010       1.21585464    
   1.57200003       1.21496022    
   1.57300007       1.21406949    
   1.57400012       1.21318412    
   1.57500005       1.21230257    
   1.57600009       1.21142614    
   1.57700002       1.21055377    
   1.57800007       1.20968628    
   1.57900012       1.20882261    
   1.58000004       1.20796418    
   1.58100009       1.20710933    
   1.58200002       1.20625961    
   1.58300006       1.20541358    
   1.58400011       1.20457256    
   1.58500004       1.20373511    
   1.58600008       1.20290267    
   1.58700013       1.20207369    
   1.58800006       1.20124984    
   1.58900011       1.20042956    
   1.59000003       1.19961417    
   1.59100008       1.19880211    
   1.59200013       1.19799507    
   1.59300005       1.19719124    
   1.59400010       1.19639254    
   1.59500003       1.19559705    
   1.59600008       1.19480646    
   1.59700012       1.19401908    
   1.59800005       1.19323671    
   1.59900010       1.19245744    
   1.60000002       1.19168293    
   1.60100007       1.19091153    
   1.60200012       1.19014513    
   1.60300004       1.18938172    
   1.60400009       1.18862295    
   1.60500002       1.18786752    
   1.60600007       1.18711662    
   1.60700011       1.18636882    
   1.60800004       1.18562591    
   1.60900009       1.18488574    
   1.61000013       1.18415010    
   1.61100006       1.18341780    
   1.61200011       1.18268967    
   1.61300004       1.18196476    
   1.61400008       1.18124437    
   1.61500013       1.18052685    
   1.61600006       1.17981386    
   1.61700010       1.17910373    
   1.61800003       1.17839813    
   1.61900008       1.17769527    
   1.62000012       1.17699683    
   1.62100005       1.17630136    
   1.62200010       1.17561007    
   1.62300003       1.17492187    
   1.62400007       1.17423773    
   1.62500012       1.17355633    
   1.62600005       1.17287946    
   1.62700009       1.17220521    
   1.62800002       1.17153525    
   1.62900007       1.17086792    
   1.63000011       1.17020476    
   1.63100004       1.16954458    
   1.63200009       1.16888821    
   1.63300014       1.16823471    
   1.63400006       1.16758537    
   1.63500011       1.16693854    
   1.63600004       1.16629601    
   1.63700008       1.16565585    
   1.63800013       1.16501987    
   1.63900006       1.16438639    
   1.64000010       1.16375709    
   1.64100003       1.16313028    
   1.64200008       1.16250741    
   1.64300013       1.16188705    
   1.64400005       1.16127086    
   1.64500010       1.16065681    
   1.64600003       1.16004694    
   1.64700007       1.15943944    
   1.64800012       1.15883589    
   1.64900005       1.15823472    
   1.65000010       1.15763748    
   1.65100002       1.15704274    
   1.65200007       1.15645158    
   1.65300012       1.15586293    
   1.65400004       1.15527809    
   1.65500009       1.15469551    
   1.65600014       1.15411687    
   1.65700006       1.15354049    
   1.65800011       1.15296769    
   1.65900004       1.15239739    
   1.66000009       1.15183079    
   1.66100013       1.15126634    
   1.66200006       1.15070570    
   1.66300011       1.15014732    
   1.66400003       1.14959252    
   1.66500008       1.14903986    
   1.66600013       1.14849102    
   1.66700006       1.14794421    
   1.66800010       1.14740098    
   1.66900003       1.14686012    
   1.67000008       1.14632273    
   1.67100012       1.14578736    
   1.67200005       1.14525568    
   1.67300010       1.14472616    
   1.67400002       1.14420009    
   1.67500007       1.14367604    
   1.67600012       1.14315546    
   1.67700005       1.14263701    
   1.67800009       1.14212203    
   1.67900014       1.14160907    
   1.68000007       1.14109957    
   1.68100011       1.14059222    
   1.68200004       1.14008808    
   1.68300009       1.13958597    
   1.68400013       1.13908732    
   1.68500006       1.13859057    
   1.68600011       1.13809729    
   1.68700004       1.13760591    
   1.68800008       1.13711774    
   1.68900013       1.13663161    
   1.69000006       1.13614881    
   1.69100010       1.13566780    
   1.69200003       1.13519025    
   1.69300008       1.13471448    
   1.69400012       1.13424194    
   1.69500005       1.13377130    
   1.69600010       1.13330388    
   1.69700003       1.13283837    
   1.69800007       1.13237607    
   1.69900012       1.13191533    
   1.70000005       1.13145804    
   1.70100009       1.13100255    
   1.70200002       1.13055027    
   1.70300007       1.13009953    
   1.70400012       1.12965202    
   1.70500004       1.12920642    
   1.70600009       1.12876379    
   1.70700014       1.12832284    
   1.70800006       1.12788522    
   1.70900011       1.12744904    
   1.71000004       1.12701619    
   1.71100008       1.12658489    
   1.71200013       1.12615657    
   1.71300006       1.12573004    
   1.71400011       1.12530661    
   1.71500003       1.12488472    
   1.71600008       1.12446582    
   1.71700013       1.12404859    
   1.71800005       1.12363434    
   1.71900010       1.12322176    
   1.72000003       1.12281215    
   1.72100008       1.12240398    
   1.72200012       1.12199891    
   1.72300005       1.12159538    
   1.72400010       1.12119484    
   1.72500002       1.12079573    
   1.72600007       1.12039959    
   1.72700012       1.12000501    
   1.72800004       1.11961329    
   1.72900009       1.11922312    
   1.73000014       1.11883581    
   1.73100007       1.11845005    
   1.73200011       1.11806703    
   1.73300004       1.11768556    
   1.73400009       1.11730695    
   1.73500013       1.11692965    
   1.73600006       1.11655533    
   1.73700011       1.11618245    
   1.73800004       1.11581230    
   1.73900008       1.11544359    
   1.74000013       1.11507773    
   1.74100006       1.11471319    
   1.74200010       1.11435139    
   1.74300003       1.11399102    
   1.74400008       1.11363339    
   1.74500012       1.11327720    
   1.74600005       1.11292362    
   1.74700010       1.11257148    
   1.74800003       1.11222208    
   1.74900007       1.11187387    
   1.75000012       1.11152840    
   1.75100005       1.11118436    
   1.75200009       1.11084294    
   1.75300014       1.11050284    
   1.75400007       1.11016536    
   1.75500011       1.10982907    
   1.75600004       1.10949564    
   1.75700009       1.10916340    
   1.75800014       1.10883379    
   1.75900006       1.10850537    
   1.76000011       1.10817981    
   1.76100004       1.10785520    
   1.76200008       1.10753322    
   1.76300013       1.10721254    
   1.76400006       1.10689449    
   1.76500010       1.10657752    
   1.76600003       1.10626316    
   1.76700008       1.10595012    
   1.76800013       1.10563946    
   1.76900005       1.10533011    
   1.77000010       1.10502326    
   1.77100003       1.10471737    
   1.77200007       1.10441434    
   1.77300012       1.10411215    
   1.77400005       1.10381269    
   1.77500010       1.10351431    
   1.77600014       1.10321832    
   1.77700007       1.10292351    
   1.77800012       1.10263133    
   1.77900004       1.10233998    
   1.78000009       1.10205126    
   1.78100014       1.10176349    
   1.78200006       1.10147846    
   1.78300011       1.10119426    
   1.78400004       1.10091257    
   1.78500009       1.10063183    
   1.78600013       1.10035360    
   1.78700006       1.10007644    
   1.78800011       1.09980166    
   1.78900003       1.09952796    
   1.79000008       1.09925663    
   1.79100013       1.09898627    
   1.79200006       1.09871829    
   1.79300010       1.09845138    
   1.79400003       1.09818685    
   1.79500008       1.09792328    
   1.79600012       1.09766197    
   1.79700005       1.09740186    
   1.79800010       1.09714389    
   1.79900014       1.09688699    
   1.80000007       1.09663236    
   1.80100012       1.09637868    
   1.80200005       1.09612739    
   1.80300009       1.09587693    
   1.80400014       1.09562886    
   1.80500007       1.09538174    
   1.80600011       1.09513688    
   1.80700004       1.09489298    
   1.80800009       1.09465134    
   1.80900013       1.09441054    
   1.81000006       1.09417200    
   1.81100011       1.09393442    
   1.81200004       1.09369910    
   1.81300008       1.09346461    
   1.81400013       1.09323239    
   1.81500006       1.09300101    
   1.81600010       1.09277201    
   1.81700003       1.09254360    
   1.81800008       1.09231758    
   1.81900012       1.09209251    
   1.82000005       1.09186935    
   1.82100010       1.09164727    
   1.82200015       1.09142733    
   1.82300007       1.09120822    
   1.82400012       1.09099114    
   1.82500005       1.09077513    
   1.82600009       1.09056115    
   1.82700014       1.09034801    
   1.82800007       1.09013700    
   1.82900012       1.08992684    
   1.83000004       1.08971882    
   1.83100009       1.08951151    
   1.83200014       1.08930635    
   1.83300006       1.08910203    
   1.83400011       1.08889973    
   1.83500004       1.08869839    
   1.83600008       1.08849907    
   1.83700013       1.08830035    
   1.83800006       1.08810401    
   1.83900011       1.08790815    
   1.84000003       1.08771455    
   1.84100008       1.08752155    
   1.84200013       1.08733082    
   1.84300005       1.08714056    
   1.84400010       1.08695257    
   1.84500003       1.08676529    
   1.84600008       1.08658004    
   1.84700012       1.08639550    
   1.84800005       1.08621299    
   1.84900010       1.08603120    
   1.85000014       1.08585155    
   1.85100007       1.08567238    
   1.85200012       1.08549535    
   1.85300004       1.08531892    
   1.85400009       1.08514464    
   1.85500014       1.08497095    
   1.85600007       1.08479929    
   1.85700011       1.08462834    
   1.85800004       1.08445930    
   1.85900009       1.08429098    
   1.86000013       1.08412457    
   1.86100006       1.08395886    
   1.86200011       1.08379507    
   1.86300004       1.08363211    
   1.86400008       1.08347094    
   1.86500013       1.08331037    
   1.86600006       1.08315194    
   1.86700010       1.08299398    
   1.86800003       1.08283794    
   1.86900008       1.08268261    
   1.87000012       1.08252919    
   1.87100005       1.08237636    
   1.87200010       1.08222532    
   1.87300014       1.08207500    
   1.87400007       1.08192670    
   1.87500012       1.08177888    
   1.87600005       1.08163321    
   1.87700009       1.08148777    
   1.87800014       1.08134437    
   1.87900007       1.08120143    
   1.88000011       1.08106053    
   1.88100004       1.08092022    
   1.88200009       1.08078158    
   1.88300014       1.08064365    
   1.88400006       1.08050764    
   1.88500011       1.08037198    
   1.88600004       1.08023846    
   1.88700008       1.08010530    
   1.88800013       1.07997382    
   1.88900006       1.07984304    
   1.89000010       1.07971418    
   1.89100003       1.07958579    
   1.89200008       1.07945931    
   1.89300013       1.07933319    
   1.89400005       1.07920897    
   1.89500010       1.07908511    
   1.89600015       1.07896316    
   1.89700007       1.07884169    
   1.89800012       1.07872212    
   1.89900005       1.07860303    
   1.90000010       1.07848573    
   1.90100014       1.07836878    
   1.90200007       1.07825375    
   1.90300012       1.07813907    
   1.90400004       1.07802641    
   1.90500009       1.07791376    
   1.90600014       1.07780313    
   1.90700006       1.07769299    
   1.90800011       1.07758462    
   1.90900004       1.07747662    
   1.91000009       1.07737041    
   1.91100013       1.07726455    
   1.91200006       1.07716060    
   1.91300011       1.07705688    
   1.91400003       1.07695496    
   1.91500008       1.07685328    
   1.91600013       1.07675350    
   1.91700006       1.07665420    
   1.91800010       1.07655644    
   1.91900015       1.07645905    
   1.92000008       1.07636344    
   1.92100012       1.07626832    
   1.92200005       1.07617474    
   1.92300010       1.07608151    
   1.92400014       1.07599008    
   1.92500007       1.07589877    
   1.92600012       1.07580936    
   1.92700005       1.07572019    
   1.92800009       1.07563281    
   1.92900014       1.07554555    
   1.93000007       1.07546008    
   1.93100011       1.07537484    
   1.93200004       1.07529140    
   1.93300009       1.07520795    
   1.93400013       1.07512641    
   1.93500006       1.07504487    
   1.93600011       1.07496524    
   1.93700004       1.07488585    
   1.93800008       1.07480800    
   1.93900013       1.07473040    
   1.94000006       1.07465434    
   1.94100010       1.07457852    
   1.94200015       1.07450449    
   1.94300008       1.07443047    
   1.94400012       1.07435822    
   1.94500005       1.07428598    
   1.94600010       1.07421541    
   1.94700015       1.07414496    
   1.94800007       1.07407641    
   1.94900012       1.07400763    
   1.95000005       1.07394063    
   1.95100009       1.07387364    
   1.95200014       1.07380819    
   1.95300007       1.07374299    
   1.95400012       1.07367945    
   1.95500004       1.07361567    
   1.95600009       1.07355380    
   1.95700014       1.07349169    
   1.95800006       1.07343125    
   1.95900011       1.07337093    
   1.96000004       1.07331216    
   1.96100008       1.07325327    
   1.96200013       1.07319605    
   1.96300006       1.07313871    
   1.96400011       1.07308304    
   1.96500015       1.07302725    
   1.96600008       1.07297301    
   1.96700013       1.07291877    
   1.96800005       1.07286584    
   1.96900010       1.07281303    
   1.97000015       1.07276165    
   1.97100008       1.07271028    
   1.97200012       1.07266033    
   1.97300005       1.07261026    
   1.97400010       1.07256174    
   1.97500014       1.07251298    
   1.97600007       1.07246566    
   1.97700012       1.07241833    
   1.97800004       1.07237244    
   1.97900009       1.07232642    
   1.98000014       1.07228172    
   1.98100007       1.07223690    
   1.98200011       1.07219326    
   1.98300004       1.07214975    
   1.98400009       1.07210743    
   1.98500013       1.07206500    
   1.98600006       1.07202399    
   1.98700011       1.07198274    
   1.98800004       1.07194269    
   1.98900008       1.07190251    
   1.99000013       1.07186377    
   1.99100006       1.07182467    
   1.99200010       1.07178676    
   1.99300015       1.07174861    
   1.99400008       1.07171202    
   1.99500012       1.07167470    
   1.99600005       1.07163906    
   1.99700010       1.07160282    
   1.99800014       1.07156801    
   1.99900007       1.07153285    
   2.00000000       1.07149887    
   2.00100017       1.07146454    
   2.00200009       1.07143152    
   2.00300002       1.07139814    
   2.00400019       1.07136583    
   2.00500011       1.07133305    
   2.00600004       1.07130182    
   2.00700021       1.07126999    
   2.00800014       1.07123935    
   2.00900006       1.07120824    
   2.00999999       1.07117820    
   2.01100016       1.07114768    
   2.01200008       1.07111859    
   2.01300001       1.07108879    
   2.01400018       1.07106018    
   2.01500010       1.07103097    
   2.01600003       1.07100308    
   2.01700020       1.07097447    
   2.01800013       1.07094705    
   2.01900005       1.07091904    
   2.01999998       1.07089221    
   2.02100015       1.07086480    
   2.02200007       1.07083845    
   2.02300000       1.07081139    
   2.02400017       1.07078528    
   2.02500010       1.07075894    
   2.02600002       1.07073355    
   2.02700019       1.07070720    
   2.02800012       1.07068217    
   2.02900004       1.07065642    
   2.03000021       1.07063150    
   2.03100014       1.07060623    
   2.03200006       1.07058179    
   2.03299999       1.07055652    
   2.03400016       1.07053232    
   2.03500009       1.07050753    
   2.03600001       1.07048368    
   2.03700018       1.07045877    
   2.03800011       1.07043517    
   2.03900003       1.07041073    
   2.04000020       1.07038701    
   2.04100013       1.07036269    
   2.04200006       1.07033932    
   2.04299998       1.07031512    
   2.04400015       1.07029176    
   2.04500008       1.07026780    
   2.04600000       1.07024443    
   2.04700017       1.07022023    
   2.04800010       1.07019699    
   2.04900002       1.07017291    
   2.05000019       1.07014966    
   2.05100012       1.07012558    
   2.05200005       1.07010233    
   2.05300021       1.07007813    
   2.05400014       1.07005489    
   2.05500007       1.07003057    
   2.05599999       1.07000709    
   2.05700016       1.06998265    
   2.05800009       1.06995928    
   2.05900002       1.06993473    
   2.06000018       1.06991088    
   2.06100011       1.06988621    
   2.06200004       1.06986237    
   2.06300020       1.06983745    
   2.06400013       1.06981313    
   2.06500006       1.06978810    
   2.06599998       1.06976366    
   2.06700015       1.06973827    
   2.06800008       1.06971359    
   2.06900001       1.06968784    
   2.07000017       1.06966293    
   2.07100010       1.06963682    
   2.07200003       1.06961155    
   2.07300019       1.06958508    
   2.07400012       1.06955934    
   2.07500005       1.06953263    
   2.07600021       1.06950641    
   2.07700014       1.06947935    
   2.07800007       1.06945276    
   2.07900000       1.06942523    
   2.08000016       1.06939828    
   2.08100009       1.06937027    
   2.08200002       1.06934273    
   2.08300018       1.06931436    
   2.08400011       1.06928623    
   2.08500004       1.06925738    
   2.08600020       1.06922889    
   2.08700013       1.06919932    
   2.08800006       1.06917024    
   2.08899999       1.06914043    
   2.09000015       1.06911075    
   2.09100008       1.06908023    
   2.09200001       1.06905007    
   2.09300017       1.06901884    
   2.09400010       1.06898820    
   2.09500003       1.06895638    
   2.09600019       1.06892502    
   2.09700012       1.06889248    
   2.09800005       1.06886041    
   2.09900022       1.06882739    
   2.10000014       1.06879473    
   2.10100007       1.06876111    
   2.10200000       1.06872785    
   2.10300016       1.06869340    
   2.10400009       1.06865931    
   2.10500002       1.06862426    
   2.10600019       1.06858957    
   2.10700011       1.06855369    
   2.10800004       1.06851852    
   2.10900021       1.06848180    
   2.11000013       1.06844568    
   2.11100006       1.06840849    
   2.11199999       1.06837153    
   2.11300015       1.06833363    
   2.11400008       1.06829584    
   2.11500001       1.06825709    
   2.11600018       1.06821871    
   2.11700010       1.06817913    
   2.11800003       1.06814015    
   2.11900020       1.06809962    
   2.12000012       1.06805980    
   2.12100005       1.06801867    
   2.12200022       1.06797779    
   2.12300014       1.06793582    
   2.12400007       1.06789434    
   2.12500000       1.06785166    
   2.12600017       1.06780910    
   2.12700009       1.06776559    
   2.12800002       1.06772232    
   2.12900019       1.06767786    
   2.13000011       1.06763387    
   2.13100004       1.06758869    
   2.13200021       1.06754375    
   2.13300014       1.06749773    
   2.13400006       1.06745183    
   2.13499999       1.06740510    
   2.13600016       1.06735849    
   2.13700008       1.06731057    
   2.13800001       1.06726336    
   2.13900018       1.06721461    
   2.14000010       1.06716633    
   2.14100003       1.06711686    
   2.14200020       1.06706774    
   2.14300013       1.06701720    
   2.14400005       1.06696725    
   2.14500022       1.06691599    
   2.14600015       1.06686509    
   2.14700007       1.06681299    
   2.14800000       1.06676126    
   2.14900017       1.06670833    
   2.15000010       1.06665564    
   2.15100002       1.06660175    
   2.15200019       1.06654835    
   2.15300012       1.06649351    
   2.15400004       1.06643903    
   2.15500021       1.06638348    
   2.15600014       1.06632829    
   2.15700006       1.06627178    
   2.15799999       1.06621575    
   2.15900016       1.06615841    
   2.16000009       1.06610131    
   2.16100001       1.06604314    
   2.16200018       1.06598532    
   2.16300011       1.06592619    
   2.16400003       1.06586742    
   2.16500020       1.06580758    
   2.16600013       1.06574798    
   2.16700006       1.06568718    
   2.16800022       1.06562674    
   2.16900015       1.06556511    
   2.17000008       1.06550372    
   2.17100000       1.06544113    
   2.17200017       1.06537902    
   2.17300010       1.06531572    
   2.17400002       1.06525266    
   2.17500019       1.06518853    
   2.17600012       1.06512463    
   2.17700005       1.06505954    
   2.17800021       1.06499481    
   2.17900014       1.06492901    
   2.18000007       1.06486344    
   2.18099999       1.06479681    
   2.18200016       1.06473029    
   2.18300009       1.06466281    
   2.18400002       1.06459570    
   2.18500018       1.06452727    
   2.18600011       1.06445920    
   2.18700004       1.06439006    
   2.18800020       1.06432128    
   2.18900013       1.06425142    
   2.19000006       1.06418169    
   2.19100022       1.06411088    
   2.19200015       1.06404054    
   2.19300008       1.06396902    
   2.19400001       1.06389773    
   2.19500017       1.06382549    
   2.19600010       1.06375337    
   2.19700003       1.06368053    
   2.19800019       1.06360769    
   2.19900012       1.06353378    
   2.20000005       1.06346035    
   2.20100021       1.06338573    
   2.20200014       1.06331134    
   2.20300007       1.06323600    
   2.20400000       1.06316102    
   2.20500016       1.06308496    
   2.20600009       1.06300914    
   2.20700002       1.06293225    
   2.20800018       1.06285584    
   2.20900011       1.06277823    
   2.21000004       1.06270111    
   2.21100020       1.06262279    
   2.21200013       1.06254506    
   2.21300006       1.06246591    
   2.21399999       1.06238759    
   2.21500015       1.06230783    
   2.21600008       1.06222868    
   2.21700001       1.06214821    
   2.21800017       1.06206846    
   2.21900010       1.06198740    
   2.22000003       1.06190681    
   2.22100019       1.06182516    
   2.22200012       1.06174397    
   2.22300005       1.06166148    
   2.22400022       1.06157959    
   2.22500014       1.06149685    
   2.22600007       1.06141424    
   2.22700000       1.06133068    
   2.22800016       1.06124747    
   2.22900009       1.06116343    
   2.23000002       1.06107962    
   2.23100019       1.06099474    
   2.23200011       1.06091034    
   2.23300004       1.06082499    
   2.23400021       1.06074023    
   2.23500013       1.06065416    
   2.23600006       1.06056857    
   2.23699999       1.06048226    
   2.23800015       1.06039608    
   2.23900008       1.06030893    
   2.24000001       1.06022227    
   2.24100018       1.06013477    
   2.24200010       1.06004763    
   2.24300003       1.05995941    
   2.24400020       1.05987167    
   2.24500012       1.05978298    
   2.24600005       1.05969477    
   2.24700022       1.05960548    
   2.24800014       1.05951691    
   2.24900007       1.05942714    
   2.25000000       1.05933785    
   2.25100017       1.05924773    
   2.25200009       1.05915797    
   2.25300002       1.05906737    
   2.25400019       1.05897713    
   2.25500011       1.05888605    
   2.25600004       1.05879533    
   2.25700021       1.05870366    
   2.25800014       1.05861270    
   2.25900006       1.05852056    
   2.25999999       1.05842924    
   2.26100016       1.05833673    
   2.26200008       1.05824471    
   2.26300001       1.05815172    
   2.26400018       1.05805945    
   2.26500010       1.05796611    
   2.26600003       1.05787337    
   2.26700020       1.05777967    
   2.26800013       1.05768657    
   2.26900005       1.05759251    
   2.27000022       1.05749881    
   2.27100015       1.05740428    
   2.27200007       1.05731046    
   2.27300000       1.05721569    
   2.27400017       1.05712140    
   2.27500010       1.05702627    
   2.27600002       1.05693173    
   2.27700019       1.05683613    
   2.27800012       1.05674112    
   2.27900004       1.05664527    
   2.28000021       1.05655003    
   2.28100014       1.05645394    
   2.28200006       1.05635822    
   2.28299999       1.05626190    
   2.28400016       1.05616593    
   2.28500009       1.05606925    
   2.28600001       1.05597317    
   2.28700018       1.05587602    
   2.28800011       1.05577958    
   2.28900003       1.05568230    
   2.29000020       1.05558550    
   2.29100013       1.05548787    
   2.29200006       1.05539095    
   2.29300022       1.05529308    
   2.29400015       1.05519593    
   2.29500008       1.05509782    
   2.29600000       1.05500042    
   2.29700017       1.05490208    
   2.29800010       1.05480444    
   2.29900002       1.05470586    
   2.30000019       1.05460799    
   2.30100012       1.05450928    
   2.30200005       1.05441117    
   2.30300021       1.05431223    
   2.30400014       1.05421388    
   2.30500007       1.05411482    
   2.30599999       1.05401623    
   2.30700016       1.05391705    
   2.30800009       1.05381835    
   2.30900002       1.05371881    
   2.31000018       1.05362010    
   2.31100011       1.05352044    
   2.31200004       1.05342150    
   2.31300020       1.05332172    
   2.31400013       1.05322266    
   2.31500006       1.05312264    
   2.31600022       1.05302346    
   2.31700015       1.05292332    
   2.31800008       1.05282390    
   2.31900001       1.05272377    
   2.32000017       1.05262434    
   2.32100010       1.05252421    
   2.32200003       1.05242443    
   2.32300019       1.05232406    
   2.32400012       1.05222440    
   2.32500005       1.05212402    
   2.32600021       1.05202425    
   2.32700014       1.05192363    
   2.32800007       1.05182385    
   2.32900000       1.05172312    
   2.33000016       1.05162323    
   2.33100009       1.05152249    
   2.33200002       1.05142260    
   2.33300018       1.05132186    
   2.33400011       1.05122173    
   2.33500004       1.05112100    
   2.33600020       1.05102086    
   2.33700013       1.05092001    
   2.33800006       1.05081999    
   2.33900023       1.05071914    
   2.34000015       1.05061901    
   2.34100008       1.05051816    
   2.34200001       1.05041790    
   2.34300017       1.05031717    
   2.34400010       1.05021691    
   2.34500003       1.05011594    
   2.34600019       1.05001593    
   2.34700012       1.04991496    
   2.34800005       1.04981482    
   2.34900022       1.04971397    
   2.35000014       1.04961371    
   2.35100007       1.04951286    
   2.35200000       1.04941285    
   2.35300016       1.04931188    
   2.35400009       1.04921186    
   2.35500002       1.04911113    
   2.35600019       1.04901111    
   2.35700011       1.04891038    
   2.35800004       1.04881024    
   2.35900021       1.04870963    
   2.36000013       1.04860973    
   2.36100006       1.04850912    
   2.36200023       1.04840899    
   2.36300015       1.04830849    
   2.36400008       1.04820871    
   2.36500001       1.04810822    
   2.36600018       1.04800832    
   2.36700010       1.04790795    
   2.36800003       1.04780829    
   2.36900020       1.04770803    
   2.37000012       1.04760826    
   2.37100005       1.04750800    
   2.37200022       1.04740858    
   2.37300014       1.04730856    
   2.37400007       1.04720914    
   2.37500000       1.04710889    
   2.37600017       1.04700971    
   2.37700009       1.04690981    
   2.37800002       1.04681051    
   2.37900019       1.04671085    
   2.38000011       1.04661167    
   2.38100004       1.04651201    
   2.38200021       1.04641306    
   2.38300014       1.04631364    
   2.38400006       1.04621470    
   2.38500023       1.04611516    
   2.38600016       1.04601657    
   2.38700008       1.04591739    
   2.38800001       1.04581869    
   2.38900018       1.04571962    
   2.39000010       1.04562116    
   2.39100003       1.04552233    
   2.39200020       1.04542398    
   2.39300013       1.04532504    
   2.39400005       1.04522705    
   2.39500022       1.04512835    
   2.39600015       1.04503059    
   2.39700007       1.04493201    
   2.39800000       1.04483426    
   2.39900017       1.04473591    
   2.40000010       1.04463840    
   2.40100002       1.04454029    
   2.40200019       1.04444289    
   2.40300012       1.04434490    
   2.40400004       1.04424775    
   2.40500021       1.04414988    
   2.40600014       1.04405296    
   2.40700006       1.04395533    
   2.40800023       1.04385853    
   2.40900016       1.04376125    
   2.41000009       1.04366457    
   2.41100001       1.04356742    
   2.41200018       1.04347098    
   2.41300011       1.04337394    
   2.41400003       1.04327774    
   2.41500020       1.04318094    
   2.41600013       1.04308498    
   2.41700006       1.04298842    
   2.41800022       1.04289258    
   2.41900015       1.04279637    
   2.42000008       1.04270089    
   2.42100000       1.04260480    
   2.42200017       1.04250932    
   2.42300010       1.04241359    
   2.42400002       1.04231834    
   2.42500019       1.04222274    
   2.42600012       1.04212785    
   2.42700005       1.04203248    
   2.42800021       1.04193783    
   2.42900014       1.04184258    
   2.43000007       1.04174817    
   2.43100023       1.04165339    
   2.43200016       1.04155922    
   2.43300009       1.04146457    
   2.43400002       1.04137063    
   2.43500018       1.04127622    
   2.43600011       1.04118252    
   2.43700004       1.04108834    
   2.43800020       1.04099500    
   2.43900013       1.04090118    
   2.44000006       1.04080784    
   2.44100022       1.04071426    
   2.44200015       1.04062128    
   2.44300008       1.04052794    
   2.44400001       1.04043531    
   2.44500017       1.04034221    
   2.44600010       1.04024994    
   2.44700003       1.04015708    
   2.44800019       1.04006493    
   2.44900012       1.03997231    
   2.45000005       1.03988051    
   2.45100021       1.03978813    
   2.45200014       1.03969669    
   2.45300007       1.03960466    
   2.45400023       1.03951335    
   2.45500016       1.03942180    
   2.45600009       1.03933072    
   2.45700002       1.03923917    
   2.45800018       1.03914857    
   2.45900011       1.03905737    
   2.46000004       1.03896701    
   2.46100020       1.03887618    
   2.46200013       1.03878605    
   2.46300006       1.03869545    
   2.46400023       1.03860557    
   2.46500015       1.03851533    
   2.46600008       1.03842568    
   2.46700001       1.03833568    
   2.46800017       1.03824639    
   2.46900010       1.03815663    
   2.47000003       1.03806782    
   2.47100019       1.03797829    
   2.47200012       1.03788972    
   2.47300005       1.03780055    
   2.47400022       1.03771210    
   2.47500014       1.03762341    
   2.47600007       1.03753543    
   2.47700024       1.03744698    
   2.47800016       1.03735912    
   2.47900009       1.03727102    
   2.48000002       1.03718352    
   2.48100019       1.03709567    
   2.48200011       1.03700852    
   2.48300004       1.03692102    
   2.48400021       1.03683412    
   2.48500013       1.03674698    
   2.48600006       1.03666031    
   2.48700023       1.03657353    
   2.48800015       1.03648722    
   2.48900008       1.03640068    
   2.49000001       1.03631461    
   2.49100018       1.03622854    
   2.49200010       1.03614295    
   2.49300003       1.03605688    
   2.49400020       1.03597164    
   2.49500012       1.03588605    
   2.49600005       1.03580105    
   2.49700022       1.03571570    
   2.49800014       1.03563118    
   2.49900007       1.03554618    
   2.50000000       1.03546178    
   2.50100017       1.03537714    
   2.50200009       1.03529310    
   2.50300002       1.03520882    
   2.50400019       1.03512514    
   2.50500011       1.03504097    
   2.50600004       1.03495777    
   2.50700021       1.03487408    
   2.50800014       1.03479099    
   2.50900006       1.03470778    
   2.51000023       1.03462505    
   2.51100016       1.03454208    
   2.51200008       1.03445971    
   2.51300001       1.03437698    
   2.51400018       1.03429496    
   2.51500010       1.03421259    
   2.51600003       1.03413081    
   2.51700020       1.03404880    
   2.51800013       1.03396738    
   2.51900005       1.03388572    
   2.52000022       1.03380466    
   2.52100015       1.03372335    
   2.52200007       1.03364265    
   2.52300000       1.03356159    
   2.52400017       1.03348124    
   2.52500010       1.03340054    
   2.52600002       1.03332055    
   2.52700019       1.03324008    
   2.52800012       1.03316045    
   2.52900004       1.03308034    
   2.53000021       1.03300107    
   2.53100014       1.03292131    
   2.53200006       1.03284228    
   2.53300023       1.03276289    
   2.53400016       1.03268421    
   2.53500009       1.03260517    
   2.53600001       1.03252685    
   2.53700018       1.03244805    
   2.53800011       1.03237009    
   2.53900003       1.03229177    
   2.54000020       1.03221416    
   2.54100013       1.03213608    
   2.54200006       1.03205872    
   2.54300022       1.03198099    
   2.54400015       1.03190398    
   2.54500008       1.03182662    
   2.54600000       1.03174996    
   2.54700017       1.03167307    
   2.54800010       1.03159666    
   2.54900002       1.03152001    
   2.55000019       1.03144407    
   2.55100012       1.03136778    
   2.55200005       1.03129208    
   2.55300021       1.03121603    
   2.55400014       1.03114080    
   2.55500007       1.03106499    
   2.55600023       1.03099012    
   2.55700016       1.03091478    
   2.55800009       1.03084016    
   2.55900002       1.03076518    
   2.56000018       1.03069091    
   2.56100011       1.03061628    
   2.56200004       1.03054225    
   2.56300020       1.03046799    
   2.56400013       1.03039432    
   2.56500006       1.03032041    
   2.56600022       1.03024709    
   2.56700015       1.03017354    
   2.56800008       1.03010058    
   2.56900001       1.03002715    
   2.57000017       1.02995479    
   2.57100010       1.02988172    
   2.57200003       1.02980959    
   2.57300019       1.02973688    
   2.57400012       1.02966499    
   2.57500005       1.02959263    
   2.57600021       1.02952099    
   2.57700014       1.02944922    
   2.57800007       1.02937782    
   2.57900023       1.02930629    
   2.58000016       1.02923548    
   2.58100009       1.02916420    
   2.58200002       1.02909350    
   2.58300018       1.02902257    
   2.58400011       1.02895236    
   2.58500004       1.02888167    
   2.58600020       1.02881193    
   2.58700013       1.02874160    
   2.58800006       1.02867198    
   2.58900023       1.02860224    
   2.59000015       1.02853298    
   2.59100008       1.02846336    
   2.59200001       1.02839446    
   2.59300017       1.02832508    
   2.59400010       1.02825654    
   2.59500003       1.02818775    
   2.59600019       1.02811933    
   2.59700012       1.02805078    
   2.59800005       1.02798295    
   2.59900022       1.02791476    
   2.60000014       1.02784717    
   2.60100007       1.02777922    
   2.60200024       1.02771211    
   2.60300016       1.02764440    
   2.60400009       1.02757752    
   2.60500002       1.02751029    
   2.60600019       1.02744365    
   2.60700011       1.02737677    
   2.60800004       1.02731049    
   2.60900021       1.02724397    
   2.61000013       1.02717805    
   2.61100006       1.02711177    
   2.61200023       1.02704620    
   2.61300015       1.02698028    
   2.61400008       1.02691507    
   2.61500001       1.02684939    
   2.61600018       1.02678442    
   2.61700010       1.02671921    
   2.61800003       1.02665460    
   2.61900020       1.02658951    
   2.62000012       1.02652538    
   2.62100005       1.02646065    
   2.62200022       1.02639675    
   2.62300014       1.02633250    
   2.62400007       1.02626884    
   2.62500024       1.02620482    
   2.62600017       1.02614164    
   2.62700009       1.02607799    
   2.62800002       1.02601492    
   2.62900019       1.02595150    
   2.63000011       1.02588892    
   2.63100004       1.02582586    
   2.63200021       1.02576363    
   2.63300014       1.02570093    
   2.63400006       1.02563882    
   2.63500023       1.02557659    
   2.63600016       1.02551484    
   2.63700008       1.02545273    
   2.63800001       1.02539134    
   2.63900018       1.02532959    
   2.64000010       1.02526855    
   2.64100003       1.02520716    
   2.64200020       1.02514648    
   2.64300013       1.02508545    
   2.64400005       1.02502501    
   2.64500022       1.02496409    
   2.64600015       1.02490401    
   2.64700007       1.02484357    
   2.64800024       1.02478373    
   2.64900017       1.02472365    
   2.65000010       1.02466404    
   2.65100002       1.02460444    
   2.65200019       1.02454519    
   2.65300012       1.02448571    
   2.65400004       1.02442670    
   2.65500021       1.02436769    
   2.65600014       1.02430904    
   2.65700006       1.02425015    
   2.65800023       1.02419186    
   2.65900016       1.02413321    
   2.66000009       1.02407539    
   2.66100001       1.02401698    
   2.66200018       1.02395940    
   2.66300011       1.02390146    
   2.66400003       1.02384412    
   2.66500020       1.02378643    
   2.66600013       1.02372944    
   2.66700006       1.02367210    
   2.66800022       1.02361536    
   2.66900015       1.02355826    
   2.67000008       1.02350187    
   2.67100024       1.02344513    
   2.67200017       1.02338898    
   2.67300010       1.02333260    
   2.67400002       1.02327681    
   2.67500019       1.02322078    
   2.67600012       1.02316511    
   2.67700005       1.02310920    
   2.67800021       1.02305400    
   2.67900014       1.02299845    
   2.68000007       1.02294362    
   2.68100023       1.02288830    
   2.68200016       1.02283370    
   2.68300009       1.02277875    
   2.68400002       1.02272451    
   2.68500018       1.02266979    
   2.68600011       1.02261579    
   2.68700004       1.02256143    
   2.68800020       1.02250779    
   2.68900013       1.02245367    
   2.69000006       1.02240014    
   2.69100022       1.02234650    
   2.69200015       1.02229333    
   2.69300008       1.02223980    
   2.69400024       1.02218699    
   2.69500017       1.02213371    
   2.69600010       1.02208114    
   2.69700003       1.02202833    
   2.69800019       1.02197599    
   2.69900012       1.02192330    
   2.70000005       1.02187145    
   2.70100021       1.02181900    
   2.70200014       1.02176738    
   2.70300007       1.02171528    
   2.70400023       1.02166378    
   2.70500016       1.02161217    
   2.70600009       1.02156103    
   2.70700002       1.02150965    
   2.70800018       1.02145863    
   2.70900011       1.02140737    
   2.71000004       1.02135694    
   2.71100020       1.02130592    
   2.71200013       1.02125561    
   2.71300006       1.02120507    
   2.71400023       1.02115500    
   2.71500015       1.02110469    
   2.71600008       1.02105486    
   2.71700025       1.02100492    
   2.71800017       1.02095532    
   2.71900010       1.02090561    
   2.72000003       1.02085650    
   2.72100019       1.02080691    
   2.72200012       1.02075791    
   2.72300005       1.02070880    
   2.72400022       1.02066016    
   2.72500014       1.02061117    
   2.72600007       1.02056277    
   2.72700024       1.02051413    
   2.72800016       1.02046597    
   2.72900009       1.02041757    
   2.73000002       1.02036965    
   2.73100019       1.02032161    
   2.73200011       1.02027392    
   2.73300004       1.02022600    
   2.73400021       1.02017868    
   2.73500013       1.02013123    
   2.73600006       1.02008414    
   2.73700023       1.02003670    
   2.73800015       1.01998997    
   2.73900008       1.01994300    
   2.74000025       1.01989639    
   2.74100018       1.01984954    
   2.74200010       1.01980340    
   2.74300003       1.01975679    
   2.74400020       1.01971066    
   2.74500012       1.01966453    
   2.74600005       1.01961875    
   2.74700022       1.01957273    
   2.74800014       1.01952720    
   2.74900007       1.01948142    
   2.75000024       1.01943624    
   2.75100017       1.01939070    
   2.75200009       1.01934576    
   2.75300002       1.01930046    
   2.75400019       1.01925576    
   2.75500011       1.01921082    
   2.75600004       1.01916635    
   2.75700021       1.01912165    
   2.75800014       1.01907742    
   2.75900006       1.01903284    
   2.76000023       1.01898897    
   2.76100016       1.01894462    
   2.76200008       1.01890099    
   2.76300025       1.01885700    
   2.76400018       1.01881349    
   2.76500010       1.01876974    
   2.76600003       1.01872659    
   2.76700020       1.01868308    
   2.76800013       1.01864004    
   2.76900005       1.01859677    
   2.77000022       1.01855409    
   2.77100015       1.01851106    
   2.77200007       1.01846862    
   2.77300024       1.01842594    
   2.77400017       1.01838362    
   2.77500010       1.01834106    
   2.77600002       1.01829910    
   2.77700019       1.01825690    
   2.77800012       1.01821506    
   2.77900004       1.01817298    
   2.78000021       1.01813149    
   2.78100014       1.01808977    
   2.78200006       1.01804841    
   2.78300023       1.01800680    
   2.78400016       1.01796591    
   2.78500009       1.01792443    
   2.78600001       1.01788366    
   2.78700018       1.01784265    
   2.78800011       1.01780212    
   2.78900003       1.01776135    
   2.79000020       1.01772094    
   2.79100013       1.01768029    
   2.79200006       1.01764011    
   2.79300022       1.01759970    
   2.79400015       1.01755989    
   2.79500008       1.01751971    
   2.79600024       1.01748002    
   2.79700017       1.01744020    
   2.79800010       1.01740062    
   2.79900002       1.01736093    
   2.80000019       1.01732183    
   2.80100012       1.01728237    
   2.80200005       1.01724327    
   2.80300021       1.01720417    
   2.80400014       1.01716530    
   2.80500007       1.01712632    
   2.80600023       1.01708782    
   2.80700016       1.01704895    
   2.80800009       1.01701057    
   2.80900002       1.01697218    
   2.81000018       1.01693404    
   2.81100011       1.01689565    
   2.81200004       1.01685786    
   2.81300020       1.01681960    
   2.81400013       1.01678205    
   2.81500006       1.01674402    
   2.81600022       1.01670671    
   2.81700015       1.01666892    
   2.81800008       1.01663172    
   2.81900024       1.01659417    
   2.82000017       1.01655722    
   2.82100010       1.01651990    
   2.82200003       1.01648319    
   2.82300019       1.01644599    
   2.82400012       1.01640940    
   2.82500005       1.01637268    
   2.82600021       1.01633632    
   2.82700014       1.01629961    
   2.82800007       1.01626348    
   2.82900023       1.01622701    
   2.83000016       1.01619112    
   2.83100009       1.01615489    
   2.83200002       1.01611924    
   2.83300018       1.01608312    
   2.83400011       1.01604760    
   2.83500004       1.01601171    
   2.83600020       1.01597643    
   2.83700013       1.01594079    
   2.83800006       1.01590562    
   2.83900023       1.01587033    
   2.84000015       1.01583540    
   2.84100008       1.01580024    
   2.84200025       1.01576543    
   2.84300017       1.01573038    
   2.84400010       1.01569593    
   2.84500003       1.01566112    
   2.84600019       1.01562679    
   2.84700012       1.01559210    
   2.84800005       1.01555800    
   2.84900022       1.01552355    
   2.85000014       1.01548970    
   2.85100007       1.01545548    
   2.85200024       1.01542175    
   2.85300016       1.01538777    
   2.85400009       1.01535416    
   2.85500002       1.01532042    
   2.85600019       1.01528692    
   2.85700011       1.01525331    
   2.85800004       1.01522017    
   2.85900021       1.01518679    
   2.86000013       1.01515377    
   2.86100006       1.01512063    
   2.86200023       1.01508772    
   2.86300015       1.01505470    
   2.86400008       1.01502204    
   2.86500025       1.01498914    
   2.86600018       1.01495683    
   2.86700010       1.01492405    
   2.86800003       1.01489186    
   2.86900020       1.01485932    
   2.87000012       1.01482749    
   2.87100005       1.01479506    
   2.87200022       1.01476312    
   2.87300014       1.01473117    
   2.87400007       1.01469934    
   2.87500024       1.01466739    
   2.87600017       1.01463592    
   2.87700009       1.01460409    
   2.87800002       1.01457286    
   2.87900019       1.01454127    
   2.88000011       1.01451015    
   2.88100004       1.01447868    
   2.88200021       1.01444769    
   2.88300014       1.01441646    
   2.88400006       1.01438570    
   2.88500023       1.01435471    
   2.88600016       1.01432395    
   2.88700008       1.01429307    
   2.88800025       1.01426256    
   2.88900018       1.01423204    
   2.89000010       1.01420164    
   2.89100003       1.01417112    
   2.89200020       1.01414096    
   2.89300013       1.01411080    
   2.89400005       1.01408076    
   2.89500022       1.01405060    
   2.89600015       1.01402080    
   2.89700007       1.01399088    
   2.89800024       1.01396132    
   2.89900017       1.01393139    
   2.90000010       1.01390207    
   2.90100002       1.01387227    
   2.90200019       1.01384306    
   2.90300012       1.01381350    
   2.90400004       1.01378441    
   2.90500021       1.01375508    
   2.90600014       1.01372612    
   2.90700006       1.01369679    
   2.90800023       1.01366806    
   2.90900016       1.01363909    
   2.91000009       1.01361048    
   2.91100025       1.01358163    
   2.91200018       1.01355314    
   2.91300011       1.01352441    
   2.91400003       1.01349604    
   2.91500020       1.01346767    
   2.91600013       1.01343942    
   2.91700006       1.01341105    
   2.91800022       1.01338303    
   2.91900015       1.01335490    
   2.92000008       1.01332700    
   2.92100024       1.01329887    
   2.92200017       1.01327133    
   2.92300010       1.01324332    
   2.92400002       1.01321578    
   2.92500019       1.01318800    
   2.92600012       1.01316071    
   2.92700005       1.01313305    
   2.92800021       1.01310575    
   2.92900014       1.01307845    
   2.93000007       1.01305139    
   2.93100023       1.01302397    
   2.93200016       1.01299703    
   2.93300009       1.01296985    
   2.93400025       1.01294315    
   2.93500018       1.01291609    
   2.93600011       1.01288939    
   2.93700004       1.01286268    
   2.93800020       1.01283610    
   2.93900013       1.01280940    
   2.94000006       1.01278317    
   2.94100022       1.01275635    
   2.94200015       1.01273024    
   2.94300008       1.01270378    
   2.94400024       1.01267779    
   2.94500017       1.01265144    
   2.94600010       1.01262546    
   2.94700003       1.01259935    
   2.94800019       1.01257360    
   2.94900012       1.01254761    
   2.95000005       1.01252210    
   2.95100021       1.01249611    
   2.95200014       1.01247060    
   2.95300007       1.01244485    
   2.95400023       1.01241946    
   2.95500016       1.01239395    
   2.95600009       1.01236868    
   2.95700026       1.01234317    
   2.95800018       1.01231813    
   2.95900011       1.01229286    
   2.96000004       1.01226783    
   2.96100020       1.01224267    
   2.96200013       1.01221788    
   2.96300006       1.01219285    
   2.96400023       1.01216805    
   2.96500015       1.01214314    
   2.96600008       1.01211870    
   2.96700025       1.01209390    
   2.96800017       1.01206934    
   2.96900010       1.01204467    
   2.97000003       1.01202047    
   2.97100019       1.01199591    
   2.97200012       1.01197171    
   2.97300005       1.01194739    
   2.97400022       1.01192319    
   2.97500014       1.01189888    
   2.97600007       1.01187503    
   2.97700024       1.01185083    
   2.97800016       1.01182711    
   2.97900009       1.01180303    
   2.98000026       1.01177943    
   2.98100019       1.01175535    
   2.98200011       1.01173174    
   2.98300004       1.01170814    
   2.98400021       1.01168478    
   2.98500013       1.01166093    
   2.98600006       1.01163769    
   2.98700023       1.01161420    
   2.98800015       1.01159096    
   2.98900008       1.01156747    
   2.99000025       1.01154435    
   2.99100018       1.01152110    
   2.99200010       1.01149821    
   2.99300003       1.01147497    
   2.99400020       1.01145208    
   2.99500012       1.01142907    
   2.99600005       1.01140630    
   2.99700022       1.01138341    
   2.99800014       1.01136088    
   2.99900007       1.01133800    
   3.00000024       1.01131546    
   3.00100017       1.01129282    
   3.00200009       1.01127040    
   3.00300026       1.01124775    
   3.00400019       1.01122546    
   3.00500011       1.01120293    
   3.00600004       1.01118088    
   3.00700021       1.01115847    
   3.00800014       1.01113641    
   3.00900006       1.01111400    
   3.01000023       1.01109219    
   3.01100016       1.01107001    
   3.01200008       1.01104820    
   3.01300025       1.01102614    
   3.01400018       1.01100445    
   3.01500010       1.01098239    
   3.01600003       1.01096082    
   3.01700020       1.01093900    
   3.01800013       1.01091743    
   3.01900005       1.01089573    
   3.02000022       1.01087427    
   3.02100015       1.01085258    
   3.02200007       1.01083136    
   3.02300024       1.01080978    
   3.02400017       1.01078868    
   3.02500010       1.01076710    
   3.02600026       1.01074600    
   3.02700019       1.01072466    
   3.02800012       1.01070380    
   3.02900004       1.01068246    
   3.03000021       1.01066172    
   3.03100014       1.01064050    
   3.03200006       1.01061976    
   3.03300023       1.01059866    
   3.03400016       1.01057804    
   3.03500009       1.01055706    
   3.03600025       1.01053643    
   3.03700018       1.01051557    
   3.03800011       1.01049519    
   3.03900003       1.01047432    
   3.04000020       1.01045406    
   3.04100013       1.01043344    
   3.04200006       1.01041305    
   3.04300022       1.01039255    
   3.04400015       1.01037228    
   3.04500008       1.01035190    
   3.04600024       1.01033175    
   3.04700017       1.01031148    
   3.04800010       1.01029146    
   3.04900026       1.01027119    
   3.05000019       1.01025128    
   3.05100012       1.01023102    
   3.05200005       1.01021123    
   3.05300021       1.01019120    
   3.05400014       1.01017141    
   3.05500007       1.01015139    
   3.05600023       1.01013184    
   3.05700016       1.01011193    
   3.05800009       1.01009238    
   3.05900025       1.01007247    
   3.06000018       1.01005304    
   3.06100011       1.01003337    
   3.06200004       1.01001394    
   3.06300020       1.00999427    
   3.06400013       1.00997508    
   3.06500006       1.00995553    
   3.06600022       1.00993621    
   3.06700015       1.00991690    
   3.06800008       1.00989783    
   3.06900024       1.00987840    
   3.07000017       1.00985932    
   3.07100010       1.00984001    
   3.07200003       1.00982118    
   3.07300019       1.00980186    
   3.07400012       1.00978315    
   3.07500005       1.00976396    
   3.07600021       1.00974512    
   3.07700014       1.00972605    
   3.07800007       1.00970745    
   3.07900023       1.00968838    
   3.08000016       1.00967002    
   3.08100009       1.00965106    
   3.08200026       1.00963259    
   3.08300018       1.00961363    
   3.08400011       1.00959527    
   3.08500004       1.00957656    
   3.08600020       1.00955820    
   3.08700013       1.00953948    
   3.08800006       1.00952137    
   3.08900023       1.00950265    
   3.09000015       1.00948453    
   3.09100008       1.00946617    
   3.09200025       1.00944793    
   3.09300017       1.00942945    
   3.09400010       1.00941157    
   3.09500003       1.00939322    
   3.09600019       1.00937533    
   3.09700012       1.00935698    
   3.09800005       1.00933909    
   3.09900022       1.00932097    
   3.10000014       1.00930321    
   3.10100007       1.00928509    
   3.10200024       1.00926733    
   3.10300016       1.00924933    
   3.10400009       1.00923169    
   3.10500026       1.00921381    
   3.10600019       1.00919616    
   3.10700011       1.00917840    
   3.10800004       1.00916076    
   3.10900021       1.00914299    
   3.11000013       1.00912559    
   3.11100006       1.00910783    
   3.11200023       1.00909042    
   3.11300015       1.00907290    
   3.11400008       1.00905550    
   3.11500025       1.00903785    
   3.11600018       1.00902081    
   3.11700010       1.00900328    
   3.11800003       1.00898623    
   3.11900020       1.00896871    
   3.12000012       1.00895166    
   3.12100005       1.00893438    
   3.12200022       1.00891733    
   3.12300014       1.00889993    
   3.12400007       1.00888312    
   3.12500024       1.00886583    
   3.12600017       1.00884902    
   3.12700009       1.00883186    
   3.12800026       1.00881505    
   3.12900019       1.00879800    
   3.13000011       1.00878131    
   3.13100004       1.00876427    
   3.13200021       1.00874770    
   3.13300014       1.00873065    
   3.13400006       1.00871408    
   3.13500023       1.00869715    
   3.13600016       1.00868082    
   3.13700008       1.00866389    
   3.13800025       1.00864732    
   3.13900018       1.00863075    
   3.14000010       1.00861418    
   3.14100003       1.00859761    
   3.14200020       1.00858128    
   3.14300013       1.00856471    
   3.14400005       1.00854838    
   3.14500022       1.00853193    
   3.14600015       1.00851572    
   3.14700007       1.00849915    
   3.14800024       1.00848317    
   3.14900017       1.00846660    
   3.15000010       1.00845063    
   3.15100026       1.00843418    
   3.15200019       1.00841820    
   3.15300012       1.00840199    
   3.15400004       1.00838590    
   3.15500021       1.00836980    
   3.15600014       1.00835383    
   3.15700006       1.00833786    
   3.15800023       1.00832188    
   3.15900016       1.00830591    
   3.16000009       1.00829005    
   3.16100025       1.00827396    
   3.16200018       1.00825834    
   3.16300011       1.00824225    
   3.16400003       1.00822663    
   3.16500020       1.00821066    
   3.16600013       1.00819516    
   3.16700006       1.00817931    
   3.16800022       1.00816381    
   3.16900015       1.00814784    
   3.17000008       1.00813258    
   3.17100024       1.00811672    
   3.17200017       1.00810134    
   3.17300010       1.00808561    
   3.17400026       1.00807035    
   3.17500019       1.00805461    
   3.17600012       1.00803947    
   3.17700005       1.00802374    
   3.17800021       1.00800860    
   3.17900014       1.00799298    
   3.18000007       1.00797796    
   3.18100023       1.00796235    
   3.18200016       1.00794733    
   3.18300009       1.00793183    
   3.18400025       1.00791681    
   3.18500018       1.00790143    
   3.18600011       1.00788653    
   3.18700004       1.00787103    
   3.18800020       1.00785625    
   3.18900013       1.00784099    
   3.19000006       1.00782597    
   3.19100022       1.00781083    
   3.19200015       1.00779593    
   3.19300008       1.00778079    
   3.19400024       1.00776613    
   3.19500017       1.00775111    
   3.19600010       1.00773633    
   3.19700027       1.00772130    
   3.19800019       1.00770652    
   3.19900012       1.00769162    
   3.20000005       1.00767696    
   3.20100021       1.00766206    
   3.20200014       1.00764740    
   3.20300007       1.00763249    
   3.20400023       1.00761795    
   3.20500016       1.00760317    
   3.20600009       1.00758862    
   3.20700026       1.00757396    
   3.20800018       1.00755954    
   3.20900011       1.00754476    
   3.21000004       1.00753045    
   3.21100020       1.00751567    
   3.21200013       1.00750136    
   3.21300006       1.00748670    
   3.21400023       1.00747252    
   3.21500015       1.00745785    
   3.21600008       1.00744355    
   3.21700025       1.00742912    
   3.21800017       1.00741494    
   3.21900010       1.00740051    
   3.22000027       1.00738633    
   3.22100019       1.00737190    
   3.22200012       1.00735784    
   3.22300005       1.00734341    
   3.22400022       1.00732946    
   3.22500014       1.00731504    
   3.22600007       1.00730109    
   3.22700024       1.00728679    
   3.22800016       1.00727284    
   3.22900009       1.00725865    
   3.23000026       1.00724471    
   3.23100019       1.00723052    
   3.23200011       1.00721669    
   3.23300004       1.00720251    
   3.23400021       1.00718868    
   3.23500013       1.00717461    
   3.23600006       1.00716090    
   3.23700023       1.00714672    
   3.23800015       1.00713313    
   3.23900008       1.00711906    
   3.24000025       1.00710535    
   3.24100018       1.00709152    
   3.24200010       1.00707781    
   3.24300027       1.00706387    
   3.24400020       1.00705040    
   3.24500012       1.00703645    
   3.24600005       1.00702286    
   3.24700022       1.00700903    
   3.24800014       1.00699556    
   3.24900007       1.00698185    
   3.25000024       1.00696838    
   3.25100017       1.00695467    
   3.25200009       1.00694120    
   3.25300026       1.00692761    
   3.25400019       1.00691414    
   3.25500011       1.00690055    
   3.25600004       1.00688720    
   3.25700021       1.00687373    
   3.25800014       1.00686038    
   3.25900006       1.00684679    
   3.26000023       1.00683355    
   3.26100016       1.00681996    
   3.26200008       1.00680685    
   3.26300025       1.00679338    
   3.26400018       1.00678015    
   3.26500010       1.00676680    
   3.26600027       1.00675368    
   3.26700020       1.00674033    
   3.26800013       1.00672710    
   3.26900005       1.00671387    
   3.27000022       1.00670087    
   3.27100015       1.00668752    
   3.27200007       1.00667453    
   3.27300024       1.00666130    
   3.27400017       1.00664830    
   3.27500010       1.00663519    
   3.27600026       1.00662220    
   3.27700019       1.00660896    
   3.27800012       1.00659621    
   3.27900004       1.00658309    
   3.28000021       1.00657022    
   3.28100014       1.00655711    
   3.28200006       1.00654435    
   3.28300023       1.00653124    
   3.28400016       1.00651848    
   3.28500009       1.00650549    
   3.28600025       1.00649273    
   3.28700018       1.00647986    
   3.28800011       1.00646710    
   3.28900027       1.00645411    
   3.29000020       1.00644159    
   3.29100013       1.00642872    
   3.29200006       1.00641596    
   3.29300022       1.00640333    
   3.29400015       1.00639069    
   3.29500008       1.00637782    
   3.29600024       1.00636542    
   3.29700017       1.00635254    
   3.29800010       1.00634003    
   3.29900026       1.00632739    
   3.30000019       1.00631499    
   3.30100012       1.00630224    
   3.30200005       1.00628996    
   3.30300021       1.00627732    
   3.30400014       1.00626481    
   3.30500007       1.00625217    
   3.30600023       1.00623989    
   3.30700016       1.00622725    
   3.30800009       1.00621498    
   3.30900025       1.00620258    
   3.31000018       1.00619018    
   3.31100011       1.00617766    
   3.31200027       1.00616550    
   3.31300020       1.00615311    
   3.31400013       1.00614083    
   3.31500006       1.00612843    
   3.31600022       1.00611639    
   3.31700015       1.00610387    
   3.31800008       1.00609183    
   3.31900024       1.00607955    
   3.32000017       1.00606740    
   3.32100010       1.00605512    
   3.32200027       1.00604320    
   3.32300019       1.00603080    
   3.32400012       1.00601876    
   3.32500005       1.00600660    
   3.32600021       1.00599468    
   3.32700014       1.00598240    
   3.32800007       1.00597060    
   3.32900023       1.00595844    
   3.33000016       1.00594640    
   3.33100009       1.00593448    
   3.33200026       1.00592256    
   3.33300018       1.00591052    
   3.33400011       1.00589859    
   3.33500028       1.00588655    
   3.33600020       1.00587487    
   3.33700013       1.00586283    
   3.33800006       1.00585103    
   3.33900023       1.00583911    
   3.34000015       1.00582743    
   3.34100008       1.00581551    
   3.34200025       1.00580382    
   3.34300017       1.00579190    
   3.34400010       1.00578034    
   3.34500027       1.00576842    
   3.34600019       1.00575686    
   3.34700012       1.00574505    
   3.34800005       1.00573337    
   3.34900022       1.00572157    
   3.35000014       1.00571012    
   3.35100007       1.00569844    
   3.35200024       1.00568676    
   3.35300016       1.00567520    
   3.35400009       1.00566375    
   3.35500026       1.00565207    
   3.35600019       1.00564063    
   3.35700011       1.00562894    
   3.35800028       1.00561762    
   3.35900021       1.00560594    
   3.36000013       1.00559461    
   3.36100006       1.00558305    
   3.36200023       1.00557184    
   3.36300015       1.00556028    
   3.36400008       1.00554895    
   3.36500025       1.00553739    
   3.36600018       1.00552619    
   3.36700010       1.00551462    
   3.36800027       1.00550342    
   3.36900020       1.00549209    
   3.37000012       1.00548089    
   3.37100005       1.00546944    
   3.37200022       1.00545824    
   3.37300014       1.00544691    
   3.37400007       1.00543594    
   3.37500024       1.00542450    
   3.37600017       1.00541341    
   3.37700009       1.00540221    
   3.37800026       1.00539124    
   3.37900019       1.00537992    
   3.38000011       1.00536883    
   3.38100004       1.00535762    
   3.38200021       1.00534678    
   3.38300014       1.00533545    
   3.38400006       1.00532436    
   3.38500023       1.00531328    
   3.38600016       1.00530255    
   3.38700008       1.00529134    
   3.38800025       1.00528038    
   3.38900018       1.00526929    
   3.39000010       1.00525856    
   3.39100027       1.00524747    
   3.39200020       1.00523663    
   3.39300013       1.00522566    
   3.39400005       1.00521481    
   3.39500022       1.00520384    
   3.39600015       1.00519323    
   3.39700007       1.00518215    
   3.39800024       1.00517154    
   3.39900017       1.00516057    
   3.40000010       1.00514996    
   3.40100026       1.00513887    
   3.40200019       1.00512838    
   3.40300012       1.00511754    
   3.40400004       1.00510693    
   3.40500021       1.00509620    
   3.40600014       1.00508547    
   3.40700006       1.00507474    
   3.40800023       1.00506425    
   3.40900016       1.00505340    
   3.41000009       1.00504279    
   3.41100025       1.00503218    
   3.41200018       1.00502169    
   3.41300011       1.00501108    
   3.41400027       1.00500059    
   3.41500020       1.00498986    
   3.41600013       1.00497961    
   3.41700006       1.00496888    
   3.41800022       1.00495851    
   3.41900015       1.00494802    
   3.42000008       1.00493765    
   3.42100024       1.00492704    
   3.42200017       1.00491679    
   3.42300010       1.00490618    
   3.42400026       1.00489581    
   3.42500019       1.00488544    
   3.42600012       1.00487518    
   3.42700005       1.00486469    
   3.42800021       1.00485456    
   3.42900014       1.00484407    
   3.43000007       1.00483394    
   3.43100023       1.00482357    
   3.43200016       1.00481343    
   3.43300009       1.00480306    
   3.43400025       1.00479293    
   3.43500018       1.00478256    
   3.43600011       1.00477254    
   3.43700027       1.00476229    
   3.43800020       1.00475228    
   3.43900013       1.00474179    
   3.44000006       1.00473177    
   3.44100022       1.00472164    
   3.44200015       1.00471175    
   3.44300008       1.00470161    
   3.44400024       1.00469148    
   3.44500017       1.00468135    
   3.44600010       1.00467145    
   3.44700027       1.00466132    
   3.44800019       1.00465155    
   3.44900012       1.00464129    
   3.45000005       1.00463140    
   3.45100021       1.00462139    
   3.45200014       1.00461161    
   3.45300007       1.00460160    
   3.45400023       1.00459182    
   3.45500016       1.00458169    
   3.45600009       1.00457203    
   3.45700026       1.00456202    
   3.45800018       1.00455225    
   3.45900011       1.00454247    
   3.46000028       1.00453269    
   3.46100020       1.00452280    
   3.46200013       1.00451303    
   3.46300006       1.00450325    
   3.46400023       1.00449359    
   3.46500015       1.00448370    
   3.46600008       1.00447404    
   3.46700025       1.00446427    
   3.46800017       1.00445473    
   3.46900010       1.00444496    
   3.47000027       1.00443542    
   3.47100019       1.00442564    
   3.47200012       1.00441611    
   3.47300005       1.00440633    
   3.47400022       1.00439703    
   3.47500014       1.00438726    
   3.47600007       1.00437784    
   3.47700024       1.00436819    
   3.47800016       1.00435865    
   3.47900009       1.00434911    
   3.48000026       1.00433981    
   3.48100019       1.00433016    
   3.48200011       1.00432086    
   3.48300028       1.00431132    
   3.48400021       1.00430191    
   3.48500013       1.00429225    
   3.48600006       1.00428295    
   3.48700023       1.00427353    
   3.48800015       1.00426435    
   3.48900008       1.00425494    
   3.49000025       1.00424552    
   3.49100018       1.00423610    
   3.49200010       1.00422692    
   3.49300027       1.00421762    
   3.49400020       1.00420845    
   3.49500012       1.00419903    
   3.49600005       1.00418985    
   3.49700022       1.00418055    
   3.49800014       1.00417137    
   3.49900007       1.00416207    
   3.50000024       1.00415301    
   3.50100017       1.00414383    
   3.50200009       1.00413465    
   3.50300026       1.00412536    
   3.50400019       1.00411630    
   3.50500011       1.00410712    
   3.50600028       1.00409818    
   3.50700021       1.00408912    
   3.50800014       1.00408018    
   3.50900006       1.00407088    
   3.51000023       1.00406194    
   3.51100016       1.00405288    
   3.51200008       1.00404394    
   3.51300025       1.00403476    
   3.51400018       1.00402606    
   3.51500010       1.00401688    
   3.51600027       1.00400794    
   3.51700020       1.00399899    
   3.51800013       1.00399017    
   3.51900005       1.00398111    
   3.52000022       1.00397241    
   3.52100015       1.00396347    
   3.52200007       1.00395477    
   3.52300024       1.00394571    
   3.52400017       1.00393701    
   3.52500010       1.00392807    
   3.52600026       1.00391936    
   3.52700019       1.00391054    
   3.52800012       1.00390184    
   3.52900028       1.00389314    
   3.53000021       1.00388432    
   3.53100014       1.00387549    
   3.53200006       1.00386691    
   3.53300023       1.00385809    
   3.53400016       1.00384963    
   3.53500009       1.00384080    
   3.53600025       1.00383234    
   3.53700018       1.00382352    
   3.53800011       1.00381494    
   3.53900027       1.00380623    
   3.54000020       1.00379777    
   3.54100013       1.00378919    
   3.54200006       1.00378072    
   3.54300022       1.00377202    
   3.54400015       1.00376368    
   3.54500008       1.00375497    
   3.54600024       1.00374651    
   3.54700017       1.00373793    
   3.54800010       1.00372958    
   3.54900026       1.00372112    
   3.55000019       1.00371277    
   3.55100012       1.00370419    
   3.55200028       1.00369585    
   3.55300021       1.00368726    
   3.55400014       1.00367904    
   3.55500007       1.00367057    
   3.55600023       1.00366235    
   3.55700016       1.00365388    
   3.55800009       1.00364566    
   3.55900025       1.00363731    
   3.56000018       1.00362897    
   3.56100011       1.00362062    
   3.56200027       1.00361240    
   3.56300020       1.00360405    
   3.56400013       1.00359595    
   3.56500006       1.00358760    
   3.56600022       1.00357950    
   3.56700015       1.00357127    
   3.56800008       1.00356317    
   3.56900024       1.00355482    
   3.57000017       1.00354671    
   3.57100010       1.00353861    
   3.57200027       1.00353050    
   3.57300019       1.00352228    
   3.57400012       1.00351441    
   3.57500029       1.00350618    
   3.57600021       1.00349820    
   3.57700014       1.00348985    
   3.57800007       1.00348198    
   3.57900023       1.00347388    
   3.58000016       1.00346601    
   3.58100009       1.00345790    
   3.58200026       1.00345004    
   3.58300018       1.00344193    
   3.58400011       1.00343418    
   3.58500028       1.00342607    
   3.58600020       1.00341821    
   3.58700013       1.00341022    
   3.58800006       1.00340235    
   3.58900023       1.00339437    
   3.59000015       1.00338662    
   3.59100008       1.00337875    
   3.59200025       1.00337100    
   3.59300017       1.00336301    
   3.59400010       1.00335538    
   3.59500027       1.00334728    
   3.59600019       1.00333953    
   3.59700012       1.00333178    
   3.59800029       1.00332403    
   3.59900022       1.00331628    
   3.60000014       1.00330865    
   3.60100007       1.00330079    
   3.60200024       1.00329328    
   3.60300016       1.00328553    
   3.60400009       1.00327778    
   3.60500026       1.00326991    
   3.60600019       1.00326240    
   3.60700011       1.00325465    
   3.60800028       1.00324714    
   3.60900021       1.00323951    
   3.61000013       1.00323200    
   3.61100006       1.00322425    
   3.61200023       1.00321686    
   3.61300015       1.00320923    
   3.61400008       1.00320172    
   3.61500025       1.00319409    
   3.61600018       1.00318658    
   3.61700010       1.00317907    
   3.61800027       1.00317168    
   3.61900020       1.00316417    
   3.62000012       1.00315678    
   3.62100029       1.00314927    
   3.62200022       1.00314188    
   3.62300014       1.00313437    
   3.62400007       1.00312686    
   3.62500024       1.00311947    
   3.62600017       1.00311220    
   3.62700009       1.00310481    
   3.62800026       1.00309741    
   3.62900019       1.00309002    
   3.63000011       1.00308275    
   3.63100028       1.00307536    
   3.63200021       1.00306821    
   3.63300014       1.00306082    
   3.63400006       1.00305367    
   3.63500023       1.00304615    
   3.63600016       1.00303900    
   3.63700008       1.00303161    
   3.63800025       1.00302458    
   3.63900018       1.00301731    
   3.64000010       1.00301015    
   3.64100027       1.00300300    
   3.64200020       1.00299585    
   3.64300013       1.00298858    
   3.64400029       1.00298154    
   3.64500022       1.00297427    
   3.64600015       1.00296724    
   3.64700007       1.00295997    
   3.64800024       1.00295293    
   3.64900017       1.00294590    
   3.65000010       1.00293875    
   3.65100026       1.00293171    
   3.65200019       1.00292480    
   3.65300012       1.00291765    
   3.65400028       1.00291061    
   3.65500021       1.00290358    
   3.65600014       1.00289667    
   3.65700006       1.00288951    
   3.65800023       1.00288260    
   3.65900016       1.00287557    
   3.66000009       1.00286877    
   3.66100025       1.00286174    
   3.66200018       1.00285482    
   3.66300011       1.00284791    
   3.66400027       1.00284111    
   3.66500020       1.00283420    
   3.66600013       1.00282729    
   3.66700006       1.00282049    
   3.66800022       1.00281370    
   3.66900015       1.00280666    
   3.67000008       1.00279999    
   3.67100024       1.00279307    
   3.67200017       1.00278640    
   3.67300010       1.00277948    
   3.67400026       1.00277281    
   3.67500019       1.00276601    
   3.67600012       1.00275922    
   3.67700028       1.00275254    
   3.67800021       1.00274587    
   3.67900014       1.00273907    
   3.68000007       1.00273252    
   3.68100023       1.00272572    
   3.68200016       1.00271904    
   3.68300009       1.00271225    
   3.68400025       1.00270569    
   3.68500018       1.00269902    
   3.68600011       1.00269246    
   3.68700027       1.00268579    
   3.68800020       1.00267923    
   3.68900013       1.00267255    
   3.69000006       1.00266612    
   3.69100022       1.00265944    
   3.69200015       1.00265300    
   3.69300008       1.00264633    
   3.69400024       1.00264001    
   3.69500017       1.00263333    
   3.69600010       1.00262678    
   3.69700027       1.00262022    
   3.69800019       1.00261378    
   3.69900012       1.00260735    
   3.70000029       1.00260091    
   3.70100021       1.00259447    
   3.70200014       1.00258815    
   3.70300007       1.00258160    
   3.70400023       1.00257528    
   3.70500016       1.00256884    
   3.70600009       1.00256240    
   3.70700026       1.00255609    
   3.70800018       1.00254977    
   3.70900011       1.00254333    
   3.71000028       1.00253701    
   3.71100020       1.00253057    
   3.71200013       1.00252426    
   3.71300006       1.00251794    
   3.71400023       1.00251174    
   3.71500015       1.00250542    
   3.71600008       1.00249922    
   3.71700025       1.00249290    
   3.71800017       1.00248671    
   3.71900010       1.00248039    
   3.72000027       1.00247419    
   3.72100019       1.00246787    
   3.72200012       1.00246191    
   3.72300029       1.00245559    
   3.72400022       1.00244939    
   3.72500014       1.00244319    
   3.72600007       1.00243700    
   3.72700024       1.00243092    
   3.72800016       1.00242472    
   3.72900009       1.00241864    
   3.73000026       1.00241256    
   3.73100019       1.00240636    
   3.73200011       1.00240028    
   3.73300028       1.00239420    
   3.73400021       1.00238824    
   3.73500013       1.00238204    
   3.73600006       1.00237608    
   3.73700023       1.00237000    
   3.73800015       1.00236404    
   3.73900008       1.00235808    
   3.74000025       1.00235200    
   3.74100018       1.00234580    
   3.74200010       1.00233996    
   3.74300027       1.00233388    
   3.74400020       1.00232804    
   3.74500012       1.00232196    
   3.74600029       1.00231612    
   3.74700022       1.00231016    
   3.74800014       1.00230443    
   3.74900007       1.00229836    
   3.75000024       1.00229251    
   3.75100017       1.00228655    
   3.75200009       1.00228071    
   3.75300026       1.00227487    
   3.75400019       1.00226915    
   3.75500011       1.00226319    
   3.75600028       1.00225747    
   3.75700021       1.00225151    
   3.75800014       1.00224578    
   3.75900006       1.00223982    
   3.76000023       1.00223422    
   3.76100016       1.00222826    
   3.76200008       1.00222266    
   3.76300025       1.00221670    
   3.76400018       1.00221109    
   3.76500010       1.00220525    
   3.76600027       1.00219965    
   3.76700020       1.00219381    
   3.76800013       1.00218821    
   3.76900029       1.00218236    
   3.77000022       1.00217688    
   3.77100015       1.00217116    
   3.77200007       1.00216556    
   3.77300024       1.00215983    
   3.77400017       1.00215423    
   3.77500010       1.00214863    
   3.77600026       1.00214291    
   3.77700019       1.00213718    
   3.77800012       1.00213170    
   3.77900028       1.00212598    
   3.78000021       1.00212049    
   3.78100014       1.00211489    
   3.78200006       1.00210929    
   3.78300023       1.00210369    
   3.78400016       1.00209832    
   3.78500009       1.00209272    
   3.78600025       1.00208724    
   3.78700018       1.00208163    
   3.78800011       1.00207627    
   3.78900027       1.00207067    
   3.79000020       1.00206518    
   3.79100013       1.00205970    
   3.79200029       1.00205421    
   3.79300022       1.00204885    
   3.79400015       1.00204337    
   3.79500008       1.00203788    
   3.79600024       1.00203240    
   3.79700017       1.00202692    
   3.79800010       1.00202167    
   3.79900026       1.00201619    
   3.80000019       1.00201082    
   3.80100012       1.00200546    
   3.80200028       1.00200009    
   3.80300021       1.00199461    
   3.80400014       1.00198936    
   3.80500007       1.00198400    
   3.80600023       1.00197875    
   3.80700016       1.00197339    
   3.80800009       1.00196803    
   3.80900025       1.00196266    
   3.81000018       1.00195754    
   3.81100011       1.00195217    
   3.81200027       1.00194693    
   3.81300020       1.00194168    
   3.81400013       1.00193644    
   3.81500030       1.00193107    
   3.81600022       1.00192606    
   3.81700015       1.00192070    
   3.81800008       1.00191545    
   3.81900024       1.00191021    
   3.82000017       1.00190496    
   3.82100010       1.00189984    
   3.82200027       1.00189471    
   3.82300019       1.00188947    
   3.82400012       1.00188434    
   3.82500029       1.00187910    
   3.82600021       1.00187397    
   3.82700014       1.00186884    
   3.82800007       1.00186372    
   3.82900023       1.00185871    
   3.83000016       1.00185359    
   3.83100009       1.00184846    
   3.83200026       1.00184333    
   3.83300018       1.00183833    
   3.83400011       1.00183320    
   3.83500028       1.00182807    
   3.83600020       1.00182319    
   3.83700013       1.00181794    
   3.83800030       1.00181305    
   3.83900023       1.00180793    
   3.84000015       1.00180304    
   3.84100008       1.00179780    
   3.84200025       1.00179279    
   3.84300017       1.00178778    
   3.84400010       1.00178289    
   3.84500027       1.00177789    
   3.84600019       1.00177300    
   3.84700012       1.00176799    
   3.84800029       1.00176311    
   3.84900022       1.00175810    
   3.85000014       1.00175321    
   3.85100007       1.00174820    
   3.85200024       1.00174332    
   3.85300016       1.00173843    
   3.85400009       1.00173354    
   3.85500026       1.00172853    
   3.85600019       1.00172365    
   3.85700011       1.00171876    
   3.85800028       1.00171399    
   3.85900021       1.00170910    
   3.86000013       1.00170422    
   3.86100030       1.00169933    
   3.86200023       1.00169468    
   3.86300015       1.00168967    
   3.86400008       1.00168502    
   3.86500025       1.00168014    
   3.86600018       1.00167537    
   3.86700010       1.00167048    
   3.86800027       1.00166559    
   3.86900020       1.00166082    
   3.87000012       1.00165606    
   3.87100029       1.00165129    
   3.87200022       1.00164652    
   3.87300014       1.00164187    
   3.87400007       1.00163722    
   3.87500024       1.00163233    
   3.87600017       1.00162768    
   3.87700009       1.00162292    
   3.87800026       1.00161827    
   3.87900019       1.00161350    
   3.88000011       1.00160885    
   3.88100028       1.00160420    
   3.88200021       1.00159943    
   3.88300014       1.00159478    
   3.88400030       1.00159013    
   3.88500023       1.00158548    
   3.88600016       1.00158095    
   3.88700008       1.00157619    
   3.88800025       1.00157166    
   3.88900018       1.00156701    
   3.89000010       1.00156248    
   3.89100027       1.00155783    
   3.89200020       1.00155318    
   3.89300013       1.00154853    
   3.89400029       1.00154400    
   3.89500022       1.00153935    
   3.89600015       1.00153482    
   3.89700007       1.00153017    
   3.89800024       1.00152552    
   3.89900017       1.00152111    
   3.90000010       1.00151658    
   3.90100026       1.00151193    
   3.90200019       1.00150740    
   3.90300012       1.00150299    
   3.90400028       1.00149846    
   3.90500021       1.00149393    
   3.90600014       1.00148952    
   3.90700030       1.00148487    
   3.90800023       1.00148046    
   3.90900016       1.00147593    
   3.91000009       1.00147152    
   3.91100025       1.00146711    
   3.91200018       1.00146258    
   3.91300011       1.00145817    
   3.91400027       1.00145364    
   3.91500020       1.00144923    
   3.91600013       1.00144494    
   3.91700029       1.00144041    
   3.91800022       1.00143611    
   3.91900015       1.00143158    
   3.92000008       1.00142729    
   3.92100024       1.00142288    
   3.92200017       1.00141859    
   3.92300010       1.00141406    
   3.92400026       1.00140977    
   3.92500019       1.00140536    
   3.92600012       1.00140107    
   3.92700028       1.00139654    
   3.92800021       1.00139225    
   3.92900014       1.00138795    
   3.93000031       1.00138354    
   3.93100023       1.00137913    
   3.93200016       1.00137484    
   3.93300009       1.00137055    
   3.93400025       1.00136626    
   3.93500018       1.00136197    
   3.93600011       1.00135767    
   3.93700027       1.00135338    
   3.93800020       1.00134909    
   3.93900013       1.00134480    
   3.94000030       1.00134051    
   3.94100022       1.00133622    
   3.94200015       1.00133204    
   3.94300008       1.00132787    
   3.94400024       1.00132358    
   3.94500017       1.00131929    
   3.94600010       1.00131512    
   3.94700027       1.00131094    
   3.94800019       1.00130665    
   3.94900012       1.00130248    
   3.95000029       1.00129819    
   3.95100021       1.00129414    
   3.95200014       1.00128984    
   3.95300007       1.00128567    
   3.95400023       1.00128150    
   3.95500016       1.00127733    
   3.95600009       1.00127316    
   3.95700026       1.00126898    
   3.95800018       1.00126493    
   3.95900011       1.00126064    
   3.96000028       1.00125659    
   3.96100020       1.00125241    
   3.96200013       1.00124836    
   3.96300030       1.00124407    
   3.96400023       1.00124002    
   3.96500015       1.00123596    
   3.96600008       1.00123179    
   3.96700025       1.00122774    
   3.96800017       1.00122356    
   3.96900010       1.00121939    
   3.97000027       1.00121534    
   3.97100019       1.00121129    
   3.97200012       1.00120723    
   3.97300029       1.00120306    
   3.97400022       1.00119913    
   3.97500014       1.00119507    
   3.97600007       1.00119102    
   3.97700024       1.00118697    
   3.97800016       1.00118291    
   3.97900009       1.00117874    
   3.98000026       1.00117481    
   3.98100019       1.00117075    
   3.98200011       1.00116682    
   3.98300028       1.00116277    
   3.98400021       1.00115871    
   3.98500013       1.00115478    
   3.98600030       1.00115073    
   3.98700023       1.00114679    
   3.98800015       1.00114274    
   3.98900008       1.00113881    
   3.99000025       1.00113487    
   3.99100018       1.00113094    
   3.99200010       1.00112700    
   3.99300027       1.00112295    
   3.99400020       1.00111902    
   3.99500012       1.00111496    
   3.99600029       1.00111115    
   3.99700022       1.00110722    
   3.99800014       1.00110328    
   3.99900007       1.00109923    
   4.00000000       1.00109541    
   4.00100040       1.00109148    
   4.00200033       1.00108755    
   4.00300026       1.00108373    
   4.00400019       1.00107980    
   4.00500011       1.00107586    
   4.00600004       1.00107205    
   4.00699997       1.00106800    
   4.00800037       1.00106430    
   4.00900030       1.00106025    
   4.01000023       1.00105655    
   4.01100016       1.00105250    
   4.01200008       1.00104868    
   4.01300001       1.00104475    
   4.01400042       1.00104094    
   4.01500034       1.00103712    
   4.01600027       1.00103319    
   4.01700020       1.00102937    
   4.01800013       1.00102556    
   4.01900005       1.00102174    
   4.01999998       1.00101793    
   4.02100039       1.00101399    
   4.02200031       1.00101030    
   4.02300024       1.00100648    
   4.02400017       1.00100267    
   4.02500010       1.00099885    
   4.02600002       1.00099504    
   4.02700043       1.00099123    
   4.02800035       1.00098753    
   4.02900028       1.00098360    
   4.03000021       1.00097990    
   4.03100014       1.00097609    
   4.03200006       1.00097239    
   4.03299999       1.00096858    
   4.03400040       1.00096488    
   4.03500032       1.00096107    
   4.03600025       1.00095737    
   4.03700018       1.00095356    
   4.03800011       1.00094986    
   4.03900003       1.00094616    
   4.03999996       1.00094235    
   4.04100037       1.00093865    
   4.04200029       1.00093496    
   4.04300022       1.00093114    
   4.04400015       1.00092745    
   4.04500008       1.00092375    
   4.04600000       1.00091994    
   4.04700041       1.00091624    
   4.04800034       1.00091267    
   4.04900026       1.00090897    
   4.05000019       1.00090528    
   4.05100012       1.00090146    
   4.05200005       1.00089777    
   4.05299997       1.00089419    
   4.05400038       1.00089049    
   4.05500031       1.00088680    
   4.05600023       1.00088310    
   4.05700016       1.00087953    
   4.05800009       1.00087583    
   4.05900002       1.00087214    
   4.06000042       1.00086856    
   4.06100035       1.00086486    
   4.06200027       1.00086129    
   4.06300020       1.00085759    
   4.06400013       1.00085390    
   4.06500006       1.00085032    
   4.06599998       1.00084651    
   4.06700039       1.00084293    
   4.06800032       1.00083923    
   4.06900024       1.00083566    
   4.07000017       1.00083196    
   4.07100010       1.00082839    
   4.07200003       1.00082469    
   4.07300043       1.00082123    
   4.07400036       1.00081766    
   4.07500029       1.00081396    
   4.07600021       1.00081038    
   4.07700014       1.00080669    
   4.07800007       1.00080323    
   4.07900000       1.00079966    
   4.08000040       1.00079596    
   4.08100033       1.00079238    
   4.08200026       1.00078893    
   4.08300018       1.00078535    
   4.08400011       1.00078166    
   4.08500004       1.00077808    
   4.08599997       1.00077462    
   4.08700037       1.00077105    
   4.08800030       1.00076747    
   4.08900023       1.00076389    
   4.09000015       1.00076032    
   4.09100008       1.00075686    
   4.09200001       1.00075328    
   4.09300041       1.00074971    
   4.09400034       1.00074625    
   4.09500027       1.00074267    
   4.09600019       1.00073922    
