   1.00000005E-03   8.82148743E-06
   2.00000009E-03   8.82148743E-06
   3.00000003E-03   3.03983688E-06
   4.00000019E-03   8.82148743E-06
   5.00000035E-03   5.42402267E-06
   6.00000005E-03   3.03983688E-06
   7.00000022E-03   1.37090683E-06
   8.00000038E-03   8.82148743E-06
   9.00000054E-03   1.78813934E-06
   1.00000007E-02   5.42402267E-06
   1.10000009E-02  -1.19209290E-07
   1.20000001E-02   3.03983688E-06
   1.30000003E-02   5.72204590E-06
   1.40000004E-02   1.37090683E-06
   1.50000006E-02   3.87430191E-06
   1.60000008E-02   8.82148743E-06
   1.70000009E-02   5.12599945E-06
   1.80000011E-02   1.78813934E-06
   1.90000013E-02   8.64267349E-06
   2.00000014E-02   5.42402267E-06
   2.10000016E-02   2.56299973E-06
   2.20000017E-02  -1.19209290E-07
   2.30000019E-02   5.66244125E-06
   2.40000002E-02   3.03983688E-06
   2.50000004E-02   7.15255737E-07
   2.60000005E-02   5.72204590E-06
   2.70000007E-02   3.51667404E-06
   2.80000009E-02   1.37090683E-06
   2.90000010E-02  -4.76837158E-07
   3.00000012E-02   3.87430191E-06
   3.10000014E-02   1.96695328E-06
   3.20000015E-02   8.82148743E-06
   3.29999998E-02   1.25169754E-06
   3.40000018E-02   5.12599945E-06
   3.50000001E-02   8.70227814E-06
   3.60000022E-02   1.78813934E-06
   3.70000005E-02   5.24520874E-06
   3.80000025E-02   8.64267349E-06
   3.90000008E-02   2.20537186E-06
   4.00000028E-02   5.42402267E-06
   4.10000011E-02  -5.96046448E-07
   4.20000032E-02   2.56299973E-06
   4.30000015E-02   5.48362732E-06
   4.40000035E-02  -1.19209290E-07
   4.50000018E-02   2.80141830E-06
   4.60000038E-02   5.66244125E-06
   4.70000021E-02   2.98023224E-07
   4.80000004E-02   3.03983688E-06
   4.90000024E-02   5.72204590E-06
   5.00000007E-02   7.15255737E-07
   5.10000028E-02   3.27825546E-06
   5.20000011E-02   5.72204590E-06
   5.30000031E-02   1.13248825E-06
   5.40000014E-02   3.51667404E-06
   5.50000034E-02   5.78165054E-06
   5.60000017E-02   1.37090683E-06
   5.70000038E-02   3.69548798E-06
   5.80000021E-02  -4.76837158E-07
   5.90000041E-02   1.72853470E-06
   6.00000024E-02   3.87430191E-06
   6.10000044E-02  -1.19209290E-07
   6.20000027E-02   1.96695328E-06
   6.30000010E-02   3.87430191E-06
   6.40000030E-02   8.82148743E-06
   6.50000051E-02  -7.15255737E-07
   6.59999996E-02   1.25169754E-06
   6.70000017E-02   3.21865082E-06
   6.80000037E-02   5.12599945E-06
   6.90000057E-02   7.03334808E-06
   7.00000003E-02   8.70227814E-06
   7.10000023E-02  -1.19209290E-07
   7.20000044E-02   1.78813934E-06
   7.30000064E-02   3.57627869E-06
   7.40000010E-02   5.24520874E-06
   7.50000030E-02   6.97374344E-06
   7.60000050E-02   8.64267349E-06
   7.70000070E-02   5.96046448E-07
   7.80000016E-02   2.20537186E-06
   7.90000036E-02   3.75509262E-06
   8.00000057E-02   5.42402267E-06
   8.10000002E-02   6.91413879E-06
   8.20000023E-02  -5.96046448E-07
   8.30000043E-02   1.01327896E-06
   8.40000063E-02   2.56299973E-06
   8.50000009E-02   4.05311584E-06
   8.60000029E-02   5.48362732E-06
   8.70000049E-02   6.91413879E-06
   8.80000070E-02  -1.19209290E-07
   8.90000015E-02   1.31130219E-06
   9.00000036E-02   2.80141830E-06
   9.10000056E-02   4.23192978E-06
   9.20000076E-02   5.66244125E-06
   9.30000022E-02   6.97374344E-06
   9.40000042E-02   2.98023224E-07
   9.50000063E-02   1.72853470E-06
   9.60000008E-02   3.03983688E-06
   9.70000029E-02   4.35113907E-06
   9.80000049E-02   5.72204590E-06
   9.90000069E-02  -4.76837158E-07
  0.100000001       7.15255737E-07
  0.101000004       2.08616257E-06
  0.102000006       3.27825546E-06
  0.103000008       4.52995300E-06
  0.104000002       5.72204590E-06
  0.105000004      -1.19209290E-07
  0.106000006       1.13248825E-06
  0.107000008       2.38418579E-06
  0.108000003       3.51667404E-06
  0.109000005       4.70876694E-06
  0.110000007       5.78165054E-06
  0.111000009       2.98023224E-07
  0.112000003       1.37090683E-06
  0.113000005       2.56299973E-06
  0.114000008       3.69548798E-06
  0.115000002       4.76837158E-06
  0.116000004      -4.76837158E-07
  0.117000006       6.55651093E-07
  0.118000008       1.72853470E-06
  0.119000003       2.74181366E-06
  0.120000005       3.87430191E-06
  0.121000007       4.94718552E-06
  0.122000009      -1.19209290E-07
  0.123000003       8.94069672E-07
  0.124000005       1.96695328E-06
  0.125000000       2.98023224E-06
  0.126000002       3.87430191E-06
  0.127000004       7.86781311E-06
  0.128000006       8.82148743E-06
  0.129000008       9.83476639E-06
  0.130000010      -7.15255737E-07
  0.131000012       3.57627869E-07
  0.131999999       1.25169754E-06
  0.133000001       2.26497650E-06
  0.134000003       3.21865082E-06
  0.135000005       4.17232513E-06
  0.136000007       5.12599945E-06
  0.137000009       6.07967377E-06
  0.138000011       7.03334808E-06
  0.139000013       7.92741776E-06
  0.140000001       8.70227814E-06
  0.141000003       9.53674316E-06
  0.142000005      -1.19209290E-07
  0.143000007       8.34465027E-07
  0.144000009       1.78813934E-06
  0.145000011       2.68220901E-06
  0.146000013       3.57627869E-06
  0.147000000       4.35113907E-06
  0.148000002       5.24520874E-06
  0.149000004       6.07967377E-06
  0.150000006       6.97374344E-06
  0.151000008       7.80820847E-06
  0.152000010       8.64267349E-06
  0.153000012      -2.38418579E-07
  0.154000014       5.96046448E-07
  0.155000001       1.37090683E-06
  0.156000003       2.20537186E-06
  0.157000005       2.92062759E-06
  0.158000007       3.75509262E-06
  0.159000009       4.58955765E-06
  0.160000011       5.42402267E-06
  0.161000013       6.19888306E-06
  0.162000000       6.91413879E-06
  0.163000003       7.68899918E-06
  0.164000005      -5.96046448E-07
  0.165000007       1.78813934E-07
  0.166000009       1.01327896E-06
  0.167000011       1.78813934E-06
  0.168000013       2.56299973E-06
  0.169000015       3.33786011E-06
  0.170000002       4.05311584E-06
  0.171000004       4.76837158E-06
  0.172000006       5.48362732E-06
  0.173000008       6.19888306E-06
  0.174000010       6.91413879E-06
  0.175000012      -8.34465027E-07
  0.176000014      -1.19209290E-07
  0.177000001       5.96046448E-07
  0.178000003       1.31130219E-06
  0.179000005       2.08616257E-06
  0.180000007       2.80141830E-06
  0.181000009       3.51667404E-06
  0.182000011       4.23192978E-06
  0.183000013       4.94718552E-06
  0.184000015       5.66244125E-06
  0.185000002       6.25848770E-06
  0.186000004       6.97374344E-06
  0.187000006      -3.57627869E-07
  0.188000008       2.98023224E-07
  0.189000010       1.01327896E-06
  0.190000013       1.72853470E-06
  0.191000015       2.44379044E-06
  0.192000002       3.03983688E-06
  0.193000004       3.69548798E-06
  0.194000006       4.35113907E-06
  0.195000008       5.06639481E-06
  0.196000010       5.72204590E-06
  0.197000012       6.37769699E-06
  0.198000014      -4.76837158E-07
  0.199000016       1.78813934E-07
  0.200000003       7.15255737E-07
  0.201000005       1.43051147E-06
  0.202000007       2.08616257E-06
  0.203000009       2.74181366E-06
  0.204000011       3.27825546E-06
  0.205000013       3.93390656E-06
  0.206000015       4.52995300E-06
  0.207000017       5.18560410E-06
  0.208000004       5.72204590E-06
  0.209000006      -8.34465027E-07
  0.210000008      -1.19209290E-07
  0.211000010       4.76837158E-07
  0.212000012       1.13248825E-06
  0.213000014       1.72853470E-06
  0.214000016       2.38418579E-06
  0.215000004       2.92062759E-06
  0.216000006       3.51667404E-06
  0.217000008       4.11272049E-06
  0.218000010       4.70876694E-06
  0.219000012       5.24520874E-06
  0.220000014       5.78165054E-06
  0.221000016      -3.57627869E-07
  0.222000018       2.98023224E-07
  0.223000005       7.74860382E-07
  0.224000007       1.37090683E-06
  0.225000009       1.96695328E-06
  0.226000011       2.56299973E-06
  0.227000013       3.15904617E-06
  0.228000015       3.69548798E-06
  0.229000017       4.29153442E-06
  0.230000004       4.76837158E-06
  0.231000006       5.36441803E-06
  0.232000008      -4.76837158E-07
  0.233000010       5.96046448E-08
  0.234000012       6.55651093E-07
  0.235000014       1.13248825E-06
  0.236000016       1.72853470E-06
  0.237000018       2.26497650E-06
  0.238000005       2.74181366E-06
  0.239000008       3.27825546E-06
  0.240000010       3.87430191E-06
  0.241000012       4.41074371E-06
  0.242000014       4.94718552E-06
  0.243000016      -7.15255737E-07
  0.244000018      -1.19209290E-07
  0.245000005       3.57627869E-07
  0.246000007       8.94069672E-07
  0.247000009       1.43051147E-06
  0.248000011       1.96695328E-06
  0.249000013       2.50339508E-06
  0.250000000       2.98023224E-06
  0.251000017       3.45706940E-06
  0.252000004       3.87430191E-06
  0.253000021       1.54972076E-06
  0.254000008       7.86781311E-06
  0.255000025       2.56299973E-06
  0.256000012       8.82148743E-06
  0.256999999       3.45706940E-06
  0.258000016       9.83476639E-06
  0.259000003       4.47034836E-06
  0.260000020      -7.15255737E-07
  0.261000007       5.48362732E-06
  0.262000024       3.57627869E-07
  0.263000011       6.43730164E-06
  0.263999999       1.25169754E-06
  0.265000015       7.45058060E-06
  0.266000003       2.26497650E-06
  0.267000020       8.34465027E-06
  0.268000007       3.21865082E-06
  0.269000024       9.29832458E-06
  0.270000011       4.17232513E-06
  0.271000028      -7.15255737E-07
  0.272000015       5.12599945E-06
  0.273000002       1.19209290E-07
  0.274000019       6.07967377E-06
  0.275000006       1.07288361E-06
  0.276000023       7.03334808E-06
  0.277000010       2.02655792E-06
  0.278000027       7.92741776E-06
  0.279000014       2.98023224E-06
  0.280000001       8.70227814E-06
  0.281000018       3.93390656E-06
  0.282000005       9.53674316E-06
  0.283000022       4.76837158E-06
  0.284000009      -1.19209290E-07
  0.285000026       5.66244125E-06
  0.286000013       8.34465027E-07
  0.287000000       6.43730164E-06
  0.288000017       1.78813934E-06
  0.289000005       7.33137131E-06
  0.290000021       2.68220901E-06
  0.291000009       8.16583633E-06
  0.292000026       3.57627869E-06
  0.293000013       9.05990601E-06
  0.294000000       4.35113907E-06
  0.295000017      -2.38418579E-07
  0.296000004       5.24520874E-06
  0.297000021       7.15255737E-07
  0.298000008       6.07967377E-06
  0.299000025       1.60932541E-06
  0.300000012       6.97374344E-06
  0.301000029       2.50339508E-06
  0.302000016       7.80820847E-06
  0.303000003       3.21865082E-06
  0.304000020       8.64267349E-06
  0.305000007       4.11272049E-06
  0.306000024      -2.38418579E-07
  0.307000011       4.94718552E-06
  0.308000028       5.96046448E-07
  0.309000015       5.78165054E-06
  0.310000002       1.37090683E-06
  0.311000019       6.61611557E-06
  0.312000006       2.20537186E-06
  0.313000023       7.33137131E-06
  0.314000010       2.92062759E-06
  0.315000027       8.16583633E-06
  0.316000015       3.75509262E-06
  0.317000002      -5.96046448E-07
  0.318000019       4.58955765E-06
  0.319000006       2.98023224E-07
  0.320000023       5.42402267E-06
  0.321000010       1.13248825E-06
  0.322000027       6.19888306E-06
  0.323000014       1.96695328E-06
  0.324000001       6.91413879E-06
  0.325000018       2.74181366E-06
  0.326000005       7.68899918E-06
  0.327000022       3.57627869E-06
  0.328000009      -5.96046448E-07
  0.329000026       4.35113907E-06
  0.330000013       1.78813934E-07
  0.331000030       5.12599945E-06
  0.332000017       1.01327896E-06
  0.333000004       5.84125519E-06
  0.334000021       1.78813934E-06
  0.335000008       6.55651093E-06
  0.336000025       2.56299973E-06
  0.337000012       7.33137131E-06
  0.338000029       3.33786011E-06
  0.339000016      -7.15255737E-07
  0.340000004       4.05311584E-06
  0.341000021       5.96046448E-08
  0.342000008       4.76837158E-06
  0.343000025       8.94069672E-07
  0.344000012       5.48362732E-06
  0.345000029       1.54972076E-06
  0.346000016       6.19888306E-06
  0.347000003       2.20537186E-06
  0.348000020       6.91413879E-06
  0.349000007       2.98023224E-06
  0.350000024      -8.34465027E-07
  0.351000011       3.75509262E-06
  0.352000028      -1.19209290E-07
  0.353000015       4.47034836E-06
  0.354000002       5.96046448E-07
  0.355000019       5.18560410E-06
  0.356000006       1.31130219E-06
  0.357000023       5.90085983E-06
  0.358000010       2.08616257E-06
  0.359000027       6.61611557E-06
  0.360000014       2.80141830E-06
  0.361000031      -9.53674316E-07
  0.362000018       3.51667404E-06
  0.363000005      -2.38418579E-07
  0.364000022       4.23192978E-06
  0.365000010       4.76837158E-07
  0.366000026       4.94718552E-06
  0.367000014       1.19209290E-06
  0.368000031       5.66244125E-06
  0.369000018       1.96695328E-06
  0.370000005       6.25848770E-06
  0.371000022       2.62260437E-06
  0.372000009       6.97374344E-06
  0.373000026       3.33786011E-06
  0.374000013      -3.57627869E-07
  0.375000030       4.05311584E-06
  0.376000017       2.98023224E-07
  0.377000004       4.58955765E-06
  0.378000021       1.01327896E-06
  0.379000008       5.24520874E-06
  0.380000025       1.72853470E-06
  0.381000012       5.96046448E-06
  0.382000029       2.44379044E-06
  0.383000016       6.61611557E-06
  0.384000003       3.03983688E-06
  0.385000020      -4.76837158E-07
  0.386000007       3.69548798E-06
  0.387000024       2.38418579E-07
  0.388000011       4.35113907E-06
  0.389000028       8.94069672E-07
  0.390000015       5.06639481E-06
  0.391000032       1.60932541E-06
  0.392000020       5.72204590E-06
  0.393000007       2.20537186E-06
  0.394000024       6.37769699E-06
  0.395000011       2.86102295E-06
  0.396000028      -4.76837158E-07
  0.397000015       3.51667404E-06
  0.398000032       1.78813934E-07
  0.399000019       4.17232513E-06
  0.400000006       7.15255737E-07
  0.401000023       4.82797623E-06
  0.402000010       1.43051147E-06
  0.403000027       5.48362732E-06
  0.404000014       2.08616257E-06
  0.405000031       6.07967377E-06
  0.406000018       2.74181366E-06
  0.407000005      -7.15255737E-07
  0.408000022       3.27825546E-06
  0.409000009      -1.19209290E-07
  0.410000026       3.93390656E-06
  0.411000013       5.96046448E-07
  0.412000030       4.52995300E-06
  0.413000017       1.25169754E-06
  0.414000034       5.18560410E-06
  0.415000021       1.84774399E-06
  0.416000009       5.72204590E-06
  0.417000026       2.50339508E-06
  0.418000013      -8.34465027E-07
  0.419000030       3.15904617E-06
  0.420000017      -1.19209290E-07
  0.421000034       3.75509262E-06
  0.422000021       4.76837158E-07
  0.423000008       4.29153442E-06
  0.424000025       1.13248825E-06
  0.425000012       4.88758087E-06
  0.426000029       1.72853470E-06
  0.427000016       5.54323196E-06
  0.428000033       2.38418579E-06
  0.429000020      -8.34465027E-07
  0.430000007       2.92062759E-06
  0.431000024      -2.38418579E-07
  0.432000011       3.51667404E-06
  0.433000028       4.17232513E-07
  0.434000015       4.11272049E-06
  0.435000032       1.01327896E-06
  0.436000019       4.70876694E-06
  0.437000006       1.54972076E-06
  0.438000023       5.24520874E-06
  0.439000010       2.08616257E-06
  0.440000027       5.78165054E-06
  0.441000015       2.68220901E-06
  0.442000031      -3.57627869E-07
  0.443000019       3.27825546E-06
  0.444000036       2.98023224E-07
  0.445000023       3.87430191E-06
  0.446000010       7.74860382E-07
  0.447000027       4.47034836E-06
  0.448000014       1.37090683E-06
  0.449000031       5.06639481E-06
  0.450000018       1.96695328E-06
  0.451000035       5.54323196E-06
  0.452000022       2.56299973E-06
  0.453000009      -4.76837158E-07
  0.454000026       3.15904617E-06
  0.455000013       1.19209290E-07
  0.456000030       3.69548798E-06
  0.457000017       7.15255737E-07
  0.458000034       4.29153442E-06
  0.459000021       1.31130219E-06
  0.460000008       4.76837158E-06
  0.461000025       1.84774399E-06
  0.462000012       5.36441803E-06
  0.463000029       2.44379044E-06
  0.464000016      -4.76837158E-07
  0.465000033       3.03983688E-06
  0.466000021       5.96046448E-08
  0.467000008       3.51667404E-06
  0.468000025       6.55651093E-07
  0.469000012       3.99351120E-06
  0.470000029       1.13248825E-06
  0.471000016       4.52995300E-06
  0.472000033       1.72853470E-06
  0.473000020       5.12599945E-06
  0.474000037       2.26497650E-06
  0.475000024      -5.96046448E-07
  0.476000011       2.74181366E-06
  0.477000028      -1.19209290E-07
  0.478000015       3.27825546E-06
  0.479000032       4.76837158E-07
  0.480000019       3.87430191E-06
  0.481000036       1.07288361E-06
  0.482000023       4.41074371E-06
  0.483000010       1.54972076E-06
  0.484000027       4.94718552E-06
  0.485000014       2.08616257E-06
  0.486000031      -7.15255737E-07
  0.487000018       2.62260437E-06
  0.488000035      -1.19209290E-07
  0.489000022       3.15904617E-06
  0.490000010       3.57627869E-07
  0.491000026       3.69548798E-06
  0.492000014       8.94069672E-07
  0.493000031       4.23192978E-06
  0.494000018       1.43051147E-06
  0.495000035       4.76837158E-06
  0.496000022       1.96695328E-06
  0.497000009      -8.34465027E-07
  0.498000026       2.50339508E-06
  0.499000013      -2.38418579E-07
  0.500000000       2.98023224E-06
  0.501000047       6.19888306E-06
  0.502000034       3.45706940E-06
  0.503000021       6.61611557E-06
  0.504000008       3.87430191E-06
  0.504999995       7.09295273E-06
  0.506000042       1.54972076E-06
  0.507000029       1.06096268E-05
  0.508000016       7.86781311E-06
  0.509000003       5.12599945E-06
  0.510000050       2.56299973E-06
  0.511000037      -1.19209290E-07
  0.512000024       8.82148743E-06
  0.513000011       6.13927841E-06
  0.513999999       3.45706940E-06
  0.515000045       9.53674316E-07
  0.516000032       9.83476639E-06
  0.517000020       7.15255737E-06
  0.518000007       4.47034836E-06
  0.519000053       1.96695328E-06
  0.520000041      -7.15255737E-07
  0.521000028       8.10623169E-06
  0.522000015       5.48362732E-06
  0.523000002       2.86102295E-06
  0.524000049       3.57627869E-07
  0.525000036       9.05990601E-06
  0.526000023       6.43730164E-06
  0.527000010       3.87430191E-06
  0.527999997       1.25169754E-06
  0.529000044       1.00135803E-05
  0.530000031       7.45058060E-06
  0.531000018       4.82797623E-06
  0.532000005       2.26497650E-06
  0.533000052      -2.38418579E-07
  0.534000039       8.34465027E-06
  0.535000026       5.78165054E-06
  0.536000013       3.21865082E-06
  0.537000000       6.55651093E-07
  0.538000047       9.29832458E-06
  0.539000034       6.73532486E-06
  0.540000021       4.17232513E-06
  0.541000009       1.66893005E-06
  0.542000055      -7.15255737E-07
  0.543000042       7.68899918E-06
  0.544000030       5.12599945E-06
  0.545000017       2.62260437E-06
  0.546000004       1.19209290E-07
  0.547000051       8.58306885E-06
  0.548000038       6.07967377E-06
  0.549000025       3.57627869E-06
  0.550000012       1.07288361E-06
  0.550999999       9.41753387E-06
  0.552000046       7.03334808E-06
  0.553000033       4.52995300E-06
  0.554000020       2.02655792E-06
  0.555000007      -4.76837158E-07
  0.556000054       7.92741776E-06
  0.557000041       5.48362732E-06
  0.558000028       2.98023224E-06
  0.559000015       5.36441803E-07
  0.560000002       8.70227814E-06
  0.561000049       6.37769699E-06
  0.562000036       3.93390656E-06
  0.563000023       1.37090683E-06
  0.564000010       9.53674316E-06
  0.564999998       7.09295273E-06
  0.566000044       4.76837158E-06
  0.567000031       2.32458115E-06
  0.568000019      -1.19209290E-07
  0.569000006       7.98702240E-06
  0.570000052       5.66244125E-06
  0.571000040       3.21865082E-06
  0.572000027       8.34465027E-07
  0.573000014       8.82148743E-06
  0.574000001       6.43730164E-06
  0.575000048       4.17232513E-06
  0.576000035       1.78813934E-06
  0.577000022      -5.96046448E-07
  0.578000009       7.33137131E-06
  0.579000056       5.06639481E-06
  0.580000043       2.68220901E-06
  0.581000030       2.98023224E-07
  0.582000017       8.16583633E-06
  0.583000004       5.84125519E-06
  0.584000051       3.57627869E-06
  0.585000038       1.25169754E-06
  0.586000025       9.05990601E-06
  0.587000012       6.67572021E-06
  0.588000000       4.35113907E-06
  0.589000046       2.14576721E-06
  0.590000033      -2.38418579E-07
  0.591000021       7.56978989E-06
  0.592000008       5.24520874E-06
  0.593000054       3.03983688E-06
  0.594000041       7.15255737E-07
  0.595000029       8.40425491E-06
  0.596000016       6.07967377E-06
  0.597000003       3.81469727E-06
  0.598000050       1.60932541E-06
  0.599000037      -7.15255737E-07
  0.600000024       6.97374344E-06
  0.601000011       4.64916229E-06
  0.602000058       2.50339508E-06
  0.603000045       1.78813934E-07
  0.604000032       7.80820847E-06
  0.605000019       5.54323196E-06
  0.606000006       3.21865082E-06
  0.607000053       1.07288361E-06
  0.608000040       8.64267349E-06
  0.609000027       6.37769699E-06
  0.610000014       4.11272049E-06
  0.611000001       1.84774399E-06
  0.612000048      -2.38418579E-07
  0.613000035       7.21216202E-06
  0.614000022       4.94718552E-06
  0.615000010       2.74181366E-06
  0.616000056       5.96046448E-07
  0.617000043       8.04662704E-06
  0.618000031       5.78165054E-06
  0.619000018       3.57627869E-06
  0.620000005       1.37090683E-06
  0.621000051      -7.15255737E-07
  0.622000039       6.61611557E-06
  0.623000026       4.41074371E-06
  0.624000013       2.20537186E-06
  0.625000000       0.00000000    
  0.626000047       7.33137131E-06
  0.627000034       5.12599945E-06
  0.628000021       2.92062759E-06
  0.629000008       7.74860382E-07
  0.630000055       8.16583633E-06
  0.631000042       5.96046448E-06
  0.632000029       3.75509262E-06
  0.633000016       1.60932541E-06
  0.634000003      -5.96046448E-07
  0.635000050       6.73532486E-06
  0.636000037       4.58955765E-06
  0.637000024       2.44379044E-06
  0.638000011       2.98023224E-07
  0.639000058       7.56978989E-06
  0.640000045       5.42402267E-06
  0.641000032       3.27825546E-06
  0.642000020       1.13248825E-06
  0.643000007       8.16583633E-06
  0.644000053       6.19888306E-06
  0.645000041       4.05311584E-06
  0.646000028       1.96695328E-06
  0.647000015      -2.38418579E-07
  0.648000002       6.91413879E-06
  0.649000049       4.88758087E-06
  0.650000036       2.74181366E-06
  0.651000023       6.55651093E-07
  0.652000010       7.68899918E-06
  0.653000057       5.66244125E-06
  0.654000044       3.57627869E-06
  0.655000031       1.43051147E-06
  0.656000018      -5.96046448E-07
  0.657000005       6.37769699E-06
  0.658000052       4.35113907E-06
  0.659000039       2.26497650E-06
  0.660000026       1.78813934E-07
  0.661000013       7.15255737E-06
  0.662000060       5.12599945E-06
  0.663000047       3.03983688E-06
  0.664000034       1.01327896E-06
  0.665000021       7.86781311E-06
  0.666000009       5.84125519E-06
  0.667000055       3.81469727E-06
  0.668000042       1.78813934E-06
  0.669000030      -2.38418579E-07
  0.670000017       6.55651093E-06
  0.671000004       4.52995300E-06
  0.672000051       2.56299973E-06
  0.673000038       5.36441803E-07
  0.674000025       7.33137131E-06
  0.675000012       5.30481339E-06
  0.676000059       3.33786011E-06
  0.677000046       1.31130219E-06
  0.678000033      -7.15255737E-07
  0.679000020       6.07967377E-06
  0.680000007       4.05311584E-06
  0.681000054       2.08616257E-06
  0.682000041       5.96046448E-08
  0.683000028       6.79492950E-06
  0.684000015       4.76837158E-06
  0.685000062       2.86102295E-06
  0.686000049       8.94069672E-07
  0.687000036       7.56978989E-06
  0.688000023       5.48362732E-06
  0.689000010       3.45706940E-06
  0.690000057       1.54972076E-06
  0.691000044      -4.76837158E-07
  0.692000031       6.19888306E-06
  0.693000019       4.23192978E-06
  0.694000006       2.20537186E-06
  0.695000052       3.57627869E-07
  0.696000040       6.91413879E-06
  0.697000027       4.94718552E-06
  0.698000014       2.98023224E-06
  0.699000061       1.13248825E-06
  0.700000048      -8.34465027E-07
  0.701000035       5.72204590E-06
  0.702000022       3.75509262E-06
  0.703000009       1.78813934E-06
  0.704000056      -1.19209290E-07
  0.705000043       6.43730164E-06
  0.706000030       4.47034836E-06
  0.707000017       2.50339508E-06
  0.708000004       5.96046448E-07
  0.709000051       7.15255737E-06
  0.710000038       5.18560410E-06
  0.711000025       3.27825546E-06
  0.712000012       1.31130219E-06
  0.713000059      -4.76837158E-07
  0.714000046       5.90085983E-06
  0.715000033       3.99351120E-06
  0.716000021       2.08616257E-06
  0.717000008       1.78813934E-07
  0.718000054       6.61611557E-06
  0.719000041       4.70876694E-06
  0.720000029       2.80141830E-06
  0.721000016       8.94069672E-07
  0.722000062      -9.53674316E-07
  0.723000050       5.42402267E-06
  0.724000037       3.51667404E-06
  0.725000024       1.66893005E-06
  0.726000011      -2.38418579E-07
  0.727000058       6.13927841E-06
  0.728000045       4.23192978E-06
  0.729000032       2.38418579E-06
  0.730000019       4.76837158E-07
  0.731000006       6.79492950E-06
  0.732000053       4.94718552E-06
  0.733000040       3.09944153E-06
  0.734000027       1.19209290E-06
  0.735000014      -5.96046448E-07
  0.736000061       5.66244125E-06
  0.737000048       3.81469727E-06
  0.738000035       1.96695328E-06
  0.739000022       5.96046448E-08
  0.740000010       6.25848770E-06
  0.741000056       4.52995300E-06
  0.742000043       2.62260437E-06
  0.743000031       7.74860382E-07
  0.744000018       6.97374344E-06
  0.745000064       5.18560410E-06
  0.746000051       3.33786011E-06
  0.747000039       1.49011612E-06
  0.748000026      -3.57627869E-07
  0.749000013       5.78165054E-06
  0.750000060       4.05311584E-06
  0.751000047       2.14576721E-06
  0.752000034       2.98023224E-07
  0.753000021       6.43730164E-06
  0.754000008       4.58955765E-06
  0.755000055       2.86102295E-06
  0.756000042       1.01327896E-06
  0.757000029      -8.34465027E-07
  0.758000016       5.24520874E-06
  0.759000063       3.51667404E-06
  0.760000050       1.72853470E-06
  0.761000037      -1.19209290E-07
  0.762000024       5.96046448E-06
  0.763000011       4.11272049E-06
  0.764000058       2.44379044E-06
  0.765000045       5.96046448E-07
  0.766000032       6.61611557E-06
  0.767000020       4.82797623E-06
  0.768000007       3.03983688E-06
  0.769000053       1.31130219E-06
  0.770000041      -4.76837158E-07
  0.771000028       5.48362732E-06
  0.772000015       3.69548798E-06
  0.773000062       2.02655792E-06
  0.774000049       2.38418579E-07
  0.775000036       6.13927841E-06
  0.776000023       4.35113907E-06
  0.777000010       2.62260437E-06
  0.778000057       8.94069672E-07
  0.779000044      -8.34465027E-07
  0.780000031       5.06639481E-06
  0.781000018       3.27825546E-06
  0.782000065       1.60932541E-06
  0.783000052      -1.19209290E-07
  0.784000039       5.72204590E-06
  0.785000026       3.93390656E-06
  0.786000013       2.20537186E-06
  0.787000060       5.36441803E-07
  0.788000047       6.37769699E-06
  0.789000034       4.58955765E-06
  0.790000021       2.86102295E-06
  0.791000009       1.13248825E-06
  0.792000055      -4.76837158E-07
  0.793000042       5.24520874E-06
  0.794000030       3.51667404E-06
  0.795000017       1.78813934E-06
  0.796000063       1.78813934E-07
  0.797000051       5.90085983E-06
  0.798000038       4.17232513E-06
  0.799000025       2.44379044E-06
  0.800000012       7.15255737E-07
  0.801000059       6.49690628E-06
  0.802000046       4.82797623E-06
  0.803000033       3.09944153E-06
  0.804000020       1.43051147E-06
  0.805000067      -2.38418579E-07
  0.806000054       5.48362732E-06
  0.807000041       3.75509262E-06
  0.808000028       2.08616257E-06
  0.809000015       3.57627869E-07
  0.810000062       6.07967377E-06
  0.811000049       4.41074371E-06
  0.812000036       2.74181366E-06
  0.813000023       9.53674316E-07
  0.814000010      -7.15255737E-07
  0.815000057       4.94718552E-06
  0.816000044       3.27825546E-06
  0.817000031       1.60932541E-06
  0.818000019      -1.19209290E-07
  0.819000065       5.60283661E-06
  0.820000052       3.93390656E-06
  0.821000040       2.26497650E-06
  0.822000027       5.96046448E-07
  0.823000014       6.13927841E-06
  0.824000061       4.52995300E-06
  0.825000048       2.86102295E-06
  0.826000035       1.25169754E-06
  0.827000022      -4.76837158E-07
  0.828000069       5.18560410E-06
  0.829000056       3.51667404E-06
  0.830000043       1.84774399E-06
  0.831000030       2.38418579E-07
  0.832000017       5.72204590E-06
  0.833000064       4.17232513E-06
  0.834000051       2.50339508E-06
  0.835000038       8.34465027E-07
  0.836000025      -8.34465027E-07
  0.837000012       4.70876694E-06
  0.838000059       3.15904617E-06
  0.839000046       1.49011612E-06
  0.840000033      -1.19209290E-07
  0.841000021       5.30481339E-06
  0.842000067       3.75509262E-06
  0.843000054       2.14576721E-06
  0.844000041       4.76837158E-07
  0.845000029       5.90085983E-06
  0.846000016       4.29153442E-06
  0.847000062       2.74181366E-06
  0.848000050       1.13248825E-06
  0.849000037       6.55651093E-06
  0.850000024       4.88758087E-06
  0.851000011       3.27825546E-06
  0.852000058       1.72853470E-06
  0.853000045       7.15255737E-06
  0.854000032       5.54323196E-06
  0.855000019       3.87430191E-06
  0.856000066       9.35792923E-06
  0.857000053       7.74860382E-06
  0.858000040       6.13927841E-06
  0.859000027       1.14440918E-05
  0.860000014       9.83476639E-06
  0.861000061       1.52587891E-05
  0.862000048       1.36494637E-05
  0.863000035       1.88946724E-05
  0.864000022       2.41994858E-05
  0.865000069       2.95639038E-05
  0.866000056       3.48091125E-05
  0.867000043       4.00543213E-05
  0.868000031       5.22136688E-05
  0.869000018       5.73992729E-05
  0.870000064       6.95586205E-05
  0.871000051       8.15987587E-05
  0.872000039       1.00433826E-04
  0.873000026       1.19209290E-04
  0.874000013       1.44779682E-04
  0.875000060       1.70350075E-04
  0.876000047       1.95741653E-04
  0.877000034       2.34723091E-04
  0.878000021       2.73644924E-04
  0.879000068       3.19302082E-04
  0.880000055       3.71575356E-04
  0.881000042       4.37259674E-04
  0.882000029       5.09560108E-04
  0.883000016       5.88417053E-04
  0.884000063       6.80685043E-04
  0.885000050       7.86125660E-04
  0.886000037       9.04738903E-04
  0.887000024       1.03658438E-03
  0.888000071       1.18833780E-03
  0.889000058       1.35976076E-03
  0.890000045       1.55091286E-03
  0.891000032       1.76841021E-03
  0.892000020       2.01207399E-03
  0.893000066       2.27540731E-03
  0.894000053       2.57802010E-03
  0.895000041       2.90656090E-03
  0.896000028       3.28093767E-03
  0.897000015       3.68779898E-03
  0.898000062       4.13358212E-03
  0.899000049       4.63134050E-03
  0.900000036       5.18095493E-03
  0.901000023       5.78230619E-03
  0.902000070       6.44183159E-03
  0.903000057       7.15929270E-03
  0.904000044       7.94768333E-03
  0.905000031       8.80670547E-03
  0.906000018       9.74285603E-03
  0.907000065       1.07558370E-02
  0.908000052       1.18584633E-02
  0.909000039       1.30503774E-02
  0.910000026       1.43445730E-02
  0.911000073       1.57340765E-02
  0.912000060       1.72380805E-02
  0.913000047       1.88498497E-02
  0.914000034       2.05884576E-02
  0.915000021       2.24470496E-02
  0.916000068       2.44448185E-02
  0.917000055       2.65811086E-02
  0.918000042       2.88621783E-02
  0.919000030       3.12938690E-02
  0.920000017       3.38822603E-02
  0.921000063       3.66398096E-02
  0.922000051       3.95659804E-02
  0.923000038       4.26729918E-02
  0.924000025       4.59667444E-02
  0.925000072       4.94532585E-02
  0.926000059       5.31381369E-02
  0.927000046       5.70243597E-02
  0.928000033       6.11238480E-02
  0.929000020       6.54412508E-02
  0.930000067       6.99822307E-02
  0.931000054       7.47538805E-02
  0.932000041       7.97565579E-02
  0.933000028       8.50065947E-02
  0.934000015       9.05017853E-02
  0.935000062       9.62494016E-02
  0.936000049      0.102258325    
  0.937000036      0.108528018    
  0.938000023      0.115063965    
  0.939000070      0.121871710    
  0.940000057      0.128956556    
  0.941000044      0.136317790    
  0.942000031      0.143967092    
  0.943000019      0.151903570    
  0.944000065      0.160128951    
  0.945000052      0.168646932    
  0.946000040      0.177458346    
  0.947000027      0.186572075    
  0.948000073      0.195981085    
  0.949000061      0.205690444    
  0.950000048      0.215699494    
  0.951000035      0.226013303    
  0.952000022      0.236624718    
  0.953000069      0.247543454    
  0.954000056      0.258761883    
  0.955000043      0.270279288    
  0.956000030      0.282090783    
  0.957000017      0.294207513    
  0.958000064      0.306616366    
  0.959000051      0.319322467    
  0.960000038      0.332312524    
  0.961000025      0.345598102    
  0.962000072      0.359165907    
  0.963000059      0.373008966    
  0.964000046      0.387132049    
  0.965000033      0.401528656    
  0.966000021      0.416191697    
  0.967000067      0.431120336    
  0.968000054      0.446301341    
  0.969000041      0.461740077    
  0.970000029      0.477418721    
  0.971000075      0.493344426    
  0.972000062      0.509499967    
  0.973000050      0.525883198    
  0.974000037      0.542486548    
  0.975000024      0.559302688    
  0.976000071      0.576325715    
  0.977000058      0.593548119    
  0.978000045      0.610961437    
  0.979000032      0.628557742    
  0.980000019      0.646329761    
  0.981000066      0.664270639    
  0.982000053      0.682369947    
  0.983000040      0.700620592    
  0.984000027      0.719014406    
  0.985000074      0.737543225    
  0.986000061      0.756197453    
  0.987000048      0.774968505    
  0.988000035      0.793849349    
  0.989000022      0.812829137    
  0.990000069      0.831902623    
  0.991000056      0.851056337    
  0.992000043      0.870286107    
  0.993000031      0.889578819    
  0.994000018      0.908930004    
  0.995000064      0.928328753    
  0.996000051      0.947767496    
  0.997000039      0.967235923    
  0.998000026      0.986727893    
  0.999000072       1.00623405    
   1.00000000       1.02574468    
   1.00100005       1.04525340    
   1.00200009       1.06475401    
   1.00300002       1.08422935    
   1.00400007       1.10368431    
   1.00500000       1.12310016    
   1.00600004       1.14247775    
   1.00700009       1.16180360    
   1.00800002       1.18107283    
   1.00900006       1.20027542    
   1.00999999       1.21940875    
   1.01100004       1.23846149    
   1.01200008       1.25743294    
   1.01300001       1.27630639    
   1.01400006       1.29508615    
   1.01500010       1.31375623    
   1.01600003       1.33231902    
   1.01700008       1.35076201    
   1.01800001       1.36908424    
   1.01900005       1.38727427    
   1.02000010       1.40533578    
   1.02100003       1.42325032    
   1.02200007       1.44102693    
   1.02300000       1.45864785    
   1.02400005       1.47612047    
   1.02500010       1.49342942    
   1.02600002       1.51057792    
   1.02700007       1.52755451    
   1.02800000       1.54436469    
   1.02900004       1.56099486    
   1.03000009       1.57745099    
   1.03100002       1.59371614    
   1.03200006       1.60980558    
   1.03299999       1.62569582    
   1.03400004       1.64140105    
   1.03500009       1.65690565    
   1.03600001       1.67221761    
   1.03700006       1.68732405    
   1.03800011       1.70223427    
   1.03900003       1.71692991    
   1.04000008       1.73143077    
   1.04100001       1.74571085    
   1.04200006       1.75979185    
   1.04300010       1.77365160    
   1.04400003       1.78730297    
   1.04500008       1.80073643    
   1.04600000       1.81395888    
   1.04700005       1.82695842    
   1.04800010       1.83974934    
   1.04900002       1.85231090    
   1.05000007       1.86466479    
   1.05100000       1.87678766    
   1.05200005       1.88870275    
   1.05300009       1.90038681    
   1.05400002       1.91186082    
   1.05500007       1.92310488    
   1.05599999       1.93413925    
   1.05700004       1.94494331    
   1.05800009       1.95553994    
   1.05900002       1.96590567    
   1.06000006       1.97606075    
   1.06100011       1.98599422    
   1.06200004       1.99571848    
   1.06300008       2.00521135    
   1.06400001       2.01450682    
   1.06500006       2.02357197    
   1.06600010       2.03243780    
   1.06700003       2.04107332    
   1.06800008       2.04951715    
   1.06900001       2.05773592    
   1.07000005       2.06576014    
   1.07100010       2.07356215    
   1.07200003       2.08117485    
   1.07300007       2.08856678    
   1.07400000       2.09577084    
   1.07500005       2.10275960    
   1.07600009       2.10956192    
   1.07700002       2.11615753    
   1.07800007       2.12256479    
   1.07900000       2.12876892    
   1.08000004       2.13479066    
   1.08100009       2.14061165    
   1.08200002       2.14625573    
   1.08300006       2.15170145    
   1.08400011       2.15697455    
   1.08500004       2.16205025    
   1.08600008       2.16696239    
   1.08700001       2.17167854    
   1.08800006       2.17623425    
   1.08900011       2.18059587    
   1.09000003       2.18480492    
   1.09100008       2.18882751    
   1.09200001       2.19269991    
   1.09300005       2.19638586    
   1.09400010       2.19992328    
   1.09500003       2.20328808    
   1.09600008       2.20650911    
   1.09700000       2.20955181    
   1.09800005       2.21245623    
   1.09900010       2.21519327    
   1.10000002       2.21779442    
   1.10100007       2.22023177    
   1.10200000       2.22253990    
   1.10300004       2.22468519    
   1.10400009       2.22670674    
   1.10500002       2.22856998    
   1.10600007       2.23031521    
   1.10699999       2.23190212    
   1.10800004       2.23337960    
   1.10900009       2.23470140    
   1.11000001       2.23591685    
   1.11100006       2.23698378    
   1.11200011       2.23794937    
   1.11300004       2.23876715    
   1.11400008       2.23948431    
   1.11500001       2.24006724    
   1.11600006       2.24055243    
   1.11700010       2.24090147    
   1.11800003       2.24115872    
   1.11900008       2.24128532    
   1.12000000       2.24132490    
   1.12100005       2.24123406    
   1.12200010       2.24106216    
   1.12300003       2.24076939    
   1.12400007       2.24039340    
   1.12500000       2.23989964    
   1.12600005       2.23932791    
   1.12700009       2.23864222    
   1.12800002       2.23788643    
   1.12900007       2.23701668    
   1.13000000       2.23608017    
   1.13100004       2.23503232    
   1.13200009       2.23392344    
   1.13300002       2.23270798    
   1.13400006       2.23143268    
   1.13500011       2.23005581    
   1.13600004       2.22861767    
   1.13700008       2.22708702    
   1.13800001       2.22550297    
   1.13900006       2.22382188    
   1.14000010       2.22208977    
   1.14100003       2.22026658    
   1.14200008       2.21839428    
   1.14300001       2.21643686    
   1.14400005       2.21443272    
   1.14500010       2.21234655    
   1.14600003       2.21021867    
   1.14700007       2.20800495    
   1.14800000       2.20575428    
   1.14900005       2.20342875    
   1.15000010       2.20106578    
   1.15100002       2.19862461    
   1.15200007       2.19615269    
   1.15300000       2.19360638    
   1.15400004       2.19103003    
   1.15500009       2.18838358    
   1.15600002       2.18570757    
   1.15700006       2.18296671    
   1.15800011       2.18019867    
   1.15900004       2.17736864    
   1.16000009       2.17451477    
   1.16100001       2.17159510    
   1.16200006       2.16865730    
   1.16300011       2.16565800    
   1.16400003       2.16264486    
   1.16500008       2.15956974    
   1.16600001       2.15647936    
   1.16700006       2.15333343    
   1.16800010       2.15017176    
   1.16900003       2.14696145    
   1.17000008       2.14373755    
   1.17100000       2.14046001    
   1.17200005       2.13717341    
   1.17300010       2.13383913    
   1.17400002       2.13049936    
   1.17500007       2.12710786    
   1.17600000       2.12371516    
   1.17700005       2.12027049    
   1.17800009       2.11682749    
   1.17900002       2.11333585    
   1.18000007       2.10984468    
   1.18100011       2.10631132    
   1.18200004       2.10278034    
   1.18300009       2.09920311    
   1.18400002       2.09563351    
   1.18500006       2.09201765    
   1.18600011       2.08840895    
   1.18700004       2.08476210    
   1.18800008       2.08111858    
   1.18900001       2.07744217    
   1.19000006       2.07377124    
   1.19100010       2.07006264    
   1.19200003       2.06636500    
   1.19300008       2.06262946    
   1.19400001       2.05890751    
   1.19500005       2.05515146    
   1.19600010       2.05140400    
   1.19700003       2.04762650    
   1.19800007       2.04386330    
   1.19900000       2.04006600    
   1.20000005       2.03628230    
   1.20100009       2.03247213    
   1.20200002       2.02867699    
   1.20300007       2.02484941    
   1.20400012       2.02103734    
   1.20500004       2.01720285    
   1.20600009       2.01338363    
   1.20700002       2.00953531    
   1.20800006       2.00570583    
   1.20900011       2.00185299    
   1.21000004       1.99801445    
   1.21100008       1.99415851    
   1.21200001       1.99031830    
   1.21300006       1.98645556    
   1.21400011       1.98260856    
   1.21500003       1.97874784    
   1.21600008       1.97490335    
   1.21700001       1.97103739    
   1.21800005       1.96719241    
   1.21900010       1.96332610    
   1.22000003       1.95948434    
   1.22100008       1.95562351    
   1.22200000       1.95178616    
   1.22300005       1.94792700    
   1.22400010       1.94409227    
   1.22500002       1.94024110    
   1.22600007       1.93641126    
   1.22700012       1.93256640    
   1.22800004       1.92874205    
   1.22900009       1.92490768    
   1.23000002       1.92109632    
   1.23100007       1.91726780    
   1.23200011       1.91346526    
   1.23300004       1.90964496    
   1.23400009       1.90585136    
   1.23500001       1.90204811    
   1.23600006       1.89826691    
   1.23700011       1.89447141    
   1.23800004       1.89070511    
   1.23900008       1.88692391    
   1.24000001       1.88317132    
   1.24100006       1.87940192    
   1.24200010       1.87566566    
   1.24300003       1.87191224    
   1.24400008       1.86818862    
   1.24500000       1.86445165    
   1.24600005       1.86074257    
   1.24700010       1.85702384    
   1.24800003       1.85333586    
   1.24900007       1.84963179    
   1.25000000       1.84596121    
   1.25100005       1.84227538    
   1.25200009       1.83862197    
   1.25300002       1.83495605    
   1.25400007       1.83131754    
   1.25500011       1.82767153    
   1.25600004       1.82405877    
   1.25700009       1.82042921    
   1.25800002       1.81683564    
   1.25900006       1.81322694    
   1.26000011       1.80965328    
   1.26100004       1.80606604    
   1.26200008       1.80251348    
   1.26300001       1.79894900    
   1.26400006       1.79541397    
   1.26500010       1.79187381    
   1.26600003       1.78836107    
   1.26700008       1.78484178    
   1.26800001       1.78135204    
   1.26900005       1.77785492    
   1.27000010       1.77438724    
   1.27100003       1.77091360    
   1.27200007       1.76746917    
   1.27300000       1.76401854    
   1.27400005       1.76059687    
   1.27500010       1.75716972    
   1.27600002       1.75377178    
   1.27700007       1.75036860    
   1.27800012       1.74699402    
   1.27900004       1.74361503    
   1.28000009       1.74026442    
   1.28100002       1.73690975    
   1.28200006       1.73358345    
   1.28300011       1.73025227    
   1.28400004       1.72695065    
   1.28500009       1.72364473    
   1.28600001       1.72036803    
   1.28700006       1.71708620    
   1.28800011       1.71383369    
   1.28900003       1.71057725    
   1.29000008       1.70734978    
   1.29100001       1.70411801    
   1.29200006       1.70091486    
   1.29300010       1.69770849    
   1.29400003       1.69453168    
   1.29500008       1.69134963    
   1.29600000       1.68819809    
   1.29700005       1.68504143    
   1.29800010       1.68191421    
   1.29900002       1.67878354    
   1.30000007       1.67568183    
   1.30100012       1.67257607    
   1.30200005       1.66949987    
   1.30300009       1.66641927    
   1.30400002       1.66336846    
   1.30500007       1.66031361    
   1.30600011       1.65728772    
   1.30700004       1.65425897    
   1.30800009       1.65125847    
   1.30900002       1.64825487    
   1.31000006       1.64527917    
   1.31100011       1.64230120    
   1.31200004       1.63935161    
   1.31300008       1.63639832    
   1.31400001       1.63347435    
   1.31500006       1.63054633    
   1.31600010       1.62764740    
   1.31700003       1.62474489    
   1.31800008       1.62187076    
   1.31900001       1.61899388    
   1.32000005       1.61614537    
   1.32100010       1.61329293    
   1.32200003       1.61046982    
   1.32300007       1.60764265    
   1.32400012       1.60484409    
   1.32500005       1.60204232    
   1.32600009       1.59926891    
   1.32700002       1.59649205    
   1.32800007       1.59374344    
   1.32900012       1.59099114    
   1.33000004       1.58826745    
   1.33100009       1.58554006    
   1.33200002       1.58284116    
   1.33300006       1.58013821    
   1.33400011       1.57746387    
   1.33500004       1.57478571    
   1.33600008       1.57213521    
   1.33700001       1.56948209    
   1.33800006       1.56685615    
   1.33900011       1.56422687    
   1.34000003       1.56162524    
   1.34100008       1.55902028    
   1.34200001       1.55644298    
   1.34300005       1.55386186    
   1.34400010       1.55130827    
   1.34500003       1.54875159    
   1.34600008       1.54622126    
   1.34700012       1.54368830    
   1.34800005       1.54118276    
   1.34900010       1.53867292    
   1.35000002       1.53619063    
   1.35100007       1.53370476    
   1.35200012       1.53124523    
   1.35300004       1.52878356    
   1.35400009       1.52634692    
   1.35500002       1.52390814    
   1.35600007       1.52149475    
   1.35700011       1.51907873    
   1.35800004       1.51668859    
   1.35900009       1.51429605    
   1.36000001       1.51192904    
   1.36100006       1.50955868    
   1.36200011       1.50721407    
   1.36300004       1.50486660    
   1.36400008       1.50254416    
   1.36500001       1.50021935    
   1.36600006       1.49791908    
   1.36700010       1.49561644    
   1.36800003       1.49333906    
   1.36900008       1.49105811    
   1.37000012       1.48880267    
   1.37100005       1.48654401    
   1.37200010       1.48431039    
   1.37300003       1.48207331    
   1.37400007       1.47986126    
   1.37500012       1.47764599    
   1.37600005       1.47545552    
   1.37700009       1.47326136    
   1.37800002       1.47109234    
   1.37900007       1.46891963    
   1.38000011       1.46677125    
   1.38100004       1.46462035    
   1.38200009       1.46249318    
   1.38300002       1.46036291    
   1.38400006       1.45825613    
   1.38500011       1.45614672    
   1.38600004       1.45406127    
   1.38700008       1.45197201    
   1.38800001       1.44990695    
   1.38900006       1.44783831    
   1.39000010       1.44579339    
   1.39100003       1.44374526    
   1.39200008       1.44172060    
   1.39300001       1.43969238    
   1.39400005       1.43768764    
   1.39500010       1.43567920    
   1.39600003       1.43369424    
   1.39700007       1.43170571    
   1.39800012       1.42973995    
   1.39900005       1.42777181    
   1.40000010       1.42582560    
   1.40100002       1.42387629    
   1.40200007       1.42194939    
   1.40300012       1.42001915    
   1.40400004       1.41811180    
   1.40500009       1.41620052    
   1.40600002       1.41431201    
   1.40700006       1.41241956    
   1.40800011       1.41054976    
   1.40900004       1.40867639    
   1.41000009       1.40682483    
   1.41100001       1.40497005    
   1.41200006       1.40313685    
   1.41300011       1.40130019    
   1.41400003       1.39948571    
   1.41500008       1.39766729    
   1.41600001       1.39587092    
   1.41700006       1.39407063    
   1.41800010       1.39229155    
   1.41900003       1.39050937    
   1.42000008       1.38874876    
   1.42100012       1.38698387    
   1.42200005       1.38524032    
   1.42300010       1.38349307    
   1.42400002       1.38176775    
   1.42500007       1.38003790    
   1.42600012       1.37832880    
   1.42700005       1.37661660    
   1.42800009       1.37492490    
   1.42900002       1.37322950    
   1.43000007       1.37155509    
   1.43100011       1.36987627    
   1.43200004       1.36821866    
   1.43300009       1.36655664    
   1.43400002       1.36491561    
   1.43500006       1.36327028    
   1.43600011       1.36164510    
   1.43700004       1.36001658    
   1.43800008       1.35840821    
   1.43900001       1.35679543    
   1.44000006       1.35520327    
   1.44100010       1.35360646    
   1.44200003       1.35202992    
   1.44300008       1.35044956    
   1.44400012       1.34888864    
   1.44500005       1.34732461    
   1.44600010       1.34577894    
   1.44700003       1.34423041    
   1.44800007       1.34270072    
   1.44900012       1.34116721    
   1.45000005       1.33965325    
   1.45100009       1.33813500    
   1.45200002       1.33663607    
   1.45300007       1.33513296    
   1.45400012       1.33364892    
   1.45500004       1.33216107    
   1.45600009       1.33069205    
   1.45700002       1.32921910    
   1.45800006       1.32776487    
   1.45900011       1.32630634    
   1.46000004       1.32486689    
   1.46100008       1.32342315    
   1.46200001       1.32199788    
   1.46300006       1.32056856    
   1.46400011       1.31915760    
   1.46500003       1.31774282    
   1.46600008       1.31634593    
   1.46700013       1.31494522    
   1.46800005       1.31356275    
   1.46900010       1.31217587    
   1.47000003       1.31080723    
   1.47100008       1.30943429    
   1.47200012       1.30807900    
   1.47300005       1.30672026    
   1.47400010       1.30537844    
   1.47500002       1.30403328    
   1.47600007       1.30270517    
   1.47700012       1.30137324    
   1.47800004       1.30005884    
   1.47900009       1.29874003    
   1.48000002       1.29743874    
   1.48100007       1.29613328    
   1.48200011       1.29484510    
   1.48300004       1.29355276    
   1.48400009       1.29227722    
   1.48500001       1.29099798    
   1.48600006       1.28973556    
   1.48700011       1.28846872    
   1.48800004       1.28721929    
   1.48900008       1.28596497    
   1.49000013       1.28472769    
   1.49100006       1.28348649    
   1.49200010       1.28226173    
   1.49300003       1.28103280    
   1.49400008       1.27982020    
   1.49500012       1.27860355    
   1.49600005       1.27740347    
   1.49700010       1.27619886    
   1.49800003       1.27501059    
   1.49900007       1.27381825    
   1.50000012       1.27264190    
   1.50100005       1.27146161    
   1.50200009       1.27029717    
   1.50300002       1.26912856    
   1.50400007       1.26797581    
   1.50500011       1.26681864    
   1.50600004       1.26567757    
   1.50700009       1.26453221    
   1.50800002       1.26340258    
   1.50900006       1.26226878    
   1.51000011       1.26115060    
   1.51100004       1.26002800    
   1.51200008       1.25892091    
   1.51300013       1.25780940    
   1.51400006       1.25671363    
   1.51500010       1.25561333    
   1.51600003       1.25452840    
   1.51700008       1.25343931    
   1.51800013       1.25236511    
   1.51900005       1.25128710    
   1.52000010       1.25022376    
   1.52100003       1.24915659    
   1.52200007       1.24810410    
   1.52300012       1.24704707    
   1.52400005       1.24600542    
   1.52500010       1.24495900    
   1.52600002       1.24392748    
   1.52700007       1.24289179    
   1.52800012       1.24187052    
   1.52900004       1.24084532    
   1.53000009       1.23983431    
   1.53100002       1.23881948    
   1.53200006       1.23781884    
   1.53300011       1.23681378    
   1.53400004       1.23582315    
   1.53500009       1.23482823    
   1.53600001       1.23384774    
   1.53700006       1.23286259    
   1.53800011       1.23189187    
   1.53900003       1.23091686    
   1.54000008       1.22995567    
   1.54100013       1.22899044    
   1.54200006       1.22803926    
   1.54300010       1.22708344    
   1.54400003       1.22614181    
   1.54500008       1.22519553    
   1.54600012       1.22426307    
   1.54700005       1.22332656    
   1.54800010       1.22240388    
   1.54900002       1.22147632    
   1.55000007       1.22056293    
   1.55100012       1.21964478    
   1.55200005       1.21874058    
   1.55300009       1.21783149    
   1.55400002       1.21693635    
   1.55500007       1.21603656    
   1.55600011       1.21515024    
   1.55700004       1.21425951    
   1.55800009       1.21338212    
   1.55900002       1.21250033    
   1.56000006       1.21163177    
   1.56100011       1.21075857    
   1.56200004       1.20989883    
   1.56300008       1.20903456    
   1.56400013       1.20818329    
   1.56500006       1.20732784    
   1.56600010       1.20648539    
   1.56700003       1.20563829    
   1.56800008       1.20480430    
   1.56900012       1.20396566    
   1.57000005       1.20313978    
   1.57100010       1.20230985    
   1.57200003       1.20149267    
   1.57300007       1.20067072    
   1.57400012       1.19986141    
   1.57500005       1.19904804    
   1.57600009       1.19824696    
   1.57700002       1.19744146    
   1.57800007       1.19664860    
   1.57900012       1.19585121    
   1.58000004       1.19506645    
   1.58100009       1.19427693    
   1.58200002       1.19349992    
   1.58300006       1.19271863    
   1.58400011       1.19194961    
   1.58500004       1.19117594    
   1.58600008       1.19041467    
   1.58700013       1.18964863    
   1.58800006       1.18889511    
   1.58900011       1.18813682    
   1.59000003       1.18739069    
   1.59100008       1.18664026    
   1.59200013       1.18590164    
   1.59300005       1.18515873    
   1.59400010       1.18442786    
   1.59500003       1.18369222    
   1.59600008       1.18296838    
   1.59700012       1.18224037    
   1.59800005       1.18152416    
   1.59900010       1.18080330    
   1.60000002       1.18009436    
   1.60100007       1.17938066    
   1.60200012       1.17867875    
   1.60300004       1.17797244    
   1.60400009       1.17727733    
   1.60500002       1.17657840    
   1.60600007       1.17589068    
   1.60700011       1.17519832    
   1.60800004       1.17451751    
   1.60900009       1.17383230    
   1.61000013       1.17315841    
   1.61100006       1.17248011    
   1.61200011       1.17181325    
   1.61300004       1.17114162    
   1.61400008       1.17048168    
   1.61500013       1.16981673    
   1.61600006       1.16916299    
   1.61700010       1.16850519    
   1.61800003       1.16785812    
   1.61900008       1.16720700    
   1.62000012       1.16656673    
   1.62100005       1.16592193    
   1.62200010       1.16528833    
   1.62300003       1.16465008    
   1.62400007       1.16402245    
   1.62500012       1.16339087    
   1.62600005       1.16277015    
   1.62700009       1.16214466    
   1.62800002       1.16153026    
   1.62900007       1.16091096    
   1.63000011       1.16030288    
   1.63100004       1.15968990    
   1.63200009       1.15908778    
   1.63300014       1.15848124    
   1.63400006       1.15788555    
   1.63500011       1.15728498    
   1.63600004       1.15669513    
   1.63700008       1.15610087    
   1.63800013       1.15551734    
   1.63900006       1.15492904    
   1.64000010       1.15435135    
   1.64100003       1.15376902    
   1.64200008       1.15319717    
   1.64300013       1.15262079    
   1.64400005       1.15205491    
   1.64500010       1.15148449    
   1.64600003       1.15092444    
   1.64700007       1.15035975    
   1.64800012       1.14980543    
   1.64900005       1.14924657    
   1.65000010       1.14869785    
   1.65100002       1.14814484    
   1.65200007       1.14760184    
   1.65300012       1.14705431    
   1.65400004       1.14651704    
   1.65500009       1.14597523    
   1.65600014       1.14544320    
   1.65700006       1.14490712    
   1.65800011       1.14438069    
   1.65900004       1.14384997    
   1.66000009       1.14332914    
   1.66100013       1.14280379    
   1.66200006       1.14228845    
   1.66300011       1.14176846    
   1.66400003       1.14125836    
   1.66500008       1.14074385    
   1.66600013       1.14023888    
   1.66700006       1.13972974    
   1.66800010       1.13923025    
   1.66900003       1.13872623    
   1.67000008       1.13823199    
   1.67100012       1.13773322    
   1.67200005       1.13724399    
   1.67300010       1.13675046    
   1.67400002       1.13626635    
   1.67500007       1.13577795    
   1.67600012       1.13529885    
   1.67700005       1.13481557    
   1.67800009       1.13434160    
   1.67900014       1.13386321    
   1.68000007       1.13339424    
   1.68100011       1.13292086    
   1.68200004       1.13245678    
   1.68300009       1.13198829    
   1.68400013       1.13152909    
   1.68500006       1.13106561    
   1.68600011       1.13061130    
   1.68700004       1.13015270    
   1.68800008       1.12970304    
   1.68900013       1.12924922    
   1.69000006       1.12880445    
   1.69100010       1.12835526    
   1.69200003       1.12791526    
   1.69300008       1.12747085    
   1.69400012       1.12703538    
   1.69500005       1.12659585    
   1.69600010       1.12616503    
   1.69700003       1.12573004    
   1.69800007       1.12530386    
   1.69900012       1.12487340    
   1.70000005       1.12445164    
   1.70100009       1.12402582    
   1.70200002       1.12360871    
   1.70300007       1.12318742    
   1.70400012       1.12277472    
   1.70500004       1.12235785    
   1.70600009       1.12194955    
   1.70700014       1.12153709    
   1.70800006       1.12113321    
   1.70900011       1.12072515    
   1.71000004       1.12032568    
   1.71100008       1.11992204    
   1.71200013       1.11952686    
   1.71300006       1.11912751    
   1.71400011       1.11873662    
   1.71500003       1.11834157    
   1.71600008       1.11795473    
   1.71700013       1.11756396    
   1.71800005       1.11718154    
   1.71900010       1.11679494    
   1.72000003       1.11641669    
   1.72100008       1.11603427    
   1.72200012       1.11565995    
   1.72300005       1.11528182    
   1.72400010       1.11491168    
   1.72500002       1.11453760    
   1.72600007       1.11417162    
   1.72700012       1.11380136    
   1.72800004       1.11343944    
   1.72900009       1.11307335    
   1.73000014       1.11271536    
   1.73100007       1.11235332    
   1.73200011       1.11199927    
   1.73300004       1.11164117    
   1.73400009       1.11129105    
   1.73500013       1.11093688    
   1.73600006       1.11059058    
   1.73700011       1.11024034    
   1.73800004       1.10989809    
   1.73900008       1.10955155    
   1.74000013       1.10921299    
   1.74100006       1.10887051    
   1.74200010       1.10853577    
   1.74300003       1.10819697    
   1.74400008       1.10786593    
   1.74500012       1.10753095    
   1.74600005       1.10720372    
   1.74700010       1.10687232    
   1.74800003       1.10654879    
   1.74900007       1.10622132    
   1.75000012       1.10590136    
   1.75100005       1.10557759    
   1.75200009       1.10526133    
   1.75300014       1.10494101    
   1.75400007       1.10462832    
   1.75500011       1.10431170    
   1.75600004       1.10400271    
   1.75700009       1.10368967    
   1.75800014       1.10338402    
   1.75900006       1.10307467    
   1.76000011       1.10277259    
   1.76100004       1.10246670    
   1.76200008       1.10216808    
   1.76300013       1.10186565    
   1.76400006       1.10157061    
   1.76500010       1.10127175    
   1.76600003       1.10098004    
   1.76700008       1.10068464    
   1.76800013       1.10039628    
   1.76900005       1.10010421    
   1.77000010       1.09981930    
   1.77100003       1.09953058    
   1.77200007       1.09924912    
   1.77300012       1.09896362    
   1.77400005       1.09868550    
   1.77500010       1.09840345    
   1.77600014       1.09812856    
   1.77700007       1.09784985    
   1.77800012       1.09757829    
   1.77900004       1.09730279    
   1.78000009       1.09703434    
   1.78100014       1.09676218    
   1.78200006       1.09649706    
   1.78300011       1.09622800    
   1.78400004       1.09596598    
   1.78500009       1.09570026    
   1.78600013       1.09544134    
   1.78700006       1.09517884    
   1.78800011       1.09492314    
   1.78900003       1.09466374    
   1.79000008       1.09441113    
   1.79100013       1.09415483    
   1.79200006       1.09390533    
   1.79300010       1.09365213    
   1.79400003       1.09340572    
   1.79500008       1.09315562    
   1.79600012       1.09291220    
   1.79700005       1.09266520    
   1.79800010       1.09242475    
   1.79900014       1.09218073    
   1.80000007       1.09194326    
   1.80100012       1.09170234    
   1.80200005       1.09146786    
   1.80300009       1.09122980    
   1.80400014       1.09099841    
   1.80500007       1.09076333    
   1.80600011       1.09053481    
   1.80700004       1.09030259    
   1.80800009       1.09007692    
   1.80900013       1.08984768    
   1.81000006       1.08962488    
   1.81100011       1.08939850    
   1.81200004       1.08917856    
   1.81300008       1.08895516    
   1.81400013       1.08873808    
   1.81500006       1.08851743    
   1.81600010       1.08830309    
   1.81700003       1.08808541    
   1.81800008       1.08787394    
   1.81900012       1.08765888    
   1.82000005       1.08745015    
   1.82100010       1.08723795    
   1.82200015       1.08703196    
   1.82300007       1.08682251    
   1.82400012       1.08661926    
   1.82500005       1.08641267    
   1.82600009       1.08621204    
   1.82700014       1.08600807    
   1.82800007       1.08581030    
   1.82900012       1.08560896    
   1.83000004       1.08541381    
   1.83100009       1.08521509    
   1.83200014       1.08502257    
   1.83300006       1.08482671    
   1.83400011       1.08463681    
   1.83500004       1.08444345    
   1.83600008       1.08425617    
   1.83700013       1.08406544    
   1.83800006       1.08388078    
   1.83900011       1.08369267    
   1.84000003       1.08351052    
   1.84100008       1.08332503    
   1.84200013       1.08314550    
   1.84300005       1.08296251    
   1.84400010       1.08278549    
   1.84500003       1.08260500    
   1.84600008       1.08243048    
   1.84700012       1.08225250    
   1.84800005       1.08208060    
   1.84900010       1.08190513    
   1.85000014       1.08173549    
   1.85100007       1.08156264    
   1.85200012       1.08139551    
   1.85300004       1.08122516    
   1.85400009       1.08106041    
   1.85500014       1.08089244    
   1.85600007       1.08073020    
   1.85700011       1.08056474    
   1.85800004       1.08040476    
   1.85900009       1.08024168    
   1.86000013       1.08008409    
   1.86100006       1.07992339    
   1.86200011       1.07976842    
   1.86300004       1.07960999    
   1.86400008       1.07945716    
   1.86500013       1.07930124    
   1.86600006       1.07915080    
   1.86700010       1.07899702    
   1.86800003       1.07884908    
   1.86900008       1.07869768    
   1.87000012       1.07855177    
   1.87100005       1.07840276    
   1.87200010       1.07825923    
   1.87300014       1.07811260    
   1.87400007       1.07797122    
   1.87500012       1.07782686    
   1.87600005       1.07768774    
   1.87700009       1.07754552    
   1.87800014       1.07740879    
   1.87900007       1.07726872    
   1.88000011       1.07713413    
   1.88100004       1.07699645    
   1.88200009       1.07686400    
   1.88300014       1.07672846    
   1.88400006       1.07659829    
   1.88500011       1.07646489    
   1.88600004       1.07633686    
   1.88700008       1.07620573    
   1.88800013       1.07607973    
   1.88900006       1.07595074    
   1.89000010       1.07582688    
   1.89100003       1.07570004    
   1.89200008       1.07557833    
   1.89300013       1.07545352    
   1.89400005       1.07533395    
   1.89500010       1.07521129    
   1.89600015       1.07509363    
   1.89700007       1.07497311    
   1.89800012       1.07485759    
   1.89900005       1.07473910    
   1.90000010       1.07462561    
   1.90100014       1.07450914    
   1.90200007       1.07439768    
   1.90300012       1.07428324    
   1.90400004       1.07417393    
   1.90500009       1.07406139    
   1.90600014       1.07395387    
   1.90700006       1.07384360    
   1.90800011       1.07373798    
   1.90900004       1.07362962    
   1.91000009       1.07352591    
   1.91100013       1.07341945    
   1.91200006       1.07331789    
   1.91300011       1.07321334    
   1.91400003       1.07311356    
   1.91500008       1.07301092    
   1.91600013       1.07291293    
   1.91700006       1.07281232    
   1.91800010       1.07271636    
   1.91900015       1.07261753    
   1.92000008       1.07252336    
   1.92100012       1.07242644    
   1.92200005       1.07233405    
   1.92300010       1.07223892    
   1.92400014       1.07214832    
   1.92500007       1.07205510    
   1.92600012       1.07196641    
   1.92700005       1.07187486    
   1.92800009       1.07178783    
   1.92900014       1.07169819    
   1.93000007       1.07161295    
   1.93100011       1.07152498    
   1.93200004       1.07144153    
   1.93300009       1.07135522    
   1.93400013       1.07127357    
   1.93500006       1.07118893    
   1.93600011       1.07110894    
   1.93700004       1.07102609    
   1.93800008       1.07094765    
   1.93900013       1.07086647    
   1.94000006       1.07078969    
   1.94100010       1.07071018    
   1.94200015       1.07063496    
   1.94300008       1.07055700    
   1.94400012       1.07048357    
   1.94500005       1.07040715    
   1.94600010       1.07033527    
   1.94700015       1.07026052    
   1.94800007       1.07019007    
   1.94900012       1.07011688    
   1.95000005       1.07004809    
   1.95100009       1.06997633    
   1.95200014       1.06990898    
   1.95300007       1.06983876    
   1.95400012       1.06977296    
   1.95500004       1.06970417    
   1.95600009       1.06963980    
   1.95700014       1.06957245    
   1.95800006       1.06950951    
   1.95900011       1.06944370    
   1.96000004       1.06938207    
   1.96100008       1.06931758    
   1.96200013       1.06925738    
   1.96300006       1.06919432    
   1.96400011       1.06913543    
   1.96500015       1.06907380    
   1.96600008       1.06901622    
   1.96700013       1.06895590    
   1.96800005       1.06889951    
   1.96900010       1.06884050    
   1.97000015       1.06878543    
   1.97100008       1.06872773    
   1.97200012       1.06867385    
   1.97300005       1.06861734    
   1.97400010       1.06856477    
   1.97500014       1.06850946    
   1.97600007       1.06845808    
   1.97700012       1.06840384    
   1.97800004       1.06835377    
   1.97900009       1.06830072    
   1.98000014       1.06825161    
   1.98100007       1.06819975    
   1.98200011       1.06815171    
   1.98300004       1.06810105    
   1.98400009       1.06805408    
   1.98500013       1.06800437    
   1.98600006       1.06795847    
   1.98700011       1.06790984    
   1.98800004       1.06786501    
   1.98900008       1.06781733    
   1.99000013       1.06777346    
   1.99100006       1.06772673    
   1.99200010       1.06768382    
   1.99300015       1.06763804    
   1.99400008       1.06759608    
   1.99500012       1.06755126    
   1.99600005       1.06751013    
   1.99700010       1.06746626    
   1.99800014       1.06742597    
   1.99900007       1.06738293    
   2.00000000       1.06734347    
   2.00100017       1.06730127    
   2.00200009       1.06726265    
   2.00300002       1.06722128    
   2.00400019       1.06718338    
   2.00500011       1.06714272    
   2.00600004       1.06710565    
   2.00700021       1.06706572    
   2.00800014       1.06702936    
   2.00900006       1.06699026    
   2.00999999       1.06695449    
   2.01100016       1.06691599    
   2.01200008       1.06688094    
   2.01300001       1.06684303    
   2.01400018       1.06680858    
   2.01500010       1.06677139    
   2.01600003       1.06673753    
   2.01700020       1.06670082    
   2.01800013       1.06666756    
   2.01900005       1.06663144    
   2.01999998       1.06659877    
   2.02100015       1.06656313    
   2.02200007       1.06653094    
   2.02300000       1.06649590    
   2.02400017       1.06646395    
   2.02500010       1.06642950    
   2.02600002       1.06639814    
   2.02700019       1.06636393    
   2.02800012       1.06633294    
   2.02900004       1.06629920    
   2.03000021       1.06626868    
   2.03100014       1.06623530    
   2.03200006       1.06620514    
   2.03299999       1.06617212    
   2.03400016       1.06614220    
   2.03500009       1.06610954    
   2.03600001       1.06607997    
   2.03700018       1.06604755    
   2.03800011       1.06601822    
   2.03900003       1.06598604    
   2.04000020       1.06595695    
   2.04100013       1.06592512    
   2.04200006       1.06589615    
   2.04299998       1.06586456    
   2.04400015       1.06583583    
   2.04500008       1.06580436    
   2.04600000       1.06577587    
   2.04700017       1.06574452    
   2.04800010       1.06571615    
   2.04900002       1.06568491    
   2.05000019       1.06565654    
   2.05100012       1.06562543    
   2.05200005       1.06559730    
   2.05300021       1.06556630    
   2.05400014       1.06553817    
   2.05500007       1.06550717    
   2.05599999       1.06547904    
   2.05700016       1.06544805    
   2.05800009       1.06541991    
   2.05900002       1.06538904    
   2.06000018       1.06536090    
   2.06100011       1.06532991    
   2.06200004       1.06530178    
   2.06300020       1.06527066    
   2.06400013       1.06524241    
   2.06500006       1.06521142    
   2.06599998       1.06518304    
   2.06700015       1.06515193    
   2.06800008       1.06512344    
   2.06900001       1.06509221    
   2.07000017       1.06506348    
   2.07100010       1.06503212    
   2.07200003       1.06500328    
   2.07300019       1.06497180    
   2.07400012       1.06494284    
   2.07500005       1.06491113    
   2.07600021       1.06488204    
   2.07700014       1.06485009    
   2.07800007       1.06482065    
   2.07900000       1.06478858    
   2.08000016       1.06475890    
   2.08100009       1.06472659    
   2.08200002       1.06469667    
   2.08300018       1.06466413    
   2.08400011       1.06463385    
   2.08500004       1.06460106    
   2.08600020       1.06457055    
   2.08700013       1.06453741    
   2.08800006       1.06450665    
   2.08899999       1.06447315    
   2.09000015       1.06444192    
   2.09100008       1.06440830    
   2.09200001       1.06437671    
   2.09300017       1.06434262    
   2.09400010       1.06431079    
   2.09500003       1.06427622    
   2.09600019       1.06424403    
   2.09700012       1.06420922    
   2.09800005       1.06417668    
   2.09900022       1.06414139    
   2.10000014       1.06410837    
   2.10100007       1.06407273    
   2.10200000       1.06403935    
   2.10300016       1.06400323    
   2.10400009       1.06396937    
   2.10500002       1.06393290    
   2.10600019       1.06389856    
   2.10700011       1.06386161    
   2.10800004       1.06382692    
   2.10900021       1.06378949    
   2.11000013       1.06375420    
   2.11100006       1.06371641    
   2.11199999       1.06368077    
   2.11300015       1.06364238    
   2.11400008       1.06360614    
   2.11500001       1.06356740    
   2.11600018       1.06353068    
   2.11700010       1.06349134    
   2.11800003       1.06345415    
   2.11900020       1.06341434    
   2.12000012       1.06337667    
   2.12100005       1.06333637    
   2.12200022       1.06329799    
   2.12300014       1.06325722    
   2.12400007       1.06321847    
   2.12500000       1.06317711    
   2.12600017       1.06313765    
   2.12700009       1.06309581    
   2.12800002       1.06305587    
   2.12900019       1.06301343    
   2.13000011       1.06297302    
   2.13100004       1.06292999    
   2.13200021       1.06288898    
   2.13300014       1.06284547    
   2.13400006       1.06280386    
   2.13499999       1.06275976    
   2.13600016       1.06271756    
   2.13700008       1.06267285    
   2.13800001       1.06263018    
   2.13900018       1.06258488    
   2.14000010       1.06254148    
   2.14100003       1.06249571    
   2.14200020       1.06245184    
   2.14300013       1.06240535    
   2.14400005       1.06236088    
   2.14500022       1.06231391    
   2.14600015       1.06226885    
   2.14700007       1.06222129    
   2.14800000       1.06217563    
   2.14900017       1.06212747    
   2.15000010       1.06208110    
   2.15100002       1.06203246    
   2.15200019       1.06198549    
   2.15300012       1.06193614    
   2.15400004       1.06188869    
   2.15500021       1.06183863    
   2.15600014       1.06179059    
   2.15700006       1.06174004    
   2.15799999       1.06169140    
   2.15900016       1.06164026    
   2.16000009       1.06159091    
   2.16100001       1.06153929    
   2.16200018       1.06148934    
   2.16300011       1.06143701    
   2.16400003       1.06138647    
   2.16500020       1.06133366    
   2.16600013       1.06128252    
   2.16700006       1.06122899    
   2.16800022       1.06117725    
   2.16900015       1.06112325    
   2.17000008       1.06107092    
   2.17100000       1.06101620    
   2.17200017       1.06096327    
   2.17300010       1.06090808    
   2.17400002       1.06085455    
   2.17500019       1.06079865    
   2.17600012       1.06074452    
   2.17700005       1.06068814    
   2.17800021       1.06063342    
   2.17900014       1.06057644    
   2.18000007       1.06052113    
   2.18099999       1.06046355    
   2.18200016       1.06040764    
   2.18300009       1.06034946    
   2.18400002       1.06029308    
   2.18500018       1.06023431    
   2.18600011       1.06017721    
   2.18700004       1.06011796    
   2.18800020       1.06006038    
   2.18900013       1.06000054    
   2.19000006       1.05994225    
   2.19100022       1.05988193    
   2.19200015       1.05982316    
   2.19300008       1.05976224    
   2.19400001       1.05970287    
   2.19500017       1.05964136    
   2.19600010       1.05958152    
   2.19700003       1.05951941    
   2.19800019       1.05945897    
   2.19900012       1.05939639    
   2.20000005       1.05933547    
   2.20100021       1.05927229    
   2.20200014       1.05921078    
   2.20300007       1.05914712    
   2.20400000       1.05908513    
   2.20500016       1.05902088    
   2.20600009       1.05895829    
   2.20700002       1.05889368    
   2.20800018       1.05883050    
   2.20900011       1.05876529    
   2.21000004       1.05870163    
   2.21100020       1.05863595    
   2.21200013       1.05857182    
   2.21300006       1.05850565    
   2.21399999       1.05844092    
   2.21500015       1.05837429    
   2.21600008       1.05830920    
   2.21700001       1.05824196    
   2.21800017       1.05817628    
   2.21900010       1.05810869    
   2.22000003       1.05804253    
   2.22100019       1.05797446    
   2.22200012       1.05790770    
   2.22300005       1.05783916    
   2.22400022       1.05777204    
   2.22500014       1.05770302    
   2.22600007       1.05763555    
   2.22700000       1.05756605    
   2.22800016       1.05749798    
   2.22900009       1.05742812    
   2.23000002       1.05735958    
   2.23100019       1.05728924    
   2.23200011       1.05722022    
   2.23300004       1.05714953    
   2.23400021       1.05708015    
   2.23500013       1.05700898    
   2.23600006       1.05693913    
   2.23699999       1.05686748    
   2.23800015       1.05679727    
   2.23900008       1.05672526    
   2.24000001       1.05665469    
   2.24100018       1.05658221    
   2.24200010       1.05651116    
   2.24300003       1.05643833    
   2.24400020       1.05636692    
   2.24500012       1.05629373    
   2.24600005       1.05622196    
   2.24700022       1.05614829    
   2.24800014       1.05607605    
   2.24900007       1.05600214    
   2.25000000       1.05592954    
   2.25100017       1.05585527    
   2.25200009       1.05578232    
   2.25300002       1.05570769    
   2.25400019       1.05563438    
   2.25500011       1.05555940    
   2.25600004       1.05548573    
   2.25700021       1.05541039    
   2.25800014       1.05533636    
   2.25900006       1.05526066    
   2.25999999       1.05518639    
   2.26100016       1.05511034    
   2.26200008       1.05503571    
   2.26300001       1.05495942    
   2.26400018       1.05488443    
   2.26500010       1.05480778    
   2.26600003       1.05473244    
   2.26700020       1.05465555    
   2.26800013       1.05457997    
   2.26900005       1.05450273    
   2.27000022       1.05442679    
   2.27100015       1.05434930    
   2.27200007       1.05427313    
   2.27300000       1.05419540    
   2.27400017       1.05411887    
   2.27500010       1.05404091    
   2.27600002       1.05396414    
   2.27700019       1.05388594    
   2.27800012       1.05380881    
   2.27900004       1.05373037    
   2.28000021       1.05365300    
   2.28100014       1.05357432    
   2.28200006       1.05349672    
   2.28299999       1.05341780    
   2.28400016       1.05333996    
   2.28500009       1.05326080    
   2.28600001       1.05318272    
   2.28700018       1.05310333    
   2.28800011       1.05302501    
   2.28900003       1.05294538    
   2.29000020       1.05286694    
   2.29100013       1.05278707    
   2.29200006       1.05270839    
   2.29300022       1.05262828    
   2.29400015       1.05254948    
   2.29500008       1.05246925    
   2.29600000       1.05239022    
   2.29700017       1.05230975    
   2.29800010       1.05223048    
   2.29900002       1.05214989    
   2.30000019       1.05207038    
   2.30100012       1.05198967    
   2.30200005       1.05191004    
   2.30300021       1.05182910    
   2.30400014       1.05174923    
   2.30500007       1.05166817    
   2.30599999       1.05158830    
   2.30700016       1.05150700    
   2.30800009       1.05142689    
   2.30900002       1.05134559    
   2.31000018       1.05126524    
   2.31100011       1.05118382    
   2.31200004       1.05110347    
   2.31300020       1.05102181    
   2.31400013       1.05094123    
   2.31500006       1.05085957    
   2.31600022       1.05077887    
   2.31700015       1.05069709    
   2.31800008       1.05061626    
   2.31900001       1.05053437    
   2.32000017       1.05045342    
   2.32100010       1.05037141    
   2.32200003       1.05029047    
   2.32300019       1.05020821    
   2.32400012       1.05012727    
   2.32500005       1.05004501    
   2.32600021       1.04996383    
   2.32700014       1.04988146    
   2.32800007       1.04980028    
   2.32900000       1.04971790    
   2.33000016       1.04963648    
   2.33100009       1.04955411    
   2.33200002       1.04947269    
   2.33300018       1.04939020    
   2.33400011       1.04930878    
   2.33500004       1.04922616    
   2.33600020       1.04914474    
   2.33700013       1.04906213    
   2.33800006       1.04898047    
   2.33900023       1.04889786    
   2.34000015       1.04881632    
   2.34100008       1.04873359    
   2.34200001       1.04865193    
   2.34300017       1.04856920    
   2.34400010       1.04848754    
   2.34500003       1.04840481    
   2.34600019       1.04832304    
   2.34700012       1.04824030    
   2.34800005       1.04815865    
   2.34900022       1.04807591    
   2.35000014       1.04799414    
   2.35100007       1.04791141    
   2.35200000       1.04782963    
   2.35300016       1.04774678    
   2.35400009       1.04766500    
   2.35500002       1.04758227    
   2.35600019       1.04750049    
   2.35700011       1.04741788    
   2.35800004       1.04733598    
   2.35900021       1.04725337    
   2.36000013       1.04717159    
   2.36100006       1.04708886    
   2.36200023       1.04700708    
   2.36300015       1.04692447    
   2.36400008       1.04684269    
   2.36500001       1.04676008    
   2.36600018       1.04667842    
   2.36700010       1.04659581    
   2.36800003       1.04651415    
   2.36900020       1.04643166    
   2.37000012       1.04635000    
   2.37100005       1.04626751    
   2.37200022       1.04618585    
   2.37300014       1.04610348    
   2.37400007       1.04602194    
   2.37500000       1.04593956    
   2.37600017       1.04585803    
   2.37700009       1.04577577    
   2.37800002       1.04569423    
   2.37900019       1.04561198    
   2.38000011       1.04553068    
   2.38100004       1.04544854    
   2.38200021       1.04536712    
   2.38300014       1.04528499    
   2.38400006       1.04520380    
   2.38500023       1.04512179    
   2.38600016       1.04504061    
   2.38700008       1.04495871    
   2.38800001       1.04487765    
   2.38900018       1.04479575    
   2.39000010       1.04471469    
   2.39100003       1.04463303    
   2.39200020       1.04455209    
   2.39300013       1.04447043    
   2.39400005       1.04438961    
   2.39500022       1.04430807    
   2.39600015       1.04422736    
   2.39700007       1.04414594    
   2.39800000       1.04406524    
   2.39900017       1.04398394    
   2.40000010       1.04390335    
   2.40100002       1.04382217    
   2.40200019       1.04374170    
   2.40300012       1.04366064    
   2.40400004       1.04358029    
   2.40500021       1.04349935    
   2.40600014       1.04341912    
   2.40700006       1.04333830    
   2.40800023       1.04325819    
   2.40900016       1.04317749    
   2.41000009       1.04309750    
   2.41100001       1.04301691    
   2.41200018       1.04293704    
   2.41300011       1.04285669    
   2.41400003       1.04277694    
   2.41500020       1.04269660    
   2.41600013       1.04261708    
   2.41700006       1.04253685    
   2.41800022       1.04245746    
   2.41900015       1.04237747    
   2.42000008       1.04229808    
   2.42100000       1.04221821    
   2.42200017       1.04213905    
   2.42300010       1.04205930    
   2.42400002       1.04198039    
   2.42500019       1.04190075    
   2.42600012       1.04182184    
   2.42700005       1.04174244    
   2.42800021       1.04166377    
   2.42900014       1.04158449    
   2.43000007       1.04150593    
   2.43100023       1.04142690    
   2.43200016       1.04134846    
   2.43300009       1.04126954    
   2.43400002       1.04119134    
   2.43500018       1.04111254    
   2.43600011       1.04103446    
   2.43700004       1.04095590    
   2.43800020       1.04087794    
   2.43900013       1.04079962    
   2.44000006       1.04072189    
   2.44100022       1.04064357    
   2.44200015       1.04056609    
   2.44300008       1.04048800    
   2.44400001       1.04041064    
   2.44500017       1.04033279    
   2.44600010       1.04025555    
   2.44700003       1.04017782    
   2.44800019       1.04010081    
   2.44900012       1.04002333    
   2.45000005       1.03994644    
   2.45100021       1.03986919    
   2.45200014       1.03979254    
   2.45300007       1.03971541    
   2.45400023       1.03963888    
   2.45500016       1.03956199    
   2.45600009       1.03948557    
   2.45700002       1.03940892    
   2.45800018       1.03933275    
   2.45900011       1.03925633    
   2.46000004       1.03918040    
   2.46100020       1.03910410    
   2.46200013       1.03902829    
   2.46300006       1.03895223    
   2.46400023       1.03887665    
   2.46500015       1.03880072    
   2.46600008       1.03872538    
   2.46700001       1.03864968    
   2.46800017       1.03857458    
   2.46900010       1.03849900    
   2.47000003       1.03842413    
   2.47100019       1.03834879    
   2.47200012       1.03827405    
   2.47300005       1.03819895    
   2.47400022       1.03812444    
   2.47500014       1.03804958    
   2.47600007       1.03797531    
   2.47700024       1.03790069    
   2.47800016       1.03782654    
   2.47900009       1.03775203    
   2.48000002       1.03767824    
   2.48100019       1.03760397    
   2.48200011       1.03753018    
   2.48300004       1.03745627    
   2.48400021       1.03738284    
   2.48500013       1.03730905    
   2.48600006       1.03723574    
   2.48700023       1.03716218    
   2.48800015       1.03708911    
   2.48900008       1.03701580    
   2.49000001       1.03694296    
   2.49100018       1.03686988    
   2.49200010       1.03679729    
   2.49300003       1.03672445    
   2.49400020       1.03665197    
   2.49500012       1.03657937    
   2.49600005       1.03650713    
   2.49700022       1.03643477    
   2.49800014       1.03636277    
   2.49900007       1.03629065    
   2.50000000       1.03621888    
   2.50100017       1.03614700    
   2.50200009       1.03607547    
   2.50300002       1.03600371    
   2.50400019       1.03593242    
   2.50500011       1.03586090    
   2.50600004       1.03578985    
   2.50700021       1.03571868    
   2.50800014       1.03564787    
   2.50900006       1.03557682    
   2.51000023       1.03550625    
   2.51100016       1.03543544    
   2.51200008       1.03536510    
   2.51300001       1.03529453    
   2.51400018       1.03522444    
   2.51500010       1.03515410    
   2.51600003       1.03508413    
   2.51700020       1.03501415    
   2.51800013       1.03494442    
   2.51900005       1.03487456    
   2.52000022       1.03480518    
   2.52100015       1.03473556    
   2.52200007       1.03466642    
   2.52300000       1.03459704    
   2.52400017       1.03452802    
   2.52500010       1.03445899    
   2.52600002       1.03439021    
   2.52700019       1.03432131    
   2.52800012       1.03425288    
   2.52900004       1.03418422    
   2.53000021       1.03411603    
   2.53100014       1.03404760    
   2.53200006       1.03397965    
   2.53300023       1.03391147    
   2.53400016       1.03384364    
   2.53500009       1.03377581    
   2.53600001       1.03370821    
   2.53700018       1.03364062    
   2.53800011       1.03357327    
   2.53900003       1.03350592    
   2.54000020       1.03343892    
   2.54100013       1.03337169    
   2.54200006       1.03330493    
   2.54300022       1.03323793    
   2.54400015       1.03317142    
   2.54500008       1.03310478    
   2.54600000       1.03303838    
   2.54700017       1.03297198    
   2.54800010       1.03290594    
   2.54900002       1.03283978    
   2.55000019       1.03277385    
   2.55100012       1.03270793    
   2.55200005       1.03264236    
   2.55300021       1.03257668    
   2.55400014       1.03251135    
   2.55500007       1.03244591    
   2.55600023       1.03238082    
   2.55700016       1.03231561    
   2.55800009       1.03225076    
   2.55900002       1.03218579    
   2.56000018       1.03212118    
   2.56100011       1.03205657    
   2.56200004       1.03199208    
   2.56300020       1.03192770    
   2.56400013       1.03186357    
   2.56500006       1.03179932    
   2.56600022       1.03173554    
   2.56700015       1.03167152    
   2.56800008       1.03160787    
   2.56900001       1.03154421    
   2.57000017       1.03148079    
   2.57100010       1.03141737    
   2.57200003       1.03135419    
   2.57300019       1.03129101    
   2.57400012       1.03122807    
   2.57500005       1.03116512    
   2.57600021       1.03110254    
   2.57700014       1.03103983    
   2.57800007       1.03097737    
   2.57900023       1.03091502    
   2.58000016       1.03085279    
   2.58100009       1.03079057    
   2.58200002       1.03072870    
   2.58300018       1.03066671    
   2.58400011       1.03060508    
   2.58500004       1.03054333    
   2.58600020       1.03048193    
   2.58700013       1.03042042    
   2.58800006       1.03035927    
   2.58900023       1.03029811    
   2.59000015       1.03023720    
   2.59100008       1.03017616    
   2.59200001       1.03011549    
   2.59300017       1.03005481    
   2.59400010       1.02999437    
   2.59500003       1.02993381    
   2.59600019       1.02987361    
   2.59700012       1.02981341    
   2.59800005       1.02975345    
   2.59900022       1.02969348    
   2.60000014       1.02963376    
   2.60100007       1.02957404    
   2.60200024       1.02951467    
   2.60300016       1.02945507    
   2.60400009       1.02939594    
   2.60500002       1.02933669    
   2.60600019       1.02927768    
   2.60700011       1.02921879    
   2.60800004       1.02916002    
   2.60900021       1.02910125    
   2.61000013       1.02904272    
   2.61100006       1.02898431    
   2.61200023       1.02892601    
   2.61300015       1.02886784    
   2.61400008       1.02880979    
   2.61500001       1.02875185    
   2.61600018       1.02869403    
   2.61700010       1.02863634    
   2.61800003       1.02857876    
   2.61900020       1.02852130    
   2.62000012       1.02846408    
   2.62100005       1.02840674    
   2.62200022       1.02834976    
   2.62300014       1.02829266    
   2.62400007       1.02823591    
   2.62500024       1.02817905    
   2.62600017       1.02812254    
   2.62700009       1.02806604    
   2.62800002       1.02800977    
   2.62900019       1.02795339    
   2.63000011       1.02789736    
   2.63100004       1.02784133    
   2.63200021       1.02778554    
   2.63300014       1.02772975    
   2.63400006       1.02767408    
   2.63500023       1.02761853    
   2.63600016       1.02756321    
   2.63700008       1.02750790    
   2.63800001       1.02745271    
   2.63900018       1.02739763    
   2.64000010       1.02734280    
   2.64100003       1.02728796    
   2.64200020       1.02723324    
   2.64300013       1.02717865    
   2.64400005       1.02712429    
   2.64500022       1.02706993    
   2.64600015       1.02701581    
   2.64700007       1.02696168    
   2.64800024       1.02690768    
   2.64900017       1.02685380    
   2.65000010       1.02680016    
   2.65100002       1.02674651    
   2.65200019       1.02669299    
   2.65300012       1.02663958    
   2.65400004       1.02658641    
   2.65500021       1.02653325    
   2.65600014       1.02648020    
   2.65700006       1.02642727    
   2.65800023       1.02637446    
   2.65900016       1.02632177    
   2.66000009       1.02626932    
   2.66100001       1.02621686    
   2.66200018       1.02616453    
   2.66300011       1.02611232    
   2.66400003       1.02606022    
   2.66500020       1.02600825    
   2.66600013       1.02595639    
   2.66700006       1.02590466    
   2.66800022       1.02585304    
   2.66900015       1.02580142    
   2.67000008       1.02575016    
   2.67100024       1.02569878    
   2.67200017       1.02564764    
   2.67300010       1.02559662    
   2.67400002       1.02554572    
   2.67500019       1.02549481    
   2.67600012       1.02544415    
   2.67700005       1.02539349    
   2.67800021       1.02534306    
   2.67900014       1.02529263    
   2.68000007       1.02524245    
   2.68100023       1.02519226    
   2.68200016       1.02514231    
   2.68300009       1.02509236    
   2.68400002       1.02504253    
   2.68500018       1.02499282    
   2.68600011       1.02494335    
   2.68700004       1.02489388    
   2.68800020       1.02484453    
   2.68900013       1.02479529    
   2.69000006       1.02474618    
   2.69100022       1.02469707    
   2.69200015       1.02464819    
   2.69300008       1.02459943    
   2.69400024       1.02455080    
   2.69500017       1.02450216    
   2.69600010       1.02445376    
   2.69700003       1.02440536    
   2.69800019       1.02435720    
   2.69900012       1.02430904    
   2.70000005       1.02426112    
   2.70100021       1.02421308    
   2.70200014       1.02416539    
   2.70300007       1.02411759    
   2.70400023       1.02407002    
   2.70500016       1.02402258    
   2.70600009       1.02397525    
   2.70700002       1.02392805    
   2.70800018       1.02388084    
   2.70900011       1.02383387    
   2.71000004       1.02378690    
   2.71100020       1.02374005    
   2.71200013       1.02369344    
   2.71300006       1.02364683    
   2.71400023       1.02360034    
   2.71500015       1.02355397    
   2.71600008       1.02350771    
   2.71700025       1.02346146    
   2.71800017       1.02341545    
   2.71900010       1.02336943    
   2.72000003       1.02332366    
   2.72100019       1.02327788    
   2.72200012       1.02323222    
   2.72300005       1.02318668    
   2.72400022       1.02314126    
   2.72500014       1.02309597    
   2.72600007       1.02305079    
   2.72700024       1.02300560    
   2.72800016       1.02296066    
   2.72900009       1.02291572    
   2.73000002       1.02287102    
   2.73100019       1.02282619    
   2.73200011       1.02278173    
   2.73300004       1.02273715    
   2.73400021       1.02269280    
   2.73500013       1.02264857    
   2.73600006       1.02260447    
   2.73700023       1.02256036    
   2.73800015       1.02251637    
   2.73900008       1.02247250    
   2.74000025       1.02242875    
   2.74100018       1.02238512    
   2.74200010       1.02234149    
   2.74300003       1.02229810    
   2.74400020       1.02225471    
   2.74500012       1.02221143    
   2.74600005       1.02216840    
   2.74700022       1.02212524    
   2.74800014       1.02208233    
   2.74900007       1.02203941    
   2.75000024       1.02199674    
   2.75100017       1.02195406    
   2.75200009       1.02191150    
   2.75300002       1.02186906    
   2.75400019       1.02182674    
   2.75500011       1.02178454    
   2.75600004       1.02174234    
   2.75700021       1.02170026    
   2.75800014       1.02165842    
   2.75900006       1.02161646    
   2.76000023       1.02157485    
   2.76100016       1.02153313    
   2.76200008       1.02149165    
   2.76300025       1.02145004    
   2.76400018       1.02140880    
   2.76500010       1.02136755    
   2.76600003       1.02132642    
   2.76700020       1.02128530    
   2.76800013       1.02124429    
   2.76900005       1.02120340    
   2.77000022       1.02116263    
   2.77100015       1.02112198    
   2.77200007       1.02108145    
   2.77300024       1.02104092    
   2.77400017       1.02100050    
   2.77500010       1.02096021    
   2.77600002       1.02092004    
   2.77700019       1.02087986    
   2.77800012       1.02083993    
   2.77900004       1.02079999    
   2.78000021       1.02076018    
   2.78100014       1.02072036    
   2.78200006       1.02068079    
   2.78300023       1.02064121    
   2.78400016       1.02060175    
   2.78500009       1.02056241    
   2.78600001       1.02052319    
   2.78700018       1.02048397    
   2.78800011       1.02044487    
   2.78900003       1.02040589    
   2.79000020       1.02036703    
   2.79100013       1.02032816    
   2.79200006       1.02028954    
   2.79300022       1.02025092    
   2.79400015       1.02021241    
   2.79500008       1.02017391    
   2.79600024       1.02013564    
   2.79700017       1.02009726    
   2.79800010       1.02005923    
   2.79900002       1.02002108    
   2.80000019       1.01998305    
   2.80100012       1.01994514    
   2.80200005       1.01990736    
   2.80300021       1.01986969    
   2.80400014       1.01983202    
   2.80500007       1.01979446    
   2.80600023       1.01975715    
   2.80700016       1.01971972    
   2.80800009       1.01968241    
   2.80900002       1.01964521    
   2.81000018       1.01960814    
   2.81100011       1.01957119    
   2.81200004       1.01953423    
   2.81300020       1.01949739    
   2.81400013       1.01946068    
   2.81500006       1.01942396    
   2.81600022       1.01938748    
   2.81700015       1.01935089    
   2.81800008       1.01931453    
   2.81900024       1.01927817    
   2.82000017       1.01924205    
   2.82100010       1.01920581    
   2.82200003       1.01916981    
   2.82300019       1.01913381    
   2.82400012       1.01909792    
   2.82500005       1.01906204    
   2.82600021       1.01902640    
   2.82700014       1.01899076    
   2.82800007       1.01895523    
   2.82900023       1.01891971    
   2.83000016       1.01888442    
   2.83100009       1.01884902    
   2.83200002       1.01881385    
   2.83300018       1.01877868    
   2.83400011       1.01874363    
   2.83500004       1.01870871    
   2.83600020       1.01867378    
   2.83700013       1.01863897    
   2.83800006       1.01860428    
   2.83900023       1.01856959    
   2.84000015       1.01853514    
   2.84100008       1.01850057    
   2.84200025       1.01846623    
   2.84300017       1.01843190    
   2.84400010       1.01839769    
   2.84500003       1.01836348    
   2.84600019       1.01832950    
   2.84700012       1.01829541    
   2.84800005       1.01826155    
   2.84900022       1.01822758    
   2.85000014       1.01819396    
   2.85100007       1.01816022    
   2.85200024       1.01812661    
   2.85300016       1.01809299    
   2.85400009       1.01805973    
   2.85500002       1.01802623    
   2.85600019       1.01799309    
   2.85700011       1.01795971    
   2.85800004       1.01792669    
   2.85900021       1.01789355    
   2.86000013       1.01786065    
   2.86100006       1.01782763    
   2.86200023       1.01779497    
   2.86300015       1.01776206    
   2.86400008       1.01772952    
   2.86500025       1.01769686    
   2.86600018       1.01766443    
   2.86700010       1.01763189    
   2.86800003       1.01759958    
   2.86900020       1.01756728    
   2.87000012       1.01753509    
   2.87100005       1.01750290    
   2.87200022       1.01747096    
   2.87300014       1.01743877    
   2.87400007       1.01740706    
   2.87500024       1.01737499    
   2.87600017       1.01734340    
   2.87700009       1.01731157    
   2.87800002       1.01728010    
   2.87900019       1.01724839    
   2.88000011       1.01721704    
   2.88100004       1.01718557    
   2.88200021       1.01715434    
   2.88300014       1.01712298    
   2.88400006       1.01709187    
   2.88500023       1.01706064    
   2.88600016       1.01702976    
   2.88700008       1.01699865    
   2.88800025       1.01696777    
   2.88900018       1.01693690    
   2.89000010       1.01690626    
   2.89100003       1.01687539    
   2.89200020       1.01684487    
   2.89300013       1.01681423    
   2.89400005       1.01678395    
   2.89500022       1.01675332    
   2.89600015       1.01672316    
   2.89700007       1.01669276    
   2.89800024       1.01666272    
   2.89900017       1.01663244    
   2.90000010       1.01660252    
   2.90100002       1.01657236    
   2.90200019       1.01654255    
   2.90300012       1.01651251    
   2.90400004       1.01648295    
   2.90500021       1.01645303    
   2.90600014       1.01642346    
   2.90700006       1.01639378    
   2.90800023       1.01636446    
   2.90900016       1.01633477    
   2.91000009       1.01630557    
   2.91100025       1.01627612    
   2.91200018       1.01624703    
   2.91300011       1.01621771    
   2.91400003       1.01618874    
   2.91500020       1.01615953    
   2.91600013       1.01613069    
   2.91700006       1.01610160    
   2.91800022       1.01607287    
   2.91900015       1.01604390    
   2.92000008       1.01601529    
   2.92100024       1.01598656    
   2.92200017       1.01595807    
   2.92300010       1.01592934    
   2.92400002       1.01590109    
   2.92500019       1.01587248    
   2.92600012       1.01584435    
   2.92700005       1.01581585    
   2.92800021       1.01578772    
   2.92900014       1.01575947    
   2.93000007       1.01573157    
   2.93100023       1.01570332    
   2.93200016       1.01567554    
   2.93300009       1.01564741    
   2.93400025       1.01561975    
   2.93500018       1.01559174    
   2.93600011       1.01556420    
   2.93700004       1.01553643    
   2.93800020       1.01550901    
   2.93900013       1.01548123    
   2.94000006       1.01545393    
   2.94100022       1.01542628    
   2.94200015       1.01539922    
   2.94300008       1.01537168    
   2.94400024       1.01534462    
   2.94500017       1.01531732    
   2.94600010       1.01529026    
   2.94700003       1.01526308    
   2.94800019       1.01523626    
   2.94900012       1.01520920    
   2.95000005       1.01518238    
   2.95100021       1.01515543    
   2.95200014       1.01512885    
   2.95300007       1.01510191    
   2.95400023       1.01507545    
   2.95500016       1.01504874    
   2.95600009       1.01502228    
   2.95700026       1.01499569    
   2.95800018       1.01496935    
   2.95900011       1.01494288    
   2.96000004       1.01491678    
   2.96100020       1.01489031    
   2.96200013       1.01486433    
   2.96300006       1.01483798    
   2.96400023       1.01481199    
   2.96500015       1.01478589    
   2.96600008       1.01476002    
   2.96700025       1.01473391    
   2.96800017       1.01470828    
   2.96900010       1.01468229    
   2.97000003       1.01465666    
   2.97100019       1.01463079    
   2.97200012       1.01460528    
   2.97300005       1.01457953    
   2.97400022       1.01455414    
   2.97500014       1.01452851    
   2.97600007       1.01450336    
   2.97700024       1.01447773    
   2.97800016       1.01445258    
   2.97900009       1.01442719    
   2.98000026       1.01440215    
   2.98100019       1.01437676    
   2.98200011       1.01435184    
   2.98300004       1.01432657    
   2.98400021       1.01430178    
   2.98500013       1.01427662    
   2.98600006       1.01425195    
   2.98700023       1.01422691    
   2.98800015       1.01420224    
   2.98900008       1.01417732    
   2.99000025       1.01415277    
   2.99100018       1.01412797    
   2.99200010       1.01410353    
   2.99300003       1.01407886    
   2.99400020       1.01405454    
   2.99500012       1.01402998    
   2.99600005       1.01400566    
   2.99700022       1.01398122    
   2.99800014       1.01395702    
   2.99900007       1.01393259    
   3.00000024       1.01390862    
   3.00100017       1.01388431    
   3.00200009       1.01386034    
   3.00300026       1.01383615    
   3.00400019       1.01381230    
   3.00500011       1.01378822    
   3.00600004       1.01376450    
   3.00700021       1.01374042    
   3.00800014       1.01371682    
   3.00900006       1.01369286    
   3.01000023       1.01366937    
   3.01100016       1.01364553    
   3.01200008       1.01362205    
   3.01300025       1.01359832    
   3.01400018       1.01357496    
   3.01500010       1.01355124    
   3.01600003       1.01352799    
   3.01700020       1.01350451    
   3.01800013       1.01348138    
   3.01900005       1.01345789    
   3.02000022       1.01343477    
   3.02100015       1.01341140    
   3.02200007       1.01338840    
   3.02300024       1.01336515    
   3.02400017       1.01334226    
   3.02500010       1.01331902    
   3.02600026       1.01329625    
   3.02700019       1.01327312    
   3.02800012       1.01325047    
   3.02900004       1.01322746    
   3.03000021       1.01320481    
   3.03100014       1.01318192    
   3.03200006       1.01315939    
   3.03300023       1.01313651    
   3.03400016       1.01311409    
   3.03500009       1.01309133    
   3.03600025       1.01306903    
   3.03700018       1.01304626    
   3.03800011       1.01302409    
   3.03900003       1.01300144    
   3.04000020       1.01297927    
   3.04100013       1.01295674    
   3.04200006       1.01293480    
   3.04300022       1.01291227    
   3.04400015       1.01289034    
   3.04500008       1.01286793    
   3.04600024       1.01284611    
   3.04700017       1.01282382    
   3.04800010       1.01280200    
   3.04900026       1.01277983    
   3.05000019       1.01275802    
   3.05100012       1.01273596    
   3.05200005       1.01271427    
   3.05300021       1.01269233    
   3.05400014       1.01267076    
   3.05500007       1.01264882    
   3.05600023       1.01262736    
   3.05700016       1.01260543    
   3.05800009       1.01258409    
   3.05900025       1.01256227    
   3.06000018       1.01254094    
   3.06100011       1.01251924    
   3.06200004       1.01249802    
   3.06300020       1.01247633    
   3.06400013       1.01245522    
   3.06500006       1.01243365    
   3.06600022       1.01241255    
   3.06700015       1.01239109    
   3.06800008       1.01237011    
   3.06900024       1.01234877    
   3.07000017       1.01232779    
   3.07100010       1.01230645    
   3.07200003       1.01228571    
   3.07300019       1.01226437    
   3.07400012       1.01224363    
   3.07500005       1.01222241    
   3.07600021       1.01220179    
   3.07700014       1.01218069    
   3.07800007       1.01216006    
   3.07900023       1.01213908    
   3.08000016       1.01211858    
   3.08100009       1.01209760    
   3.08200026       1.01207709    
   3.08300018       1.01205623    
   3.08400011       1.01203585    
   3.08500004       1.01201510    
   3.08600020       1.01199472    
   3.08700013       1.01197410    
   3.08800006       1.01195383    
   3.08900023       1.01193321    
   3.09000015       1.01191306    
   3.09100008       1.01189244    
   3.09200025       1.01187229    
   3.09300017       1.01185179    
   3.09400010       1.01183176    
   3.09500003       1.01181138    
   3.09600019       1.01179147    
   3.09700012       1.01177096    
   3.09800005       1.01175117    
   3.09900022       1.01173079    
   3.10000014       1.01171112    
   3.10100007       1.01169086    
   3.10200024       1.01167107    
   3.10300016       1.01165092    
   3.10400009       1.01163125    
   3.10500026       1.01161122    
   3.10600019       1.01159167    
   3.10700011       1.01157153    
   3.10800004       1.01155210    
   3.10900021       1.01153207    
   3.11000013       1.01151264    
   3.11100006       1.01149273    
   3.11200023       1.01147342    
   3.11300015       1.01145351    
   3.11400008       1.01143420    
   3.11500025       1.01141453    
   3.11600018       1.01139522    
   3.11700010       1.01137555    
   3.11800003       1.01135635    
   3.11900020       1.01133668    
   3.12000012       1.01131761    
   3.12100005       1.01129806    
   3.12200022       1.01127899    
   3.12300014       1.01125956    
   3.12400007       1.01124048    
   3.12500024       1.01122105    
   3.12600017       1.01120210    
   3.12700009       1.01118279    
   3.12800026       1.01116395    
   3.12900019       1.01114464    
   3.13000011       1.01112580    
   3.13100004       1.01110661    
   3.13200021       1.01108778    
   3.13300014       1.01106870    
   3.13400006       1.01104999    
   3.13500023       1.01103091    
   3.13600016       1.01101232    
   3.13700008       1.01099324    
   3.13800025       1.01097465    
   3.13900018       1.01095569    
   3.14000010       1.01093721    
   3.14100003       1.01091826    
   3.14200020       1.01089978    
   3.14300013       1.01088095    
   3.14400005       1.01086271    
   3.14500022       1.01084375    
   3.14600015       1.01082551    
   3.14700007       1.01080680    
   3.14800024       1.01078856    
   3.14900017       1.01076984    
   3.15000010       1.01075172    
   3.15100026       1.01073301    
   3.15200019       1.01071501    
   3.15300012       1.01069641    
   3.15400004       1.01067829    
   3.15500021       1.01065981    
   3.15600014       1.01064193    
   3.15700006       1.01062334    
   3.15800023       1.01060545    
   3.15900016       1.01058698    
   3.16000009       1.01056921    
   3.16100025       1.01055086    
   3.16200018       1.01053298    
   3.16300011       1.01051474    
   3.16400003       1.01049697    
   3.16500020       1.01047873    
   3.16600013       1.01046097    
   3.16700006       1.01044285    
   3.16800022       1.01042509    
   3.16900015       1.01040709    
   3.17000008       1.01038945    
   3.17100024       1.01037145    
   3.17200017       1.01035380    
   3.17300010       1.01033592    
   3.17400026       1.01031840    
   3.17500019       1.01030040    
   3.17600012       1.01028299    
   3.17700005       1.01026511    
   3.17800021       1.01024771    
   3.17900014       1.01022995    
   3.18000007       1.01021266    
   3.18100023       1.01019478    
   3.18200016       1.01017749    
   3.18300009       1.01015973    
   3.18400025       1.01014256    
   3.18500018       1.01012492    
   3.18600011       1.01010776    
   3.18700004       1.01009011    
   3.18800020       1.01007307    
   3.18900013       1.01005542    
   3.19000006       1.01003838    
   3.19100022       1.01002085    
   3.19200015       1.01000381    
   3.19300008       1.00998640    
   3.19400024       1.00996947    
   3.19500017       1.00995195    
   3.19600010       1.00993514    
   3.19700027       1.00991774    
   3.19800019       1.00990081    
   3.19900012       1.00988352    
   3.20000005       1.00986683    
   3.20100021       1.00984943    
   3.20200014       1.00983274    
   3.20300007       1.00981545    
   3.20400023       1.00979888    
   3.20500016       1.00978160    
   3.20600009       1.00976503    
   3.20700026       1.00974786    
   3.20800018       1.00973129    
   3.20900011       1.00971425    
   3.21000004       1.00969768    
   3.21100020       1.00968063    
   3.21200013       1.00966406    
   3.21300006       1.00964713    
   3.21400023       1.00963068    
   3.21500015       1.00961375    
   3.21600008       1.00959742    
   3.21700025       1.00958049    
   3.21800017       1.00956416    
   3.21900010       1.00954723    
   3.22000027       1.00953102    
   3.22100019       1.00951421    
   3.22200012       1.00949800    
   3.22300005       1.00948119    
   3.22400022       1.00946498    
   3.22500014       1.00944829    
   3.22600007       1.00943208    
   3.22700024       1.00941551    
   3.22800016       1.00939941    
   3.22900009       1.00938272    
   3.23000026       1.00936663    
   3.23100019       1.00935006    
   3.23200011       1.00933409    
   3.23300004       1.00931752    
   3.23400021       1.00930166    
   3.23500013       1.00928509    
   3.23600006       1.00926924    
   3.23700023       1.00925279    
   3.23800015       1.00923693    
   3.23900008       1.00922048    
   3.24000025       1.00920463    
   3.24100018       1.00918829    
   3.24200010       1.00917256    
   3.24300027       1.00915623    
   3.24400020       1.00914049    
   3.24500012       1.00912428    
   3.24600005       1.00910854    
   3.24700022       1.00909233    
   3.24800014       1.00907671    
   3.24900007       1.00906050    
   3.25000024       1.00904489    
   3.25100017       1.00902879    
   3.25200009       1.00901318    
   3.25300026       1.00899708    
   3.25400019       1.00898159    
   3.25500011       1.00896561    
   3.25600004       1.00895000    
   3.25700021       1.00893414    
   3.25800014       1.00891864    
   3.25900006       1.00890267    
   3.26000023       1.00888729    
   3.26100016       1.00887144    
   3.26200008       1.00885594    
   3.26300025       1.00884020    
   3.26400018       1.00882483    
   3.26500010       1.00880897    
   3.26600027       1.00879371    
   3.26700020       1.00877798    
   3.26800013       1.00876272    
   3.26900005       1.00874698    
   3.27000022       1.00873172    
   3.27100015       1.00871611    
   3.27200007       1.00870085    
   3.27300024       1.00868523    
   3.27400017       1.00867009    
   3.27500010       1.00865448    
   3.27600026       1.00863945    
   3.27700019       1.00862384    
   3.27800012       1.00860882    
   3.27900004       1.00859332    
   3.28000021       1.00857830    
   3.28100014       1.00856280    
   3.28200006       1.00854790    
   3.28300023       1.00853240    
   3.28400016       1.00851750    
   3.28500009       1.00850201    
   3.28600025       1.00848722    
   3.28700018       1.00847185    
   3.28800011       1.00845695    
   3.28900027       1.00844157    
   3.29000020       1.00842679    
   3.29100013       1.00841153    
   3.29200006       1.00839674    
   3.29300022       1.00838149    
   3.29400015       1.00836682    
   3.29500008       1.00835156    
   3.29600024       1.00833690    
   3.29700017       1.00832176    
   3.29800010       1.00830710    
   3.29900026       1.00829196    
   3.30000019       1.00827730    
   3.30100012       1.00826228    
   3.30200005       1.00824761    
   3.30300021       1.00823259    
   3.30400014       1.00821805    
   3.30500007       1.00820303    
   3.30600023       1.00818861    
   3.30700016       1.00817358    
   3.30800009       1.00815916    
   3.30900025       1.00814414    
   3.31000018       1.00812972    
   3.31100011       1.00811481    
   3.31200027       1.00810051    
   3.31300020       1.00808561    
   3.31400013       1.00807130    
   3.31500006       1.00805640    
   3.31600022       1.00804210    
   3.31700015       1.00802732    
   3.31800008       1.00801301    
   3.31900024       1.00799823    
   3.32000017       1.00798404    
   3.32100010       1.00796926    
   3.32200027       1.00795507    
   3.32300019       1.00794041    
   3.32400012       1.00792623    
   3.32500005       1.00791156    
   3.32600021       1.00789750    
   3.32700014       1.00788283    
   3.32800007       1.00786877    
   3.32900023       1.00785422    
   3.33000016       1.00784016    
   3.33100009       1.00782561    
   3.33200026       1.00781155    
   3.33300018       1.00779712    
   3.33400011       1.00778306    
   3.33500028       1.00776863    
   3.33600020       1.00775468    
   3.33700013       1.00774026    
   3.33800006       1.00772631    
   3.33900023       1.00771189    
   3.34000015       1.00769806    
   3.34100008       1.00768363    
   3.34200025       1.00766981    
   3.34300017       1.00765550    
   3.34400010       1.00764179    
   3.34500027       1.00762737    
   3.34600019       1.00761366    
   3.34700012       1.00759935    
   3.34800005       1.00758564    
   3.34900022       1.00757146    
   3.35000014       1.00755775    
   3.35100007       1.00754356    
   3.35200024       1.00752997    
   3.35300016       1.00751567    
   3.35400009       1.00750208    
   3.35500026       1.00748801    
   3.35600019       1.00747442    
   3.35700011       1.00746036    
   3.35800028       1.00744677    
   3.35900021       1.00743270    
   3.36000013       1.00741923    
   3.36100006       1.00740516    
   3.36200023       1.00739169    
   3.36300015       1.00737762    
   3.36400008       1.00736427    
   3.36500025       1.00735033    
   3.36600018       1.00733685    
   3.36700010       1.00732291    
   3.36800027       1.00730956    
   3.36900020       1.00729561    
   3.37000012       1.00728238    
   3.37100005       1.00726843    
   3.37200022       1.00725520    
   3.37300014       1.00724137    
   3.37400007       1.00722802    
   3.37500024       1.00721431    
   3.37600017       1.00720108    
   3.37700009       1.00718725    
   3.37800026       1.00717402    
   3.37900019       1.00716031    
   3.38000011       1.00714719    
   3.38100004       1.00713348    
   3.38200021       1.00712037    
   3.38300014       1.00710666    
   3.38400006       1.00709355    
   3.38500023       1.00707996    
   3.38600016       1.00706685    
   3.38700008       1.00705326    
   3.38800025       1.00704014    
   3.38900018       1.00702667    
   3.39000010       1.00701368    
   3.39100027       1.00700009    
   3.39200020       1.00698709    
   3.39300013       1.00697362    
   3.39400005       1.00696063    
   3.39500022       1.00694716    
   3.39600015       1.00693429    
   3.39700007       1.00692081    
   3.39800024       1.00690794    
   3.39900017       1.00689459    
   3.40000010       1.00688171    
   3.40100026       1.00686836    
   3.40200019       1.00685561    
   3.40300012       1.00684226    
   3.40400004       1.00682938    
   3.40500021       1.00681615    
   3.40600014       1.00680339    
   3.40700006       1.00679016    
   3.40800023       1.00677741    
   3.40900016       1.00676417    
   3.41000009       1.00675142    
   3.41100025       1.00673819    
   3.41200018       1.00672555    
   3.41300011       1.00671244    
   3.41400027       1.00669980    
   3.41500020       1.00668669    
   3.41600013       1.00667405    
   3.41700006       1.00666094    
   3.41800022       1.00664842    
   3.41900015       1.00663531    
   3.42000008       1.00662279    
   3.42100024       1.00660968    
   3.42200017       1.00659716    
   3.42300010       1.00658417    
   3.42400026       1.00657177    
   3.42500019       1.00655878    
   3.42600012       1.00654626    
   3.42700005       1.00653338    
   3.42800021       1.00652099    
   3.42900014       1.00650799    
   3.43000007       1.00649559    
   3.43100023       1.00648272    
   3.43200016       1.00647044    
   3.43300009       1.00645757    
   3.43400025       1.00644517    
   3.43500018       1.00643241    
   3.43600011       1.00642014    
   3.43700027       1.00640726    
   3.43800020       1.00639498    
   3.43900013       1.00638223    
   3.44000006       1.00637007    
   3.44100022       1.00635731    
   3.44200015       1.00634515    
   3.44300008       1.00633240    
   3.44400024       1.00632024    
   3.44500017       1.00630760    
   3.44600010       1.00629544    
   3.44700027       1.00628281    
   3.44800019       1.00627065    
   3.44900012       1.00625801    
   3.45000005       1.00624597    
   3.45100021       1.00623345    
   3.45200014       1.00622129    
   3.45300007       1.00620878    
   3.45400023       1.00619674    
   3.45500016       1.00618422    
   3.45600009       1.00617230    
   3.45700026       1.00615978    
   3.45800018       1.00614786    
   3.45900011       1.00613534    
   3.46000028       1.00612342    
   3.46100020       1.00611103    
   3.46200013       1.00609910    
   3.46300006       1.00608671    
   3.46400023       1.00607479    
   3.46500015       1.00606251    
   3.46600008       1.00605059    
   3.46700025       1.00603831    
   3.46800017       1.00602651    
   3.46900010       1.00601411    
   3.47000027       1.00600243    
   3.47100019       1.00599015    
   3.47200012       1.00597835    
   3.47300005       1.00596607    
   3.47400022       1.00595438    
   3.47500014       1.00594211    
   3.47600007       1.00593042    
   3.47700024       1.00591826    
   3.47800016       1.00590658    
   3.47900009       1.00589442    
   3.48000026       1.00588286    
   3.48100019       1.00587070    
   3.48200011       1.00585902    
   3.48300028       1.00584698    
   3.48400021       1.00583541    
   3.48500013       1.00582325    
   3.48600006       1.00581181    
   3.48700023       1.00579965    
   3.48800015       1.00578821    
   3.48900008       1.00577617    
   3.49000025       1.00576472    
   3.49100018       1.00575268    
   3.49200010       1.00574124    
   3.49300027       1.00572932    
   3.49400020       1.00571787    
   3.49500012       1.00570583    
   3.49600005       1.00569451    
   3.49700022       1.00568259    
   3.49800014       1.00567126    
   3.49900007       1.00565934    
   3.50000024       1.00564802    
   3.50100017       1.00563610    
   3.50200009       1.00562489    
   3.50300026       1.00561297    
   3.50400019       1.00560176    
   3.50500011       1.00558996    
   3.50600028       1.00557864    
   3.50700021       1.00556695    
   3.50800014       1.00555563    
   3.50900006       1.00554395    
   3.51000023       1.00553274    
   3.51100016       1.00552106    
   3.51200008       1.00550985    
   3.51300025       1.00549817    
   3.51400018       1.00548708    
   3.51500010       1.00547540    
   3.51600027       1.00546420    
   3.51700020       1.00545263    
   3.51800013       1.00544155    
   3.51900005       1.00542998    
   3.52000022       1.00541890    
   3.52100015       1.00540733    
   3.52200007       1.00539625    
   3.52300024       1.00538468    
   3.52400017       1.00537372    
   3.52500010       1.00536227    
   3.52600026       1.00535131    
   3.52700019       1.00533974    
   3.52800012       1.00532877    
   3.52900028       1.00531733    
   3.53000021       1.00530648    
   3.53100014       1.00529504    
   3.53200006       1.00528407    
   3.53300023       1.00527263    
   3.53400016       1.00526178    
   3.53500009       1.00525045    
   3.53600025       1.00523961    
   3.53700018       1.00522828    
   3.53800011       1.00521743    
   3.53900027       1.00520611    
   3.54000020       1.00519538    
   3.54100013       1.00518405    
   3.54200006       1.00517333    
   3.54300022       1.00516200    
   3.54400015       1.00515127    
   3.54500008       1.00514007    
   3.54600024       1.00512934    
   3.54700017       1.00511813    
   3.54800010       1.00510740    
   3.54900026       1.00509620    
   3.55000019       1.00508559    
   3.55100012       1.00507438    
   3.55200028       1.00506377    
   3.55300021       1.00505269    
   3.55400014       1.00504208    
   3.55500007       1.00503099    
   3.55600023       1.00502038    
   3.55700016       1.00500929    
   3.55800009       1.00499880    
   3.55900025       1.00498772    
   3.56000018       1.00497723    
   3.56100011       1.00496614    
   3.56200027       1.00495565    
   3.56300020       1.00494468    
   3.56400013       1.00493419    
   3.56500006       1.00492322    
   3.56600022       1.00491285    
   3.56700015       1.00490189    
   3.56800008       1.00489151    
   3.56900024       1.00488055    
   3.57000017       1.00487018    
   3.57100010       1.00485921    
   3.57200027       1.00484884    
   3.57300019       1.00483799    
   3.57400012       1.00482774    
   3.57500029       1.00481689    
   3.57600021       1.00480652    
   3.57700014       1.00479567    
   3.57800007       1.00478542    
   3.57900023       1.00477469    
   3.58000016       1.00476444    
   3.58100009       1.00475359    
   3.58200026       1.00474346    
   3.58300018       1.00473273    
   3.58400011       1.00472248    
   3.58500028       1.00471175    
   3.58600020       1.00470161    
   3.58700013       1.00469089    
   3.58800006       1.00468075    
   3.58900023       1.00467014    
   3.59000015       1.00466001    
   3.59100008       1.00464928    
   3.59200025       1.00463915    
   3.59300017       1.00462866    
   3.59400010       1.00461853    
   3.59500027       1.00460792    
   3.59600019       1.00459790    
   3.59700012       1.00458729    
   3.59800029       1.00457728    
   3.59900022       1.00456679    
   3.60000014       1.00455678    
   3.60100007       1.00454628    
   3.60200024       1.00453627    
   3.60300016       1.00452578    
   3.60400009       1.00451589    
   3.60500026       1.00450540    
   3.60600019       1.00449550    
   3.60700011       1.00448501    
   3.60800028       1.00447512    
   3.60900021       1.00446475    
   3.61000013       1.00445485    
   3.61100006       1.00444448    
   3.61200023       1.00443459    
   3.61300015       1.00442433    
   3.61400008       1.00441444    
   3.61500025       1.00440419    
   3.61600018       1.00439429    
   3.61700010       1.00438404    
   3.61800027       1.00437427    
   3.61900020       1.00436401    
   3.62000012       1.00435424    
   3.62100029       1.00434399    
   3.62200022       1.00433421    
   3.62300014       1.00432396    
   3.62400007       1.00431430    
   3.62500024       1.00430405    
   3.62600017       1.00429440    
   3.62700009       1.00428426    
   3.62800026       1.00427449    
   3.62900019       1.00426435    
   3.63000011       1.00425482    
   3.63100028       1.00424469    
   3.63200021       1.00423503    
   3.63300014       1.00422490    
   3.63400006       1.00421536    
   3.63500023       1.00420523    
   3.63600016       1.00419569    
   3.63700008       1.00418568    
   3.63800025       1.00417602    
   3.63900018       1.00416601    
   3.64000010       1.00415659    
   3.64100027       1.00414658    
   3.64200020       1.00413704    
   3.64300013       1.00412703    
   3.64400029       1.00411761    
   3.64500022       1.00410759    
   3.64600015       1.00409818    
   3.64700007       1.00408828    
   3.64800024       1.00407887    
   3.64900017       1.00406897    
   3.65000010       1.00405955    
   3.65100026       1.00404966    
   3.65200019       1.00404024    
   3.65300012       1.00403047    
   3.65400028       1.00402105    
   3.65500021       1.00401127    
   3.65600014       1.00400186    
   3.65700006       1.00399208    
   3.65800023       1.00398278    
   3.65900016       1.00397301    
   3.66000009       1.00396371    
   3.66100025       1.00395393    
   3.66200018       1.00394464    
   3.66300011       1.00393498    
   3.66400027       1.00392568    
   3.66500020       1.00391603    
   3.66600013       1.00390673    
   3.66700006       1.00389707    
   3.66800022       1.00388777    
   3.66900015       1.00387824    
   3.67000008       1.00386894    
   3.67100024       1.00385940    
   3.67200017       1.00385022    
   3.67300010       1.00384057    
   3.67400026       1.00383139    
   3.67500019       1.00382185    
   3.67600012       1.00381279    
   3.67700028       1.00380313    
   3.67800021       1.00379407    
   3.67900014       1.00378454    
   3.68000007       1.00377548    
   3.68100023       1.00376594    
   3.68200016       1.00375688    
   3.68300009       1.00374746    
   3.68400025       1.00373840    
   3.68500018       1.00372887    
   3.68600011       1.00371993    
   3.68700027       1.00371051    
   3.68800020       1.00370145    
   3.68900013       1.00369203    
   3.69000006       1.00368309    
   3.69100022       1.00367367    
   3.69200015       1.00366473    
   3.69300008       1.00365531    
   3.69400024       1.00364637    
   3.69500017       1.00363708    
   3.69600010       1.00362813    
   3.69700027       1.00361884    
   3.69800019       1.00360990    
   3.69900012       1.00360072    
   3.70000029       1.00359178    
   3.70100021       1.00358248    
   3.70200014       1.00357366    
   3.70300007       1.00356436    
   3.70400023       1.00355554    
   3.70500016       1.00354636    
   3.70600009       1.00353754    
   3.70700026       1.00352836    
   3.70800018       1.00351954    
   3.70900011       1.00351036    
   3.71000028       1.00350153    
   3.71100020       1.00349247    
   3.71200013       1.00348365    
   3.71300006       1.00347459    
   3.71400023       1.00346577    
   3.71500015       1.00345671    
   3.71600008       1.00344801    
   3.71700025       1.00343895    
   3.71800017       1.00343025    
   3.71900010       1.00342119    
   3.72000027       1.00341249    
   3.72100019       1.00340343    
   3.72200012       1.00339484    
   3.72300029       1.00338578    
   3.72400022       1.00337708    
   3.72500014       1.00336814    
   3.72600007       1.00335956    
   3.72700024       1.00335062    
   3.72800016       1.00334191    
   3.72900009       1.00333297    
   3.73000026       1.00332439    
   3.73100019       1.00331545    
   3.73200011       1.00330698    
   3.73300028       1.00329804    
   3.73400021       1.00328946    
   3.73500013       1.00328064    
   3.73600006       1.00327206    
   3.73700023       1.00326324    
   3.73800015       1.00325477    
   3.73900008       1.00324595    
   3.74000025       1.00323737    
   3.74100018       1.00322866    
   3.74200010       1.00322020    
   3.74300027       1.00321138    
   3.74400020       1.00320292    
   3.74500012       1.00319421    
   3.74600029       1.00318575    
   3.74700022       1.00317693    
   3.74800014       1.00316858    
   3.74900007       1.00315988    
   3.75000024       1.00315142    
   3.75100017       1.00314271    
   3.75200009       1.00313437    
   3.75300026       1.00312567    
   3.75400019       1.00311732    
   3.75500011       1.00310874    
   3.75600028       1.00310040    
   3.75700021       1.00309169    
   3.75800014       1.00308335    
   3.75900006       1.00307477    
   3.76000023       1.00306642    
   3.76100016       1.00305784    
   3.76200008       1.00304961    
   3.76300025       1.00304103    
   3.76400018       1.00303280    
   3.76500010       1.00302422    
   3.76600027       1.00301600    
   3.76700020       1.00300741    
   3.76800013       1.00299919    
   3.76900029       1.00299072    
   3.77000022       1.00298250    
   3.77100015       1.00297403    
   3.77200007       1.00296581    
   3.77300024       1.00295734    
   3.77400017       1.00294924    
   3.77500010       1.00294077    
   3.77600026       1.00293255    
   3.77700019       1.00292420    
   3.77800012       1.00291598    
   3.77900028       1.00290763    
   3.78000021       1.00289953    
   3.78100014       1.00289118    
   3.78200006       1.00288308    
   3.78300023       1.00287461    
   3.78400016       1.00286663    
   3.78500009       1.00285828    
   3.78600025       1.00285017    
   3.78700018       1.00284183    
   3.78800011       1.00283384    
   3.78900027       1.00282550    
   3.79000020       1.00281751    
   3.79100013       1.00280917    
   3.79200029       1.00280118    
   3.79300022       1.00279295    
   3.79400015       1.00278485    
   3.79500008       1.00277662    
   3.79600024       1.00276864    
   3.79700017       1.00276053    
   3.79800010       1.00275254    
   3.79900026       1.00274432    
   3.80000019       1.00273633    
   3.80100012       1.00272822    
   3.80200028       1.00272024    
   3.80300021       1.00271213    
   3.80400014       1.00270414    
   3.80500007       1.00269604    
   3.80600023       1.00268817    
   3.80700016       1.00268006    
   3.80800009       1.00267220    
   3.80900025       1.00266409    
   3.81000018       1.00265622    
   3.81100011       1.00264812    
   3.81200027       1.00264025    
   3.81300020       1.00263214    
   3.81400013       1.00262439    
   3.81500030       1.00261629    
   3.81600022       1.00260854    
   3.81700015       1.00260055    
   3.81800008       1.00259268    
   3.81900024       1.00258470    
   3.82000017       1.00257695    
   3.82100010       1.00256896    
   3.82200027       1.00256121    
   3.82300019       1.00255322    
   3.82400012       1.00254548    
   3.82500029       1.00253749    
   3.82600021       1.00252974    
   3.82700014       1.00252187    
   3.82800007       1.00251412    
   3.82900023       1.00250626    
   3.83000016       1.00249851    
   3.83100009       1.00249064    
   3.83200026       1.00248289    
   3.83300018       1.00247514    
   3.83400011       1.00246739    
   3.83500028       1.00245953    
   3.83600020       1.00245190    
   3.83700013       1.00244415    
   3.83800030       1.00243640    
   3.83900023       1.00242865    
   3.84000015       1.00242102    
   3.84100008       1.00241327    
   3.84200025       1.00240564    
   3.84300017       1.00239789    
   3.84400010       1.00239027    
   3.84500027       1.00238252    
   3.84600019       1.00237489    
   3.84700012       1.00236714    
   3.84800029       1.00235963    
   3.84900022       1.00235188    
   3.85000014       1.00234437    
   3.85100007       1.00233662    
   3.85200024       1.00232911    
   3.85300016       1.00232148    
   3.85400009       1.00231397    
   3.85500026       1.00230622    
   3.85600019       1.00229871    
   3.85700011       1.00229108    
   3.85800028       1.00228357    
   3.85900021       1.00227594    
   3.86000013       1.00226843    
   3.86100030       1.00226092    
   3.86200023       1.00225341    
   3.86300015       1.00224590    
   3.86400008       1.00223839    
   3.86500025       1.00223088    
   3.86600018       1.00222337    
   3.86700010       1.00221586    
   3.86800027       1.00220847    
   3.86900020       1.00220084    
   3.87000012       1.00219345    
   3.87100029       1.00218594    
   3.87200022       1.00217855    
   3.87300014       1.00217104    
   3.87400007       1.00216365    
   3.87500024       1.00215626    
   3.87600017       1.00214887    
   3.87700009       1.00214136    
   3.87800026       1.00213408    
   3.87900019       1.00212657    
   3.88000011       1.00211930    
   3.88100028       1.00211179    
   3.88200021       1.00210452    
   3.88300014       1.00209713    
   3.88400030       1.00208974    
   3.88500023       1.00208235    
   3.88600016       1.00207508    
   3.88700008       1.00206769    
   3.88800025       1.00206041    
   3.88900018       1.00205302    
   3.89000010       1.00204575    
   3.89100027       1.00203848    
   3.89200020       1.00203121    
   3.89300013       1.00202394    
   3.89400029       1.00201666    
   3.89500022       1.00200927    
   3.89600015       1.00200212    
   3.89700007       1.00199485    
   3.89800024       1.00198758    
   3.89900017       1.00198030    
   3.90000010       1.00197315    
   3.90100026       1.00196588    
   3.90200019       1.00195873    
   3.90300012       1.00195146    
   3.90400028       1.00194430    
   3.90500021       1.00193703    
   3.90600014       1.00192988    
   3.90700030       1.00192261    
   3.90800023       1.00191545    
   3.90900016       1.00190830    
   3.91000009       1.00190115    
   3.91100025       1.00189400    
   3.91200018       1.00188696    
   3.91300011       1.00187981    
   3.91400027       1.00187266    
   3.91500020       1.00186551    
   3.91600013       1.00185835    
   3.91700029       1.00185132    
   3.91800022       1.00184417    
   3.91900015       1.00183702    
   3.92000008       1.00182998    
   3.92100024       1.00182295    
   3.92200017       1.00181580    
   3.92300010       1.00180876    
   3.92400026       1.00180173    
   3.92500019       1.00179470    
   3.92600012       1.00178766    
   3.92700028       1.00178051    
   3.92800021       1.00177360    
   3.92900014       1.00176656    
   3.93000031       1.00175953    
   3.93100023       1.00175250    
   3.93200016       1.00174546    
   3.93300009       1.00173855    
   3.93400025       1.00173151    
   3.93500018       1.00172448    
   3.93600011       1.00171745    
   3.93700027       1.00171053    
   3.93800020       1.00170362    
   3.93900013       1.00169659    
   3.94000030       1.00168967    
   3.94100022       1.00168276    
   3.94200015       1.00167584    
   3.94300008       1.00166881    
   3.94400024       1.00166202    
   3.94500017       1.00165510    
   3.94600010       1.00164819    
   3.94700027       1.00164127    
   3.94800019       1.00163436    
   3.94900012       1.00162745    
   3.95000029       1.00162065    
   3.95100021       1.00161374    
   3.95200014       1.00160682    
   3.95300007       1.00159991    
   3.95400023       1.00159311    
   3.95500016       1.00158620    
   3.95600009       1.00157940    
   3.95700026       1.00157261    
   3.95800018       1.00156569    
   3.95900011       1.00155890    
   3.96000028       1.00155210    
   3.96100020       1.00154531    
   3.96200013       1.00153852    
   3.96300030       1.00153172    
   3.96400023       1.00152493    
   3.96500015       1.00151813    
   3.96600008       1.00151134    
   3.96700025       1.00150454    
   3.96800017       1.00149775    
   3.96900010       1.00149107    
   3.97000027       1.00148427    
   3.97100019       1.00147760    
   3.97200012       1.00147080    
   3.97300029       1.00146413    
   3.97400022       1.00145733    
   3.97500014       1.00145066    
   3.97600007       1.00144398    
   3.97700024       1.00143719    
   3.97800016       1.00143051    
   3.97900009       1.00142384    
   3.98000026       1.00141704    
   3.98100019       1.00141037    
   3.98200011       1.00140381    
   3.98300028       1.00139701    
   3.98400021       1.00139034    
   3.98500013       1.00138378    
   3.98600030       1.00137711    
   3.98700023       1.00137043    
   3.98800015       1.00136375    
   3.98900008       1.00135720    
   3.99000025       1.00135052    
   3.99100018       1.00134385    
   3.99200010       1.00133729    
   3.99300027       1.00133061    
   3.99400020       1.00132406    
   3.99500012       1.00131750    
   3.99600029       1.00131083    
   3.99700022       1.00130427    
   3.99800014       1.00129771    
   3.99900007       1.00129104    
   4.00000000       1.00128448    
   4.00100040       1.00127792    
   4.00200033       1.00127137    
   4.00300026       1.00126481    
   4.00400019       1.00125825    
   4.00500011       1.00125170    
   4.00600004       1.00124514    
   4.00699997       1.00123858    
   4.00800037       1.00123215    
   4.00900030       1.00122559    
   4.01000023       1.00121903    
   4.01100016       1.00121260    
   4.01200008       1.00120604    
   4.01300001       1.00119960    
   4.01400042       1.00119305    
   4.01500034       1.00118661    
   4.01600027       1.00118005    
   4.01700020       1.00117362    
   4.01800013       1.00116706    
   4.01900005       1.00116062    
   4.01999998       1.00115418    
   4.02100039       1.00114775    
   4.02200031       1.00114131    
   4.02300024       1.00113487    
   4.02400017       1.00112844    
   4.02500010       1.00112200    
   4.02600002       1.00111556    
   4.02700043       1.00110912    
   4.02800035       1.00110269    
   4.02900028       1.00109637    
   4.03000021       1.00108993    
   4.03100014       1.00108349    
   4.03200006       1.00107706    
   4.03299999       1.00107074    
   4.03400040       1.00106430    
   4.03500032       1.00105798    
   4.03600025       1.00105143    
   4.03700018       1.00104523    
   4.03800011       1.00103879    
   4.03900003       1.00103247    
   4.03999996       1.00102615    
   4.04100037       1.00101972    
   4.04200029       1.00101340    
   4.04300022       1.00100708    
   4.04400015       1.00100064    
   4.04500008       1.00099444    
   4.04600000       1.00098801    
   4.04700041       1.00098169    
   4.04800034       1.00097537    
   4.04900026       1.00096917    
   4.05000019       1.00096285    
   4.05100012       1.00095654    
   4.05200005       1.00095010    
   4.05299997       1.00094390    
   4.05400038       1.00093758    
   4.05500031       1.00093138    
   4.05600023       1.00092506    
   4.05700016       1.00091887    
   4.05800009       1.00091255    
   4.05900002       1.00090635    
   4.06000042       1.00089991    
   4.06100035       1.00089383    
   4.06200027       1.00088751    
   4.06300020       1.00088131    
   4.06400013       1.00087500    
   4.06500006       1.00086880    
   4.06599998       1.00086260    
   4.06700039       1.00085640    
   4.06800032       1.00085008    
   4.06900024       1.00084388    
   4.07000017       1.00083768    
   4.07100010       1.00083148    
   4.07200003       1.00082541    
   4.07300043       1.00081909    
   4.07400036       1.00081289    
   4.07500029       1.00080669    
   4.07600021       1.00080037    
   4.07700014       1.00079441    
   4.07800007       1.00078833    
   4.07900000       1.00078213    
   4.08000040       1.00077569    
   4.08100033       1.00076973    
   4.08200026       1.00076354    
   4.08300018       1.00075746    
   4.08400011       1.00075114    
   4.08500004       1.00074518    
   4.08599997       1.00073898    
   4.08700037       1.00073302    
   4.08800030       1.00072706    
   4.08900023       1.00072050    
   4.09000015       1.00071442    
   4.09100008       1.00070870    
   4.09200001       1.00070167    
   4.09300041       1.00069690    
   4.09400034       1.00069118    
   4.09500027       1.00068545    
