   1.00000005E-03   8.82148743E-06
   2.00000009E-03   8.82148743E-06
   3.00000003E-03   3.03983688E-06
   4.00000019E-03   8.82148743E-06
   5.00000035E-03   5.42402267E-06
   6.00000005E-03   3.03983688E-06
   7.00000022E-03   1.37090683E-06
   8.00000038E-03   8.82148743E-06
   9.00000054E-03   1.78813934E-06
   1.00000007E-02   5.42402267E-06
   1.10000009E-02  -1.19209290E-07
   1.20000001E-02   3.03983688E-06
   1.30000003E-02   5.72204590E-06
   1.40000004E-02   1.37090683E-06
   1.50000006E-02   3.87430191E-06
   1.60000008E-02   8.82148743E-06
   1.70000009E-02   5.12599945E-06
   1.80000011E-02   1.78813934E-06
   1.90000013E-02   8.64267349E-06
   2.00000014E-02   5.42402267E-06
   2.10000016E-02   2.56299973E-06
   2.20000017E-02  -1.19209290E-07
   2.30000019E-02   5.66244125E-06
   2.40000002E-02   3.03983688E-06
   2.50000004E-02   7.15255737E-07
   2.60000005E-02   5.72204590E-06
   2.70000007E-02   3.51667404E-06
   2.80000009E-02   1.37090683E-06
   2.90000010E-02  -4.76837158E-07
   3.00000012E-02   3.87430191E-06
   3.10000014E-02   1.96695328E-06
   3.20000015E-02   8.82148743E-06
   3.29999998E-02   1.25169754E-06
   3.40000018E-02   5.12599945E-06
   3.50000001E-02   8.70227814E-06
   3.60000022E-02   1.78813934E-06
   3.70000005E-02   5.24520874E-06
   3.80000025E-02   8.64267349E-06
   3.90000008E-02   2.20537186E-06
   4.00000028E-02   5.42402267E-06
   4.10000011E-02  -5.96046448E-07
   4.20000032E-02   2.56299973E-06
   4.30000015E-02   5.48362732E-06
   4.40000035E-02  -1.19209290E-07
   4.50000018E-02   2.80141830E-06
   4.60000038E-02   5.66244125E-06
   4.70000021E-02   2.98023224E-07
   4.80000004E-02   3.03983688E-06
   4.90000024E-02   5.72204590E-06
   5.00000007E-02   7.15255737E-07
   5.10000028E-02   3.27825546E-06
   5.20000011E-02   5.72204590E-06
   5.30000031E-02   1.13248825E-06
   5.40000014E-02   3.51667404E-06
   5.50000034E-02   5.78165054E-06
   5.60000017E-02   1.37090683E-06
   5.70000038E-02   3.69548798E-06
   5.80000021E-02  -4.76837158E-07
   5.90000041E-02   1.72853470E-06
   6.00000024E-02   3.87430191E-06
   6.10000044E-02  -1.19209290E-07
   6.20000027E-02   1.96695328E-06
   6.30000010E-02   3.87430191E-06
   6.40000030E-02   8.82148743E-06
   6.50000051E-02  -7.15255737E-07
   6.59999996E-02   1.25169754E-06
   6.70000017E-02   3.21865082E-06
   6.80000037E-02   5.12599945E-06
   6.90000057E-02   7.03334808E-06
   7.00000003E-02   8.70227814E-06
   7.10000023E-02  -1.19209290E-07
   7.20000044E-02   1.78813934E-06
   7.30000064E-02   3.57627869E-06
   7.40000010E-02   5.24520874E-06
   7.50000030E-02   6.97374344E-06
   7.60000050E-02   8.64267349E-06
   7.70000070E-02   5.96046448E-07
   7.80000016E-02   2.20537186E-06
   7.90000036E-02   3.75509262E-06
   8.00000057E-02   5.42402267E-06
   8.10000002E-02   6.91413879E-06
   8.20000023E-02  -5.96046448E-07
   8.30000043E-02   1.01327896E-06
   8.40000063E-02   2.56299973E-06
   8.50000009E-02   4.05311584E-06
   8.60000029E-02   5.48362732E-06
   8.70000049E-02   6.91413879E-06
   8.80000070E-02  -1.19209290E-07
   8.90000015E-02   1.31130219E-06
   9.00000036E-02   2.80141830E-06
   9.10000056E-02   4.23192978E-06
   9.20000076E-02   5.66244125E-06
   9.30000022E-02   6.97374344E-06
   9.40000042E-02   2.98023224E-07
   9.50000063E-02   1.72853470E-06
   9.60000008E-02   3.03983688E-06
   9.70000029E-02   4.35113907E-06
   9.80000049E-02   5.72204590E-06
   9.90000069E-02  -4.76837158E-07
  0.100000001       7.15255737E-07
  0.101000004       2.08616257E-06
  0.102000006       3.27825546E-06
  0.103000008       4.52995300E-06
  0.104000002       5.72204590E-06
  0.105000004      -1.19209290E-07
  0.106000006       1.13248825E-06
  0.107000008       2.38418579E-06
  0.108000003       3.51667404E-06
  0.109000005       4.70876694E-06
  0.110000007       5.78165054E-06
  0.111000009       2.98023224E-07
  0.112000003       1.37090683E-06
  0.113000005       2.56299973E-06
  0.114000008       3.69548798E-06
  0.115000002       4.76837158E-06
  0.116000004      -4.76837158E-07
  0.117000006       6.55651093E-07
  0.118000008       1.72853470E-06
  0.119000003       2.74181366E-06
  0.120000005       3.87430191E-06
  0.121000007       4.94718552E-06
  0.122000009      -1.19209290E-07
  0.123000003       8.94069672E-07
  0.124000005       1.96695328E-06
  0.125000000       2.98023224E-06
  0.126000002       3.87430191E-06
  0.127000004       7.86781311E-06
  0.128000006       8.82148743E-06
  0.129000008       9.83476639E-06
  0.130000010      -7.15255737E-07
  0.131000012       3.57627869E-07
  0.131999999       1.25169754E-06
  0.133000001       2.26497650E-06
  0.134000003       3.21865082E-06
  0.135000005       4.17232513E-06
  0.136000007       5.12599945E-06
  0.137000009       6.07967377E-06
  0.138000011       7.03334808E-06
  0.139000013       7.92741776E-06
  0.140000001       8.70227814E-06
  0.141000003       9.53674316E-06
  0.142000005      -1.19209290E-07
  0.143000007       8.34465027E-07
  0.144000009       1.78813934E-06
  0.145000011       2.68220901E-06
  0.146000013       3.57627869E-06
  0.147000000       4.35113907E-06
  0.148000002       5.24520874E-06
  0.149000004       6.07967377E-06
  0.150000006       6.97374344E-06
  0.151000008       7.80820847E-06
  0.152000010       8.64267349E-06
  0.153000012      -2.38418579E-07
  0.154000014       5.96046448E-07
  0.155000001       1.37090683E-06
  0.156000003       2.20537186E-06
  0.157000005       2.92062759E-06
  0.158000007       3.75509262E-06
  0.159000009       4.58955765E-06
  0.160000011       5.42402267E-06
  0.161000013       6.19888306E-06
  0.162000000       6.91413879E-06
  0.163000003       7.68899918E-06
  0.164000005      -5.96046448E-07
  0.165000007       1.78813934E-07
  0.166000009       1.01327896E-06
  0.167000011       1.78813934E-06
  0.168000013       2.56299973E-06
  0.169000015       3.33786011E-06
  0.170000002       4.05311584E-06
  0.171000004       4.76837158E-06
  0.172000006       5.48362732E-06
  0.173000008       6.19888306E-06
  0.174000010       6.91413879E-06
  0.175000012      -8.34465027E-07
  0.176000014      -1.19209290E-07
  0.177000001       5.96046448E-07
  0.178000003       1.31130219E-06
  0.179000005       2.08616257E-06
  0.180000007       2.80141830E-06
  0.181000009       3.51667404E-06
  0.182000011       4.23192978E-06
  0.183000013       4.94718552E-06
  0.184000015       5.66244125E-06
  0.185000002       6.25848770E-06
  0.186000004       6.97374344E-06
  0.187000006      -3.57627869E-07
  0.188000008       2.98023224E-07
  0.189000010       1.01327896E-06
  0.190000013       1.72853470E-06
  0.191000015       2.44379044E-06
  0.192000002       3.03983688E-06
  0.193000004       3.69548798E-06
  0.194000006       4.35113907E-06
  0.195000008       5.06639481E-06
  0.196000010       5.72204590E-06
  0.197000012       6.37769699E-06
  0.198000014      -4.76837158E-07
  0.199000016       1.78813934E-07
  0.200000003       7.15255737E-07
  0.201000005       1.43051147E-06
  0.202000007       2.08616257E-06
  0.203000009       2.74181366E-06
  0.204000011       3.27825546E-06
  0.205000013       3.93390656E-06
  0.206000015       4.52995300E-06
  0.207000017       5.18560410E-06
  0.208000004       5.72204590E-06
  0.209000006      -8.34465027E-07
  0.210000008      -1.19209290E-07
  0.211000010       4.76837158E-07
  0.212000012       1.13248825E-06
  0.213000014       1.72853470E-06
  0.214000016       2.38418579E-06
  0.215000004       2.92062759E-06
  0.216000006       3.51667404E-06
  0.217000008       4.11272049E-06
  0.218000010       4.70876694E-06
  0.219000012       5.24520874E-06
  0.220000014       5.78165054E-06
  0.221000016      -3.57627869E-07
  0.222000018       2.98023224E-07
  0.223000005       7.74860382E-07
  0.224000007       1.37090683E-06
  0.225000009       1.96695328E-06
  0.226000011       2.56299973E-06
  0.227000013       3.15904617E-06
  0.228000015       3.69548798E-06
  0.229000017       4.29153442E-06
  0.230000004       4.76837158E-06
  0.231000006       5.36441803E-06
  0.232000008      -4.76837158E-07
  0.233000010       5.96046448E-08
  0.234000012       6.55651093E-07
  0.235000014       1.13248825E-06
  0.236000016       1.72853470E-06
  0.237000018       2.26497650E-06
  0.238000005       2.74181366E-06
  0.239000008       3.27825546E-06
  0.240000010       3.87430191E-06
  0.241000012       4.41074371E-06
  0.242000014       4.94718552E-06
  0.243000016      -7.15255737E-07
  0.244000018      -1.19209290E-07
  0.245000005       3.57627869E-07
  0.246000007       8.94069672E-07
  0.247000009       1.43051147E-06
  0.248000011       1.96695328E-06
  0.249000013       2.50339508E-06
  0.250000000       2.98023224E-06
  0.251000017       3.45706940E-06
  0.252000004       3.87430191E-06
  0.253000021       1.54972076E-06
  0.254000008       7.86781311E-06
  0.255000025       2.56299973E-06
  0.256000012       8.82148743E-06
  0.256999999       3.45706940E-06
  0.258000016       9.83476639E-06
  0.259000003       4.47034836E-06
  0.260000020      -7.15255737E-07
  0.261000007       5.48362732E-06
  0.262000024       3.57627869E-07
  0.263000011       6.43730164E-06
  0.263999999       1.25169754E-06
  0.265000015       7.45058060E-06
  0.266000003       2.26497650E-06
  0.267000020       8.34465027E-06
  0.268000007       3.21865082E-06
  0.269000024       9.29832458E-06
  0.270000011       4.17232513E-06
  0.271000028      -7.15255737E-07
  0.272000015       5.12599945E-06
  0.273000002       1.19209290E-07
  0.274000019       6.07967377E-06
  0.275000006       1.07288361E-06
  0.276000023       7.03334808E-06
  0.277000010       2.02655792E-06
  0.278000027       7.92741776E-06
  0.279000014       2.98023224E-06
  0.280000001       8.70227814E-06
  0.281000018       3.93390656E-06
  0.282000005       9.53674316E-06
  0.283000022       4.76837158E-06
  0.284000009      -1.19209290E-07
  0.285000026       5.66244125E-06
  0.286000013       8.34465027E-07
  0.287000000       6.43730164E-06
  0.288000017       1.78813934E-06
  0.289000005       7.33137131E-06
  0.290000021       2.68220901E-06
  0.291000009       8.16583633E-06
  0.292000026       3.57627869E-06
  0.293000013       9.05990601E-06
  0.294000000       4.35113907E-06
  0.295000017      -2.38418579E-07
  0.296000004       5.24520874E-06
  0.297000021       7.15255737E-07
  0.298000008       6.07967377E-06
  0.299000025       1.60932541E-06
  0.300000012       6.97374344E-06
  0.301000029       2.50339508E-06
  0.302000016       7.80820847E-06
  0.303000003       3.21865082E-06
  0.304000020       8.64267349E-06
  0.305000007       4.11272049E-06
  0.306000024      -2.38418579E-07
  0.307000011       4.94718552E-06
  0.308000028       5.96046448E-07
  0.309000015       5.78165054E-06
  0.310000002       1.37090683E-06
  0.311000019       6.61611557E-06
  0.312000006       2.20537186E-06
  0.313000023       7.33137131E-06
  0.314000010       2.92062759E-06
  0.315000027       8.16583633E-06
  0.316000015       3.75509262E-06
  0.317000002      -5.96046448E-07
  0.318000019       4.58955765E-06
  0.319000006       2.98023224E-07
  0.320000023       5.42402267E-06
  0.321000010       1.13248825E-06
  0.322000027       6.19888306E-06
  0.323000014       1.96695328E-06
  0.324000001       6.91413879E-06
  0.325000018       2.74181366E-06
  0.326000005       7.68899918E-06
  0.327000022       3.57627869E-06
  0.328000009      -5.96046448E-07
  0.329000026       4.35113907E-06
  0.330000013       1.78813934E-07
  0.331000030       5.12599945E-06
  0.332000017       1.01327896E-06
  0.333000004       5.84125519E-06
  0.334000021       1.78813934E-06
  0.335000008       6.55651093E-06
  0.336000025       2.56299973E-06
  0.337000012       7.33137131E-06
  0.338000029       3.33786011E-06
  0.339000016      -7.15255737E-07
  0.340000004       4.05311584E-06
  0.341000021       5.96046448E-08
  0.342000008       4.76837158E-06
  0.343000025       8.94069672E-07
  0.344000012       5.48362732E-06
  0.345000029       1.54972076E-06
  0.346000016       6.19888306E-06
  0.347000003       2.20537186E-06
  0.348000020       6.91413879E-06
  0.349000007       2.98023224E-06
  0.350000024      -8.34465027E-07
  0.351000011       3.75509262E-06
  0.352000028      -1.19209290E-07
  0.353000015       4.47034836E-06
  0.354000002       5.96046448E-07
  0.355000019       5.18560410E-06
  0.356000006       1.31130219E-06
  0.357000023       5.90085983E-06
  0.358000010       2.08616257E-06
  0.359000027       6.61611557E-06
  0.360000014       2.80141830E-06
  0.361000031      -9.53674316E-07
  0.362000018       3.51667404E-06
  0.363000005      -2.38418579E-07
  0.364000022       4.23192978E-06
  0.365000010       4.76837158E-07
  0.366000026       4.94718552E-06
  0.367000014       1.19209290E-06
  0.368000031       5.66244125E-06
  0.369000018       1.96695328E-06
  0.370000005       6.25848770E-06
  0.371000022       2.62260437E-06
  0.372000009       6.97374344E-06
  0.373000026       3.33786011E-06
  0.374000013      -3.57627869E-07
  0.375000030       4.05311584E-06
  0.376000017       2.98023224E-07
  0.377000004       4.58955765E-06
  0.378000021       1.01327896E-06
  0.379000008       5.24520874E-06
  0.380000025       1.72853470E-06
  0.381000012       5.96046448E-06
  0.382000029       2.44379044E-06
  0.383000016       6.61611557E-06
  0.384000003       3.03983688E-06
  0.385000020      -4.76837158E-07
  0.386000007       3.69548798E-06
  0.387000024       2.38418579E-07
  0.388000011       4.35113907E-06
  0.389000028       8.94069672E-07
  0.390000015       5.06639481E-06
  0.391000032       1.60932541E-06
  0.392000020       5.72204590E-06
  0.393000007       2.20537186E-06
  0.394000024       6.37769699E-06
  0.395000011       2.86102295E-06
  0.396000028      -4.76837158E-07
  0.397000015       3.51667404E-06
  0.398000032       1.78813934E-07
  0.399000019       4.17232513E-06
  0.400000006       7.15255737E-07
  0.401000023       4.82797623E-06
  0.402000010       1.43051147E-06
  0.403000027       5.48362732E-06
  0.404000014       2.08616257E-06
  0.405000031       6.07967377E-06
  0.406000018       2.74181366E-06
  0.407000005      -7.15255737E-07
  0.408000022       3.27825546E-06
  0.409000009      -1.19209290E-07
  0.410000026       3.93390656E-06
  0.411000013       5.96046448E-07
  0.412000030       4.52995300E-06
  0.413000017       1.25169754E-06
  0.414000034       5.18560410E-06
  0.415000021       1.84774399E-06
  0.416000009       5.72204590E-06
  0.417000026       2.50339508E-06
  0.418000013      -8.34465027E-07
  0.419000030       3.15904617E-06
  0.420000017      -1.19209290E-07
  0.421000034       3.75509262E-06
  0.422000021       4.76837158E-07
  0.423000008       4.29153442E-06
  0.424000025       1.13248825E-06
  0.425000012       4.88758087E-06
  0.426000029       1.72853470E-06
  0.427000016       5.54323196E-06
  0.428000033       2.38418579E-06
  0.429000020      -8.34465027E-07
  0.430000007       2.92062759E-06
  0.431000024      -2.38418579E-07
  0.432000011       3.51667404E-06
  0.433000028       4.17232513E-07
  0.434000015       4.11272049E-06
  0.435000032       1.01327896E-06
  0.436000019       4.70876694E-06
  0.437000006       1.54972076E-06
  0.438000023       5.24520874E-06
  0.439000010       2.08616257E-06
  0.440000027       5.78165054E-06
  0.441000015       2.68220901E-06
  0.442000031      -3.57627869E-07
  0.443000019       3.27825546E-06
  0.444000036       2.98023224E-07
  0.445000023       3.87430191E-06
  0.446000010       7.74860382E-07
  0.447000027       4.47034836E-06
  0.448000014       1.37090683E-06
  0.449000031       5.06639481E-06
  0.450000018       1.96695328E-06
  0.451000035       5.54323196E-06
  0.452000022       2.56299973E-06
  0.453000009      -4.76837158E-07
  0.454000026       3.15904617E-06
  0.455000013       1.19209290E-07
  0.456000030       3.69548798E-06
  0.457000017       7.15255737E-07
  0.458000034       4.29153442E-06
  0.459000021       1.31130219E-06
  0.460000008       4.76837158E-06
  0.461000025       1.84774399E-06
  0.462000012       5.36441803E-06
  0.463000029       2.44379044E-06
  0.464000016      -4.76837158E-07
  0.465000033       3.03983688E-06
  0.466000021       5.96046448E-08
  0.467000008       3.51667404E-06
  0.468000025       6.55651093E-07
  0.469000012       3.99351120E-06
  0.470000029       1.13248825E-06
  0.471000016       4.52995300E-06
  0.472000033       1.72853470E-06
  0.473000020       5.12599945E-06
  0.474000037       2.26497650E-06
  0.475000024      -5.96046448E-07
  0.476000011       2.74181366E-06
  0.477000028      -1.19209290E-07
  0.478000015       3.27825546E-06
  0.479000032       4.76837158E-07
  0.480000019       3.87430191E-06
  0.481000036       1.07288361E-06
  0.482000023       4.41074371E-06
  0.483000010       1.54972076E-06
  0.484000027       4.94718552E-06
  0.485000014       2.08616257E-06
  0.486000031      -7.15255737E-07
  0.487000018       2.62260437E-06
  0.488000035      -1.19209290E-07
  0.489000022       3.15904617E-06
  0.490000010       3.57627869E-07
  0.491000026       3.69548798E-06
  0.492000014       8.94069672E-07
  0.493000031       4.23192978E-06
  0.494000018       1.43051147E-06
  0.495000035       4.76837158E-06
  0.496000022       1.96695328E-06
  0.497000009      -8.34465027E-07
  0.498000026       2.50339508E-06
  0.499000013      -2.38418579E-07
  0.500000000       2.98023224E-06
  0.501000047       6.19888306E-06
  0.502000034       3.45706940E-06
  0.503000021       6.61611557E-06
  0.504000008       3.87430191E-06
  0.504999995       7.09295273E-06
  0.506000042       1.54972076E-06
  0.507000029       1.06096268E-05
  0.508000016       7.86781311E-06
  0.509000003       5.12599945E-06
  0.510000050       2.56299973E-06
  0.511000037      -1.19209290E-07
  0.512000024       8.82148743E-06
  0.513000011       6.13927841E-06
  0.513999999       3.45706940E-06
  0.515000045       9.53674316E-07
  0.516000032       9.83476639E-06
  0.517000020       7.15255737E-06
  0.518000007       4.47034836E-06
  0.519000053       1.96695328E-06
  0.520000041      -7.15255737E-07
  0.521000028       8.10623169E-06
  0.522000015       5.48362732E-06
  0.523000002       2.86102295E-06
  0.524000049       3.57627869E-07
  0.525000036       9.05990601E-06
  0.526000023       6.43730164E-06
  0.527000010       3.87430191E-06
  0.527999997       1.25169754E-06
  0.529000044       1.00135803E-05
  0.530000031       7.45058060E-06
  0.531000018       4.82797623E-06
  0.532000005       2.26497650E-06
  0.533000052      -2.38418579E-07
  0.534000039       8.34465027E-06
  0.535000026       5.78165054E-06
  0.536000013       3.21865082E-06
  0.537000000       6.55651093E-07
  0.538000047       9.29832458E-06
  0.539000034       6.73532486E-06
  0.540000021       4.17232513E-06
  0.541000009       1.66893005E-06
  0.542000055      -7.15255737E-07
  0.543000042       7.68899918E-06
  0.544000030       5.12599945E-06
  0.545000017       2.62260437E-06
  0.546000004       1.19209290E-07
  0.547000051       8.58306885E-06
  0.548000038       6.07967377E-06
  0.549000025       3.57627869E-06
  0.550000012       1.07288361E-06
  0.550999999       9.41753387E-06
  0.552000046       7.03334808E-06
  0.553000033       4.52995300E-06
  0.554000020       2.02655792E-06
  0.555000007      -4.76837158E-07
  0.556000054       7.92741776E-06
  0.557000041       5.48362732E-06
  0.558000028       2.98023224E-06
  0.559000015       5.36441803E-07
  0.560000002       8.70227814E-06
  0.561000049       6.37769699E-06
  0.562000036       3.93390656E-06
  0.563000023       1.37090683E-06
  0.564000010       9.53674316E-06
  0.564999998       7.09295273E-06
  0.566000044       4.76837158E-06
  0.567000031       2.32458115E-06
  0.568000019      -1.19209290E-07
  0.569000006       7.98702240E-06
  0.570000052       5.66244125E-06
  0.571000040       3.21865082E-06
  0.572000027       8.34465027E-07
  0.573000014       8.82148743E-06
  0.574000001       6.43730164E-06
  0.575000048       4.17232513E-06
  0.576000035       1.78813934E-06
  0.577000022      -5.96046448E-07
  0.578000009       7.33137131E-06
  0.579000056       5.06639481E-06
  0.580000043       2.68220901E-06
  0.581000030       2.98023224E-07
  0.582000017       8.16583633E-06
  0.583000004       5.84125519E-06
  0.584000051       3.57627869E-06
  0.585000038       1.25169754E-06
  0.586000025       9.05990601E-06
  0.587000012       6.67572021E-06
  0.588000000       4.35113907E-06
  0.589000046       2.14576721E-06
  0.590000033      -2.38418579E-07
  0.591000021       7.56978989E-06
  0.592000008       5.24520874E-06
  0.593000054       3.03983688E-06
  0.594000041       7.15255737E-07
  0.595000029       8.40425491E-06
  0.596000016       6.07967377E-06
  0.597000003       3.81469727E-06
  0.598000050       1.60932541E-06
  0.599000037      -7.15255737E-07
  0.600000024       6.97374344E-06
  0.601000011       4.64916229E-06
  0.602000058       2.50339508E-06
  0.603000045       1.78813934E-07
  0.604000032       7.80820847E-06
  0.605000019       5.54323196E-06
  0.606000006       3.21865082E-06
  0.607000053       1.07288361E-06
  0.608000040       8.64267349E-06
  0.609000027       6.37769699E-06
  0.610000014       4.11272049E-06
  0.611000001       1.84774399E-06
  0.612000048      -2.38418579E-07
  0.613000035       7.21216202E-06
  0.614000022       4.94718552E-06
  0.615000010       2.74181366E-06
  0.616000056       5.96046448E-07
  0.617000043       8.04662704E-06
  0.618000031       5.78165054E-06
  0.619000018       3.57627869E-06
  0.620000005       1.37090683E-06
  0.621000051      -7.15255737E-07
  0.622000039       6.61611557E-06
  0.623000026       4.41074371E-06
  0.624000013       2.20537186E-06
  0.625000000       0.00000000    
  0.626000047       7.33137131E-06
  0.627000034       5.12599945E-06
  0.628000021       2.92062759E-06
  0.629000008       7.74860382E-07
  0.630000055       8.16583633E-06
  0.631000042       5.96046448E-06
  0.632000029       3.75509262E-06
  0.633000016       1.60932541E-06
  0.634000003      -5.96046448E-07
  0.635000050       6.73532486E-06
  0.636000037       4.58955765E-06
  0.637000024       2.44379044E-06
  0.638000011       2.98023224E-07
  0.639000058       7.56978989E-06
  0.640000045       5.42402267E-06
  0.641000032       3.27825546E-06
  0.642000020       1.13248825E-06
  0.643000007       8.16583633E-06
  0.644000053       6.19888306E-06
  0.645000041       4.05311584E-06
  0.646000028       1.96695328E-06
  0.647000015      -2.38418579E-07
  0.648000002       6.91413879E-06
  0.649000049       4.88758087E-06
  0.650000036       2.74181366E-06
  0.651000023       6.55651093E-07
  0.652000010       7.68899918E-06
  0.653000057       5.66244125E-06
  0.654000044       3.57627869E-06
  0.655000031       1.43051147E-06
  0.656000018      -5.96046448E-07
  0.657000005       6.37769699E-06
  0.658000052       4.35113907E-06
  0.659000039       2.26497650E-06
  0.660000026       1.78813934E-07
  0.661000013       7.15255737E-06
  0.662000060       5.12599945E-06
  0.663000047       3.03983688E-06
  0.664000034       1.01327896E-06
  0.665000021       7.86781311E-06
  0.666000009       5.84125519E-06
  0.667000055       3.81469727E-06
  0.668000042       1.78813934E-06
  0.669000030      -2.38418579E-07
  0.670000017       6.55651093E-06
  0.671000004       4.52995300E-06
  0.672000051       2.56299973E-06
  0.673000038       5.36441803E-07
  0.674000025       7.33137131E-06
  0.675000012       5.30481339E-06
  0.676000059       3.33786011E-06
  0.677000046       1.31130219E-06
  0.678000033      -7.15255737E-07
  0.679000020       6.07967377E-06
  0.680000007       4.05311584E-06
  0.681000054       2.08616257E-06
  0.682000041       5.96046448E-08
  0.683000028       6.79492950E-06
  0.684000015       4.76837158E-06
  0.685000062       2.86102295E-06
  0.686000049       8.94069672E-07
  0.687000036       7.56978989E-06
  0.688000023       5.48362732E-06
  0.689000010       3.45706940E-06
  0.690000057       1.54972076E-06
  0.691000044      -4.76837158E-07
  0.692000031       6.19888306E-06
  0.693000019       4.23192978E-06
  0.694000006       2.20537186E-06
  0.695000052       3.57627869E-07
  0.696000040       6.91413879E-06
  0.697000027       4.94718552E-06
  0.698000014       2.98023224E-06
  0.699000061       1.13248825E-06
  0.700000048      -8.34465027E-07
  0.701000035       5.72204590E-06
  0.702000022       3.75509262E-06
  0.703000009       1.78813934E-06
  0.704000056      -1.19209290E-07
  0.705000043       6.43730164E-06
  0.706000030       4.47034836E-06
  0.707000017       2.50339508E-06
  0.708000004       5.96046448E-07
  0.709000051       7.15255737E-06
  0.710000038       5.18560410E-06
  0.711000025       3.27825546E-06
  0.712000012       1.31130219E-06
  0.713000059      -4.76837158E-07
  0.714000046       5.90085983E-06
  0.715000033       3.99351120E-06
  0.716000021       2.08616257E-06
  0.717000008       1.78813934E-07
  0.718000054       6.61611557E-06
  0.719000041       4.70876694E-06
  0.720000029       2.80141830E-06
  0.721000016       8.94069672E-07
  0.722000062      -9.53674316E-07
  0.723000050       5.42402267E-06
  0.724000037       3.51667404E-06
  0.725000024       1.66893005E-06
  0.726000011      -2.38418579E-07
  0.727000058       6.13927841E-06
  0.728000045       4.23192978E-06
  0.729000032       2.38418579E-06
  0.730000019       4.76837158E-07
  0.731000006       6.79492950E-06
  0.732000053       4.94718552E-06
  0.733000040       3.09944153E-06
  0.734000027       1.19209290E-06
  0.735000014      -5.96046448E-07
  0.736000061       5.66244125E-06
  0.737000048       3.81469727E-06
  0.738000035       1.96695328E-06
  0.739000022       5.96046448E-08
  0.740000010       6.25848770E-06
  0.741000056       4.52995300E-06
  0.742000043       2.62260437E-06
  0.743000031       7.74860382E-07
  0.744000018       6.97374344E-06
  0.745000064       5.18560410E-06
  0.746000051       3.33786011E-06
  0.747000039       1.49011612E-06
  0.748000026      -3.57627869E-07
  0.749000013       5.78165054E-06
  0.750000060       4.05311584E-06
  0.751000047       2.14576721E-06
  0.752000034       2.98023224E-07
  0.753000021       6.43730164E-06
  0.754000008       4.58955765E-06
  0.755000055       2.86102295E-06
  0.756000042       1.01327896E-06
  0.757000029      -8.34465027E-07
  0.758000016       5.24520874E-06
  0.759000063       3.51667404E-06
  0.760000050       1.72853470E-06
  0.761000037      -1.19209290E-07
  0.762000024       5.96046448E-06
  0.763000011       4.11272049E-06
  0.764000058       2.44379044E-06
  0.765000045       5.96046448E-07
  0.766000032       6.61611557E-06
  0.767000020       4.82797623E-06
  0.768000007       3.03983688E-06
  0.769000053       1.31130219E-06
  0.770000041      -4.76837158E-07
  0.771000028       5.48362732E-06
  0.772000015       3.69548798E-06
  0.773000062       2.02655792E-06
  0.774000049       2.38418579E-07
  0.775000036       6.13927841E-06
  0.776000023       4.35113907E-06
  0.777000010       2.62260437E-06
  0.778000057       8.94069672E-07
  0.779000044      -8.34465027E-07
  0.780000031       5.06639481E-06
  0.781000018       3.27825546E-06
  0.782000065       1.60932541E-06
  0.783000052      -1.19209290E-07
  0.784000039       5.72204590E-06
  0.785000026       3.93390656E-06
  0.786000013       2.20537186E-06
  0.787000060       5.36441803E-07
  0.788000047       6.37769699E-06
  0.789000034       4.58955765E-06
  0.790000021       2.86102295E-06
  0.791000009       1.13248825E-06
  0.792000055      -4.76837158E-07
  0.793000042       5.24520874E-06
  0.794000030       3.51667404E-06
  0.795000017       1.78813934E-06
  0.796000063       1.78813934E-07
  0.797000051       5.90085983E-06
  0.798000038       4.17232513E-06
  0.799000025       2.44379044E-06
  0.800000012       7.15255737E-07
  0.801000059       6.49690628E-06
  0.802000046       4.82797623E-06
  0.803000033       3.09944153E-06
  0.804000020       1.43051147E-06
  0.805000067      -2.38418579E-07
  0.806000054       5.48362732E-06
  0.807000041       3.75509262E-06
  0.808000028       2.08616257E-06
  0.809000015       3.57627869E-07
  0.810000062       6.07967377E-06
  0.811000049       4.41074371E-06
  0.812000036       2.74181366E-06
  0.813000023       9.53674316E-07
  0.814000010      -7.15255737E-07
  0.815000057       4.94718552E-06
  0.816000044       3.27825546E-06
  0.817000031       1.60932541E-06
  0.818000019      -1.19209290E-07
  0.819000065       5.60283661E-06
  0.820000052       3.93390656E-06
  0.821000040       2.26497650E-06
  0.822000027       5.96046448E-07
  0.823000014       6.13927841E-06
  0.824000061       4.52995300E-06
  0.825000048       2.86102295E-06
  0.826000035       1.25169754E-06
  0.827000022      -4.76837158E-07
  0.828000069       5.18560410E-06
  0.829000056       3.51667404E-06
  0.830000043       1.84774399E-06
  0.831000030       2.38418579E-07
  0.832000017       5.72204590E-06
  0.833000064       4.17232513E-06
  0.834000051       2.50339508E-06
  0.835000038       8.34465027E-07
  0.836000025      -8.34465027E-07
  0.837000012       4.70876694E-06
  0.838000059       3.15904617E-06
  0.839000046       1.49011612E-06
  0.840000033      -1.19209290E-07
  0.841000021       5.30481339E-06
  0.842000067       3.75509262E-06
  0.843000054       2.14576721E-06
  0.844000041       4.76837158E-07
  0.845000029       5.90085983E-06
  0.846000016       4.29153442E-06
  0.847000062       2.74181366E-06
  0.848000050       1.13248825E-06
  0.849000037      -4.76837158E-07
  0.850000024       4.88758087E-06
  0.851000011       3.27825546E-06
  0.852000058       1.72853470E-06
  0.853000045       1.19209290E-07
  0.854000032       5.54323196E-06
  0.855000019       3.87430191E-06
  0.856000066       2.38418579E-06
  0.857000053       7.74860382E-06
  0.858000040       6.13927841E-06
  0.859000027       4.52995300E-06
  0.860000014       9.83476639E-06
  0.861000061       8.28504562E-06
  0.862000048       6.73532486E-06
  0.863000035       1.20401382E-05
  0.864000022       1.73449516E-05
  0.865000069       1.57952309E-05
  0.866000056       2.10404396E-05
  0.867000043       2.63452530E-05
  0.868000031       3.15904617E-05
  0.869000018       3.68356705E-05
  0.870000064       4.21404839E-05
  0.871000051       5.41806221E-05
  0.872000039       5.94258308E-05
  0.873000026       7.14063644E-05
  0.874000013       9.02414322E-05
  0.875000060       1.09076500E-04
  0.876000047       1.27732754E-04
  0.877000034       1.53183937E-04
  0.878000021       1.78635120E-04
  0.879000068       2.10821629E-04
  0.880000055       2.49683857E-04
  0.881000042       2.95162201E-04
  0.882000029       3.47375870E-04
  0.883000016       4.06146049E-04
  0.884000063       4.78327274E-04
  0.885000050       5.57065010E-04
  0.886000037       6.42418861E-04
  0.887000024       7.47621059E-04
  0.888000071       8.66174698E-04
  0.889000058       9.97722149E-04
  0.890000045       1.14911795E-03
  0.891000032       1.32018328E-03
  0.892000020       1.51097775E-03
  0.893000066       1.72805786E-03
  0.894000053       1.97130442E-03
  0.895000041       2.24727392E-03
  0.896000028       2.55590677E-03
  0.897000015       2.89702415E-03
  0.898000062       3.27068567E-03
  0.899000049       3.69650126E-03
  0.900000036       4.16105986E-03
  0.901000023       4.67753410E-03
  0.902000070       5.25242090E-03
  0.903000057       5.87874651E-03
  0.904000044       6.56962395E-03
  0.905000031       7.33143091E-03
  0.906000018       8.16392899E-03
  0.907000065       9.07349586E-03
  0.908000052       1.00663304E-02
  0.909000039       1.11488104E-02
  0.910000026       1.23271346E-02
  0.911000073       1.36011243E-02
  0.912000060       1.49898529E-02
  0.913000047       1.64865255E-02
  0.914000034       1.81038380E-02
  0.915000021       1.98478699E-02
  0.916000068       2.17313766E-02
  0.917000055       2.37536430E-02
  0.918000042       2.59208679E-02
  0.919000030       2.82455087E-02
  0.920000017       3.07335854E-02
  0.921000063       3.33909988E-02
  0.922000051       3.62301469E-02
  0.923000038       3.92503142E-02
  0.924000025       4.24704552E-02
  0.925000072       4.58834171E-02
  0.926000059       4.95132804E-02
  0.927000046       5.33558130E-02
  0.928000033       5.74203730E-02
  0.929000020       6.17135763E-02
  0.930000067       6.62504435E-02
  0.931000054       7.10341930E-02
  0.932000041       7.60663748E-02
  0.933000028       8.13561082E-02
  0.934000015       8.69215131E-02
  0.935000062       9.27495360E-02
  0.936000049       9.88641977E-02
  0.937000036      0.105258346    
  0.938000023      0.111950278    
  0.939000070      0.118932724    
  0.940000057      0.126217246    
  0.941000044      0.133809388    
  0.942000031      0.141714454    
  0.943000019      0.149931431    
  0.944000065      0.158471942    
  0.945000052      0.167328656    
  0.946000040      0.176513135    
  0.947000027      0.186024427    
  0.948000073      0.195867836    
  0.949000061      0.206042111    
  0.950000048      0.216552615    
  0.951000035      0.227392077    
  0.952000022      0.238566935    
  0.953000069      0.250078440    
  0.954000056      0.261923254    
  0.955000043      0.274098992    
  0.956000030      0.286610901    
  0.957000017      0.299451649    
  0.958000064      0.312620044    
  0.959000051      0.326109469    
  0.960000038      0.339924455    
  0.961000025      0.354058087    
  0.962000072      0.368504405    
  0.963000059      0.383264661    
  0.964000046      0.398324072    
  0.965000033      0.413689911    
  0.966000021      0.429346621    
  0.967000067      0.445291042    
  0.968000054      0.461522162    
  0.969000041      0.478022099    
  0.970000029      0.494795084    
  0.971000075      0.511828125    
  0.972000062      0.529115200    
  0.973000050      0.546646595    
  0.974000037      0.564415932    
  0.975000024      0.582413077    
  0.976000071      0.600632846    
  0.977000058      0.619060516    
  0.978000045      0.637691855    
  0.979000032      0.656513333    
  0.980000019      0.675518513    
  0.981000066      0.694697499    
  0.982000053      0.714039326    
  0.983000040      0.733532190    
  0.984000027      0.753169656    
  0.985000074      0.772939086    
  0.986000061      0.792831182    
  0.987000048      0.812833130    
  0.988000035      0.832938731    
  0.989000022      0.853132904    
  0.990000069      0.873410881    
  0.991000056      0.893755019    
  0.992000043      0.914161444    
  0.993000031      0.934613347    
  0.994000018      0.955106258    
  0.995000064      0.975626290    
  0.996000051      0.996164918    
  0.997000039       1.01670969    
  0.998000026       1.03725290    
  0.999000072       1.05778408    
   1.00000000       1.07829070    
   1.00100005       1.09876657    
   1.00200009       1.11920261    
   1.00300002       1.13958073    
   1.00400007       1.15990424    
   1.00500000       1.18015361    
   1.00600004       1.20032728    
   1.00700009       1.22041225    
   1.00800002       1.24039996    
   1.00900006       1.26028216    
   1.00999999       1.28005171    
   1.01100004       1.29970062    
   1.01200008       1.31922185    
   1.01300001       1.33860350    
   1.01400006       1.35784316    
   1.01500010       1.37693000    
   1.01600003       1.39585948    
   1.01700008       1.41462493    
   1.01800001       1.43321729    
   1.01900005       1.45163262    
   1.02000010       1.46986604    
   1.02100003       1.48790658    
   1.02200007       1.50575531    
   1.02300000       1.52340078    
   1.02400005       1.54084229    
   1.02500010       1.55807471    
   1.02600002       1.57508874    
   1.02700007       1.59188569    
   1.02800000       1.60845757    
   1.02900004       1.62480402    
   1.03000009       1.64091825    
   1.03100002       1.65679657    
   1.03200006       1.67243850    
   1.03299999       1.68783879    
   1.03400004       1.70299435    
   1.03500009       1.71790648    
   1.03600001       1.73256648    
   1.03700006       1.74697828    
   1.03800011       1.76113451    
   1.03900003       1.77503562    
   1.04000008       1.78868222    
   1.04100001       1.80206990    
   1.04200006       1.81519818    
   1.04300010       1.82806849    
   1.04400003       1.84067285    
   1.04500008       1.85302103    
   1.04600000       1.86510241    
   1.04700005       1.87692487    
   1.04800010       1.88848233    
   1.04900002       1.89977860    
   1.05000007       1.91081095    
   1.05100000       1.92158186    
   1.05200005       1.93208945    
   1.05300009       1.94233799    
   1.05400002       1.95232105    
   1.05500007       1.96205056    
   1.05599999       1.97151613    
   1.05700004       1.98072565    
   1.05800009       1.98967719    
   1.05900002       1.99837184    
   1.06000006       2.00681591    
   1.06100011       2.01500535    
   1.06200004       2.02294159    
   1.06300008       2.03063393    
   1.06400001       2.03807282    
   1.06500006       2.04527068    
   1.06600010       2.05222321    
   1.06700003       2.05893254    
   1.06800008       2.06540060    
   1.06900001       2.07163620    
   1.07000005       2.07763314    
   1.07100010       2.08339739    
   1.07200003       2.08893013    
   1.07300007       2.09423685    
   1.07400000       2.09931612    
   1.07500005       2.10417271    
   1.07600009       2.10880780    
   1.07700002       2.11322594    
   1.07800007       2.11742640    
   1.07900000       2.12141538    
   1.08000004       2.12519503    
   1.08100009       2.12876725    
   1.08200002       2.13213110    
   1.08300006       2.13530064    
   1.08400011       2.13826323    
   1.08500004       2.14103246    
   1.08600008       2.14360666    
   1.08700001       2.14599490    
   1.08800006       2.14818907    
   1.08900011       2.15020561    
   1.09000003       2.15203285    
   1.09100008       2.15368438    
   1.09200001       2.15515757    
   1.09300005       2.15646267    
   1.09400010       2.15758991    
   1.09500003       2.15855742    
   1.09600008       2.15935349    
   1.09700000       2.15999222    
   1.09800005       2.16046858    
   1.09900010       2.16079426    
   1.10000002       2.16095924    
   1.10100007       2.16098118    
   1.10200000       2.16084743    
   1.10300004       2.16057444    
   1.10400009       2.16015816    
   1.10500002       2.15960550    
   1.10600007       2.15891075    
   1.10699999       2.15808630    
   1.10800004       2.15712714    
   1.10900009       2.15604639    
   1.11000001       2.15483260    
   1.11100006       2.15350199    
   1.11200011       2.15204430    
   1.11300004       2.15047693    
   1.11400008       2.14878416    
   1.11500001       2.14699030    
   1.11600006       2.14507747    
   1.11700010       2.14306021    
   1.11800003       2.14093828    
   1.11900008       2.13871598    
   1.12000000       2.13638878    
   1.12100005       2.13396645    
   1.12200010       2.13144493    
   1.12300003       2.12883902    
   1.12400007       2.12613201    
   1.12500000       2.12334728    
   1.12600005       2.12046742    
   1.12700009       2.11750603    
   1.12800002       2.11446428    
   1.12900007       2.11134529    
   1.13000000       2.10814190    
   1.13100004       2.10486865    
   1.13200009       2.10151815    
   1.13300002       2.09809971    
   1.13400006       2.09460855    
   1.13500011       2.09105968    
   1.13600004       2.08743405    
   1.13700008       2.08375168    
   1.13800001       2.08000231    
   1.13900006       2.07619715    
   1.14000010       2.07233381    
   1.14100003       2.06841803    
   1.14200008       2.06443882    
   1.14300001       2.06041622    
   1.14400005       2.05633569    
   1.14500010       2.05221272    
   1.14600003       2.04803848    
   1.14700007       2.04381990    
   1.14800000       2.03955603    
   1.14900005       2.03524971    
   1.15000010       2.03090191    
   1.15100002       2.02652121    
   1.15200007       2.02209091    
   1.15300000       2.01763630    
   1.15400004       2.01313329    
   1.15500009       2.00860953    
   1.15600002       2.00404334    
   1.15700006       1.99945271    
   1.15800011       1.99482703    
   1.15900004       1.99017966    
   1.16000009       1.98549676    
   1.16100001       1.98079765    
   1.16200006       1.97606528    
   1.16300011       1.97131634    
   1.16400003       1.96653783    
   1.16500008       1.96174335    
   1.16600001       1.95692801    
   1.16700006       1.95209694    
   1.16800010       1.94724011    
   1.16900003       1.94237924    
   1.17000008       1.93748999    
   1.17100000       1.93259716    
   1.17200005       1.92767870    
   1.17300010       1.92275476    
   1.17400002       1.91781569    
   1.17500007       1.91287506    
   1.17600000       1.90791225    
   1.17700005       1.90294790    
   1.17800009       1.89797139    
   1.17900002       1.89299369    
   1.18000007       1.88800335    
   1.18100011       1.88301253    
   1.18200004       1.87800932    
   1.18300009       1.87301373    
   1.18400002       1.86800110    
   1.18500006       1.86300027    
   1.18600011       1.85798132    
   1.18700004       1.85297871    
   1.18800008       1.84795952    
   1.18900001       1.84295142    
   1.19000006       1.83793771    
   1.19100010       1.83293152    
   1.19200003       1.82792211    
   1.19300008       1.82292056    
   1.19400001       1.81791615    
   1.19500005       1.81292212    
   1.19600010       1.80792630    
   1.19700003       1.80294228    
   1.19800007       1.79795671    
   1.19900000       1.79298401    
   1.20000005       1.78801119    
   1.20100009       1.78305209    
   1.20200002       1.77809417    
   1.20300007       1.77314973    
   1.20400012       1.76820827    
   1.20500004       1.76328182    
   1.20600009       1.75835812    
   1.20700002       1.75345039    
   1.20800006       1.74854684    
   1.20900011       1.74365962    
   1.21000004       1.73877716    
   1.21100008       1.73391199    
   1.21200001       1.72905302    
   1.21300006       1.72421098    
   1.21400011       1.71937561    
   1.21500003       1.71455812    
   1.21600008       1.70974898    
   1.21700001       1.70495820    
   1.21800005       1.70017529    
   1.21900010       1.69541121    
   1.22000003       1.69065547    
   1.22100008       1.68592024    
   1.22200000       1.68119407    
   1.22300005       1.67648888    
   1.22400010       1.67179191    
   1.22500002       1.66711712    
   1.22600007       1.66245055    
   1.22700012       1.65780604    
   1.22800004       1.65317249    
   1.22900009       1.64855909    
   1.23000002       1.64395881    
   1.23100007       1.63937974    
   1.23200011       1.63481081    
   1.23300004       1.63026524    
   1.23400009       1.62573051    
   1.23500001       1.62121844    
   1.23600006       1.61671805    
   1.23700011       1.61224103    
   1.23800004       1.60777748    
   1.23900008       1.60333586    
   1.24000001       1.59890628    
   1.24100006       1.59450090    
   1.24200010       1.59010768    
   1.24300003       1.58573937    
   1.24400008       1.58138263    
   1.24500000       1.57704937    
   1.24600005       1.57272983    
   1.24700010       1.56843448    
   1.24800003       1.56415284    
   1.24900007       1.55989528    
   1.25000000       1.55565083    
   1.25100005       1.55142927    
   1.25200009       1.54722285    
   1.25300002       1.54304194    
   1.25400007       1.53887296    
   1.25500011       1.53472841    
   1.25600004       1.53059804    
   1.25700009       1.52649152    
   1.25800002       1.52240109    
   1.25900006       1.51833487    
   1.26000011       1.51428175    
   1.26100004       1.51025355    
   1.26200008       1.50623941    
   1.26300001       1.50224864    
   1.26400006       1.49827504    
   1.26500010       1.49432492    
   1.26600003       1.49038887    
   1.26700008       1.48647523    
   1.26800001       1.48257947    
   1.26900005       1.47870731    
   1.27000010       1.47484922    
   1.27100003       1.47101545    
   1.27200007       1.46719623    
   1.27300000       1.46340191    
   1.27400005       1.45962250    
   1.27500010       1.45586586    
   1.27600002       1.45212483    
   1.27700007       1.44840956    
   1.27800012       1.44470549    
   1.27900004       1.44102859    
   1.28000009       1.43736541    
   1.28100002       1.43372536    
   1.28200006       1.43010092    
   1.28300011       1.42649937    
   1.28400004       1.42291462    
   1.28500009       1.41935301    
   1.28600001       1.41580546    
   1.28700006       1.41228187    
   1.28800011       1.40877223    
   1.28900003       1.40528655    
   1.29000008       1.40181637    
   1.29100001       1.39837003    
   1.29200006       1.39493597    
   1.29300010       1.39152634    
   1.29400003       1.38813162    
   1.29500008       1.38475919    
   1.29600000       1.38140225    
   1.29700005       1.37806773    
   1.29800010       1.37474823    
   1.29900002       1.37145090    
   1.30000007       1.36816859    
   1.30100012       1.36490846    
   1.30200005       1.36166358    
   1.30300009       1.35843980    
   1.30400002       1.35523164    
   1.30500007       1.35204506    
   1.30600011       1.34887314    
   1.30700004       1.34572315    
   1.30800009       1.34258771    
   1.30900002       1.33947408    
   1.31000006       1.33637440    
   1.31100011       1.33329642    
   1.31200004       1.33023310    
   1.31300008       1.32719064    
   1.31400001       1.32416296    
   1.31500006       1.32115579    
   1.31600010       1.31816351    
   1.31700003       1.31519163    
   1.31800008       1.31223392    
   1.31900001       1.30929732    
   1.32000005       1.30637479    
   1.32100010       1.30347264    
   1.32200003       1.30058455    
   1.32300007       1.29771638    
   1.32400012       1.29486239    
   1.32500005       1.29202890    
   1.32600009       1.28920925    
   1.32700002       1.28640914    
   1.32800007       1.28362310    
   1.32900012       1.28085625    
   1.33000004       1.27810383    
   1.33100009       1.27537048    
   1.33200002       1.27265096    
   1.33300006       1.26995051    
   1.33400011       1.26726365    
   1.33500004       1.26459658    
   1.33600008       1.26194215    
   1.33700001       1.25930679    
   1.33800006       1.25668442    
   1.33900011       1.25408173    
   1.34000003       1.25149131    
   1.34100008       1.24892044    
   1.34200001       1.24636149    
   1.34300005       1.24382150    
   1.34400010       1.24129486    
   1.34500003       1.23878586    
   1.34600008       1.23628986    
   1.34700012       1.23381221    
   1.34800005       1.23134720    
   1.34900010       1.22890031    
   1.35000002       1.22646558    
   1.35100007       1.22404814    
   1.35200012       1.22164392    
   1.35300004       1.21925759    
   1.35400009       1.21688247    
   1.35500002       1.21452534    
   1.35600007       1.21218061    
   1.35700011       1.20985317    
   1.35800004       1.20753765    
   1.35900009       1.20523882    
   1.36000001       1.20295274    
   1.36100006       1.20068300    
   1.36200011       1.19842505    
   1.36300004       1.19618452    
   1.36400008       1.19395447    
   1.36500001       1.19174266    
   1.36600006       1.18954051    
   1.36700010       1.18735600    
   1.36800003       1.18518281    
   1.36900008       1.18302560    
   1.37000012       1.18087971    
   1.37100005       1.17875004    
   1.37200010       1.17663169    
   1.37300003       1.17452931    
   1.37400007       1.17243791    
   1.37500012       1.17036223    
   1.37600005       1.16829777    
   1.37700009       1.16624856    
   1.37800002       1.16421068    
   1.37900007       1.16218793    
   1.38000011       1.16017592    
   1.38100004       1.15817928    
   1.38200009       1.15619314    
   1.38300002       1.15422261    
   1.38400006       1.15226221    
   1.38500011       1.15031672    
   1.38600004       1.14838195    
   1.38700008       1.14646149    
   1.38800001       1.14455187    
   1.38900006       1.14265656    
   1.39000010       1.14077151    
   1.39100003       1.13890111    
   1.39200008       1.13704073    
   1.39300001       1.13519478    
   1.39400005       1.13335848    
   1.39500010       1.13153660    
   1.39600003       1.12972486    
   1.39700007       1.12792659    
   1.39800012       1.12613821    
   1.39900005       1.12436426    
   1.40000010       1.12259960    
   1.40100002       1.12084877    
   1.40200007       1.11910748    
   1.40300012       1.11737931    
   1.40400004       1.11566150    
   1.40500009       1.11395621    
   1.40600002       1.11226118    
   1.40700006       1.11057866    
   1.40800011       1.10890591    
   1.40900004       1.10724604    
   1.41000009       1.10559571    
   1.41100001       1.10395789    
   1.41200006       1.10232949    
   1.41300011       1.10071349    
   1.41400003       1.09910691    
   1.41500008       1.09751296    
   1.41600001       1.09592795    
   1.41700006       1.09435534    
   1.41800010       1.09279180    
   1.41900003       1.09124041    
   1.42000008       1.08969808    
   1.42100012       1.08816743    
   1.42200005       1.08664584    
   1.42300010       1.08513629    
   1.42400002       1.08363557    
   1.42500007       1.08214653    
   1.42600012       1.08066595    
   1.42700005       1.07919741    
   1.42800009       1.07773709    
   1.42900002       1.07628858    
   1.43000007       1.07484841    
   1.43100011       1.07341957    
   1.43200004       1.07199943    
   1.43300009       1.07059038    
   1.43400002       1.06918967    
   1.43500006       1.06780016    
   1.43600011       1.06641865    
   1.43700004       1.06504846    
   1.43800008       1.06368613    
   1.43900001       1.06233501    
   1.44000006       1.06099188    
   1.44100010       1.05965924    
   1.44200003       1.05833495    
   1.44300008       1.05702114    
   1.44400012       1.05571508    
   1.44500005       1.05441999    
   1.44600010       1.05313230    
   1.44700003       1.05185533    
   1.44800007       1.05058599    
   1.44900012       1.04932690    
   1.45000005       1.04807544    
   1.45100009       1.04683423    
   1.45200002       1.04560077    
   1.45300007       1.04437721    
   1.45400012       1.04316103    
   1.45500004       1.04195511    
   1.45600009       1.04075646    
   1.45700002       1.03956783    
   1.45800006       1.03838634    
   1.45900011       1.03721464    
   1.46000004       1.03605032    
   1.46100008       1.03489554    
   1.46200001       1.03374815    
   1.46300006       1.03261006    
   1.46400011       1.03147924    
   1.46500003       1.03035784    
   1.46600008       1.02924347    
   1.46700013       1.02813840    
   1.46800005       1.02704048    
   1.46900010       1.02595150    
   1.47000003       1.02486968    
   1.47100008       1.02379680    
   1.47200012       1.02273107    
   1.47300005       1.02167404    
   1.47400010       1.02062404    
   1.47500002       1.01958287    
   1.47600007       1.01854849    
   1.47700012       1.01752281    
   1.47800004       1.01650393    
   1.47900009       1.01549363    
   1.48000002       1.01449013    
   1.48100007       1.01349497    
   1.48200011       1.01250648    
   1.48300004       1.01152670    
   1.48400009       1.01055312    
   1.48500001       1.00958824    
   1.48600006       1.00862956    
   1.48700011       1.00767922    
   1.48800004       1.00673544    
   1.48900008       1.00579953    
   1.49000013       1.00487030    
   1.49100006       1.00394905    
   1.49200010       1.00303411    
   1.49300003       1.00212717    
   1.49400008       1.00122654    
   1.49500012       1.00033367    
   1.49600005      0.999447227    
   1.49700010      0.998568416    
   1.49800003      0.997695863    
   1.49900007      0.996830940    
   1.50000012      0.995972037    
   1.50100005      0.995120943    
   1.50200009      0.994275749    
   1.50300002      0.993438244    
   1.50400007      0.992606640    
   1.50500011      0.991782486    
   1.50600004      0.990964472    
   1.50700009      0.990153611    
   1.50800002      0.989348769    
   1.50900006      0.988551140    
   1.51000011      0.987759352    
   1.51100004      0.986974835    
   1.51200008      0.986196041    
   1.51300013      0.985424399    
   1.51400006      0.984658599    
   1.51500010      0.983899713    
   1.51600003      0.983146667    
   1.51700008      0.982400477    
   1.51800013      0.981659949    
   1.51900005      0.980926454    
   1.52000010      0.980198443    
   1.52100003      0.979477346    
   1.52200007      0.978761613    
   1.52300012      0.978052855    
   1.52400005      0.977349460    
   1.52500010      0.976652801    
   1.52600002      0.975961566    
   1.52700007      0.975276947    
   1.52800012      0.974597692    
   1.52900004      0.973925114    
   1.53000009      0.973257780    
   1.53100002      0.972597063    
   1.53200006      0.971941471    
   1.53300011      0.971292377    
   1.53400004      0.970648527    
   1.53500009      0.970011055    
   1.53600001      0.969378769    
   1.53700006      0.968752742    
   1.53800011      0.968131900    
   1.53900003      0.967517376    
   1.54000008      0.966907978    
   1.54100013      0.966304481    
   1.54200006      0.965706408    
   1.54300010      0.965114176    
   1.54400003      0.964527190    
   1.54500008      0.963946164    
   1.54600012      0.963370025    
   1.54700005      0.962799907    
   1.54800010      0.962234855    
   1.54900002      0.961675644    
   1.55000007      0.961121321    
   1.55100012      0.960572839    
   1.55200005      0.960029364    
   1.55300009      0.959491551    
   1.55400002      0.958958566    
   1.55500007      0.958431423    
   1.55600011      0.957908988    
   1.55700004      0.957392275    
   1.55800009      0.956880331    
   1.55900002      0.956373930    
   1.56000006      0.955872357    
   1.56100011      0.955376208    
   1.56200004      0.954884887    
   1.56300008      0.954398990    
   1.56400013      0.953917801    
   1.56500006      0.953441978    
   1.56600010      0.952970922    
   1.56700003      0.952505112    
   1.56800008      0.952043951    
   1.56900012      0.951588035    
   1.57000005      0.951136768    
   1.57100010      0.950690687    
   1.57200003      0.950249374    
   1.57300007      0.949813068    
   1.57400012      0.949381351    
   1.57500005      0.948954701    
   1.57600009      0.948532581    
   1.57700002      0.948115587    
   1.57800007      0.947703004    
   1.57900012      0.947295487    
   1.58000004      0.946892440    
   1.58100009      0.946494281    
   1.58200002      0.946100593    
   1.58300006      0.945711851    
   1.58400011      0.945327520    
   1.58500004      0.944947958    
   1.58600008      0.944572866    
   1.58700013      0.944202483    
   1.58800006      0.943836510    
   1.58900011      0.943475187    
   1.59000003      0.943118393    
   1.59100008      0.942766070    
   1.59200013      0.942418218    
   1.59300005      0.942074955    
   1.59400010      0.941735923    
   1.59500003      0.941401601    
   1.59600008      0.941071510    
   1.59700012      0.940745890    
   1.59800005      0.940424681    
   1.59900010      0.940107584    
   1.60000002      0.939795077    
   1.60100007      0.939486921    
   1.60200012      0.939182878    
   1.60300004      0.938883305    
   1.60400009      0.938587904    
   1.60500002      0.938296854    
   1.60600007      0.938009858    
   1.60700011      0.937727273    
   1.60800004      0.937448859    
   1.60900009      0.937174499    
   1.61000013      0.936904371    
   1.61100006      0.936638474    
   1.61200011      0.936376631    
   1.61300004      0.936119080    
   1.61400008      0.935865462    
   1.61500013      0.935616016    
   1.61600006      0.935370743    
   1.61700010      0.935129344    
   1.61800003      0.934892058    
   1.61900008      0.934658766    
   1.62000012      0.934429526    
   1.62100005      0.934204340    
   1.62200010      0.933983028    
   1.62300003      0.933765829    
   1.62400007      0.933552563    
   1.62500012      0.933342993    
   1.62600005      0.933137655    
   1.62700009      0.932936072    
   1.62800002      0.932738423    
   1.62900007      0.932544589    
   1.63000011      0.932354689    
   1.63100004      0.932168722    
   1.63200009      0.931986451    
   1.63300014      0.931807995    
   1.63400006      0.931633532    
   1.63500011      0.931462646    
   1.63600004      0.931295753    
   1.63700008      0.931132495    
   1.63800013      0.930972993    
   1.63900006      0.930817306    
   1.64000010      0.930665433    
   1.64100003      0.930517018    
   1.64200008      0.930372477    
   1.64300013      0.930231571    
   1.64400005      0.930094481    
   1.64500010      0.929960847    
   1.64600003      0.929831088    
   1.64700007      0.929704726    
   1.64800012      0.929582179    
   1.64900005      0.929463208    
   1.65000010      0.929347873    
   1.65100002      0.929236054    
   1.65200007      0.929127812    
   1.65300012      0.929023087    
   1.65400004      0.928922176    
   1.65500009      0.928824484    
   1.65600014      0.928730607    
   1.65700006      0.928640008    
   1.65800011      0.928553104    
   1.65900004      0.928469539    
   1.66000009      0.928389609    
   1.66100013      0.928312957    
   1.66200006      0.928240061    
   1.66300011      0.928170323    
   1.66400003      0.928104281    
   1.66500008      0.928041399    
   1.66600013      0.927982211    
   1.66700006      0.927926183    
   1.66800010      0.927873790    
   1.66900003      0.927824616    
   1.67000008      0.927778959    
   1.67100012      0.927736461    
   1.67200005      0.927697539    
   1.67300010      0.927661777    
   1.67400002      0.927629530    
   1.67500007      0.927600443    
   1.67600012      0.927574873    
   1.67700005      0.927552462    
   1.67800009      0.927533388    
   1.67900014      0.927517474    
   1.68000007      0.927505076    
   1.68100011      0.927495718    
   1.68200004      0.927489877    
   1.68300009      0.927487016    
   1.68400013      0.927487612    
   1.68500006      0.927491188    
   1.68600011      0.927498221    
   1.68700004      0.927508354    
   1.68800008      0.927521765    
   1.68900013      0.927538157    
   1.69000006      0.927558064    
   1.69100010      0.927580833    
   1.69200003      0.927607119    
   1.69300008      0.927636147    
   1.69400012      0.927668571    
   1.69500005      0.927703977    
   1.69600010      0.927742779    
   1.69700003      0.927784503    
   1.69800007      0.927829564    
   1.69900012      0.927877307    
   1.70000005      0.927928567    
   1.70100009      0.927982569    
   1.70200002      0.928040028    
   1.70300007      0.928100288    
   1.70400012      0.928163767    
   1.70500004      0.928230166    
   1.70600009      0.928299844    
   1.70700014      0.928372264    
   1.70800006      0.928448021    
   1.70900011      0.928526402    
   1.71000004      0.928608298    
   1.71100008      0.928692698    
   1.71200013      0.928780556    
   1.71300006      0.928871095    
   1.71400011      0.928964913    
   1.71500003      0.929061413    
   1.71600008      0.929161131    
   1.71700013      0.929263473    
   1.71800005      0.929369271    
   1.71900010      0.929477513    
   1.72000003      0.929589272    
   1.72100008      0.929703414    
   1.72200012      0.929820955    
   1.72300005      0.929940939    
   1.72400010      0.930064380    
   1.72500002      0.930190265    
   1.72600007      0.930319488    
   1.72700012      0.930451155    
   1.72800004      0.930586159    
   1.72900009      0.930723608    
   1.73000014      0.930864334    
   1.73100007      0.931007624    
   1.73200011      0.931154132    
   1.73300004      0.931303084    
   1.73400009      0.931455314    
   1.73500013      0.931609988    
   1.73600006      0.931768000    
   1.73700011      0.931928337    
   1.73800004      0.932091951    
   1.73900008      0.932258010    
   1.74000013      0.932427227    
   1.74100006      0.932598948    
   1.74200010      0.932773829    
   1.74300003      0.932951093    
   1.74400008      0.933131576    
   1.74500012      0.933314443    
   1.74600005      0.933500528    
   1.74700010      0.933689058    
   1.74800003      0.933880687    
   1.74900007      0.934074700    
   1.75000012      0.934271872    
   1.75100005      0.934471428    
   1.75200009      0.934674203    
   1.75300014      0.934879243    
   1.75400007      0.935087442    
   1.75500011      0.935297966    
   1.75600004      0.935511768    
   1.75700009      0.935727775    
   1.75800014      0.935946941    
   1.75900006      0.936168432    
   1.76000011      0.936393023    
   1.76100004      0.936619997    
   1.76200008      0.936850071    
   1.76300013      0.937082410    
   1.76400006      0.937317908    
   1.76500010      0.937555611    
   1.76600003      0.937796533    
   1.76700008      0.938039601    
   1.76800013      0.938285887    
   1.76900005      0.938534379    
   1.77000010      0.938786030    
   1.77100003      0.939039826    
   1.77200007      0.939296782    
   1.77300012      0.939556003    
   1.77400005      0.939818323    
   1.77500010      0.940082729    
   1.77600014      0.940350413    
   1.77700007      0.940620184    
   1.77800012      0.940893114    
   1.77900004      0.941168189    
   1.78000009      0.941446424    
   1.78100014      0.941726744    
   1.78200006      0.942010283    
   1.78300011      0.942295849    
   1.78400004      0.942584693    
   1.78500009      0.942875504    
   1.78600013      0.943169475    
   1.78700006      0.943465590    
   1.78800011      0.943764806    
   1.78900003      0.944066167    
   1.79000008      0.944370568    
   1.79100013      0.944677114    
   1.79200006      0.944986761    
   1.79300010      0.945298553    
   1.79400003      0.945613384    
   1.79500008      0.945930362    
   1.79600012      0.946250379    
   1.79700005      0.946572483    
   1.79800010      0.946897686    
   1.79900014      0.947224855    
   1.80000007      0.947555363    
   1.80100012      0.947887778    
   1.80200005      0.948223352    
   1.80300009      0.948560834    
   1.80400014      0.948901534    
   1.80500007      0.949244201    
   1.80600011      0.949590087    
   1.80700004      0.949937880    
   1.80800009      0.950288832    
   1.80900013      0.950641751    
   1.81000006      0.950997889    
   1.81100011      0.951355875    
   1.81200004      0.951717138    
   1.81300008      0.952080250    
   1.81400013      0.952446520    
   1.81500006      0.952814817    
   1.81600010      0.953186154    
   1.81700003      0.953559458    
   1.81800008      0.953935981    
   1.81900012      0.954314351    
   1.82000005      0.954695880    
   1.82100010      0.955079377    
   1.82200015      0.955465972    
   1.82300007      0.955854595    
   1.82400012      0.956246197    
   1.82500005      0.956639886    
   1.82600009      0.957036555    
   1.82700014      0.957435250    
   1.82800007      0.957837045    
   1.82900012      0.958240747    
   1.83000004      0.958647609    
   1.83100009      0.959056318    
   1.83200014      0.959468186    
   1.83300006      0.959881961    
   1.83400011      0.960298896    
   1.83500004      0.960717738    
   1.83600008      0.961139679    
   1.83700013      0.961563528    
   1.83800006      0.961990535    
   1.83900011      0.962419391    
   1.84000003      0.962851405    
   1.84100008      0.963285267    
   1.84200013      0.963722229    
   1.84300005      0.964161217    
   1.84400010      0.964603186    
   1.84500003      0.965047121    
   1.84600008      0.965494156    
   1.84700012      0.965943038    
   1.84800005      0.966395140    
   1.84900010      0.966849029    
   1.85000014      0.967306018    
   1.85100007      0.967764974    
   1.85200012      0.968226969    
   1.85300004      0.968690932    
   1.85400009      0.969157934    
   1.85500014      0.969626844    
   1.85600007      0.970098853    
   1.85700011      0.970572710    
   1.85800004      0.971049726    
   1.85900009      0.971528590    
   1.86000013      0.972010553    
   1.86100006      0.972494423    
   1.86200011      0.972981334    
   1.86300004      0.973470151    
   1.86400008      0.973962009    
   1.86500013      0.974455714    
   1.86600006      0.974952579    
   1.86700010      0.975451350    
   1.86800003      0.975953102    
   1.86900008      0.976456821    
   1.87000012      0.976963520    
   1.87100005      0.977472126    
   1.87200010      0.977983832    
   1.87300014      0.978497326    
   1.87400007      0.979013920    
   1.87500012      0.979532361    
   1.87600005      0.980053902    
   1.87700009      0.980577290    
   1.87800014      0.981103659    
   1.87900007      0.981631935    
   1.88000011      0.982163250    
   1.88100004      0.982696414    
   1.88200009      0.983232558    
   1.88300014      0.983770609    
   1.88400006      0.984311700    
   1.88500011      0.984854519    
   1.88600004      0.985400438    
   1.88700008      0.985948145    
   1.88800013      0.986498833    
   1.88900006      0.987051368    
   1.89000010      0.987606943    
   1.89100003      0.988164306    
   1.89200008      0.988724589    
   1.89300013      0.989286721    
   1.89400005      0.989851832    
   1.89500010      0.990418673    
   1.89600015      0.990988493    
   1.89700007      0.991560042    
   1.89800012      0.992134571    
   1.89900005      0.992710888    
   1.90000010      0.993290067    
   1.90100014      0.993871033    
   1.90200007      0.994454920    
   1.90300012      0.995040476    
   1.90400004      0.995628953    
   1.90500009      0.996219099    
   1.90600014      0.996812165    
   1.90700006      0.997406900    
   1.90800011      0.998004496    
   1.90900004      0.998603702    
   1.91000009      0.999205828    
   1.91100013      0.999809444    
   1.91200006       1.00041604    
   1.91300011       1.00102413    
   1.91400003       1.00163507    
   1.91500008       1.00224745    
   1.91600013       1.00286269    
   1.91700006       1.00347948    
   1.91800010       1.00409901    
   1.91900015       1.00471997    
   1.92000008       1.00534379    
   1.92100012       1.00596893    
   1.92200005       1.00659692    
   1.92300010       1.00722611    
   1.92400014       1.00785816    
   1.92500007       1.00849152    
   1.92600012       1.00912738    
   1.92700005       1.00976479    
   1.92800009       1.01040459    
   1.92900014       1.01104581    
   1.93000007       1.01168954    
   1.93100011       1.01233447    
   1.93200004       1.01298201    
   1.93300009       1.01363075    
   1.93400013       1.01428187    
   1.93500006       1.01493418    
   1.93600011       1.01558888    
   1.93700004       1.01624465    
   1.93800008       1.01690280    
   1.93900013       1.01756203    
   1.94000006       1.01822352    
   1.94100010       1.01888609    
   1.94200015       1.01955080    
   1.94300008       1.02021658    
   1.94400012       1.02088451    
   1.94500005       1.02155328    
   1.94600010       1.02222407    
   1.94700015       1.02289581    
   1.94800007       1.02356958    
   1.94900012       1.02424419    
   1.95000005       1.02492070    
   1.95100009       1.02559793    
   1.95200014       1.02627707    
   1.95300007       1.02695680    
   1.95400012       1.02763844    
   1.95500004       1.02832055    
   1.95600009       1.02900445    
   1.95700014       1.02968895    
   1.95800006       1.03037500    
   1.95900011       1.03106141    
   1.96000004       1.03174961    
   1.96100008       1.03243804    
   1.96200013       1.03312790    
   1.96300006       1.03381824    
   1.96400011       1.03450978    
   1.96500015       1.03520167    
   1.96600008       1.03589475    
   1.96700013       1.03658807    
   1.96800005       1.03728247    
   1.96900010       1.03797698    
   1.97000015       1.03867269    
   1.97100008       1.03936815    
   1.97200012       1.04006481    
   1.97300005       1.04076135    
   1.97400010       1.04145873    
   1.97500014       1.04215586    
   1.97600007       1.04285383    
   1.97700012       1.04355145    
   1.97800004       1.04424989    
   1.97900009       1.04494786    
   1.98000014       1.04564631    
   1.98100007       1.04634440    
   1.98200011       1.04704297    
   1.98300004       1.04774094    
   1.98400009       1.04843926    
   1.98500013       1.04913688    
   1.98600006       1.04983473    
   1.98700011       1.05053186    
   1.98800004       1.05122912    
   1.98900008       1.05192542    
   1.99000013       1.05262184    
   1.99100006       1.05331719    
   1.99200010       1.05401254    
   1.99300015       1.05470669    
   1.99400008       1.05540061    
   1.99500012       1.05609345    
   1.99600005       1.05678582    
   1.99700010       1.05747700    
   1.99800014       1.05816770    
   1.99900007       1.05885696    
   2.00000000       1.05954564    
   2.00100017       1.06023276    
   2.00200009       1.06091928    
   2.00300002       1.06160402    
   2.00400019       1.06228805    
   2.00500011       1.06297028    
   2.00600004       1.06365168    
   2.00700021       1.06433105    
   2.00800014       1.06500947    
   2.00900006       1.06568587    
   2.00999999       1.06636119    
   2.01100016       1.06703424    
   2.01200008       1.06770611    
   2.01300001       1.06837583    
   2.01400018       1.06904399    
   2.01500010       1.06970990    
   2.01600003       1.07037413    
   2.01700020       1.07103610    
   2.01800013       1.07169640    
   2.01900005       1.07235408    
   2.01999998       1.07300997    
   2.02100015       1.07366323    
   2.02200007       1.07431459    
   2.02300000       1.07496321    
   2.02400017       1.07560980    
   2.02500010       1.07625341    
   2.02600002       1.07689500    
   2.02700019       1.07753348    
   2.02800012       1.07816982    
   2.02900004       1.07880294    
   2.03000021       1.07943368    
   2.03100014       1.08006132    
   2.03200006       1.08068645    
   2.03299999       1.08130813    
   2.03400016       1.08192730    
   2.03500009       1.08254302    
   2.03600001       1.08315611    
   2.03700018       1.08376551    
   2.03800011       1.08437228    
   2.03900003       1.08497512    
   2.04000020       1.08557522    
   2.04100013       1.08617151    
   2.04200006       1.08676481    
   2.04299998       1.08735430    
   2.04400015       1.08794057    
   2.04500008       1.08852291    
   2.04600000       1.08910203    
   2.04700017       1.08967710    
   2.04800010       1.09024882    
   2.04900002       1.09081638    
   2.05000019       1.09138048    
   2.05100012       1.09194028    
   2.05200005       1.09249663    
   2.05300021       1.09304869    
   2.05400014       1.09359705    
   2.05500007       1.09414101    
   2.05599999       1.09468126    
   2.05700016       1.09521699    
   2.05800009       1.09574890    
   2.05900002       1.09627628    
   2.06000018       1.09679961    
   2.06100011       1.09731841    
   2.06200004       1.09783316    
   2.06300020       1.09834313    
   2.06400013       1.09884918    
   2.06500006       1.09935033    
   2.06599998       1.09984732    
   2.06700015       1.10033941    
   2.06800008       1.10082734    
   2.06900001       1.10131025    
   2.07000017       1.10178876    
   2.07100010       1.10226238    
   2.07200003       1.10273159    
   2.07300019       1.10319579    
   2.07400012       1.10365546    
   2.07500005       1.10411012    
   2.07600021       1.10456002    
   2.07700014       1.10500503    
   2.07800007       1.10544515    
   2.07900000       1.10588026    
   2.08000016       1.10631061    
   2.08100009       1.10673583    
   2.08200002       1.10715604    
   2.08300018       1.10757124    
   2.08400011       1.10798144    
   2.08500004       1.10838640    
   2.08600020       1.10878646    
   2.08700013       1.10918117    
   2.08800006       1.10957098    
   2.08899999       1.10995531    
   2.09000015       1.11033475    
   2.09100008       1.11070883    
   2.09200001       1.11107790    
   2.09300017       1.11144149    
   2.09400010       1.11179984    
   2.09500003       1.11215305    
   2.09600019       1.11250079    
   2.09700012       1.11284339    
   2.09800005       1.11318064    
   2.09900022       1.11351240    
   2.10000014       1.11383903    
   2.10100007       1.11416006    
   2.10200000       1.11447608    
   2.10300016       1.11478639    
   2.10400009       1.11509156    
   2.10500002       1.11539125    
   2.10600019       1.11568546    
   2.10700011       1.11597431    
   2.10800004       1.11625791    
   2.10900021       1.11653590    
   2.11000013       1.11680865    
   2.11100006       1.11707580    
   2.11199999       1.11733770    
   2.11300015       1.11759400    
   2.11400008       1.11784506    
   2.11500001       1.11809039    
   2.11600018       1.11833060    
   2.11700010       1.11856520    
   2.11800003       1.11879444    
   2.11900020       1.11901820    
   2.12000012       1.11923671    
   2.12100005       1.11944973    
   2.12200022       1.11965716    
   2.12300014       1.11985934    
   2.12400007       1.12005615    
   2.12500000       1.12024748    
   2.12600017       1.12043345    
   2.12700009       1.12061381    
   2.12800002       1.12078917    
   2.12900019       1.12095916    
   2.13000011       1.12112355    
   2.13100004       1.12128246    
   2.13200021       1.12143648    
   2.13300014       1.12158489    
   2.13400006       1.12172806    
   2.13499999       1.12186599    
   2.13600016       1.12199867    
   2.13700008       1.12212586    
   2.13800001       1.12224793    
   2.13900018       1.12236476    
   2.14000010       1.12247634    
   2.14100003       1.12258267    
   2.14200020       1.12268388    
   2.14300013       1.12277973    
   2.14400005       1.12287080    
   2.14500022       1.12295651    
   2.14600015       1.12303710    
   2.14700007       1.12311268    
   2.14800000       1.12318289    
   2.14900017       1.12324810    
   2.15000010       1.12330854    
   2.15100002       1.12336373    
   2.15200019       1.12341404    
   2.15300012       1.12345922    
   2.15400004       1.12349963    
   2.15500021       1.12353516    
   2.15600014       1.12356544    
   2.15700006       1.12359095    
   2.15799999       1.12361181    
   2.15900016       1.12362778    
   2.16000009       1.12363863    
   2.16100001       1.12364495    
   2.16200018       1.12364650    
   2.16300011       1.12364328    
   2.16400003       1.12363529    
   2.16500020       1.12362266    
   2.16600013       1.12360537    
   2.16700006       1.12358344    
   2.16800022       1.12355685    
   2.16900015       1.12352586    
   2.17000008       1.12349010    
   2.17100000       1.12344992    
   2.17200017       1.12340522    
   2.17300010       1.12335634    
   2.17400002       1.12330270    
   2.17500019       1.12324464    
   2.17600012       1.12318230    
   2.17700005       1.12311566    
   2.17800021       1.12304461    
   2.17900014       1.12296939    
   2.18000007       1.12288976    
   2.18099999       1.12280607    
   2.18200016       1.12271810    
   2.18300009       1.12262619    
   2.18400002       1.12252975    
   2.18500018       1.12242949    
   2.18600011       1.12232494    
   2.18700004       1.12221670    
   2.18800020       1.12210417    
   2.18900013       1.12198782    
   2.19000006       1.12186742    
   2.19100022       1.12174320    
   2.19200015       1.12161505    
   2.19300008       1.12148321    
   2.19400001       1.12134743    
   2.19500017       1.12120807    
   2.19600010       1.12106478    
   2.19700003       1.12091815    
   2.19800019       1.12076724    
   2.19900012       1.12061310    
   2.20000005       1.12045515    
   2.20100021       1.12029386    
   2.20200014       1.12012887    
   2.20300007       1.11996043    
   2.20400000       1.11978853    
   2.20500016       1.11961329    
   2.20600009       1.11943436    
   2.20700002       1.11925244    
   2.20800018       1.11906683    
   2.20900011       1.11887836    
   2.21000004       1.11868620    
   2.21100020       1.11849105    
   2.21200013       1.11829257    
   2.21300006       1.11809123    
   2.21399999       1.11788642    
   2.21500015       1.11767888    
   2.21600008       1.11746776    
   2.21700001       1.11725426    
   2.21800017       1.11703718    
   2.21900010       1.11681747    
   2.22000003       1.11659467    
   2.22100019       1.11636937    
   2.22200012       1.11614072    
   2.22300005       1.11590958    
   2.22400022       1.11567533    
   2.22500014       1.11543882    
   2.22600007       1.11519909    
   2.22700000       1.11495721    
   2.22800016       1.11471224    
   2.22900009       1.11446500    
   2.23000002       1.11421478    
   2.23100019       1.11396265    
   2.23200011       1.11370730    
   2.23300004       1.11344981    
   2.23400021       1.11318970    
   2.23500013       1.11292756    
   2.23600006       1.11266255    
   2.23699999       1.11239576    
   2.23800015       1.11212599    
   2.23900008       1.11185455    
   2.24000001       1.11158049    
   2.24100018       1.11130452    
   2.24200010       1.11102593    
   2.24300003       1.11074579    
   2.24400020       1.11046278    
   2.24500012       1.11017847    
   2.24600005       1.10989141    
   2.24700022       1.10960293    
   2.24800014       1.10931194    
   2.24900007       1.10901964    
   2.25000000       1.10872459    
   2.25100017       1.10842836    
   2.25200009       1.10812974    
   2.25300002       1.10782981    
   2.25400019       1.10752749    
   2.25500011       1.10722411    
   2.25600004       1.10691822    
   2.25700021       1.10661125    
   2.25800014       1.10630202    
   2.25900006       1.10599184    
   2.25999999       1.10567939    
   2.26100016       1.10536587    
   2.26200008       1.10505033    
   2.26300001       1.10473371    
   2.26400018       1.10441506    
   2.26500010       1.10409558    
   2.26600003       1.10377407    
   2.26700020       1.10345161    
   2.26800013       1.10312736    
   2.26900005       1.10280228    
   2.27000022       1.10247517    
   2.27100015       1.10214758    
   2.27200007       1.10181785    
   2.27300000       1.10148764    
   2.27400017       1.10115564    
   2.27500010       1.10082293    
   2.27600002       1.10048854    
   2.27700019       1.10015368    
   2.27800012       1.09981704    
   2.27900004       1.09947991    
   2.28000021       1.09914112    
   2.28100014       1.09880209    
   2.28200006       1.09846115    
   2.28299999       1.09812009    
   2.28400016       1.09777725    
   2.28500009       1.09743428    
   2.28600001       1.09708977    
   2.28700018       1.09674501    
   2.28800011       1.09639871    
   2.28900003       1.09605229    
   2.29000020       1.09570432    
   2.29100013       1.09535646    
   2.29200006       1.09500694    
   2.29300022       1.09465754    
   2.29400015       1.09430671    
   2.29500008       1.09395587    
   2.29600000       1.09360373    
   2.29700017       1.09325159    
   2.29800010       1.09289813    
   2.29900002       1.09254491    
   2.30000019       1.09219038    
   2.30100012       1.09183598    
   2.30200005       1.09148037    
   2.30300021       1.09112501    
   2.30400014       1.09076846    
   2.30500007       1.09041214    
   2.30599999       1.09005475    
   2.30700016       1.08969772    
   2.30800009       1.08933938    
   2.30900002       1.08898163    
   2.31000018       1.08862257    
   2.31100011       1.08826411    
   2.31200004       1.08790457    
   2.31300020       1.08754539    
   2.31400013       1.08718538    
   2.31500006       1.08682585    
   2.31600022       1.08646524    
   2.31700015       1.08610535    
   2.31800008       1.08574426    
   2.31900001       1.08538401    
   2.32000017       1.08502269    
   2.32100010       1.08466220    
   2.32200003       1.08430076    
   2.32300019       1.08394003    
   2.32400012       1.08357835    
   2.32500005       1.08321750    
   2.32600021       1.08285570    
   2.32700014       1.08249497    
   2.32800007       1.08213317    
   2.32900000       1.08177221    
   2.33000016       1.08141053    
   2.33100009       1.08104992    
   2.33200002       1.08068824    
   2.33300018       1.08032763    
   2.33400011       1.07996631    
   2.33500004       1.07960594    
   2.33600020       1.07924485    
   2.33700013       1.07888484    
   2.33800006       1.07852411    
   2.33900023       1.07816446    
   2.34000015       1.07780397    
   2.34100008       1.07744479    
   2.34200001       1.07708478    
   2.34300017       1.07672608    
   2.34400010       1.07636666    
   2.34500003       1.07600844    
   2.34600019       1.07564962    
   2.34700012       1.07529211    
   2.34800005       1.07493377    
   2.34900022       1.07457685    
   2.35000014       1.07421935    
   2.35100007       1.07386303    
   2.35200000       1.07350636    
   2.35300016       1.07315087    
   2.35400009       1.07279491    
   2.35500002       1.07244027    
   2.35600019       1.07208502    
   2.35700011       1.07173133    
   2.35800004       1.07137716    
   2.35900021       1.07102430    
   2.36000013       1.07067096    
   2.36100006       1.07031918    
   2.36200023       1.06996679    
   2.36300015       1.06961584    
   2.36400008       1.06926477    
   2.36500001       1.06891489    
   2.36600018       1.06856489    
   2.36700010       1.06821620    
   2.36800003       1.06786716    
   2.36900020       1.06751978    
   2.37000012       1.06717181    
   2.37100005       1.06682551    
   2.37200022       1.06647897    
   2.37300014       1.06613386    
   2.37400007       1.06578863    
   2.37500000       1.06544495    
   2.37600017       1.06510079    
   2.37700009       1.06475854    
   2.37800002       1.06441569    
   2.37900019       1.06407464    
   2.38000011       1.06373334    
   2.38100004       1.06339371    
   2.38200021       1.06305385    
   2.38300014       1.06271577    
   2.38400006       1.06237721    
   2.38500023       1.06204045    
   2.38600016       1.06170356    
   2.38700008       1.06136847    
   2.38800001       1.06103301    
   2.38900018       1.06069946    
   2.39000010       1.06036556    
   2.39100003       1.06003368    
   2.39200020       1.05970132    
   2.39300013       1.05937076    
   2.39400005       1.05904031    
   2.39500022       1.05871141    
   2.39600015       1.05838239    
   2.39700007       1.05805552    
   2.39800000       1.05772817    
   2.39900017       1.05740273    
   2.40000010       1.05707717    
   2.40100002       1.05675352    
   2.40200019       1.05642962    
   2.40300012       1.05610764    
   2.40400004       1.05578566    
   2.40500021       1.05546558    
   2.40600014       1.05514526    
   2.40700006       1.05482709    
   2.40800023       1.05450845    
   2.40900016       1.05419219    
   2.41000009       1.05387557    
   2.41100001       1.05356097    
   2.41200018       1.05324626    
   2.41300011       1.05293357    
   2.41400003       1.05262065    
   2.41500020       1.05230999    
   2.41600013       1.05199897    
   2.41700006       1.05169022    
   2.41800022       1.05138111    
   2.41900015       1.05107427    
   2.42000008       1.05076718    
   2.42100000       1.05046225    
   2.42200017       1.05015719    
   2.42300010       1.04985428    
   2.42400002       1.04955125    
   2.42500019       1.04925036    
   2.42600012       1.04894924    
   2.42700005       1.04865038    
   2.42800021       1.04835129    
   2.42900014       1.04805446    
   2.43000007       1.04775751    
   2.43100023       1.04746270    
   2.43200016       1.04716778    
   2.43300009       1.04687512    
   2.43400002       1.04658222    
   2.43500018       1.04629159    
   2.43600011       1.04600096    
   2.43700004       1.04571235    
   2.43800020       1.04542375    
   2.43900013       1.04513741    
   2.44000006       1.04485083    
   2.44100022       1.04456663    
   2.44200015       1.04428220    
   2.44300008       1.04400015    
   2.44400001       1.04371786    
   2.44500017       1.04343796    
   2.44600010       1.04315794    
   2.44700003       1.04288018    
   2.44800019       1.04260218    
   2.44900012       1.04232669    
   2.45000005       1.04205096    
   2.45100021       1.04177749    
   2.45200014       1.04150403    
   2.45300007       1.04123282    
   2.45400023       1.04096150    
   2.45500016       1.04069257    
   2.45600009       1.04042339    
   2.45700002       1.04015660    
   2.45800018       1.03988969    
   2.45900011       1.03962517    
   2.46000004       1.03936052    
   2.46100020       1.03909826    
   2.46200013       1.03883576    
   2.46300006       1.03857577    
   2.46400023       1.03831553    
   2.46500015       1.03805768    
   2.46600008       1.03779972    
   2.46700001       1.03754425    
   2.46800017       1.03728855    
   2.46900010       1.03703523    
   2.47000003       1.03678179    
   2.47100019       1.03653085    
   2.47200012       1.03627956    
   2.47300005       1.03603089    
   2.47400022       1.03578198    
   2.47500014       1.03553545    
   2.47600007       1.03528881    
   2.47700024       1.03504467    
   2.47800016       1.03480029    
   2.47900009       1.03455842    
   2.48000002       1.03431630    
   2.48100019       1.03407669    
   2.48200011       1.03383696    
   2.48300004       1.03359962    
   2.48400021       1.03336215    
   2.48500013       1.03312707    
   2.48600006       1.03289187    
   2.48700023       1.03265917    
   2.48800015       1.03242612    
   2.48900008       1.03219569    
   2.49000001       1.03196514    
   2.49100018       1.03173697    
   2.49200010       1.03150856    
   2.49300003       1.03128278    
   2.49400020       1.03105676    
   2.49500012       1.03083313    
   2.49600005       1.03060937    
   2.49700022       1.03038812    
   2.49800014       1.03016663    
   2.49900007       1.02994776    
   2.50000000       1.02972853    
   2.50100017       1.02951193    
   2.50200009       1.02929509    
   2.50300002       1.02908075    
   2.50400019       1.02886617    
   2.50500011       1.02865410    
   2.50600004       1.02844179    
   2.50700021       1.02823198    
   2.50800014       1.02802205    
   2.50900006       1.02781463    
   2.51000023       1.02760684    
   2.51100016       1.02740169    
   2.51200008       1.02719629    
   2.51300001       1.02699339    
   2.51400018       1.02679026    
   2.51500010       1.02658963    
   2.51600003       1.02638876    
   2.51700020       1.02619052    
   2.51800013       1.02599192    
   2.51900005       1.02579582    
   2.52000022       1.02559960    
   2.52100015       1.02540588    
   2.52200007       1.02521181    
   2.52300000       1.02502036    
   2.52400017       1.02482867    
   2.52500010       1.02463937    
   2.52600002       1.02444994    
   2.52700019       1.02426302    
   2.52800012       1.02407575    
   2.52900004       1.02389109    
   2.53000021       1.02370620    
   2.53100014       1.02352369    
   2.53200006       1.02334106    
   2.53300023       1.02316082    
   2.53400016       1.02298045    
   2.53500009       1.02280247    
   2.53600001       1.02262425    
   2.53700018       1.02244866    
   2.53800011       1.02227271    
   2.53900003       1.02209926    
   2.54000020       1.02192545    
   2.54100013       1.02175426    
   2.54200006       1.02158284    
   2.54300022       1.02141380    
   2.54400015       1.02124453    
   2.54500008       1.02107775    
   2.54600000       1.02091074    
   2.54700017       1.02074623    
   2.54800010       1.02058136    
   2.54900002       1.02041900    
   2.55000019       1.02025640    
   2.55100012       1.02009630    
   2.55200005       1.01993585    
   2.55300021       1.01977789    
   2.55400014       1.01961970    
   2.55500007       1.01946390    
   2.55600023       1.01930785    
   2.55700016       1.01915443    
   2.55800009       1.01900053    
   2.55900002       1.01884913    
   2.56000018       1.01869738    
   2.56100011       1.01854825    
   2.56200004       1.01839864    
   2.56300020       1.01825166    
   2.56400013       1.01810431    
   2.56500006       1.01795936    
   2.56600022       1.01781416    
   2.56700015       1.01767147    
   2.56800008       1.01752841    
   2.56900001       1.01738775    
   2.57000017       1.01724684    
   2.57100010       1.01710844    
   2.57200003       1.01696956    
   2.57300019       1.01683331    
   2.57400012       1.01669657    
   2.57500005       1.01656234    
   2.57600021       1.01642776    
   2.57700014       1.01629567    
   2.57800007       1.01616323    
   2.57900023       1.01603317    
   2.58000016       1.01590288    
   2.58100009       1.01577497    
   2.58200002       1.01564658    
   2.58300018       1.01552081    
   2.58400011       1.01539457    
   2.58500004       1.01527083    
   2.58600020       1.01514673    
   2.58700013       1.01502502    
   2.58800006       1.01490295    
   2.58900023       1.01478338    
   2.59000015       1.01466334    
   2.59100008       1.01454580    
   2.59200001       1.01442778    
   2.59300017       1.01431227    
   2.59400010       1.01419640    
   2.59500003       1.01408291    
   2.59600019       1.01396894    
   2.59700012       1.01385760    
   2.59800005       1.01374555    
   2.59900022       1.01363623    
   2.60000014       1.01352632    
   2.60100007       1.01341879    
   2.60200024       1.01331091    
   2.60300016       1.01320553    
   2.60400009       1.01309967    
   2.60500002       1.01299620    
   2.60600019       1.01289225    
   2.60700011       1.01279080    
   2.60800004       1.01268888    
   2.60900021       1.01258945    
   2.61000013       1.01248932    
   2.61100006       1.01239192    
   2.61200023       1.01229382    
   2.61300015       1.01219821    
   2.61400008       1.01210213    
   2.61500001       1.01200855    
   2.61600018       1.01191437    
   2.61700010       1.01182270    
   2.61800003       1.01173031    
   2.61900020       1.01164055    
   2.62000012       1.01155031    
   2.62100005       1.01146245    
   2.62200022       1.01137400    
   2.62300014       1.01128805    
   2.62400007       1.01120150    
   2.62500024       1.01111734    
   2.62600017       1.01103270    
   2.62700009       1.01095057    
   2.62800002       1.01086771    
   2.62900019       1.01078737    
   2.63000011       1.01070654    
   2.63100004       1.01062799    
   2.63200021       1.01054895    
   2.63300014       1.01047230    
   2.63400006       1.01039517    
   2.63500023       1.01032031    
   2.63600016       1.01024497    
   2.63700008       1.01017201    
   2.63800001       1.01009846    
   2.63900018       1.01002729    
   2.64000010       1.00995564    
   2.64100003       1.00988626    
   2.64200020       1.00981629    
   2.64300013       1.00974882    
   2.64400005       1.00968063    
   2.64500022       1.00961494    
   2.64600015       1.00954854    
   2.64700007       1.00948465    
   2.64800024       1.00941992    
   2.64900017       1.00935781    
   2.65000010       1.00929499    
   2.65100002       1.00923455    
   2.65200019       1.00917339    
   2.65300012       1.00911474    
   2.65400004       1.00905538    
   2.65500021       1.00899839    
   2.65600014       1.00894082    
   2.65700006       1.00888562    
   2.65800023       1.00882959    
   2.65900016       1.00877619    
   2.66000009       1.00872195    
   2.66100001       1.00867021    
   2.66200018       1.00861764    
   2.66300011       1.00856757    
   2.66400003       1.00851667    
   2.66500020       1.00846827    
   2.66600013       1.00841916    
   2.66700006       1.00837243    
   2.66800022       1.00832486    
   2.66900015       1.00827980    
   2.67000008       1.00823390    
   2.67100024       1.00819051    
   2.67200017       1.00814629    
   2.67300010       1.00810456    
   2.67400002       1.00806201    
   2.67500019       1.00802183    
   2.67600012       1.00798082    
   2.67700005       1.00794232    
   2.67800021       1.00790298    
   2.67900014       1.00786602    
   2.68000007       1.00782824    
   2.68100023       1.00779295    
   2.68200016       1.00775671    
   2.68300009       1.00772297    
   2.68400002       1.00768840    
   2.68500018       1.00765622    
   2.68600011       1.00762320    
   2.68700004       1.00759256    
   2.68800020       1.00756109    
   2.68900013       1.00753200    
   2.69000006       1.00750208    
   2.69100022       1.00747454    
   2.69200015       1.00744617    
   2.69300008       1.00742018    
   2.69400024       1.00739336    
   2.69500017       1.00736880    
   2.69600010       1.00734341    
   2.69700003       1.00732040    
   2.69800019       1.00729656    
   2.69900012       1.00727510    
   2.70000005       1.00725281    
   2.70100021       1.00723279    
   2.70200014       1.00721192    
   2.70300007       1.00719333    
   2.70400023       1.00717390    
   2.70500016       1.00715673    
   2.70600009       1.00713885    
   2.70700002       1.00712323    
   2.70800018       1.00710666    
   2.70900011       1.00709248    
   2.71000004       1.00707746    
   2.71100020       1.00706458    
   2.71200013       1.00705099    
   2.71300006       1.00703955    
   2.71400023       1.00702739    
   2.71500015       1.00701737    
   2.71600008       1.00700653    
   2.71700025       1.00699794    
   2.71800017       1.00698853    
   2.71900010       1.00698137    
   2.72000003       1.00697327    
   2.72100019       1.00696743    
   2.72200012       1.00696075    
   2.72300005       1.00695622    
   2.72400022       1.00695086    
   2.72500014       1.00694776    
   2.72600007       1.00694370    
   2.72700024       1.00694191    
   2.72800016       1.00693929    
   2.72900009       1.00693882    
   2.73000002       1.00693750    
   2.73100019       1.00693834    
   2.73200011       1.00693822    
   2.73300004       1.00694036    
   2.73400021       1.00694168    
   2.73500013       1.00694513    
   2.73600006       1.00694764    
   2.73700023       1.00695229    
   2.73800015       1.00695610    
   2.73900008       1.00696218    
   2.74000025       1.00696719    
   2.74100018       1.00697446    
   2.74200010       1.00698078    
   2.74300003       1.00698924    
   2.74400020       1.00699675    
   2.74500012       1.00700653    
   2.74600005       1.00701523    
   2.74700022       1.00702620    
   2.74800014       1.00703621    
   2.74900007       1.00704837    
   2.75000024       1.00705957    
   2.75100017       1.00707293    
   2.75200009       1.00708532    
   2.75300002       1.00709987    
   2.75400019       1.00711346    
   2.75500011       1.00712919    
   2.75600004       1.00714386    
   2.75700021       1.00716078    
   2.75800014       1.00717664    
   2.75900006       1.00719464    
   2.76000023       1.00721169    
   2.76100016       1.00723088    
   2.76200008       1.00724912    
   2.76300025       1.00726938    
   2.76400018       1.00728869    
   2.76500010       1.00731015    
   2.76600003       1.00733054    
   2.76700020       1.00735307    
   2.76800013       1.00737453    
   2.76900005       1.00739813    
   2.77000022       1.00742078    
   2.77100015       1.00744545    
   2.77200007       1.00746918    
   2.77300024       1.00749493    
   2.77400017       1.00751960    
   2.77500010       1.00754654    
   2.77600002       1.00757229    
   2.77700019       1.00760019    
   2.77800012       1.00762701    
   2.77900004       1.00765586    
   2.78000021       1.00768375    
   2.78100014       1.00771368    
   2.78200006       1.00774252    
   2.78300023       1.00777352    
   2.78400016       1.00780344    
   2.78500009       1.00783539    
   2.78600001       1.00786626    
   2.78700018       1.00789917    
   2.78800011       1.00793099    
   2.78900003       1.00796497    
   2.79000020       1.00799775    
   2.79100013       1.00803268    
   2.79200006       1.00806642    
   2.79300022       1.00810230    
   2.79400015       1.00813699    
   2.79500008       1.00817370    
   2.79600024       1.00820935    
   2.79700017       1.00824714    
   2.79800010       1.00828373    
   2.79900002       1.00832236    
   2.80000019       1.00835979    
   2.80100012       1.00839937    
   2.80200005       1.00843775    
   2.80300021       1.00847816    
   2.80400014       1.00851738    
   2.80500007       1.00855863    
   2.80600023       1.00859880    
   2.80700016       1.00864100    
   2.80800009       1.00868201    
   2.80900002       1.00872505    
   2.81000018       1.00876689    
   2.81100011       1.00881076    
   2.81200004       1.00885344    
   2.81300020       1.00889814    
   2.81400013       1.00894165    
   2.81500006       1.00898719    
   2.81600022       1.00903153    
   2.81700015       1.00907779    
   2.81800008       1.00912297    
   2.81900024       1.00917006    
   2.82000017       1.00921595    
   2.82100010       1.00926387    
   2.82200003       1.00931060    
   2.82300019       1.00935924    
   2.82400012       1.00940669    
   2.82500005       1.00945616    
   2.82600021       1.00950432    
   2.82700014       1.00955451    
   2.82800007       1.00960350    
   2.82900023       1.00965440    
   2.83000016       1.00970411    
   2.83100009       1.00975573    
   2.83200002       1.00980604    
   2.83300018       1.00985837    
   2.83400011       1.00990951    
   2.83500004       1.00996256    
   2.83600020       1.01001430    
   2.83700013       1.01006806    
   2.83800006       1.01012051    
   2.83900023       1.01017487    
   2.84000015       1.01022804    
   2.84100008       1.01028299    
   2.84200025       1.01033688    
   2.84300017       1.01039255    
   2.84400010       1.01044691    
   2.84500003       1.01050329    
   2.84600019       1.01055825    
   2.84700012       1.01061523    
   2.84800005       1.01067090    
   2.84900022       1.01072848    
   2.85000014       1.01078475    
   2.85100007       1.01084280    
   2.85200024       1.01089966    
   2.85300016       1.01095843    
   2.85400009       1.01101577    
   2.85500002       1.01107514    
   2.85600019       1.01113307    
   2.85700011       1.01119292    
   2.85800004       1.01125145    
   2.85900021       1.01131189    
   2.86000013       1.01137090    
   2.86100006       1.01143193    
   2.86200023       1.01149142    
   2.86300015       1.01155293    
   2.86400008       1.01161301    
   2.86500025       1.01167500    
   2.86600018       1.01173556    
   2.86700010       1.01179802    
   2.86800003       1.01185906    
   2.86900020       1.01192200    
   2.87000012       1.01198363    
   2.87100005       1.01204705    
   2.87200022       1.01210904    
   2.87300014       1.01217282    
   2.87400007       1.01223528    
   2.87500024       1.01229954    
   2.87600017       1.01236248    
   2.87700009       1.01242721    
   2.87800002       1.01249051    
   2.87900019       1.01255560    
   2.88000011       1.01261938    
   2.88100004       1.01268482    
   2.88200021       1.01274896    
   2.88300014       1.01281488    
   2.88400006       1.01287937    
   2.88500023       1.01294565    
   2.88600016       1.01301050    
   2.88700008       1.01307714    
   2.88800025       1.01314235    
   2.88900018       1.01320934    
   2.89000010       1.01327491    
   2.89100003       1.01334226    
   2.89200020       1.01340806    
   2.89300013       1.01347566    
   2.89400005       1.01354194    
   2.89500022       1.01360989    
   2.89600015       1.01367629    
   2.89700007       1.01374459    
   2.89800024       1.01381135    
   2.89900017       1.01387990    
   2.90000010       1.01394689    
   2.90100002       1.01401567    
   2.90200019       1.01408303    
   2.90300012       1.01415205    
   2.90400004       1.01421952    
   2.90500021       1.01428878    
   2.90600014       1.01435661    
   2.90700006       1.01442611    
   2.90800023       1.01449406    
   2.90900016       1.01456380    
   2.91000009       1.01463199    
   2.91100025       1.01470184    
   2.91200018       1.01477027    
   2.91300011       1.01484036    
   2.91400003       1.01490891    
   2.91500020       1.01497912    
   2.91600013       1.01504779    
   2.91700006       1.01511824    
   2.91800022       1.01518703    
   2.91900015       1.01525760    
   2.92000008       1.01532662    
   2.92100024       1.01539731    
   2.92200017       1.01546645    
   2.92300010       1.01553714    
   2.92400002       1.01560640    
   2.92500019       1.01567733    
   2.92600012       1.01574659    
   2.92700005       1.01581752    
   2.92800021       1.01588690    
   2.92900014       1.01595795    
   2.93000007       1.01602745    
   2.93100023       1.01609850    
   2.93200016       1.01616800    
   2.93300009       1.01623905    
   2.93400025       1.01630867    
   2.93500018       1.01637971    
   2.93600011       1.01644933    
   2.93700004       1.01652050    
   2.93800020       1.01659000    
   2.93900013       1.01666117    
   2.94000006       1.01673079    
   2.94100022       1.01680195    
   2.94200015       1.01687145    
   2.94300008       1.01694250    
   2.94400024       1.01701200    
   2.94500017       1.01708305    
   2.94600010       1.01715255    
   2.94700003       1.01722360    
   2.94800019       1.01729298    
   2.94900012       1.01736391    
   2.95000005       1.01743317    
   2.95100021       1.01750398    
   2.95200014       1.01757324    
   2.95300007       1.01764393    
   2.95400023       1.01771307    
   2.95500016       1.01778364    
   2.95600009       1.01785266    
   2.95700026       1.01792312    
   2.95800018       1.01799202    
   2.95900011       1.01806235    
   2.96000004       1.01813114    
   2.96100020       1.01820123    
   2.96200013       1.01826978    
   2.96300006       1.01833975    
   2.96400023       1.01840818    
   2.96500015       1.01847792    
   2.96600008       1.01854610    
   2.96700025       1.01861572    
   2.96800017       1.01868367    
   2.96900010       1.01875305    
   2.97000003       1.01882088    
   2.97100019       1.01889002    
   2.97200012       1.01895750    
   2.97300005       1.01902640    
   2.97400022       1.01909363    
   2.97500014       1.01916230    
   2.97600007       1.01922941    
   2.97700024       1.01929772    
   2.97800016       1.01936448    
   2.97900009       1.01943254    
   2.98000026       1.01949894    
   2.98100019       1.01956677    
   2.98200011       1.01963294    
   2.98300004       1.01970029    
   2.98400021       1.01976621    
   2.98500013       1.01983333    
   2.98600006       1.01989877    
   2.98700023       1.01996553    
   2.98800015       1.02003074    
   2.98900008       1.02009714    
   2.99000025       1.02016187    
   2.99100018       1.02022791    
   2.99200010       1.02029240    
   2.99300003       1.02035809    
   2.99400020       1.02042210    
   2.99500012       1.02048731    
   2.99600005       1.02055097    
   2.99700022       1.02061582    
   2.99800014       1.02067900    
   2.99900007       1.02074337    
   3.00000024       1.02080619    
   3.00100017       1.02087021    
   3.00200009       1.02093256    
   3.00300026       1.02099609    
   3.00400019       1.02105796    
   3.00500011       1.02112103    
   3.00600004       1.02118242    
   3.00700021       1.02124500    
   3.00800014       1.02130592    
   3.00900006       1.02136803    
   3.01000023       1.02142847    
   3.01100016       1.02149010    
   3.01200008       1.02155006    
   3.01300025       1.02161109    
   3.01400018       1.02167046    
   3.01500010       1.02173102    
   3.01600003       1.02178991    
   3.01700020       1.02184987    
   3.01800013       1.02190828    
   3.01900005       1.02196765    
   3.02000022       1.02202547    
   3.02100015       1.02208424    
   3.02200007       1.02214158    
   3.02300024       1.02219975    
   3.02400017       1.02225649    
   3.02500010       1.02231407    
   3.02600026       1.02237022    
   3.02700019       1.02242720    
   3.02800012       1.02248275    
   3.02900004       1.02253914    
   3.03000021       1.02259398    
   3.03100014       1.02264977    
   3.03200006       1.02270401    
   3.03300023       1.02275920    
   3.03400016       1.02281272    
   3.03500009       1.02286720    
   3.03600025       1.02292013    
   3.03700018       1.02297413    
   3.03800011       1.02302635    
   3.03900003       1.02307951    
   3.04000020       1.02313113    
   3.04100013       1.02318358    
   3.04200006       1.02323449    
   3.04300022       1.02328634    
   3.04400015       1.02333653    
   3.04500008       1.02338755    
   3.04600024       1.02343714    
   3.04700017       1.02348745    
   3.04800010       1.02353632    
   3.04900026       1.02358592    
   3.05000019       1.02363396    
   3.05100012       1.02368283    
   3.05200005       1.02373028    
   3.05300021       1.02377844    
   3.05400014       1.02382505    
   3.05500007       1.02387238    
   3.05600023       1.02391827    
   3.05700016       1.02396488    
   3.05800009       1.02400994    
   3.05900025       1.02405584    
   3.06000018       1.02410018    
   3.06100011       1.02414525    
   3.06200004       1.02418876    
   3.06300020       1.02423298    
   3.06400013       1.02427578    
   3.06500006       1.02431929    
   3.06600022       1.02436113    
   3.06700015       1.02440381    
   3.06800008       1.02444494    
   3.06900024       1.02448690    
   3.07000017       1.02452719    
   3.07100010       1.02456820    
   3.07200003       1.02460778    
   3.07300019       1.02464795    
   3.07400012       1.02468657    
   3.07500005       1.02472591    
   3.07600021       1.02476370    
   3.07700014       1.02480233    
   3.07800007       1.02483928    
   3.07900023       1.02487695    
   3.08000016       1.02491307    
   3.08100009       1.02494991    
   3.08200026       1.02498519    
   3.08300018       1.02502120    
   3.08400011       1.02505553    
   3.08500004       1.02509058    
   3.08600020       1.02512407    
   3.08700013       1.02515829    
   3.08800006       1.02519107    
   3.08900023       1.02522433    
   3.09000015       1.02525616    
   3.09100008       1.02528846    
   3.09200025       1.02531946    
   3.09300017       1.02535093    
   3.09400010       1.02538097    
   3.09500003       1.02541149    
   3.09600019       1.02544069    
   3.09700012       1.02547038    
   3.09800005       1.02549863    
   3.09900022       1.02552736    
   3.10000014       1.02555466    
   3.10100007       1.02558255    
   3.10200024       1.02560890    
   3.10300016       1.02563596    
   3.10400009       1.02566135    
   3.10500026       1.02568734    
   3.10600019       1.02571201    
   3.10700011       1.02573705    
   3.10800004       1.02576077    
   3.10900021       1.02578497    
   3.11000013       1.02580762    
   3.11100006       1.02583086    
   3.11200023       1.02585268    
   3.11300015       1.02587497    
   3.11400008       1.02589583    
   3.11500025       1.02591717    
   3.11600018       1.02593720    
   3.11700010       1.02595758    
   3.11800003       1.02597654    
   3.11900020       1.02599609    
   3.12000012       1.02601409    
   3.12100005       1.02603269    
   3.12200022       1.02604973    
   3.12300014       1.02606738    
   3.12400007       1.02608347    
   3.12500024       1.02610016    
   3.12600017       1.02611542    
   3.12700009       1.02613103    
   3.12800026       1.02614534    
   3.12900019       1.02616000    
   3.13000011       1.02617347    
   3.13100004       1.02618718    
   3.13200021       1.02619958    
   3.13300014       1.02621233    
   3.13400006       1.02622390    
   3.13500023       1.02623570    
   3.13600016       1.02624619    
   3.13700008       1.02625716    
   3.13800025       1.02626669    
   3.13900018       1.02627659    
   3.14000010       1.02628529    
   3.14100003       1.02629435    
   3.14200020       1.02630198    
   3.14300013       1.02630997    
   3.14400005       1.02631676    
   3.14500022       1.02632380    
   3.14600015       1.02632964    
   3.14700007       1.02633572    
   3.14800024       1.02634048    
   3.14900017       1.02634573    
   3.15000010       1.02634966    
   3.15100026       1.02635384    
   3.15200019       1.02635682    
   3.15300012       1.02636003    
   3.15400004       1.02636206    
   3.15500021       1.02636433    
   3.15600014       1.02636540    
   3.15700006       1.02636671    
   3.15800023       1.02636695    
   3.15900016       1.02636731    
   3.16000009       1.02636659    
   3.16100025       1.02636600    
   3.16200018       1.02636433    
   3.16300011       1.02636290    
   3.16400003       1.02636015    
   3.16500020       1.02635777    
   3.16600013       1.02635419    
   3.16700006       1.02635074    
   3.16800022       1.02634633    
   3.16900015       1.02634203    
   3.17000008       1.02633655    
   3.17100024       1.02633142    
   3.17200017       1.02632511    
   3.17300010       1.02631891    
   3.17400026       1.02631164    
   3.17500019       1.02630448    
   3.17600012       1.02629638    
   3.17700005       1.02628839    
   3.17800021       1.02627933    
   3.17900014       1.02627039    
   3.18000007       1.02626038    
   3.18100023       1.02625060    
   3.18200016       1.02623963    
   3.18300009       1.02622890    
   3.18400025       1.02621722    
   3.18500018       1.02620554    
   3.18600011       1.02619290    
   3.18700004       1.02618039    
   3.18800020       1.02616680    
   3.18900013       1.02615333    
   3.19000006       1.02613890    
   3.19100022       1.02612460    
   3.19200015       1.02610934    
   3.19300008       1.02609408    
   3.19400024       1.02607799    
   3.19500017       1.02606189    
   3.19600010       1.02604473    
   3.19700027       1.02602780    
   3.19800019       1.02600992    
   3.19900012       1.02599204    
   3.20000005       1.02597332    
   3.20100021       1.02595460    
   3.20200014       1.02593505    
   3.20300007       1.02591550    
   3.20400023       1.02589500    
   3.20500016       1.02587461    
   3.20600009       1.02585340    
   3.20700026       1.02583206    
   3.20800018       1.02581000    
   3.20900011       1.02578795    
   3.21000004       1.02576494    
   3.21100020       1.02574205    
   3.21200013       1.02571833    
   3.21300006       1.02569461    
   3.21400023       1.02567005    
   3.21500015       1.02564549    
   3.21600008       1.02562010    
   3.21700025       1.02559471    
   3.21800017       1.02556860    
   3.21900010       1.02554238    
   3.22000027       1.02551544    
   3.22100019       1.02548862    
   3.22200012       1.02546084    
   3.22300005       1.02543306    
   3.22400022       1.02540457    
   3.22500014       1.02537608    
   3.22600007       1.02534676    
   3.22700024       1.02531743    
   3.22800016       1.02528739    
   3.22900009       1.02525735    
   3.23000026       1.02522659    
   3.23100019       1.02519584    
   3.23200011       1.02516425    
   3.23300004       1.02513278    
   3.23400021       1.02510047    
   3.23500013       1.02506816    
   3.23600006       1.02503514    
   3.23700023       1.02500212    
   3.23800015       1.02496850    
   3.23900008       1.02493477    
   3.24000025       1.02490020    
   3.24100018       1.02486587    
   3.24200010       1.02483070    
   3.24300027       1.02479553    
   3.24400020       1.02475965    
   3.24500012       1.02472389    
   3.24600005       1.02468741    
   3.24700022       1.02465081    
   3.24800014       1.02461362    
   3.24900007       1.02457643    
   3.25000024       1.02453852    
   3.25100017       1.02450061    
   3.25200009       1.02446222    
   3.25300026       1.02442360    
   3.25400019       1.02438450    
   3.25500011       1.02434528    
   3.25600004       1.02430546    
   3.25700021       1.02426565    
   3.25800014       1.02422523    
   3.25900006       1.02418470    
   3.26000023       1.02414370    
   3.26100016       1.02410257    
   3.26200008       1.02406096    
   3.26300025       1.02401924    
   3.26400018       1.02397692    
   3.26500010       1.02393460    
   3.26600027       1.02389181    
   3.26700020       1.02384889    
   3.26800013       1.02380538    
   3.26900005       1.02376187    
   3.27000022       1.02371788    
   3.27100015       1.02367377    
   3.27200007       1.02362919    
   3.27300024       1.02358460    
   3.27400017       1.02353942    
   3.27500010       1.02349424    
   3.27600026       1.02344847    
   3.27700019       1.02340281    
   3.27800012       1.02335656    
   3.27900004       1.02331030    
   3.28000021       1.02326345    
   3.28100014       1.02321672    
   3.28200006       1.02316940    
   3.28300023       1.02312207    
   3.28400016       1.02307427    
   3.28500009       1.02302647    
   3.28600025       1.02297819    
   3.28700018       1.02292991    
   3.28800011       1.02288103    
   3.28900027       1.02283227    
   3.29000020       1.02278304    
   3.29100013       1.02273369    
   3.29200006       1.02268398    
   3.29300022       1.02263427    
   3.29400015       1.02258408    
   3.29500008       1.02253377    
   3.29600024       1.02248311    
   3.29700017       1.02243245    
   3.29800010       1.02238142    
   3.29900026       1.02233028    
   3.30000019       1.02227879    
   3.30100012       1.02222717    
   3.30200005       1.02217531    
   3.30300021       1.02212334    
   3.30400014       1.02207088    
   3.30500007       1.02201855    
   3.30600023       1.02196586    
   3.30700016       1.02191305    
   3.30800009       1.02185988    
   3.30900025       1.02180672    
   3.31000018       1.02175319    
   3.31100011       1.02169967    
   3.31200027       1.02164578    
   3.31300020       1.02159178    
   3.31400013       1.02153754    
   3.31500006       1.02148318    
   3.31600022       1.02142859    
   3.31700015       1.02137399    
   3.31800008       1.02131903    
   3.31900024       1.02126408    
   3.32000017       1.02120876    
   3.32100010       1.02115345    
   3.32200027       1.02109790    
   3.32300019       1.02104211    
   3.32400012       1.02098632    
   3.32500005       1.02093029    
   3.32600021       1.02087402    
   3.32700014       1.02081776    
   3.32800007       1.02076125    
   3.32900023       1.02070463    
   3.33000016       1.02064788    
   3.33100009       1.02059102    
   3.33200026       1.02053392    
   3.33300018       1.02047670    
   3.33400011       1.02041936    
   3.33500028       1.02036190    
   3.33600020       1.02030432    
   3.33700013       1.02024662    
   3.33800006       1.02018881    
   3.33900023       1.02013087    
   3.34000015       1.02007270    
   3.34100008       1.02001452    
   3.34200025       1.01995623    
   3.34300017       1.01989782    
   3.34400010       1.01983929    
   3.34500027       1.01978064    
   3.34600019       1.01972187    
   3.34700012       1.01966298    
   3.34800005       1.01960409    
   3.34900022       1.01954508    
   3.35000014       1.01948583    
   3.35100007       1.01942658    
   3.35200024       1.01936722    
   3.35300016       1.01930773    
   3.35400009       1.01924825    
   3.35500026       1.01918864    
   3.35600019       1.01912892    
   3.35700011       1.01906908    
   3.35800028       1.01900923    
   3.35900021       1.01894927    
   3.36000013       1.01888931    
   3.36100006       1.01882923    
   3.36200023       1.01876903    
   3.36300015       1.01870871    
   3.36400008       1.01864839    
   3.36500025       1.01858807    
   3.36600018       1.01852763    
   3.36700010       1.01846707    
   3.36800027       1.01840651    
   3.36900020       1.01834595    
   3.37000012       1.01828527    
   3.37100005       1.01822448    
   3.37200022       1.01816368    
   3.37300014       1.01810288    
   3.37400007       1.01804197    
   3.37500024       1.01798105    
   3.37600017       1.01792014    
   3.37700009       1.01785910    
   3.37800026       1.01779795    
   3.37900019       1.01773691    
   3.38000011       1.01767576    
   3.38100004       1.01761460    
   3.38200021       1.01755345    
   3.38300014       1.01749218    
   3.38400006       1.01743090    
   3.38500023       1.01736963    
   3.38600016       1.01730835    
   3.38700008       1.01724696    
   3.38800025       1.01718569    
   3.38900018       1.01712430    
   3.39000010       1.01706290    
   3.39100027       1.01700151    
   3.39200020       1.01694012    
   3.39300013       1.01687860    
   3.39400005       1.01681721    
   3.39500022       1.01675570    
   3.39600015       1.01669431    
   3.39700007       1.01663280    
   3.39800024       1.01657140    
   3.39900017       1.01650989    
   3.40000010       1.01644850    
   3.40100026       1.01638699    
   3.40200019       1.01632559    
   3.40300012       1.01626408    
   3.40400004       1.01620257    
   3.40500021       1.01614118    
   3.40600014       1.01607978    
   3.40700006       1.01601827    
   3.40800023       1.01595700    
   3.40900016       1.01589549    
   3.41000009       1.01583421    
   3.41100025       1.01577282    
   3.41200018       1.01571155    
   3.41300011       1.01565015    
   3.41400027       1.01558900    
   3.41500020       1.01552761    
   3.41600013       1.01546645    
   3.41700006       1.01540518    
   3.41800022       1.01534402    
   3.41900015       1.01528287    
   3.42000008       1.01522183    
   3.42100024       1.01516068    
   3.42200017       1.01509976    
   3.42300010       1.01503873    
   3.42400026       1.01497781    
   3.42500019       1.01491678    
   3.42600012       1.01485598    
   3.42700005       1.01479506    
   3.42800021       1.01473439    
   3.42900014       1.01467347    
   3.43000007       1.01461291    
   3.43100023       1.01455212    
   3.43200016       1.01449168    
   3.43300009       1.01443100    
   3.43400025       1.01437068    
   3.43500018       1.01431012    
   3.43600011       1.01424980    
   3.43700027       1.01418936    
   3.43800020       1.01412928    
   3.43900013       1.01406884    
   3.44000006       1.01400888    
   3.44100022       1.01394868    
   3.44200015       1.01388884    
   3.44300008       1.01382875    
   3.44400024       1.01376891    
   3.44500017       1.01370907    
   3.44600010       1.01364946    
   3.44700027       1.01358962    
   3.44800019       1.01353014    
   3.44900012       1.01347041    
   3.45000005       1.01341116    
   3.45100021       1.01335156    
   3.45200014       1.01329243    
   3.45300007       1.01323307    
   3.45400023       1.01317406    
   3.45500016       1.01311481    
   3.45600009       1.01305592    
   3.45700026       1.01299691    
   3.45800018       1.01293826    
   3.45900011       1.01287937    
   3.46000028       1.01282084    
   3.46100020       1.01276207    
   3.46200013       1.01270378    
   3.46300006       1.01264524    
   3.46400023       1.01258707    
   3.46500015       1.01252866    
   3.46600008       1.01247072    
   3.46700025       1.01241255    
   3.46800017       1.01235473    
   3.46900010       1.01229668    
   3.47000027       1.01223910    
   3.47100019       1.01218128    
   3.47200012       1.01212394    
   3.47300005       1.01206636    
   3.47400022       1.01200914    
   3.47500014       1.01195168    
   3.47600007       1.01189470    
   3.47700024       1.01183748    
   3.47800016       1.01178074    
   3.47900009       1.01172364    
   3.48000026       1.01166713    
   3.48100019       1.01161027    
   3.48200011       1.01155400    
   3.48300028       1.01149738    
   3.48400021       1.01144123    
   3.48500013       1.01138484    
   3.48600006       1.01132894    
   3.48700023       1.01127279    
   3.48800015       1.01121712    
   3.48900008       1.01116121    
   3.49000025       1.01110566    
   3.49100018       1.01104999    
   3.49200010       1.01099479    
   3.49300027       1.01093936    
   3.49400020       1.01088428    
   3.49500012       1.01082909    
   3.49600005       1.01077425    
   3.49700022       1.01071930    
   3.49800014       1.01066482    
   3.49900007       1.01061010    
   3.50000024       1.01055574    
   3.50100017       1.01050127    
   3.50200009       1.01044714    
   3.50300026       1.01039290    
   3.50400019       1.01033914    
   3.50500011       1.01028514    
   3.50600028       1.01023161    
   3.50700021       1.01017785    
   3.50800014       1.01012456    
   3.50900006       1.01007104    
   3.51000023       1.01001799    
   3.51100016       1.00996470    
   3.51200008       1.00991201    
   3.51300025       1.00985897    
   3.51400018       1.00980651    
   3.51500010       1.00975370    
   3.51600027       1.00970149    
   3.51700020       1.00964904    
   3.51800013       1.00959706    
   3.51900005       1.00954485    
   3.52000022       1.00949311    
   3.52100015       1.00944126    
   3.52200007       1.00938976    
   3.52300024       1.00933802    
   3.52400017       1.00928688    
   3.52500010       1.00923550    
   3.52600026       1.00918460    
   3.52700019       1.00913346    
   3.52800012       1.00908291    
   3.52900028       1.00903201    
   3.53000021       1.00898170    
   3.53100014       1.00893116    
   3.53200006       1.00888109    
   3.53300023       1.00883079    
   3.53400016       1.00878108    
   3.53500009       1.00873101    
   3.53600025       1.00868154    
   3.53700018       1.00863183    
   3.53800011       1.00858259    
   3.53900027       1.00853312    
   3.54000020       1.00848424    
   3.54100013       1.00843501    
   3.54200006       1.00838649    
   3.54300022       1.00833762    
   3.54400015       1.00828922    
   3.54500008       1.00824058    
   3.54600024       1.00819266    
   3.54700017       1.00814426    
   3.54800010       1.00809658    
   3.54900026       1.00804853    
   3.55000019       1.00800109    
   3.55100012       1.00795341    
   3.55200028       1.00790620    
   3.55300021       1.00785887    
   3.55400014       1.00781202    
   3.55500007       1.00776482    
   3.55600023       1.00771832    
   3.55700016       1.00767148    
   3.55800009       1.00762522    
   3.55900025       1.00757873    
   3.56000018       1.00753272    
   3.56100011       1.00748646    
   3.56200027       1.00744081    
   3.56300020       1.00739491    
   3.56400013       1.00734961    
   3.56500006       1.00730395    
   3.56600022       1.00725889    
   3.56700015       1.00721359    
   3.56800008       1.00716889    
   3.56900024       1.00712383    
   3.57000017       1.00707936    
   3.57100010       1.00703466    
   3.57200027       1.00699055    
   3.57300019       1.00694609    
   3.57400012       1.00690234    
   3.57500029       1.00685823    
   3.57600021       1.00681472    
   3.57700014       1.00677085    
   3.57800007       1.00672770    
   3.57900023       1.00668418    
   3.58000016       1.00664127    
   3.58100009       1.00659800    
   3.58200026       1.00655544    
   3.58300018       1.00651264    
   3.58400011       1.00647032    
   3.58500028       1.00642776    
   3.58600020       1.00638580    
   3.58700013       1.00634348    
   3.58800006       1.00630188    
   3.58900023       1.00625992    
   3.59000015       1.00621855    
   3.59100008       1.00617695    
   3.59200025       1.00613594    
   3.59300017       1.00609457    
   3.59400010       1.00605381    
   3.59500027       1.00601280    
   3.59600019       1.00597239    
   3.59700012       1.00593162    
   3.59800029       1.00589156    
   3.59900022       1.00585115    
   3.60000014       1.00581145    
   3.60100007       1.00577128    
   3.60200024       1.00573182    
   3.60300016       1.00569201    
   3.60400009       1.00565290    
   3.60500026       1.00561333    
   3.60600019       1.00557458    
   3.60700011       1.00553536    
   3.60800028       1.00549686    
   3.60900021       1.00545800    
   3.61000013       1.00541985    
   3.61100006       1.00538123    
   3.61200023       1.00534332    
   3.61300015       1.00530505    
   3.61400008       1.00526750    
   3.61500025       1.00522959    
   3.61600018       1.00519240    
   3.61700010       1.00515473    
   3.61800027       1.00511777    
   3.61900020       1.00508046    
   3.62000012       1.00504386    
   3.62100029       1.00500679    
   3.62200022       1.00497055    
   3.62300014       1.00493383    
   3.62400007       1.00489783    
   3.62500024       1.00486135    
   3.62600017       1.00482571    
   3.62700009       1.00478959    
   3.62800026       1.00475430    
   3.62900019       1.00471842    
   3.63000011       1.00468349    
   3.63100028       1.00464797    
   3.63200021       1.00461316    
   3.63300014       1.00457811    
   3.63400006       1.00454366    
   3.63500023       1.00450873    
   3.63600016       1.00447464    
   3.63700008       1.00444007    
   3.63800025       1.00440633    
   3.63900018       1.00437212    
   3.64000010       1.00433850    
   3.64100027       1.00430465    
   3.64200020       1.00427151    
   3.64300013       1.00423777    
   3.64400029       1.00420499    
   3.64500022       1.00417161    
   3.64600015       1.00413907    
   3.64700007       1.00410604    
   3.64800024       1.00407374    
   3.64900017       1.00404108    
   3.65000010       1.00400913    
   3.65100026       1.00397670    
   3.65200019       1.00394511    
   3.65300012       1.00391293    
   3.65400028       1.00388169    
   3.65500021       1.00384986    
   3.65600014       1.00381887    
   3.65700006       1.00378728    
   3.65800023       1.00375664    
   3.65900016       1.00372541    
   3.66000009       1.00369501    
   3.66100025       1.00366414    
   3.66200018       1.00363398    
   3.66300011       1.00360346    
   3.66400027       1.00357354    
   3.66500020       1.00354326    
   3.66600013       1.00351381    
   3.66700006       1.00348377    
   3.66800022       1.00345457    
   3.66900015       1.00342488    
   3.67000008       1.00339603    
   3.67100024       1.00336659    
   3.67200017       1.00333798    
   3.67300010       1.00330889    
   3.67400026       1.00328064    
   3.67500019       1.00325179    
   3.67600012       1.00322378    
   3.67700028       1.00319529    
   3.67800021       1.00316763    
   3.67900014       1.00313938    
   3.68000007       1.00311196    
   3.68100023       1.00308406    
   3.68200016       1.00305700    
   3.68300009       1.00302935    
   3.68400025       1.00300252    
   3.68500018       1.00297523    
   3.68600011       1.00294864    
   3.68700027       1.00292170    
   3.68800020       1.00289547    
   3.68900013       1.00286865    
   3.69000006       1.00284278    
   3.69100022       1.00281632    
   3.69200015       1.00279069    
   3.69300008       1.00276446    
   3.69400024       1.00273919    
   3.69500017       1.00271332    
   3.69600010       1.00268817    
   3.69700027       1.00266266    
   3.69800019       1.00263786    
   3.69900012       1.00261259    
   3.70000029       1.00258803    
   3.70100021       1.00256300    
   3.70200014       1.00253880    
   3.70300007       1.00251412    
   3.70400023       1.00249016    
   3.70500016       1.00246572    
   3.70600009       1.00244212    
   3.70700026       1.00241804    
   3.70800018       1.00239468    
   3.70900011       1.00237072    
   3.71000028       1.00234771    
   3.71100020       1.00232410    
   3.71200013       1.00230134    
   3.71300006       1.00227797    
   3.71400023       1.00225544    
   3.71500015       1.00223243    
   3.71600008       1.00221026    
   3.71700025       1.00218749    
   3.71800017       1.00216556    
   3.71900010       1.00214303    
   3.72000027       1.00212133    
   3.72100019       1.00209916    
   3.72200012       1.00207782    
   3.72300029       1.00205588    
   3.72400022       1.00203478    
   3.72500014       1.00201309    
   3.72600007       1.00199223    
   3.72700024       1.00197089    
   3.72800016       1.00195026    
   3.72900009       1.00192916    
   3.73000026       1.00190890    
   3.73100019       1.00188804    
   3.73200011       1.00186801    
   3.73300028       1.00184739    
   3.73400021       1.00182760    
   3.73500013       1.00180733    
   3.73600006       1.00178790    
   3.73700023       1.00176787    
   3.73800015       1.00174856    
   3.73900008       1.00172889    
   3.74000025       1.00170982    
   3.74100018       1.00169039    
   3.74200010       1.00167167    
   3.74300027       1.00165248    
   3.74400020       1.00163400    
   3.74500012       1.00161505    
   3.74600029       1.00159681    
   3.74700022       1.00157821    
   3.74800014       1.00156021    
   3.74900007       1.00154173    
   3.75000024       1.00152409    
   3.75100017       1.00150597    
   3.75200009       1.00148857    
   3.75300026       1.00147057    
   3.75400019       1.00145340    
   3.75500011       1.00143576    
   3.75600028       1.00141895    
   3.75700021       1.00140142    
   3.75800014       1.00138485    
   3.75900006       1.00136769    
   3.76000023       1.00135124    
   3.76100016       1.00133443    
   3.76200008       1.00131822    
   3.76300025       1.00130165    
   3.76400018       1.00128567    
   3.76500010       1.00126934    
   3.76600027       1.00125372    
   3.76700020       1.00123763    
   3.76800013       1.00122213    
   3.76900029       1.00120628    
   3.77000022       1.00119114    
   3.77100015       1.00117552    
   3.77200007       1.00116062    
   3.77300024       1.00114524    
   3.77400017       1.00113046    
   3.77500010       1.00111544    
   3.77600026       1.00110090    
   3.77700019       1.00108600    
   3.77800012       1.00107181    
   3.77900028       1.00105727    
   3.78000021       1.00104332    
   3.78100014       1.00102890    
   3.78200006       1.00101519    
   3.78300023       1.00100100    
   3.78400016       1.00098753    
   3.78500009       1.00097358    
   3.78600025       1.00096035    
   3.78700018       1.00094664    
   3.78800011       1.00093365    
   3.78900027       1.00092018    
   3.79000020       1.00090742    
   3.79100013       1.00089419    
   3.79200029       1.00088167    
   3.79300022       1.00086868    
   3.79400015       1.00085640    
   3.79500008       1.00084364    
   3.79600024       1.00083160    
   3.79700017       1.00081909    
   3.79800010       1.00080729    
   3.79900026       1.00079501    
   3.80000019       1.00078332    
   3.80100012       1.00077128    
   3.80200028       1.00075984    
   3.80300021       1.00074804    
   3.80400014       1.00073695    
   3.80500007       1.00072527    
   3.80600023       1.00071442    
   3.80700016       1.00070298    
   3.80800009       1.00069225    
   3.80900025       1.00068104    
   3.81000018       1.00067055    
   3.81100011       1.00065958    
   3.81200027       1.00064933    
   3.81300020       1.00063860    
   3.81400013       1.00062859    
   3.81500030       1.00061810    
   3.81600022       1.00060833    
   3.81700015       1.00059795    
   3.81800008       1.00058842    
   3.81900024       1.00057828    
   3.82000017       1.00056899    
   3.82100010       1.00055909    
   3.82200027       1.00054991    
   3.82300019       1.00054026    
   3.82400012       1.00053132    
   3.82500029       1.00052178    
   3.82600021       1.00051308    
   3.82700014       1.00050378    
   3.82800007       1.00049531    
   3.82900023       1.00048625    
   3.83000016       1.00047791    
   3.83100009       1.00046921    
   3.83200026       1.00046098    
   3.83300018       1.00045240    
   3.83400011       1.00044453    
   3.83500028       1.00043607    
   3.83600020       1.00042844    
   3.83700013       1.00042021    
   3.83800030       1.00041270    
   3.83900023       1.00040472    
   3.84000015       1.00039732    
   3.84100008       1.00038958    
   3.84200025       1.00038242    
   3.84300017       1.00037491    
   3.84400010       1.00036800    
   3.84500027       1.00036061    
   3.84600019       1.00035381    
   3.84700012       1.00034666    
   3.84800029       1.00034022    
   3.84900022       1.00033319    
   3.85000014       1.00032687    
   3.85100007       1.00032008    
   3.85200024       1.00031388    
   3.85300016       1.00030732    
   3.85400009       1.00030136    
   3.85500026       1.00029492    
   3.85600019       1.00028920    
   3.85700011       1.00028300    
   3.85800028       1.00027740    
   3.85900021       1.00027144    
   3.86000013       1.00026608    
   3.86100030       1.00026023    
   3.86200023       1.00025499    
   3.86300015       1.00024939    
   3.86400008       1.00024438    
   3.86500025       1.00023890    
   3.86600018       1.00023401    
   3.86700010       1.00022876    
   3.86800027       1.00022411    
   3.86900020       1.00021911    
   3.87000012       1.00021458    
   3.87100029       1.00020969    
   3.87200022       1.00020540    
   3.87300014       1.00020063    
   3.87400007       1.00019658    
   3.87500024       1.00019205    
   3.87600017       1.00018799    
   3.87700009       1.00018370    
   3.87800026       1.00017989    
   3.87900019       1.00017571    
   3.88000011       1.00017214    
   3.88100028       1.00016809    
   3.88200021       1.00016475    
   3.88300014       1.00016081    
   3.88400030       1.00015759    
   3.88500023       1.00015390    
   3.88600016       1.00015092    
   3.88700008       1.00014734    
   3.88800025       1.00014448    
   3.88900018       1.00014114    
   3.89000010       1.00013840    
   3.89100027       1.00013518    
   3.89200020       1.00013268    
   3.89300013       1.00012958    
   3.89400029       1.00012720    
   3.89500022       1.00012445    
   3.89600015       1.00012219    
   3.89700007       1.00011945    
   3.89800024       1.00011742    
   3.89900017       1.00011492    
   3.90000010       1.00011289    
   3.90100026       1.00011063    
   3.90200019       1.00010884    
   3.90300012       1.00010657    
   3.90400028       1.00010502    
   3.90500021       1.00010300    
   3.90600014       1.00010145    
   3.90700030       1.00009966    
   3.90800023       1.00009835    
   3.90900016       1.00009656    
   3.91000009       1.00009537    
   3.91100025       1.00009382    
   3.91200018       1.00009286    
   3.91300011       1.00009143    
   3.91400027       1.00009060    
   3.91500020       1.00008929    
   3.91600013       1.00008857    
   3.91700029       1.00008750    
   3.91800022       1.00008690    
   3.91900015       1.00008595    
   3.92000008       1.00008547    
   3.92100024       1.00008476    
   3.92200017       1.00008440    
   3.92300010       1.00008368    
   3.92400026       1.00008357    
   3.92500019       1.00008309    
   3.92600012       1.00008309    
   3.92700028       1.00008273    
   3.92800021       1.00008285    
   3.92900014       1.00008261    
   3.93000031       1.00008285    
   3.93100023       1.00008273    
   3.93200016       1.00008309    
   3.93300009       1.00008309    
   3.93400025       1.00008368    
   3.93500018       1.00008380    
   3.93600011       1.00008452    
   3.93700027       1.00008476    
   3.93800020       1.00008559    
   3.93900013       1.00008607    
   3.94000030       1.00008690    
   3.94100022       1.00008750    
   3.94200015       1.00008857    
   3.94300008       1.00008929    
   3.94400024       1.00009036    
   3.94500017       1.00009131    
   3.94600010       1.00009251    
   3.94700027       1.00009346    
   3.94800019       1.00009489    
   3.94900012       1.00009596    
   3.95000029       1.00009751    
   3.95100021       1.00009871    
   3.95200014       1.00010037    
   3.95300007       1.00010169    
   3.95400023       1.00010347    
   3.95500016       1.00010490    
   3.95600009       1.00010681    
   3.95700026       1.00010836    
   3.95800018       1.00011039    
   3.95900011       1.00011206    
   3.96000028       1.00011420    
   3.96100020       1.00011599    
   3.96200013       1.00011814    
   3.96300030       1.00012004    
   3.96400023       1.00012243    
   3.96500015       1.00012445    
   3.96600008       1.00012684    
   3.96700025       1.00012898    
   3.96800017       1.00013161    
   3.96900010       1.00013375    
   3.97000027       1.00013649    
   3.97100019       1.00013888    
   3.97200012       1.00014162    
   3.97300029       1.00014400    
   3.97400022       1.00014687    
   3.97500014       1.00014949    
   3.97600007       1.00015235    
   3.97700024       1.00015509    
   3.97800016       1.00015807    
   3.97900009       1.00016093    
   3.98000026       1.00016403    
   3.98100019       1.00016689    
   3.98200011       1.00017011    
   3.98300028       1.00017309    
   3.98400021       1.00017643    
   3.98500013       1.00017953    
   3.98600030       1.00018299    
   3.98700023       1.00018609    
   3.98800015       1.00018954    
   3.98900008       1.00019288    
   3.99000025       1.00019646    
   3.99100018       1.00019979    
   3.99200010       1.00020349    
   3.99300027       1.00020695    
   3.99400020       1.00021076    
   3.99500012       1.00021422    
   3.99600029       1.00021803    
   3.99700022       1.00022173    
   3.99800014       1.00022566    
   3.99900007       1.00022936    
   4.00000000       1.00023329    
   4.00100040       1.00023711    
   4.00200033       1.00024116    
   4.00300026       1.00024509    
   4.00400019       1.00024915    
   4.00500011       1.00025320    
   4.00600004       1.00025737    
   4.00699997       1.00026143    
   4.00800037       1.00026572    
   4.00900030       1.00026989    
   4.01000023       1.00027430    
   4.01100016       1.00027835    
   4.01200008       1.00028288    
   4.01300001       1.00028706    
   4.01400042       1.00029159    
   4.01500034       1.00029588    
   4.01600027       1.00030053    
   4.01700020       1.00030494    
   4.01800013       1.00030959    
   4.01900005       1.00031400    
   4.01999998       1.00031877    
   4.02100039       1.00032318    
   4.02200031       1.00032806    
   4.02300024       1.00033259    
   4.02400017       1.00033748    
   4.02500010       1.00034213    
   4.02600002       1.00034702    
   4.02700043       1.00035167    
   4.02800035       1.00035655    
   4.02900028       1.00036144    
   4.03000021       1.00036645    
   4.03100014       1.00037122    
   4.03200006       1.00037622    
   4.03299999       1.00038123    
   4.03400040       1.00038624    
   4.03500032       1.00039124    
   4.03600025       1.00039637    
   4.03700018       1.00040138    
   4.03800011       1.00040650    
   4.03900003       1.00041163    
   4.03999996       1.00041687    
   4.04100037       1.00042200    
   4.04200029       1.00042725    
   4.04300022       1.00043237    
   4.04400015       1.00043762    
   4.04500008       1.00044286    
   4.04600000       1.00044823    
   4.04700041       1.00045347    
   4.04800034       1.00045884    
   4.04900026       1.00046420    
   4.05000019       1.00046957    
   4.05100012       1.00047493    
   4.05200005       1.00048029    
   4.05299997       1.00048566    
   4.05400038       1.00049126    
   4.05500031       1.00049663    
   4.05600023       1.00050223    
   4.05700016       1.00050771    
   4.05800009       1.00051320    
   4.05900002       1.00051856    
   4.06000042       1.00052416    
   4.06100035       1.00052965    
   4.06200027       1.00053525    
   4.06300020       1.00054085    
   4.06400013       1.00054646    
   4.06500006       1.00055206    
   4.06599998       1.00055766    
   4.06700039       1.00056326    
   4.06800032       1.00056899    
   4.06900024       1.00057459    
   4.07000017       1.00058019    
   4.07100010       1.00058591    
   4.07200003       1.00059164    
   4.07300043       1.00059748    
   4.07400036       1.00060308    
   4.07500029       1.00060868    
   4.07600021       1.00061440    
   4.07700014       1.00062001    
   4.07800007       1.00062585    
   4.07900000       1.00063157    
   4.08000040       1.00063741    
   4.08100033       1.00064325    
   4.08200026       1.00064886    
   4.08300018       1.00065446    
   4.08400011       1.00066030    
   4.08500004       1.00066614    
   4.08599997       1.00067186    
   4.08700037       1.00067759    
   4.08800030       1.00068355    
   4.08900023       1.00068951    
   4.09000015       1.00069499    
   4.09100008       1.00070059    
   4.09200001       1.00070596    
   4.09300041       1.00071192    
   4.09400034       1.00071728    
   4.09500027       1.00072372    
   4.09600019       1.00072730    
