   1.00000005E-03   0.00000000    
   2.00000009E-03   0.00000000    
   3.00000003E-03   0.00000000    
   4.00000019E-03   0.00000000    
   5.00000035E-03   0.00000000    
   6.00000005E-03   0.00000000    
   7.00000022E-03   0.00000000    
   8.00000038E-03   0.00000000    
   9.00000054E-03   0.00000000    
   1.00000007E-02   0.00000000    
   1.10000009E-02   0.00000000    
   1.20000001E-02   0.00000000    
   1.30000003E-02   0.00000000    
   1.40000004E-02   0.00000000    
   1.50000006E-02   0.00000000    
   1.60000008E-02   0.00000000    
   1.70000009E-02   0.00000000    
   1.80000011E-02   0.00000000    
   1.90000013E-02   0.00000000    
   2.00000014E-02   0.00000000    
   2.10000016E-02   0.00000000    
   2.20000017E-02   0.00000000    
   2.30000019E-02   0.00000000    
   2.40000002E-02   0.00000000    
   2.50000004E-02   0.00000000    
   2.60000005E-02   0.00000000    
   2.70000007E-02   0.00000000    
   2.80000009E-02   0.00000000    
   2.90000010E-02   0.00000000    
   3.00000012E-02   0.00000000    
   3.10000014E-02   0.00000000    
   3.20000015E-02   0.00000000    
   3.29999998E-02   0.00000000    
   3.40000018E-02   0.00000000    
   3.50000001E-02   0.00000000    
   3.60000022E-02   0.00000000    
   3.70000005E-02   0.00000000    
   3.80000025E-02   0.00000000    
   3.90000008E-02   0.00000000    
   4.00000028E-02   0.00000000    
   4.10000011E-02   0.00000000    
   4.20000032E-02   0.00000000    
   4.30000015E-02   0.00000000    
   4.40000035E-02   0.00000000    
   4.50000018E-02   0.00000000    
   4.60000038E-02   0.00000000    
   4.70000021E-02   0.00000000    
   4.80000004E-02   0.00000000    
   4.90000024E-02   0.00000000    
   5.00000007E-02   0.00000000    
   5.10000028E-02   0.00000000    
   5.20000011E-02   0.00000000    
   5.30000031E-02   0.00000000    
   5.40000014E-02   0.00000000    
   5.50000034E-02   0.00000000    
   5.60000017E-02   0.00000000    
   5.70000038E-02   0.00000000    
   5.80000021E-02   0.00000000    
   5.90000041E-02   0.00000000    
   6.00000024E-02   0.00000000    
   6.10000044E-02   0.00000000    
   6.20000027E-02   0.00000000    
   6.30000010E-02   0.00000000    
   6.40000030E-02   0.00000000    
   6.50000051E-02   0.00000000    
   6.59999996E-02   0.00000000    
   6.70000017E-02   0.00000000    
   6.80000037E-02   0.00000000    
   6.90000057E-02   0.00000000    
   7.00000003E-02   0.00000000    
   7.10000023E-02   0.00000000    
   7.20000044E-02   0.00000000    
   7.30000064E-02   0.00000000    
   7.40000010E-02   0.00000000    
   7.50000030E-02   0.00000000    
   7.60000050E-02   0.00000000    
   7.70000070E-02   0.00000000    
   7.80000016E-02   0.00000000    
   7.90000036E-02   0.00000000    
   8.00000057E-02   0.00000000    
   8.10000002E-02   0.00000000    
   8.20000023E-02   0.00000000    
   8.30000043E-02   0.00000000    
   8.40000063E-02   0.00000000    
   8.50000009E-02   0.00000000    
   8.60000029E-02   0.00000000    
   8.70000049E-02   0.00000000    
   8.80000070E-02   0.00000000    
   8.90000015E-02   0.00000000    
   9.00000036E-02   0.00000000    
   9.10000056E-02   0.00000000    
   9.20000076E-02   0.00000000    
   9.30000022E-02   0.00000000    
   9.40000042E-02   0.00000000    
   9.50000063E-02   0.00000000    
   9.60000008E-02   0.00000000    
   9.70000029E-02   0.00000000    
   9.80000049E-02   0.00000000    
   9.90000069E-02   0.00000000    
  0.100000001       0.00000000    
  0.101000004       0.00000000    
  0.102000006       0.00000000    
  0.103000008       0.00000000    
  0.104000002       0.00000000    
  0.105000004       0.00000000    
  0.106000006       0.00000000    
  0.107000008       0.00000000    
  0.108000003       0.00000000    
  0.109000005       0.00000000    
  0.110000007       0.00000000    
  0.111000009       0.00000000    
  0.112000003       0.00000000    
  0.113000005       0.00000000    
  0.114000008       0.00000000    
  0.115000002       0.00000000    
  0.116000004       0.00000000    
  0.117000006       0.00000000    
  0.118000008       0.00000000    
  0.119000003       0.00000000    
  0.120000005       0.00000000    
  0.121000007       0.00000000    
  0.122000009       0.00000000    
  0.123000003       0.00000000    
  0.124000005       0.00000000    
  0.125000000       0.00000000    
  0.126000002       0.00000000    
  0.127000004       0.00000000    
  0.128000006       0.00000000    
  0.129000008       0.00000000    
  0.130000010       0.00000000    
  0.131000012       0.00000000    
  0.131999999       0.00000000    
  0.133000001       0.00000000    
  0.134000003       0.00000000    
  0.135000005       0.00000000    
  0.136000007       0.00000000    
  0.137000009       0.00000000    
  0.138000011       0.00000000    
  0.139000013       0.00000000    
  0.140000001       0.00000000    
  0.141000003       0.00000000    
  0.142000005       0.00000000    
  0.143000007       0.00000000    
  0.144000009       0.00000000    
  0.145000011       0.00000000    
  0.146000013       0.00000000    
  0.147000000       0.00000000    
  0.148000002       0.00000000    
  0.149000004       0.00000000    
  0.150000006       0.00000000    
  0.151000008       0.00000000    
  0.152000010       0.00000000    
  0.153000012       0.00000000    
  0.154000014       0.00000000    
  0.155000001       0.00000000    
  0.156000003       0.00000000    
  0.157000005       0.00000000    
  0.158000007       0.00000000    
  0.159000009       0.00000000    
  0.160000011       0.00000000    
  0.161000013       0.00000000    
  0.162000000       0.00000000    
  0.163000003       0.00000000    
  0.164000005       0.00000000    
  0.165000007       0.00000000    
  0.166000009       0.00000000    
  0.167000011       0.00000000    
  0.168000013       0.00000000    
  0.169000015       0.00000000    
  0.170000002       0.00000000    
  0.171000004       0.00000000    
  0.172000006       0.00000000    
  0.173000008       0.00000000    
  0.174000010       0.00000000    
  0.175000012       0.00000000    
  0.176000014       0.00000000    
  0.177000001       0.00000000    
  0.178000003       0.00000000    
  0.179000005       0.00000000    
  0.180000007       0.00000000    
  0.181000009       0.00000000    
  0.182000011       0.00000000    
  0.183000013       0.00000000    
  0.184000015       0.00000000    
  0.185000002       0.00000000    
  0.186000004       0.00000000    
  0.187000006       0.00000000    
  0.188000008       0.00000000    
  0.189000010       0.00000000    
  0.190000013       0.00000000    
  0.191000015       0.00000000    
  0.192000002       0.00000000    
  0.193000004       0.00000000    
  0.194000006       0.00000000    
  0.195000008       0.00000000    
  0.196000010       0.00000000    
  0.197000012       0.00000000    
  0.198000014       0.00000000    
  0.199000016       0.00000000    
  0.200000003       0.00000000    
  0.201000005       0.00000000    
  0.202000007       0.00000000    
  0.203000009       0.00000000    
  0.204000011       0.00000000    
  0.205000013       0.00000000    
  0.206000015       0.00000000    
  0.207000017       0.00000000    
  0.208000004       0.00000000    
  0.209000006       0.00000000    
  0.210000008       0.00000000    
  0.211000010       0.00000000    
  0.212000012       0.00000000    
  0.213000014       0.00000000    
  0.214000016       0.00000000    
  0.215000004       0.00000000    
  0.216000006       0.00000000    
  0.217000008       0.00000000    
  0.218000010       0.00000000    
  0.219000012       0.00000000    
  0.220000014       0.00000000    
  0.221000016       0.00000000    
  0.222000018       0.00000000    
  0.223000005       0.00000000    
  0.224000007       0.00000000    
  0.225000009       0.00000000    
  0.226000011       0.00000000    
  0.227000013       0.00000000    
  0.228000015       0.00000000    
  0.229000017       0.00000000    
  0.230000004       0.00000000    
  0.231000006       0.00000000    
  0.232000008       0.00000000    
  0.233000010       0.00000000    
  0.234000012       0.00000000    
  0.235000014       0.00000000    
  0.236000016       0.00000000    
  0.237000018       0.00000000    
  0.238000005       0.00000000    
  0.239000008       0.00000000    
  0.240000010       0.00000000    
  0.241000012       0.00000000    
  0.242000014       0.00000000    
  0.243000016       0.00000000    
  0.244000018       0.00000000    
  0.245000005       0.00000000    
  0.246000007       0.00000000    
  0.247000009       0.00000000    
  0.248000011       0.00000000    
  0.249000013       0.00000000    
  0.250000000       0.00000000    
  0.251000017       0.00000000    
  0.252000004       0.00000000    
  0.253000021       0.00000000    
  0.254000008       0.00000000    
  0.255000025       0.00000000    
  0.256000012       0.00000000    
  0.256999999       0.00000000    
  0.258000016       0.00000000    
  0.259000003       0.00000000    
  0.260000020       0.00000000    
  0.261000007       0.00000000    
  0.262000024       0.00000000    
  0.263000011       0.00000000    
  0.263999999       0.00000000    
  0.265000015       0.00000000    
  0.266000003       0.00000000    
  0.267000020       0.00000000    
  0.268000007       0.00000000    
  0.269000024       0.00000000    
  0.270000011       0.00000000    
  0.271000028       0.00000000    
  0.272000015       0.00000000    
  0.273000002       0.00000000    
  0.274000019       0.00000000    
  0.275000006       0.00000000    
  0.276000023       0.00000000    
  0.277000010       0.00000000    
  0.278000027       0.00000000    
  0.279000014       0.00000000    
  0.280000001       0.00000000    
  0.281000018       0.00000000    
  0.282000005       0.00000000    
  0.283000022       0.00000000    
  0.284000009       0.00000000    
  0.285000026       0.00000000    
  0.286000013       0.00000000    
  0.287000000       0.00000000    
  0.288000017       0.00000000    
  0.289000005       0.00000000    
  0.290000021       0.00000000    
  0.291000009       0.00000000    
  0.292000026       0.00000000    
  0.293000013       0.00000000    
  0.294000000       0.00000000    
  0.295000017       0.00000000    
  0.296000004       0.00000000    
  0.297000021       0.00000000    
  0.298000008       0.00000000    
  0.299000025       0.00000000    
  0.300000012       0.00000000    
  0.301000029       0.00000000    
  0.302000016       0.00000000    
  0.303000003       0.00000000    
  0.304000020       0.00000000    
  0.305000007       0.00000000    
  0.306000024       0.00000000    
  0.307000011       0.00000000    
  0.308000028       0.00000000    
  0.309000015       0.00000000    
  0.310000002       0.00000000    
  0.311000019       0.00000000    
  0.312000006       0.00000000    
  0.313000023       0.00000000    
  0.314000010       0.00000000    
  0.315000027       0.00000000    
  0.316000015       0.00000000    
  0.317000002       0.00000000    
  0.318000019       0.00000000    
  0.319000006       0.00000000    
  0.320000023       0.00000000    
  0.321000010       0.00000000    
  0.322000027       0.00000000    
  0.323000014       0.00000000    
  0.324000001       0.00000000    
  0.325000018       0.00000000    
  0.326000005       0.00000000    
  0.327000022       0.00000000    
  0.328000009       0.00000000    
  0.329000026       0.00000000    
  0.330000013       0.00000000    
  0.331000030       0.00000000    
  0.332000017       0.00000000    
  0.333000004       0.00000000    
  0.334000021       0.00000000    
  0.335000008       0.00000000    
  0.336000025       0.00000000    
  0.337000012       0.00000000    
  0.338000029       0.00000000    
  0.339000016       0.00000000    
  0.340000004       0.00000000    
  0.341000021       0.00000000    
  0.342000008       0.00000000    
  0.343000025       0.00000000    
  0.344000012       0.00000000    
  0.345000029       0.00000000    
  0.346000016       0.00000000    
  0.347000003       0.00000000    
  0.348000020       0.00000000    
  0.349000007       0.00000000    
  0.350000024       0.00000000    
  0.351000011       0.00000000    
  0.352000028       0.00000000    
  0.353000015       0.00000000    
  0.354000002       0.00000000    
  0.355000019       0.00000000    
  0.356000006       0.00000000    
  0.357000023       0.00000000    
  0.358000010       0.00000000    
  0.359000027       0.00000000    
  0.360000014       0.00000000    
  0.361000031       0.00000000    
  0.362000018       0.00000000    
  0.363000005       0.00000000    
  0.364000022       0.00000000    
  0.365000010       0.00000000    
  0.366000026       0.00000000    
  0.367000014       0.00000000    
  0.368000031       0.00000000    
  0.369000018       0.00000000    
  0.370000005       0.00000000    
  0.371000022       0.00000000    
  0.372000009       0.00000000    
  0.373000026       0.00000000    
  0.374000013       0.00000000    
  0.375000030       0.00000000    
  0.376000017       0.00000000    
  0.377000004       0.00000000    
  0.378000021       0.00000000    
  0.379000008       0.00000000    
  0.380000025       0.00000000    
  0.381000012       0.00000000    
  0.382000029       0.00000000    
  0.383000016       0.00000000    
  0.384000003       0.00000000    
  0.385000020       0.00000000    
  0.386000007       0.00000000    
  0.387000024       0.00000000    
  0.388000011       0.00000000    
  0.389000028       0.00000000    
  0.390000015       0.00000000    
  0.391000032       0.00000000    
  0.392000020       0.00000000    
  0.393000007       0.00000000    
  0.394000024       0.00000000    
  0.395000011       0.00000000    
  0.396000028       0.00000000    
  0.397000015       0.00000000    
  0.398000032       0.00000000    
  0.399000019       0.00000000    
  0.400000006       0.00000000    
  0.401000023       0.00000000    
  0.402000010       0.00000000    
  0.403000027       0.00000000    
  0.404000014       0.00000000    
  0.405000031       0.00000000    
  0.406000018       0.00000000    
  0.407000005       0.00000000    
  0.408000022       0.00000000    
  0.409000009       0.00000000    
  0.410000026       0.00000000    
  0.411000013       0.00000000    
  0.412000030       0.00000000    
  0.413000017       0.00000000    
  0.414000034       0.00000000    
  0.415000021       0.00000000    
  0.416000009       0.00000000    
  0.417000026       0.00000000    
  0.418000013       0.00000000    
  0.419000030       0.00000000    
  0.420000017       0.00000000    
  0.421000034       0.00000000    
  0.422000021       0.00000000    
  0.423000008       0.00000000    
  0.424000025       0.00000000    
  0.425000012       0.00000000    
  0.426000029       0.00000000    
  0.427000016       0.00000000    
  0.428000033       0.00000000    
  0.429000020       0.00000000    
  0.430000007       0.00000000    
  0.431000024       0.00000000    
  0.432000011       0.00000000    
  0.433000028       0.00000000    
  0.434000015       0.00000000    
  0.435000032       0.00000000    
  0.436000019       0.00000000    
  0.437000006       0.00000000    
  0.438000023       0.00000000    
  0.439000010       0.00000000    
  0.440000027       0.00000000    
  0.441000015       0.00000000    
  0.442000031       0.00000000    
  0.443000019       0.00000000    
  0.444000036       0.00000000    
  0.445000023       0.00000000    
  0.446000010       0.00000000    
  0.447000027       0.00000000    
  0.448000014       0.00000000    
  0.449000031       0.00000000    
  0.450000018       0.00000000    
  0.451000035       0.00000000    
  0.452000022       0.00000000    
  0.453000009       0.00000000    
  0.454000026       0.00000000    
  0.455000013       0.00000000    
  0.456000030       0.00000000    
  0.457000017       0.00000000    
  0.458000034       0.00000000    
  0.459000021       0.00000000    
  0.460000008       0.00000000    
  0.461000025       0.00000000    
  0.462000012       0.00000000    
  0.463000029       0.00000000    
  0.464000016       0.00000000    
  0.465000033       0.00000000    
  0.466000021       0.00000000    
  0.467000008       0.00000000    
  0.468000025       0.00000000    
  0.469000012       0.00000000    
  0.470000029       0.00000000    
  0.471000016       0.00000000    
  0.472000033       0.00000000    
  0.473000020       0.00000000    
  0.474000037       0.00000000    
  0.475000024       0.00000000    
  0.476000011       0.00000000    
  0.477000028       0.00000000    
  0.478000015       0.00000000    
  0.479000032       0.00000000    
  0.480000019       0.00000000    
  0.481000036       0.00000000    
  0.482000023       0.00000000    
  0.483000010       0.00000000    
  0.484000027       0.00000000    
  0.485000014       0.00000000    
  0.486000031       0.00000000    
  0.487000018       0.00000000    
  0.488000035       0.00000000    
  0.489000022       0.00000000    
  0.490000010       0.00000000    
  0.491000026       0.00000000    
  0.492000014       0.00000000    
  0.493000031       0.00000000    
  0.494000018       0.00000000    
  0.495000035       0.00000000    
  0.496000022       0.00000000    
  0.497000009       0.00000000    
  0.498000026       0.00000000    
  0.499000013       0.00000000    
  0.500000000       0.00000000    
  0.501000047       0.00000000    
  0.502000034       0.00000000    
  0.503000021       0.00000000    
  0.504000008       0.00000000    
  0.504999995       0.00000000    
  0.506000042       0.00000000    
  0.507000029       0.00000000    
  0.508000016       0.00000000    
  0.509000003       0.00000000    
  0.510000050       0.00000000    
  0.511000037       0.00000000    
  0.512000024       0.00000000    
  0.513000011       0.00000000    
  0.513999999       0.00000000    
  0.515000045       0.00000000    
  0.516000032       0.00000000    
  0.517000020       0.00000000    
  0.518000007       0.00000000    
  0.519000053       0.00000000    
  0.520000041       0.00000000    
  0.521000028       0.00000000    
  0.522000015       0.00000000    
  0.523000002       0.00000000    
  0.524000049       0.00000000    
  0.525000036       0.00000000    
  0.526000023       0.00000000    
  0.527000010       0.00000000    
  0.527999997       0.00000000    
  0.529000044       0.00000000    
  0.530000031       0.00000000    
  0.531000018       0.00000000    
  0.532000005       0.00000000    
  0.533000052       0.00000000    
  0.534000039       0.00000000    
  0.535000026       0.00000000    
  0.536000013       0.00000000    
  0.537000000       0.00000000    
  0.538000047       0.00000000    
  0.539000034       0.00000000    
  0.540000021       0.00000000    
  0.541000009       0.00000000    
  0.542000055       0.00000000    
  0.543000042       0.00000000    
  0.544000030       0.00000000    
  0.545000017       0.00000000    
  0.546000004       0.00000000    
  0.547000051       0.00000000    
  0.548000038       0.00000000    
  0.549000025       0.00000000    
  0.550000012       0.00000000    
  0.550999999       0.00000000    
  0.552000046       0.00000000    
  0.553000033       0.00000000    
  0.554000020       0.00000000    
  0.555000007       0.00000000    
  0.556000054       0.00000000    
  0.557000041       0.00000000    
  0.558000028       0.00000000    
  0.559000015       0.00000000    
  0.560000002       0.00000000    
  0.561000049       0.00000000    
  0.562000036       0.00000000    
  0.563000023       0.00000000    
  0.564000010       0.00000000    
  0.564999998       0.00000000    
  0.566000044       0.00000000    
  0.567000031       0.00000000    
  0.568000019       0.00000000    
  0.569000006       0.00000000    
  0.570000052       0.00000000    
  0.571000040       0.00000000    
  0.572000027       0.00000000    
  0.573000014       0.00000000    
  0.574000001       0.00000000    
  0.575000048       0.00000000    
  0.576000035       0.00000000    
  0.577000022       0.00000000    
  0.578000009       0.00000000    
  0.579000056       0.00000000    
  0.580000043       0.00000000    
  0.581000030       0.00000000    
  0.582000017       0.00000000    
  0.583000004       0.00000000    
  0.584000051       0.00000000    
  0.585000038       0.00000000    
  0.586000025       0.00000000    
  0.587000012       0.00000000    
  0.588000000       0.00000000    
  0.589000046       0.00000000    
  0.590000033       0.00000000    
  0.591000021       0.00000000    
  0.592000008       0.00000000    
  0.593000054       0.00000000    
  0.594000041       0.00000000    
  0.595000029       0.00000000    
  0.596000016       0.00000000    
  0.597000003       0.00000000    
  0.598000050       0.00000000    
  0.599000037       0.00000000    
  0.600000024       0.00000000    
  0.601000011       0.00000000    
  0.602000058       0.00000000    
  0.603000045       0.00000000    
  0.604000032       0.00000000    
  0.605000019       0.00000000    
  0.606000006       0.00000000    
  0.607000053       0.00000000    
  0.608000040       0.00000000    
  0.609000027       0.00000000    
  0.610000014       0.00000000    
  0.611000001       0.00000000    
  0.612000048       0.00000000    
  0.613000035       0.00000000    
  0.614000022       0.00000000    
  0.615000010       0.00000000    
  0.616000056       0.00000000    
  0.617000043       0.00000000    
  0.618000031       0.00000000    
  0.619000018       0.00000000    
  0.620000005       0.00000000    
  0.621000051       0.00000000    
  0.622000039       0.00000000    
  0.623000026       0.00000000    
  0.624000013       0.00000000    
  0.625000000       0.00000000    
  0.626000047       0.00000000    
  0.627000034       0.00000000    
  0.628000021       0.00000000    
  0.629000008       0.00000000    
  0.630000055       0.00000000    
  0.631000042       0.00000000    
  0.632000029       0.00000000    
  0.633000016       0.00000000    
  0.634000003       0.00000000    
  0.635000050       0.00000000    
  0.636000037       0.00000000    
  0.637000024       0.00000000    
  0.638000011       0.00000000    
  0.639000058       0.00000000    
  0.640000045       0.00000000    
  0.641000032       0.00000000    
  0.642000020       0.00000000    
  0.643000007       0.00000000    
  0.644000053       0.00000000    
  0.645000041       0.00000000    
  0.646000028       0.00000000    
  0.647000015       0.00000000    
  0.648000002       0.00000000    
  0.649000049       0.00000000    
  0.650000036       0.00000000    
  0.651000023       0.00000000    
  0.652000010       0.00000000    
  0.653000057       0.00000000    
  0.654000044       0.00000000    
  0.655000031       0.00000000    
  0.656000018       0.00000000    
  0.657000005       0.00000000    
  0.658000052       0.00000000    
  0.659000039       0.00000000    
  0.660000026       0.00000000    
  0.661000013       0.00000000    
  0.662000060       0.00000000    
  0.663000047       0.00000000    
  0.664000034       0.00000000    
  0.665000021       0.00000000    
  0.666000009       0.00000000    
  0.667000055       0.00000000    
  0.668000042       0.00000000    
  0.669000030       0.00000000    
  0.670000017       0.00000000    
  0.671000004       0.00000000    
  0.672000051       0.00000000    
  0.673000038       0.00000000    
  0.674000025       0.00000000    
  0.675000012       0.00000000    
  0.676000059       0.00000000    
  0.677000046       0.00000000    
  0.678000033       0.00000000    
  0.679000020       0.00000000    
  0.680000007       0.00000000    
  0.681000054       0.00000000    
  0.682000041       0.00000000    
  0.683000028       0.00000000    
  0.684000015       0.00000000    
  0.685000062       0.00000000    
  0.686000049       0.00000000    
  0.687000036       0.00000000    
  0.688000023       0.00000000    
  0.689000010       0.00000000    
  0.690000057       0.00000000    
  0.691000044       0.00000000    
  0.692000031       0.00000000    
  0.693000019       0.00000000    
  0.694000006       0.00000000    
  0.695000052       0.00000000    
  0.696000040       0.00000000    
  0.697000027       0.00000000    
  0.698000014       0.00000000    
  0.699000061       0.00000000    
  0.700000048       0.00000000    
  0.701000035       0.00000000    
  0.702000022       0.00000000    
  0.703000009       0.00000000    
  0.704000056       0.00000000    
  0.705000043       0.00000000    
  0.706000030       0.00000000    
  0.707000017       0.00000000    
  0.708000004       0.00000000    
  0.709000051       0.00000000    
  0.710000038       0.00000000    
  0.711000025       0.00000000    
  0.712000012       0.00000000    
  0.713000059       0.00000000    
  0.714000046       0.00000000    
  0.715000033       0.00000000    
  0.716000021       0.00000000    
  0.717000008       0.00000000    
  0.718000054       0.00000000    
  0.719000041       0.00000000    
  0.720000029       0.00000000    
  0.721000016       0.00000000    
  0.722000062       0.00000000    
  0.723000050       0.00000000    
  0.724000037       0.00000000    
  0.725000024       0.00000000    
  0.726000011       0.00000000    
  0.727000058       0.00000000    
  0.728000045       0.00000000    
  0.729000032       0.00000000    
  0.730000019       0.00000000    
  0.731000006       0.00000000    
  0.732000053       0.00000000    
  0.733000040       0.00000000    
  0.734000027       0.00000000    
  0.735000014       0.00000000    
  0.736000061       0.00000000    
  0.737000048       0.00000000    
  0.738000035       0.00000000    
  0.739000022       0.00000000    
  0.740000010       0.00000000    
  0.741000056       0.00000000    
  0.742000043       0.00000000    
  0.743000031       7.00649232E-45
  0.744000018       4.20389539E-44
  0.745000064       2.41023336E-43
  0.746000051       1.36766730E-42
  0.747000039       7.51796626E-42
  0.748000026       4.00589192E-41
  0.749000013       2.07107709E-40
  0.750000060       1.03975645E-39
  0.751000047       5.06985721E-39
  0.752000034       2.40279723E-38
  0.753000021       1.10736882E-37
  0.754000008       4.96586679E-37
  0.755000055       2.16809616E-36
  0.756000042       9.21850091E-36
  0.757000029       3.81958723E-35
  0.758000016       1.54291715E-34
  0.759000063       6.07953464E-34
  0.760000050       2.33751882E-33
  0.761000037       8.77464509E-33
  0.762000024       3.21722900E-32
  0.763000011       1.15266026E-31
  0.764000058       4.03750430E-31
  0.765000045       1.38297211E-30
  0.766000032       4.63504231E-30
  0.767000020       1.52045564E-29
  0.768000007       4.88391700E-29
  0.769000053       1.53684515E-28
  0.770000041       4.73852770E-28
  0.771000028       1.43232306E-27
  0.772000015       4.24577150E-27
  0.773000062       1.23472463E-26
  0.774000049       3.52369375E-26
  0.775000036       9.87166732E-26
  0.776000023       2.71597907E-25
  0.777000010       7.34081812E-25
  0.778000057       1.94984683E-24
  0.779000044       5.09082826E-24
  0.780000031       1.30696968E-23
  0.781000018       3.30043342E-23
  0.782000065       8.20070262E-23
  0.783000052       2.00536078E-22
  0.784000039       4.82782975E-22
  0.785000026       1.14457412E-21
  0.786000013       2.67289339E-21
  0.787000060       6.15070824E-21
  0.788000047       1.39489195E-20
  0.789000034       3.11857657E-20
  0.790000021       6.87536757E-20
  0.791000009       1.49510479E-19
  0.792000055       3.20763245E-19
  0.793000042       6.79095431E-19
  0.794000030       1.41912409E-18
  0.795000017       2.92782956E-18
  0.796000063       5.96561210E-18
  0.797000051       1.20056969E-17
  0.798000038       2.38703447E-17
  0.799000025       4.68996750E-17
  0.800000012       9.10783889E-17
  0.801000059       1.74856466E-16
  0.802000046       3.31941492E-16
  0.803000033       6.23189721E-16
  0.804000020       1.15734760E-15
  0.805000067       2.12664753E-15
  0.806000054       3.86688116E-15
  0.807000041       6.95905752E-15
  0.808000028       1.23981204E-14
  0.809000015       2.18700366E-14
  0.810000062       3.82048078E-14
  0.811000049       6.61021598E-14
  0.812000036       1.13299113E-13
  0.813000023       1.92403886E-13
  0.814000010       3.23790636E-13
  0.815000057       5.40080730E-13
  0.816000044       8.92956553E-13
  0.817000031       1.46373918E-12
  0.818000019       2.37916869E-12
  0.819000065       3.83526804E-12
  0.820000052       6.13199725E-12
  0.821000040       9.72609146E-12
  0.822000027       1.53053941E-11
  0.823000014       2.38994814E-11
  0.824000061       3.70384938E-11
  0.825000048       5.69705047E-11
  0.826000035       8.69900679E-11
  0.827000022       1.31871847E-10
  0.828000069       1.98506600E-10
  0.829000056       2.96724506E-10
  0.830000043       4.40526227E-10
  0.831000030       6.49630905E-10
  0.832000017       9.51690504E-10
  0.833000064       1.38520539E-09
  0.834000051       2.00337014E-09
  0.835000038       2.87924107E-09
  0.836000025       4.11270662E-09
  0.837000012       5.83915183E-09
  0.838000059       8.24132318E-09
  0.839000046       1.15636976E-08
  0.840000033       1.61327822E-08
  0.841000021       2.23801653E-08
  0.842000067       3.08760626E-08
  0.843000054       4.23646043E-08
  0.844000041       5.78183972E-08
  0.845000029       7.84934997E-08
  0.846000016       1.06014220E-07
  0.847000062       1.42459157E-07
  0.848000050       1.90476044E-07
  0.849000037       2.53426975E-07
  0.850000024       3.35563158E-07
  0.851000011       4.42217356E-07
  0.852000058       5.80069923E-07
  0.853000045       7.57402461E-07
  0.854000032       9.84494591E-07
  0.855000019       1.27403109E-06
  0.856000066       1.64158041E-06
  0.857000053       2.10611097E-06
  0.858000040       2.69077691E-06
  0.859000027       3.42351950E-06
  0.860000014       4.33815012E-06
  0.861000061       5.47532636E-06
  0.862000048       6.88342561E-06
  0.863000035       8.62027628E-06
  0.864000022       1.07545020E-05
  0.865000069       1.33673830E-05
  0.866000056       1.65541314E-05
  0.867000043       2.04266980E-05
  0.868000031       2.51161200E-05
  0.869000018       3.07746523E-05
  0.870000064       3.75795353E-05
  0.871000051       4.57339884E-05
  0.872000039       5.54747967E-05
  0.873000026       6.70710651E-05
  0.874000013       8.08323530E-05
  0.875000060       9.71120171E-05
  0.876000047       1.16309464E-04
  0.877000034       1.38877513E-04
  0.878000021       1.65331468E-04
  0.879000068       1.96247347E-04
  0.880000055       2.32271195E-04
  0.881000042       2.74124061E-04
  0.882000029       3.22619715E-04
  0.883000016       3.78649129E-04
  0.884000063       4.43217694E-04
  0.885000050       5.17409353E-04
  0.886000037       6.02455460E-04
  0.887000024       6.99668424E-04
  0.888000071       8.10534286E-04
  0.889000058       9.36622382E-04
  0.890000045       1.07968994E-03
  0.891000032       1.24162296E-03
  0.892000020       1.42447534E-03
  0.893000066       1.63047947E-03
  0.894000053       1.86200719E-03
  0.895000041       2.12162733E-03
  0.896000028       2.41212267E-03
  0.897000015       2.73643131E-03
  0.898000062       3.09775304E-03
  0.899000049       3.49940034E-03
  0.900000036       3.94496415E-03
  0.901000023       4.43820795E-03
  0.902000070       4.98323701E-03
  0.903000057       5.58413612E-03
  0.904000044       6.24543941E-03
  0.905000031       6.97173597E-03
  0.906000018       7.76802003E-03
  0.907000065       8.63938686E-03
  0.908000052       9.59111005E-03
  0.909000039       1.06286807E-02
  0.910000026       1.17579764E-02
  0.911000073       1.29849371E-02
  0.912000060       1.43156825E-02
  0.913000047       1.57564394E-02
  0.914000034       1.73139088E-02
  0.915000021       1.89946294E-02
  0.916000068       2.08058022E-02
  0.917000055       2.27539241E-02
  0.918000042       2.48464122E-02
  0.919000030       2.70904358E-02
  0.920000017       2.94934791E-02
  0.921000063       3.20628658E-02
  0.922000051       3.48061696E-02
  0.923000038       3.77307981E-02
  0.924000025       4.08445969E-02
  0.925000072       4.41551134E-02
  0.926000059       4.76698317E-02
  0.927000046       5.13961874E-02
  0.928000033       5.53420410E-02
  0.929000020       5.95144406E-02
  0.930000067       6.39214963E-02
  0.931000054       6.85696080E-02
  0.932000041       7.34666660E-02
  0.933000028       7.86189362E-02
  0.934000015       8.40338767E-02
  0.935000062       8.97177085E-02
  0.936000049       9.56769362E-02
  0.937000036      0.101917446    
  0.938000023      0.108445659    
  0.939000070      0.115266889    
  0.940000057      0.122386552    
  0.941000044      0.129809067    
  0.942000031      0.137540489    
  0.943000019      0.145583853    
  0.944000065      0.153944656    
  0.945000052      0.162624508    
  0.946000040      0.171628356    
  0.947000027      0.180957720    
  0.948000073      0.190617099    
  0.949000061      0.200605616    
  0.950000048      0.210927516    
  0.951000035      0.221582234    
  0.952000022      0.232571781    
  0.953000069      0.243895352    
  0.954000056      0.255554140    
  0.955000043      0.267545462    
  0.956000030      0.279870361    
  0.957000017      0.292525709    
  0.958000064      0.305512130    
  0.959000051      0.318823218    
  0.960000038      0.332460046    
  0.961000025      0.346416324    
  0.962000072      0.360692173    
  0.963000059      0.375278831    
  0.964000046      0.390175194    
  0.965000033      0.405373901    
  0.966000021      0.420872331    
  0.967000067      0.436662912    
  0.968000054      0.452740550    
  0.969000041      0.469096303    
  0.970000029      0.485726923    
  0.971000075      0.502623200    
  0.972000062      0.519779027    
  0.973000050      0.537183940    
  0.974000037      0.554833233    
  0.975000024      0.572715282    
  0.976000071      0.590826631    
  0.977000058      0.609151661    
  0.978000045      0.627686858    
  0.979000032      0.646418810    
  0.980000019      0.665341496    
  0.981000066      0.684443474    
  0.982000053      0.703716636    
  0.983000040      0.723146677    
  0.984000027      0.742729008    
  0.985000074      0.762449622    
  0.986000061      0.782300770    
  0.987000048      0.802268267    
  0.988000035      0.822347343    
  0.989000022      0.842521071    
  0.990000069      0.862787187    
  0.991000056      0.883125305    
  0.992000043      0.903534174    
  0.993000031      0.923994243    
  0.994000018      0.944503844    
  0.995000064      0.965046048    
  0.996000051      0.985615551    
  0.997000039       1.00619602    
  0.998000026       1.02678394    
  0.999000072       1.04736447    
   1.00000000       1.06792891    
   1.00100005       1.08846712    
   1.00200009       1.10897374    
   1.00300002       1.12942660    
   1.00400007       1.14983320    
   1.00500000       1.17016888    
   1.00600004       1.19043732    
   1.00700009       1.21062005    
   1.00800002       1.23071337    
   1.00900006       1.25070393    
   1.00999999       1.27058971    
   1.01100004       1.29035628    
   1.01200008       1.31000352    
   1.01300001       1.32951200    
   1.01400006       1.34888625    
   1.01500010       1.36810827    
   1.01600003       1.38718033    
   1.01700008       1.40608823    
   1.01800001       1.42483008    
   1.01900005       1.44339478    
   1.02000010       1.46178401    
   1.02100003       1.47997940    
   1.02200007       1.49798870    
   1.02300000       1.51579452    
   1.02400005       1.53340209    
   1.02500010       1.55079782    
   1.02600002       1.56798172    
   1.02700007       1.58494520    
   1.02800000       1.60168993    
   1.02900004       1.61820543    
   1.03000009       1.63449430    
   1.03100002       1.65054250    
   1.03200006       1.66636109    
   1.03299999       1.68193185    
   1.03400004       1.69726372    
   1.03500009       1.71234691    
   1.03600001       1.72718251    
   1.03700006       1.74176347    
   1.03800011       1.75609553    
   1.03900003       1.77016449    
   1.04000008       1.78398442    
   1.04100001       1.79753673    
   1.04200006       1.81083620    
   1.04300010       1.82386911    
   1.04400003       1.83664012    
   1.04500008       1.84914732    
   1.04600000       1.86139214    
   1.04700005       1.87336910    
   1.04800010       1.88508618    
   1.04900002       1.89653158    
   1.05000007       1.90771782    
   1.05100000       1.91863275    
   1.05200005       1.92928910    
   1.05300009       1.93967617    
   1.05400002       1.94980228    
   1.05500007       1.95966232    
   1.05599999       1.96926367    
   1.05700004       1.97859919    
   1.05800009       1.98767960    
   1.05900002       1.99649537    
   1.06000006       2.00505924    
   1.06100011       2.01336217    
   1.06200004       2.02141261    
   1.06300008       2.02920723    
   1.06400001       2.03675365    
   1.06500006       2.04404664    
   1.06600010       2.05109692    
   1.06700003       2.05789423    
   1.06800008       2.06445527    
   1.06900001       2.07076812    
   1.07000005       2.07684660    
   1.07100010       2.08268332    
   1.07200003       2.08828902    
   1.07300007       2.09365821    
   1.07400000       2.09880114    
   1.07500005       2.10371256    
   1.07600009       2.10840344    
   1.07700002       2.11286712    
   1.07800007       2.11711502    
   1.07900000       2.12114048    
   1.08000004       2.12495708    
   1.08100009       2.12855768    
   1.08200002       2.13195229    
   1.08300006       2.13513708    
   1.08400011       2.13812256    
   1.08500004       2.14090300    
   1.08600008       2.14348912    
   1.08700001       2.14587688    
   1.08800006       2.14807653    
   1.08900011       2.15008330    
   1.09000003       2.15190744    
   1.09100008       2.15354443    
   1.09200001       2.15500498    
   1.09300005       2.15628386    
   1.09400010       2.15739226    
   1.09500003       2.15832496    
   1.09600008       2.15909314    
   1.09700000       2.15969062    
   1.09800005       2.16013002    
   1.09900010       2.16040564    
   1.10000002       2.16052699    
   1.10100007       2.16049099    
   1.10200000       2.16030693    
   1.10300004       2.15997100    
   1.10400009       2.15949321    
   1.10500002       2.15886903    
   1.10600007       2.15810776    
   1.10699999       2.15720534    
   1.10800004       2.15617275    
   1.10900009       2.15500569    
   1.11000001       2.15371156    
   1.11100006       2.15228820    
   1.11200011       2.15074539    
   1.11300004       2.14907789    
   1.11400008       2.14729476    
   1.11500001       2.14539385    
   1.11600006       2.14338231    
   1.11700010       2.14125705    
   1.11800003       2.13902736    
   1.11900008       2.13668919    
   1.12000000       2.13425040    
   1.12100005       2.13170910    
   1.12200010       2.12907219    
   1.12300003       2.12633681    
   1.12400007       2.12351084    
   1.12500000       2.12059188    
   1.12600005       2.11758590    
   1.12700009       2.11449170    
   1.12800002       2.11131597    
   1.12900007       2.10805583    
   1.13000000       2.10471845    
   1.13100004       2.10130119    
   1.13200009       2.09781075    
   1.13300002       2.09424543    
   1.13400006       2.09061027    
   1.13500011       2.08690429    
   1.13600004       2.08313322    
   1.13700008       2.07929540    
   1.13800001       2.07539535    
   1.13900006       2.07143259    
   1.14000010       2.06741309    
   1.14100003       2.06333375    
   1.14200008       2.05920029    
   1.14300001       2.05501223    
   1.14400005       2.05077243    
   1.14500010       2.04648066    
   1.14600003       2.04214287    
   1.14700007       2.03775692    
   1.14800000       2.03332567    
   1.14900005       2.02884936    
   1.15000010       2.02433348    
   1.15100002       2.01977587    
   1.15200007       2.01517963    
   1.15300000       2.01054549    
   1.15400004       2.00587535    
   1.15500009       2.00116992    
   1.15600002       1.99643397    
   1.15700006       1.99166369    
   1.15800011       1.98686469    
   1.15900004       1.98203659    
   1.16000009       1.97718012    
   1.16100001       1.97229838    
   1.16200006       1.96739006    
   1.16300011       1.96245956    
   1.16400003       1.95750487    
   1.16500008       1.95252979    
   1.16600001       1.94753420    
   1.16700006       1.94251955    
   1.16800010       1.93748713    
   1.16900003       1.93243766    
   1.17000008       1.92737246    
   1.17100000       1.92229259    
   1.17200005       1.91719866    
   1.17300010       1.91209221    
   1.17400002       1.90697408    
   1.17500007       1.90184617    
   1.17600000       1.89670706    
   1.17700005       1.89155817    
   1.17800009       1.88640356    
   1.17900002       1.88124216    
   1.18000007       1.87607241    
   1.18100011       1.87089765    
   1.18200004       1.86571944    
   1.18300009       1.86053646    
   1.18400002       1.85535121    
   1.18500006       1.85016429    
   1.18600011       1.84497404    
   1.18700004       1.83978391    
   1.18800008       1.83459425    
   1.18900001       1.82940447    
   1.19000006       1.82421696    
   1.19100010       1.81903160    
   1.19200003       1.81384766    
   1.19300008       1.80866754    
   1.19400001       1.80349112    
   1.19500005       1.79832053    
   1.19600010       1.79315209    
   1.19700003       1.78799212    
   1.19800007       1.78283608    
   1.19900000       1.77768874    
   1.20000005       1.77254701    
   1.20100009       1.76741493    
   1.20200002       1.76228845    
   1.20300007       1.75717258    
   1.20400012       1.75206459    
   1.20500004       1.74696851    
   1.20600009       1.74187982    
   1.20700002       1.73680341    
   1.20800006       1.73173630    
   1.20900011       1.72668123    
   1.21000004       1.72163844    
   1.21100008       1.71660829    
   1.21200001       1.71158898    
   1.21300006       1.70658350    
   1.21400011       1.70159018    
   1.21500003       1.69661069    
   1.21600008       1.69164515    
   1.21700001       1.68669426    
   1.21800005       1.68175745    
   1.21900010       1.67683518    
   1.22000003       1.67192793    
   1.22100008       1.66703701    
   1.22200000       1.66216040    
   1.22300005       1.65730083    
   1.22400010       1.65245497    
   1.22500002       1.64762855    
   1.22600007       1.64281583    
   1.22700012       1.63802087    
   1.22800004       1.63324261    
   1.22900009       1.62848246    
   1.23000002       1.62373877    
   1.23100007       1.61901474    
   1.23200011       1.61430466    
   1.23300004       1.60961604    
   1.23400009       1.60494328    
   1.23500001       1.60029018    
   1.23600006       1.59565425    
   1.23700011       1.59103870    
   1.23800004       1.58643985    
   1.23900008       1.58186090    
   1.24000001       1.57730043    
   1.24100006       1.57275951    
   1.24200010       1.56823766    
   1.24300003       1.56373668    
   1.24400008       1.55925214    
   1.24500000       1.55479014    
   1.24600005       1.55034506    
   1.24700010       1.54592228    
   1.24800003       1.54151690    
   1.24900007       1.53713429    
   1.25000000       1.53276813    
   1.25100005       1.52842474    
   1.25200009       1.52409911    
   1.25300002       1.51979744    
   1.25400007       1.51551151    
   1.25500011       1.51124954    
   1.25600004       1.50700486    
   1.25700009       1.50278258    
   1.25800002       1.49858022    
   1.25900006       1.49439991    
   1.26000011       1.49023628    
   1.26100004       1.48609674    
   1.26200008       1.48197496    
   1.26300001       1.47787607    
   1.26400006       1.47379625    
   1.26500010       1.46973801    
   1.26600003       1.46570003    
   1.26700008       1.46168280    
   1.26800001       1.45768595    
   1.26900005       1.45371020    
   1.27000010       1.44975412    
   1.27100003       1.44581997    
   1.27200007       1.44190538    
   1.27300000       1.43801260    
   1.27400005       1.43413949    
   1.27500010       1.43028784    
   1.27600002       1.42645514    
   1.27700007       1.42264616    
   1.27800012       1.41885304    
   1.27900004       1.41508448    
   1.28000009       1.41133332    
   1.28100002       1.40760541    
   1.28200006       1.40389574    
   1.28300011       1.40020871    
   1.28400004       1.39653969    
   1.28500009       1.39289355    
   1.28600001       1.38926494    
   1.28700006       1.38566029    
   1.28800011       1.38207114    
   1.28900003       1.37850523    
   1.29000008       1.37495828    
   1.29100001       1.37143302    
   1.29200006       1.36792576    
   1.29300010       1.36444020    
   1.29400003       1.36097336    
   1.29500008       1.35752738    
   1.29600000       1.35410070    
   1.29700005       1.35069525    
   1.29800010       1.34730661    
   1.29900002       1.34394145    
   1.30000007       1.34059155    
   1.30100012       1.33726513    
   1.30200005       1.33395505    
   1.30300009       1.33066690    
   1.30400002       1.32739627    
   1.30500007       1.32414699    
   1.30600011       1.32091522    
   1.30700004       1.31770456    
   1.30800009       1.31451035    
   1.30900002       1.31133842    
   1.31000006       1.30818248    
   1.31100011       1.30504751    
   1.31200004       1.30192947    
   1.31300008       1.29883230    
   1.31400001       1.29575253    
   1.31500006       1.29269242    
   1.31600010       1.28965008    
   1.31700003       1.28662860    
   1.31800008       1.28362107    
   1.31900001       1.28063476    
   1.32000005       1.27766681    
   1.32100010       1.27471662    
   1.32200003       1.27178407    
   1.32300007       1.26887143    
   1.32400012       1.26597428    
   1.32500005       1.26309681    
   1.32600009       1.26023662    
   1.32700002       1.25739741    
   1.32800007       1.25457108    
   1.32900012       1.25176358    
   1.33000004       1.24897289    
   1.33100009       1.24620342    
   1.33200002       1.24344707    
   1.33300006       1.24071145    
   1.33400011       1.23799241    
   1.33500004       1.23529220    
   1.33600008       1.23260260    
   1.33700001       1.22993481    
   1.33800006       1.22728372    
   1.33900011       1.22464895    
   1.34000003       1.22203100    
   1.34100008       1.21943080    
   1.34200001       1.21684611    
   1.34300005       1.21428001    
   1.34400010       1.21172738    
   1.34500003       1.20919311    
   1.34600008       1.20667493    
   1.34700012       1.20417118    
   1.34800005       1.20168531    
   1.34900010       1.19921565    
   1.35000002       1.19676113    
   1.35100007       1.19432342    
   1.35200012       1.19190180    
   1.35300004       1.18949425    
   1.35400009       1.18710530    
   1.35500002       1.18473220    
   1.35600007       1.18236971    
   1.35700011       1.18002725    
   1.35800004       1.17769611    
   1.35900009       1.17538369    
   1.36000001       1.17308724    
   1.36100006       1.17080593    
   1.36200011       1.16853476    
   1.36300004       1.16628361    
   1.36400008       1.16404426    
   1.36500001       1.16182125    
   1.36600006       1.15961456    
   1.36700010       1.15742266    
   1.36800003       1.15524101    
   1.36900008       1.15307844    
   1.37000012       1.15092635    
   1.37100005       1.14879227    
   1.37200010       1.14667094    
   1.37300003       1.14456415    
   1.37400007       1.14247203    
   1.37500012       1.14039314    
   1.37600005       1.13832891    
   1.37700009       1.13627899    
   1.37800002       1.13424098    
   1.37900007       1.13222110    
   1.38000011       1.13021076    
   1.38100004       1.12821436    
   1.38200009       1.12623215    
   1.38300002       1.12426758    
   1.38400006       1.12231123    
   1.38500011       1.12037075    
   1.38600004       1.11844206    
   1.38700008       1.11652839    
   1.38800001       1.11462414    
   1.38900006       1.11273539    
   1.39000010       1.11086106    
   1.39100003       1.10900021    
   1.39200008       1.10714781    
   1.39300001       1.10531330    
   1.39400005       1.10348725    
   1.39500010       1.10167873    
   1.39600003       1.09987879    
   1.39700007       1.09809160    
   1.39800012       1.09631729    
   1.39900005       1.09455609    
   1.40000010       1.09280717    
   1.40100002       1.09107137    
   1.40200007       1.08934796    
   1.40300012       1.08763707    
   1.40400004       1.08593452    
   1.40500009       1.08424866    
   1.40600002       1.08257079    
   1.40700006       1.08090532    
   1.40800011       1.07925212    
   1.40900004       1.07761121    
   1.41000009       1.07598245    
   1.41100001       1.07436585    
   1.41200006       1.07276022    
   1.41300011       1.07116437    
   1.41400003       1.06958282    
   1.41500008       1.06801081    
   1.41600001       1.06644964    
   1.41700006       1.06490016    
   1.41800010       1.06336260    
   1.41900003       1.06183672    
   1.42000008       1.06032205    
   1.42100012       1.05881536    
   1.42200005       1.05732322    
   1.42300010       1.05584037    
   1.42400002       1.05436790    
   1.42500007       1.05290675    
   1.42600012       1.05145693    
   1.42700005       1.05001855    
   1.42800009       1.04858685    
   1.42900002       1.04717088    
   1.43000007       1.04576039    
   1.43100011       1.04436350    
   1.43200004       1.04297483    
   1.43300009       1.04160023    
   1.43400002       1.04023111    
   1.43500006       1.03887606    
   1.43600011       1.03752697    
   1.43700004       1.03619242    
   1.43800008       1.03486383    
   1.43900001       1.03354681    
   1.44000006       1.03224206    
   1.44100010       1.03094363    
   1.44200003       1.02965665    
   1.44300008       1.02838290    
   1.44400012       1.02711189    
   1.44500005       1.02585578    
   1.44600010       1.02460551    
   1.44700003       1.02337003    
   1.44800007       1.02213883    
   1.44900012       1.02092123    
   1.45000005       1.01970816    
   1.45100009       1.01850927    
   1.45200002       1.01731646    
   1.45300007       1.01613355    
   1.45400012       1.01496065    
   1.45500004       1.01379812    
   1.45600009       1.01264095    
   1.45700002       1.01149392    
   1.45800006       1.01035678    
   1.45900011       1.00922930    
   1.46000004       1.00811076    
   1.46100008       1.00699973    
   1.46200001       1.00589752    
   1.46300006       1.00480485    
   1.46400011       1.00372183    
   1.46500003       1.00264835    
   1.46600008       1.00157917    
   1.46700013       1.00052178    
   1.46800005      0.999470413    
   1.46900010      0.998429120    
   1.47000003      0.997395813    
   1.47100008      0.996373832    
   1.47200012      0.995354950    
   1.47300005      0.994347751    
   1.47400010      0.993347406    
   1.47500002      0.992358565    
   1.47600007      0.991372824    
   1.47700012      0.990397811    
   1.47800004      0.989430606    
   1.47900009      0.988473415    
   1.48000002      0.987520397    
   1.48100007      0.986576855    
   1.48200011      0.985642076    
   1.48300004      0.984716296    
   1.48400009      0.983794987    
   1.48500001      0.982883036    
   1.48600006      0.981978953    
   1.48700011      0.981084704    
   1.48800004      0.980193496    
   1.48900008      0.979313374    
   1.49000013      0.978438675    
   1.49100006      0.977572799    
   1.49200010      0.976715267    
   1.49300003      0.975866377    
   1.49400008      0.975020051    
   1.49500012      0.974186063    
   1.49600005      0.973354757    
   1.49700010      0.972535670    
   1.49800003      0.971718550    
   1.49900007      0.970910907    
   1.50000012      0.970112324    
   1.50100005      0.969319344    
   1.50200009      0.968533993    
   1.50300002      0.967756867    
   1.50400007      0.966983318    
   1.50500011      0.966219246    
   1.50600004      0.965460122    
   1.50700009      0.964710355    
   1.50800002      0.963966131    
   1.50900006      0.963229775    
   1.51000011      0.962497830    
   1.51100004      0.961777389    
   1.51200008      0.961058140    
   1.51300013      0.960348785    
   1.51400006      0.959644794    
   1.51500010      0.958948255    
   1.51600003      0.958259404    
   1.51700008      0.957575977    
   1.51800013      0.956898034    
   1.51900005      0.956228435    
   1.52000010      0.955564201    
   1.52100003      0.954909325    
   1.52200007      0.954255342    
   1.52300012      0.953612983    
   1.52400005      0.952974379    
   1.52500010      0.952343345    
   1.52600002      0.951716065    
   1.52700007      0.951096117    
   1.52800012      0.950483739    
   1.52900004      0.949878931    
   1.53000009      0.949275851    
   1.53100002      0.948683739    
   1.53200006      0.948093474    
   1.53300011      0.947510540    
   1.53400004      0.946934760    
   1.53500009      0.946362972    
   1.53600001      0.945798159    
   1.53700006      0.945240617    
   1.53800011      0.944687247    
   1.53900003      0.944143474    
   1.54000008      0.943600059    
   1.54100013      0.943067372    
   1.54200006      0.942536235    
   1.54300010      0.942012310    
   1.54400003      0.941495061    
   1.54500008      0.940985739    
   1.54600012      0.940477252    
   1.54700005      0.939975917    
   1.54800010      0.939481437    
   1.54900002      0.938993990    
   1.55000007      0.938509762    
   1.55100012      0.938032448    
   1.55200005      0.937558353    
   1.55300009      0.937090933    
   1.55400002      0.936630547    
   1.55500007      0.936173141    
   1.55600011      0.935722470    
   1.55700004      0.935278773    
   1.55800009      0.934838057    
   1.55900002      0.934404135    
   1.56000006      0.933973014    
   1.56100011      0.933548689    
   1.56200004      0.933131158    
   1.56300008      0.932716489    
   1.56400013      0.932308435    
   1.56500006      0.931907058    
   1.56600010      0.931508303    
   1.56700003      0.931115568    
   1.56800008      0.930728316    
   1.56900012      0.930345714    
   1.57000005      0.929967761    
   1.57100010      0.929596484    
   1.57200003      0.929228485    
   1.57300007      0.928867400    
   1.57400012      0.928509057    
   1.57500005      0.928158700    
   1.57600009      0.927808940    
   1.57700002      0.927468181    
   1.57800007      0.927128732    
   1.57900012      0.926797450    
   1.58000004      0.926468909    
   1.58100009      0.926146626    
   1.58200002      0.925826907    
   1.58300006      0.925515354    
   1.58400011      0.925204754    
   1.58500004      0.924901843    
   1.58600008      0.924601495    
   1.58700013      0.924309194    
   1.58800006      0.924017727    
   1.58900011      0.923734188    
   1.59000003      0.923451543    
   1.59100008      0.923177779    
   1.59200013      0.922904372    
   1.59300005      0.922639310    
   1.59400010      0.922375381    
   1.59500003      0.922119260    
   1.59600008      0.921865165    
   1.59700012      0.921617866    
   1.59800005      0.921372354    
   1.59900010      0.921133220    
   1.60000002      0.920896709    
   1.60100007      0.920666933    
   1.60200012      0.920440018    
   1.60300004      0.920219064    
   1.60400009      0.920000076    
   1.60500002      0.919787467    
   1.60600007      0.919576883    
   1.60700011      0.919373870    
   1.60800004      0.919171691    
   1.60900009      0.918976545    
   1.61000013      0.918783844    
   1.61100006      0.918597043    
   1.61200011      0.918412209    
   1.61300004      0.918235064    
   1.61400008      0.918058336    
   1.61500013      0.917889059    
   1.61600006      0.917720139    
   1.61700010      0.917558610    
   1.61800003      0.917399108    
   1.61900008      0.917245567    
   1.62000012      0.917093873    
   1.62100005      0.916947961    
   1.62200010      0.916804969    
   1.62300003      0.916667521    
   1.62400007      0.916532576    
   1.62500012      0.916403174    
   1.62600005      0.916275382    
   1.62700009      0.916153967    
   1.62800002      0.916034639    
   1.62900007      0.915920734    
   1.63000011      0.915809035    
   1.63100004      0.915704191    
   1.63200009      0.915599644    
   1.63300014      0.915502429    
   1.63400006      0.915405333    
   1.63500011      0.915315390    
   1.63600004      0.915226579    
   1.63700008      0.915144920    
   1.63800013      0.915062368    
   1.63900006      0.914987683    
   1.64000010      0.914914072    
   1.64100003      0.914847314    
   1.64200008      0.914780915    
   1.64300013      0.914720058    
   1.64400005      0.914661705    
   1.64500010      0.914608836    
   1.64600003      0.914557695    
   1.64700007      0.914511740    
   1.64800012      0.914468348    
   1.64900005      0.914430618    
   1.65000010      0.914392829    
   1.65100002      0.914361656    
   1.65200007      0.914332330    
   1.65300012      0.914308310    
   1.65400004      0.914286017    
   1.65500009      0.914268792    
   1.65600014      0.914253831    
   1.65700006      0.914244831    
   1.65800011      0.914236128    
   1.65900004      0.914232671    
   1.66000009      0.914231896    
   1.66100013      0.914235771    
   1.66200006      0.914241254    
   1.66300011      0.914252460    
   1.66400003      0.914264858    
   1.66500008      0.914282560    
   1.66600013      0.914302289    
   1.66700006      0.914326191    
   1.66800010      0.914352477    
   1.66900003      0.914384246    
   1.67000008      0.914416850    
   1.67100012      0.914454639    
   1.67200005      0.914493799    
   1.67300010      0.914538562    
   1.67400002      0.914584875    
   1.67500007      0.914636195    
   1.67600012      0.914688766    
   1.67700005      0.914746642    
   1.67800009      0.914805651    
   1.67900014      0.914869905    
   1.68000007      0.914935470    
   1.68100011      0.915006101    
   1.68200004      0.915078044    
   1.68300009      0.915154874    
   1.68400013      0.915233195    
   1.68500006      0.915316641    
   1.68600011      0.915401757    
   1.68700004      0.915492177    
   1.68800008      0.915582836    
   1.68900013      0.915678680    
   1.69000006      0.915775716    
   1.69100010      0.915877879    
   1.69200003      0.915981948    
   1.69300008      0.916090667    
   1.69400012      0.916199982    
   1.69500005      0.916314185    
   1.69600010      0.916430116    
   1.69700003      0.916551828    
   1.69800007      0.916673243    
   1.69900012      0.916799664    
   1.70000005      0.916927457    
   1.70100009      0.917061210    
   1.70200002      0.917194903    
   1.70300007      0.917333663    
   1.70400012      0.917473197    
   1.70500004      0.917617738    
   1.70600009      0.917763710    
   1.70700014      0.917915285    
   1.70800006      0.918066621    
   1.70900011      0.918223023    
   1.71000004      0.918380558    
   1.71100008      0.918542683    
   1.71200013      0.918706000    
   1.71300006      0.918873906    
   1.71400011      0.919043303    
   1.71500003      0.919216871    
   1.71600008      0.919392288    
   1.71700013      0.919571340    
   1.71800005      0.919752359    
   1.71900010      0.919937491    
   1.72000003      0.920124054    
   1.72100008      0.920315027    
   1.72200012      0.920507193    
   1.72300005      0.920704007    
   1.72400010      0.920901656    
   1.72500002      0.921104372    
   1.72600007      0.921306551    
   1.72700012      0.921514332    
   1.72800004      0.921723425    
   1.72900009      0.921936929    
   1.73000014      0.922150433    
   1.73100007      0.922369778    
   1.73200011      0.922588825    
   1.73300004      0.922813356    
   1.73400009      0.923038185    
   1.73500013      0.923267961    
   1.73600006      0.923498213    
   1.73700011      0.923733830    
   1.73800004      0.923969090    
   1.73900008      0.924210191    
   1.74000013      0.924451053    
   1.74100006      0.924696565    
   1.74200010      0.924942732    
   1.74300003      0.925193548    
   1.74400008      0.925446153    
   1.74500012      0.925702810    
   1.74600005      0.925959527    
   1.74700010      0.926221311    
   1.74800003      0.926483393    
   1.74900007      0.926750600    
   1.75000012      0.927017212    
   1.75100005      0.927288890    
   1.75200009      0.927561939    
   1.75300014      0.927839577    
   1.75400007      0.928116739    
   1.75500011      0.928399026    
   1.75600004      0.928682387    
   1.75700009      0.928969145    
   1.75800014      0.929257751    
   1.75900006      0.929549813    
   1.76000011      0.929842889    
   1.76100004      0.930140913    
   1.76200008      0.930438638    
   1.76300013      0.930740714    
   1.76400006      0.931044042    
   1.76500010      0.931351006    
   1.76600003      0.931659639    
   1.76700008      0.931971550    
   1.76800013      0.932285130    
   1.76900005      0.932602465    
   1.77000010      0.932920814    
   1.77100003      0.933243454    
   1.77200007      0.933566153    
   1.77300012      0.933893085    
   1.77400005      0.934221447    
   1.77500010      0.934552968    
   1.77600014      0.934886158    
   1.77700007      0.935222864    
   1.77800012      0.935560524    
   1.77900004      0.935902894    
   1.78000009      0.936244786    
   1.78100014      0.936591208    
   1.78200006      0.936938345    
   1.78300011      0.937289715    
   1.78400004      0.937641799    
   1.78500009      0.937998056    
   1.78600013      0.938354850    
   1.78700006      0.938715577    
   1.78800011      0.939076722    
   1.78900003      0.939442813    
   1.79000008      0.939808846    
   1.79100013      0.940179169    
   1.79200006      0.940550029    
   1.79300010      0.940925360    
   1.79400003      0.941300571    
   1.79500008      0.941679716    
   1.79600012      0.942060530    
   1.79700005      0.942445219    
   1.79800010      0.942829907    
   1.79900014      0.943218708    
   1.80000007      0.943608046    
   1.80100012      0.944000840    
   1.80200005      0.944395304    
   1.80300009      0.944793880    
   1.80400014      0.945192218    
   1.80500007      0.945594847    
   1.80600011      0.945998132    
   1.80700004      0.946405470    
   1.80800009      0.946812809    
   1.80900013      0.947223842    
   1.81000006      0.947637200    
   1.81100011      0.948053479    
   1.81200004      0.948470056    
   1.81300008      0.948890865    
   1.81400013      0.949311972    
   1.81500006      0.949737608    
   1.81600010      0.950163066    
   1.81700003      0.950592041    
   1.81800008      0.951022804    
   1.81900012      0.951456130    
   1.82000005      0.951891363    
   1.82100010      0.952329278    
   1.82200015      0.952769160    
   1.82300007      0.953211844    
   1.82400012      0.953655183    
   1.82500005      0.954101980    
   1.82600009      0.954550743    
   1.82700014      0.955001414    
   1.82800007      0.955454528    
   1.82900012      0.955909967    
   1.83000004      0.956367135    
   1.83100009      0.956827283    
   1.83200014      0.957288325    
   1.83300006      0.957753360    
   1.83400011      0.958218455    
   1.83500004      0.958687842    
   1.83600008      0.959156990    
   1.83700013      0.959630370    
   1.83800006      0.960104227    
   1.83900011      0.960582078    
   1.84000003      0.961060107    
   1.84100008      0.961542010    
   1.84200013      0.962024331    
   1.84300005      0.962510645    
   1.84400010      0.962997019    
   1.84500003      0.963487804    
   1.84600008      0.963978529    
   1.84700012      0.964473248    
   1.84800005      0.964968204    
   1.84900010      0.965467215    
   1.85000014      0.965966523    
   1.85100007      0.966469467    
   1.85200012      0.966973007    
   1.85300004      0.967480540    
   1.85400009      0.967988014    
   1.85500014      0.968499601    
   1.85600007      0.969011366    
   1.85700011      0.969526947    
   1.85800004      0.970042884    
   1.85900009      0.970562458    
   1.86000013      0.971082568    
   1.86100006      0.971606612    
   1.86200011      0.972130537    
   1.86300004      0.972658753    
   1.86400008      0.973186970    
   1.86500013      0.973719060    
   1.86600006      0.974251330    
   1.86700010      0.974787414    
   1.86800003      0.975323856    
   1.86900008      0.975864351    
   1.87000012      0.976404607    
   1.87100005      0.976948977    
   1.87200010      0.977493346    
   1.87300014      0.978041589    
   1.87400007      0.978590071    
   1.87500012      0.979142249    
   1.87600005      0.979694784    
   1.87700009      0.980250835    
   1.87800014      0.980807185    
   1.87900007      0.981367409    
   1.88000011      0.981927812    
   1.88100004      0.982491732    
   1.88200009      0.983056009    
   1.88300014      0.983623922    
   1.88400006      0.984192014    
   1.88500011      0.984763861    
   1.88600004      0.985335886    
   1.88700008      0.985911429    
   1.88800013      0.986487269    
   1.88900006      0.987066627    
   1.89000010      0.987646341    
   1.89100003      0.988229394    
   1.89200008      0.988812864    
   1.89300013      0.989399731    
   1.89400005      0.989986658    
   1.89500010      0.990577281    
   1.89600015      0.991168201    
   1.89700007      0.991762280    
   1.89800012      0.992356777    
   1.89900005      0.992954433    
   1.90000010      0.993552625    
   1.90100014      0.994153857    
   1.90200007      0.994755626    
   1.90300012      0.995360434    
   1.90400004      0.995965660    
   1.90500009      0.996573806    
   1.90600014      0.997182369    
   1.90700006      0.997794271    
   1.90800011      0.998406112    
   1.90900004      0.999021232    
   1.91000009      0.999636590    
   1.91100013       1.00025499    
   1.91200006       1.00087380    
   1.91300011       1.00149512    
   1.91400003       1.00211704    
   1.91500008       1.00274181    
   1.91600013       1.00336683    
   1.91700006       1.00399494    
   1.91800010       1.00462282    
   1.91900015       1.00525391    
   1.92000008       1.00588489    
   1.92100012       1.00651884    
   1.92200005       1.00715292    
   1.92300010       1.00778961    
   1.92400014       1.00842655    
   1.92500007       1.00906610    
   1.92600012       1.00970578    
   1.92700005       1.01034808    
   1.92800009       1.01099026    
   1.92900014       1.01163530    
   1.93000007       1.01227999    
   1.93100011       1.01292753    
   1.93200004       1.01357484    
   1.93300009       1.01422465    
   1.93400013       1.01487434    
   1.93500006       1.01552665    
   1.93600011       1.01617849    
   1.93700004       1.01683295    
   1.93800008       1.01748705    
   1.93900013       1.01814353    
   1.94000006       1.01879978    
   1.94100010       1.01945806    
   1.94200015       1.02011621    
   1.94300008       1.02077651    
   1.94400012       1.02143633    
   1.94500005       1.02209842    
   1.94600010       1.02275991    
   1.94700015       1.02342343    
   1.94800007       1.02408671    
   1.94900012       1.02475166    
   1.95000005       1.02541614    
   1.95100009       1.02608263    
   1.95200014       1.02674818    
   1.95300007       1.02741575    
   1.95400012       1.02808249    
   1.95500004       1.02875113    
   1.95600009       1.02941895    
   1.95700014       1.03008842    
   1.95800006       1.03075695    
   1.95900011       1.03142715    
   1.96000004       1.03209639    
   1.96100008       1.03276706    
   1.96200013       1.03343678    
   1.96300006       1.03410780    
   1.96400011       1.03477788    
   1.96500015       1.03544915    
   1.96600008       1.03611934    
   1.96700013       1.03679061    
   1.96800005       1.03746080    
   1.96900010       1.03813195    
   1.97000015       1.03880179    
   1.97100008       1.03947270    
   1.97200012       1.04014230    
   1.97300005       1.04081261    
   1.97400010       1.04148161    
   1.97500014       1.04215121    
   1.97600007       1.04281938    
   1.97700012       1.04348826    
   1.97800004       1.04415548    
   1.97900009       1.04482317    
   1.98000014       1.04548931    
   1.98100007       1.04615569    
   1.98200011       1.04682040    
   1.98300004       1.04748535    
   1.98400009       1.04814851    
   1.98500013       1.04881191    
   1.98600006       1.04947329    
   1.98700011       1.05013478    
   1.98800004       1.05079412    
   1.98900008       1.05145359    
   1.99000013       1.05211091    
   1.99100006       1.05276799    
   1.99200010       1.05342281    
   1.99300015       1.05407739    
   1.99400008       1.05472982    
   1.99500012       1.05538166    
   1.99600005       1.05603135    
   1.99700010       1.05668032    
   1.99800014       1.05732679    
   1.99900007       1.05797267    
   2.00000000       1.05861616    
   2.00100017       1.05925858    
   2.00200009       1.05989861    
   2.00300002       1.06053770    
   2.00400019       1.06117380    
   2.00500011       1.06180906    
   2.00600004       1.06244159    
   2.00700021       1.06307292    
   2.00800014       1.06370127    
   2.00900006       1.06432843    
   2.00999999       1.06495249    
   2.01100016       1.06557524    
   2.01200008       1.06619489    
   2.01300001       1.06681299    
   2.01400018       1.06742787    
   2.01500010       1.06804132    
   2.01600003       1.06865132    
   2.01700020       1.06925976    
   2.01800013       1.06986451    
   2.01900005       1.07046771    
   2.01999998       1.07106733    
   2.02100015       1.07166505    
   2.02200007       1.07225931    
   2.02300000       1.07285130    
   2.02400017       1.07343960    
   2.02500010       1.07402599    
   2.02600002       1.07460856    
   2.02700019       1.07518864    
   2.02800012       1.07576513    
   2.02900004       1.07633913    
   2.03000021       1.07690907    
   2.03100014       1.07747686    
   2.03200006       1.07804048    
   2.03299999       1.07860136    
   2.03400016       1.07915831    
   2.03500009       1.07971263    
   2.03600001       1.08026278    
   2.03700018       1.08080995    
   2.03800011       1.08135295    
   2.03900003       1.08189309    
   2.04000020       1.08242893    
   2.04100013       1.08296168    
   2.04200006       1.08349013    
   2.04299998       1.08401549    
   2.04400015       1.08453643    
   2.04500008       1.08505416    
   2.04600000       1.08556724    
   2.04700017       1.08607697    
   2.04800010       1.08658230    
   2.04900002       1.08708429    
   2.05000019       1.08758152    
   2.05100012       1.08807528    
   2.05200005       1.08856428    
   2.05300021       1.08904982    
   2.05400014       1.08953059    
   2.05500007       1.09000766    
   2.05599999       1.09047997    
   2.05700016       1.09094846    
   2.05800009       1.09141219    
   2.05900002       1.09187198    
   2.06000018       1.09232676    
   2.06100011       1.09277773    
   2.06200004       1.09322405    
   2.06300020       1.09366596    
   2.06400013       1.09410310    
   2.06500006       1.09453619    
   2.06599998       1.09496427    
   2.06700015       1.09538805    
   2.06800008       1.09580672    
   2.06900001       1.09622133    
   2.07000017       1.09663081    
   2.07100010       1.09703600    
   2.07200003       1.09743619    
   2.07300019       1.09783173    
   2.07400012       1.09822237    
   2.07500005       1.09860849    
   2.07600021       1.09898937    
   2.07700014       1.09936607    
   2.07800007       1.09973729    
   2.07900000       1.10010421    
   2.08000016       1.10046566    
   2.08100009       1.10082269    
   2.08200002       1.10117435    
   2.08300018       1.10152161    
   2.08400011       1.10186338    
   2.08500004       1.10220075    
   2.08600020       1.10253251    
   2.08700013       1.10285974    
   2.08800006       1.10318148    
   2.08899999       1.10349882    
   2.09000015       1.10381067    
   2.09100008       1.10411799    
   2.09200001       1.10441971    
   2.09300017       1.10471666    
   2.09400010       1.10500824    
   2.09500003       1.10529506    
   2.09600019       1.10557652    
   2.09700012       1.10585332    
   2.09800005       1.10612440    
   2.09900022       1.10639107    
   2.10000014       1.10665190    
   2.10100007       1.10690820    
   2.10200000       1.10715914    
   2.10300016       1.10740507    
   2.10400009       1.10764563    
   2.10500002       1.10788167    
   2.10600019       1.10811198    
   2.10700011       1.10833740    
   2.10800004       1.10855758    
   2.10900021       1.10877275    
   2.11000013       1.10898268    
   2.11100006       1.10918796    
   2.11199999       1.10938740    
   2.11300015       1.10958230    
   2.11400008       1.10977173    
   2.11500001       1.10995638    
   2.11600018       1.11013556    
   2.11700010       1.11031020    
   2.11800003       1.11047924    
   2.11900020       1.11064386    
   2.12000012       1.11080265    
   2.12100005       1.11095703    
   2.12200022       1.11110580    
   2.12300014       1.11124980    
   2.12400007       1.11138868    
   2.12500000       1.11152291    
   2.12600017       1.11165154    
   2.12700009       1.11177576    
   2.12800002       1.11189437    
   2.12900019       1.11200857    
   2.13000011       1.11211741    
   2.13100004       1.11222172    
   2.13200021       1.11232078    
   2.13300014       1.11241519    
   2.13400006       1.11250436    
   2.13499999       1.11258888    
   2.13600016       1.11266840    
   2.13700008       1.11274326    
   2.13800001       1.11281335    
   2.13900018       1.11287844    
   2.14000010       1.11293864    
   2.14100003       1.11299443    
   2.14200020       1.11304498    
   2.14300013       1.11309099    
   2.14400005       1.11313236    
   2.14500022       1.11316895    
   2.14600015       1.11320090    
   2.14700007       1.11322832    
   2.14800000       1.11325073    
   2.14900017       1.11326897    
   2.15000010       1.11328244    
   2.15100002       1.11329126    
   2.15200019       1.11329556    
   2.15300012       1.11329544    
   2.15400004       1.11329043    
   2.15500021       1.11328137    
   2.15600014       1.11326766    
   2.15700006       1.11324978    
   2.15799999       1.11322701    
   2.15900016       1.11320031    
   2.16000009       1.11316907    
   2.16100001       1.11313343    
   2.16200018       1.11309373    
   2.16300011       1.11304951    
   2.16400003       1.11300099    
   2.16500020       1.11294866    
   2.16600013       1.11289155    
   2.16700006       1.11283064    
   2.16800022       1.11276531    
   2.16900015       1.11269629    
   2.17000008       1.11262262    
   2.17100000       1.11254537    
   2.17200017       1.11246383    
   2.17300010       1.11237836    
   2.17400002       1.11228895    
   2.17500019       1.11219561    
   2.17600012       1.11209810    
   2.17700005       1.11199689    
   2.17800021       1.11189198    
   2.17900014       1.11178303    
   2.18000007       1.11167014    
   2.18099999       1.11155367    
   2.18200016       1.11143351    
   2.18300009       1.11130965    
   2.18400002       1.11118186    
   2.18500018       1.11105061    
   2.18600011       1.11091566    
   2.18700004       1.11077714    
   2.18800020       1.11063492    
   2.18900013       1.11048949    
   2.19000006       1.11034024    
   2.19100022       1.11018765    
   2.19200015       1.11003160    
   2.19300008       1.10987210    
   2.19400001       1.10970938    
   2.19500017       1.10954320    
   2.19600010       1.10937369    
   2.19700003       1.10920095    
   2.19800019       1.10902476    
   2.19900012       1.10884547    
   2.20000005       1.10866308    
   2.20100021       1.10847747    
   2.20200014       1.10828888    
   2.20300007       1.10809696    
   2.20400000       1.10790205    
   2.20500016       1.10770416    
   2.20600009       1.10750318    
   2.20700002       1.10729921    
   2.20800018       1.10709238    
   2.20900011       1.10688269    
   2.21000004       1.10667002    
   2.21100020       1.10645461    
   2.21200013       1.10623622    
   2.21300006       1.10601521    
   2.21399999       1.10579157    
   2.21500015       1.10556495    
   2.21600008       1.10533583    
   2.21700001       1.10510385    
   2.21800017       1.10486937    
   2.21900010       1.10463238    
   2.22000003       1.10439265    
   2.22100019       1.10415065    
   2.22200012       1.10390580    
   2.22300005       1.10365868    
   2.22400022       1.10340917    
   2.22500014       1.10315716    
   2.22600007       1.10290289    
   2.22700000       1.10264611    
   2.22800016       1.10238707    
   2.22900009       1.10212588    
   2.23000002       1.10186243    
   2.23100019       1.10159659    
   2.23200011       1.10132873    
   2.23300004       1.10105848    
   2.23400021       1.10078645    
   2.23500013       1.10051203    
   2.23600006       1.10023558    
   2.23699999       1.09995735    
   2.23800015       1.09967685    
   2.23900008       1.09939456    
   2.24000001       1.09911013    
   2.24100018       1.09882390    
   2.24200010       1.09853578    
   2.24300003       1.09824574    
   2.24400020       1.09795403    
   2.24500012       1.09766042    
   2.24600005       1.09736502    
   2.24700022       1.09706783    
   2.24800014       1.09676909    
   2.24900007       1.09646869    
   2.25000000       1.09616637    
   2.25100017       1.09586263    
   2.25200009       1.09555721    
   2.25300002       1.09525025    
   2.25400019       1.09494185    
   2.25500011       1.09463167    
   2.25600004       1.09432030    
   2.25700021       1.09400737    
   2.25800014       1.09369302    
   2.25900006       1.09337723    
   2.25999999       1.09306014    
   2.26100016       1.09274173    
   2.26200008       1.09242201    
   2.26300001       1.09210074    
   2.26400018       1.09177852    
   2.26500010       1.09145474    
   2.26600003       1.09113014    
   2.26700020       1.09080410    
   2.26800013       1.09047711    
   2.26900005       1.09014881    
   2.27000022       1.08981943    
   2.27100015       1.08948886    
   2.27200007       1.08915746    
   2.27300000       1.08882499    
   2.27400017       1.08849156    
   2.27500010       1.08815694    
   2.27600002       1.08782160    
   2.27700019       1.08748507    
   2.27800012       1.08714783    
   2.27900004       1.08680964    
   2.28000021       1.08647060    
   2.28100014       1.08613074    
   2.28200006       1.08579016    
   2.28299999       1.08544862    
   2.28400016       1.08510661    
   2.28500009       1.08476365    
   2.28600001       1.08442008    
   2.28700018       1.08407557    
   2.28800011       1.08373070    
   2.28900003       1.08338511    
   2.29000020       1.08303881    
   2.29100013       1.08269179    
   2.29200006       1.08234453    
   2.29300022       1.08199656    
   2.29400015       1.08164823    
   2.29500008       1.08129907    
   2.29600000       1.08094966    
   2.29700017       1.08059967    
   2.29800010       1.08024943    
   2.29900002       1.07989848    
   2.30000019       1.07954729    
   2.30100012       1.07919562    
   2.30200005       1.07884383    
   2.30300021       1.07849145    
   2.30400014       1.07813895    
   2.30500007       1.07778597    
   2.30599999       1.07743275    
   2.30700016       1.07707930    
   2.30800009       1.07672572    
   2.30900002       1.07637179    
   2.31000018       1.07601786    
   2.31100011       1.07566345    
   2.31200004       1.07530904    
   2.31300020       1.07495439    
   2.31400013       1.07459986    
   2.31500006       1.07424498    
   2.31600022       1.07389021    
   2.31700015       1.07353520    
   2.31800008       1.07318020    
   2.31900001       1.07282531    
   2.32000017       1.07247031    
   2.32100010       1.07211518    
   2.32200003       1.07176018    
   2.32300019       1.07140529    
   2.32400012       1.07105029    
   2.32500005       1.07069564    
   2.32600021       1.07034087    
   2.32700014       1.06998622    
   2.32800007       1.06963181    
   2.32900000       1.06927752    
   2.33000016       1.06892323    
   2.33100009       1.06856930    
   2.33200002       1.06821537    
   2.33300018       1.06786156    
   2.33400011       1.06750834    
   2.33500004       1.06715512    
   2.33600020       1.06680226    
   2.33700013       1.06644964    
   2.33800006       1.06609726    
   2.33900023       1.06574512    
   2.34000015       1.06539345    
   2.34100008       1.06504202    
   2.34200001       1.06469095    
   2.34300017       1.06434023    
   2.34400010       1.06398988    
   2.34500003       1.06363964    
   2.34600019       1.06329024    
   2.34700012       1.06294107    
   2.34800005       1.06259239    
   2.34900022       1.06224406    
   2.35000014       1.06189620    
   2.35100007       1.06154847    
   2.35200000       1.06120181    
   2.35300016       1.06085527    
   2.35400009       1.06050944    
   2.35500002       1.06016386    
   2.35600019       1.05981910    
   2.35700011       1.05947483    
   2.35800004       1.05913091    
   2.35900021       1.05878758    
   2.36000013       1.05844510    
   2.36100006       1.05810297    
   2.36200023       1.05776143    
   2.36300015       1.05742049    
   2.36400008       1.05708027    
   2.36500001       1.05674052    
   2.36600018       1.05640161    
   2.36700010       1.05606318    
   2.36800003       1.05572557    
   2.36900020       1.05538833    
   2.37000012       1.05505216    
   2.37100005       1.05471647    
   2.37200022       1.05438173    
   2.37300014       1.05404747    
   2.37400007       1.05371404    
   2.37500000       1.05338109    
   2.37600017       1.05304921    
   2.37700009       1.05271792    
   2.37800002       1.05238748    
   2.37900019       1.05205750    
   2.38000011       1.05172873    
   2.38100004       1.05140042    
   2.38200021       1.05107331    
   2.38300014       1.05074656    
   2.38400006       1.05042100    
   2.38500023       1.05009592    
   2.38600016       1.04977190    
   2.38700008       1.04944861    
   2.38800001       1.04912639    
   2.38900018       1.04880476    
   2.39000010       1.04848409    
   2.39100003       1.04816425    
   2.39200020       1.04784536    
   2.39300013       1.04752731    
   2.39400005       1.04721022    
   2.39500022       1.04689395    
   2.39600015       1.04657876    
   2.39700007       1.04626429    
   2.39800000       1.04595101    
   2.39900017       1.04563820    
   2.40000010       1.04532671    
   2.40100002       1.04501605    
   2.40200019       1.04470634    
   2.40300012       1.04439747    
   2.40400004       1.04408991    
   2.40500021       1.04378295    
   2.40600014       1.04347730    
   2.40700006       1.04317224    
   2.40800023       1.04286861    
   2.40900016       1.04256558    
   2.41000009       1.04226387    
   2.41100001       1.04196298    
   2.41200018       1.04166317    
   2.41300011       1.04136419    
   2.41400003       1.04106665    
   2.41500020       1.04076958    
   2.41600013       1.04047406    
   2.41700006       1.04017925    
   2.41800022       1.03988564    
   2.41900015       1.03959298    
   2.42000008       1.03930151    
   2.42100000       1.03901100    
   2.42200017       1.03872168    
   2.42300010       1.03843307    
   2.42400002       1.03814590    
   2.42500019       1.03785980    
   2.42600012       1.03757465    
   2.42700005       1.03729057    
   2.42800021       1.03700757    
   2.42900014       1.03672576    
   2.43000007       1.03644502    
   2.43100023       1.03616524    
   2.43200016       1.03588700    
   2.43300009       1.03560936    
   2.43400002       1.03533316    
   2.43500018       1.03505778    
   2.43600011       1.03478384    
   2.43700004       1.03451073    
   2.43800020       1.03423905    
   2.43900013       1.03396821    
   2.44000006       1.03369880    
   2.44100022       1.03343022    
   2.44200015       1.03316295    
   2.44300008       1.03289676    
   2.44400001       1.03263175    
   2.44500017       1.03236794    
   2.44600010       1.03210533    
   2.44700003       1.03184378    
   2.44800019       1.03158343    
   2.44900012       1.03132391    
   2.45000005       1.03106606    
   2.45100021       1.03080893    
   2.45200014       1.03055334    
   2.45300007       1.03029871    
   2.45400023       1.03004539    
   2.45500016       1.02979302    
   2.45600009       1.02954209    
   2.45700002       1.02929199    
   2.45800018       1.02904344    
   2.45900011       1.02879584    
   2.46000004       1.02854955    
   2.46100020       1.02830434    
   2.46200013       1.02806056    
   2.46300006       1.02781749    
   2.46400023       1.02757597    
   2.46500015       1.02733552    
   2.46600008       1.02709639    
   2.46700001       1.02685821    
   2.46800017       1.02662146    
   2.46900010       1.02638578    
   2.47000003       1.02615142    
   2.47100019       1.02591801    
   2.47200012       1.02568603    
   2.47300005       1.02545512    
   2.47400022       1.02522552    
   2.47500014       1.02499700    
   2.47600007       1.02476990    
   2.47700024       1.02454376    
   2.47800016       1.02431905    
   2.47900009       1.02409530    
   2.48000002       1.02387297    
   2.48100019       1.02365160    
   2.48200011       1.02343166    
   2.48300004       1.02321267    
   2.48400021       1.02299523    
   2.48500013       1.02277875    
   2.48600006       1.02256358    
   2.48700023       1.02234960    
   2.48800015       1.02213693    
   2.48900008       1.02192521    
   2.49000001       1.02171481    
   2.49100018       1.02150559    
   2.49200010       1.02129793    
   2.49300003       1.02109098    
   2.49400020       1.02088559    
   2.49500012       1.02068114    
   2.49600005       1.02047813    
   2.49700022       1.02027595    
   2.49800014       1.02007556    
   2.49900007       1.01987588    
   2.50000000       1.01967776    
   2.50100017       1.01948047    
   2.50200009       1.01928473    
   2.50300002       1.01908994    
   2.50400019       1.01889658    
   2.50500011       1.01870418    
   2.50600004       1.01851320    
   2.50700021       1.01832330    
   2.50800014       1.01813471    
   2.50900006       1.01794720    
   2.51000023       1.01776111    
   2.51100016       1.01757586    
   2.51200008       1.01739216    
   2.51300001       1.01720941    
   2.51400018       1.01702809    
   2.51500010       1.01684761    
   2.51600003       1.01666868    
   2.51700020       1.01649070    
   2.51800013       1.01631415    
   2.51900005       1.01613855    
   2.52000022       1.01596439    
   2.52100015       1.01579118    
   2.52200007       1.01561940    
   2.52300000       1.01544845    
   2.52400017       1.01527917    
   2.52500010       1.01511049    
   2.52600002       1.01494360    
   2.52700019       1.01477742    
   2.52800012       1.01461279    
   2.52900004       1.01444888    
   2.53000021       1.01428676    
   2.53100014       1.01412535    
   2.53200006       1.01396537    
   2.53300023       1.01380634    
   2.53400016       1.01364875    
   2.53500009       1.01349187    
   2.53600001       1.01333666    
   2.53700018       1.01318228    
   2.53800011       1.01302934    
   2.53900003       1.01287723    
   2.54000020       1.01272666    
   2.54100013       1.01257694    
   2.54200006       1.01242864    
   2.54300022       1.01228130    
   2.54400015       1.01213527    
   2.54500008       1.01199019    
   2.54600000       1.01184654    
   2.54700017       1.01170373    
   2.54800010       1.01156235    
   2.54900002       1.01142180    
   2.55000019       1.01128280    
   2.55100012       1.01114452    
   2.55200005       1.01100779    
   2.55300021       1.01087189    
   2.55400014       1.01073730    
   2.55500007       1.01060355    
   2.55600023       1.01047134    
   2.55700016       1.01033986    
   2.55800009       1.01020992    
   2.55900002       1.01008070    
   2.56000018       1.00995290    
   2.56100011       1.00982606    
   2.56200004       1.00970054    
   2.56300020       1.00957596    
   2.56400013       1.00945258    
   2.56500006       1.00933015    
   2.56600022       1.00920904    
   2.56700015       1.00908887    
   2.56800008       1.00897002    
   2.56900001       1.00885189    
   2.57000017       1.00873542    
   2.57100010       1.00861943    
   2.57200003       1.00850499    
   2.57300019       1.00839138    
   2.57400012       1.00827909    
   2.57500005       1.00816762    
   2.57600021       1.00805748    
   2.57700014       1.00794816    
   2.57800007       1.00784028    
   2.57900023       1.00773311    
   2.58000016       1.00762749    
   2.58100009       1.00752246    
   2.58200002       1.00741875    
   2.58300018       1.00731587    
   2.58400011       1.00721443    
   2.58500004       1.00711358    
   2.58600020       1.00701427    
   2.58700013       1.00691557    
   2.58800006       1.00681841    
   2.58900023       1.00672185    
   2.59000015       1.00662673    
   2.59100008       1.00653219    
   2.59200001       1.00643921    
   2.59300017       1.00634682    
   2.59400010       1.00625575    
   2.59500003       1.00616550    
   2.59600019       1.00607657    
   2.59700012       1.00598836    
   2.59800005       1.00590158    
   2.59900022       1.00581539    
   2.60000014       1.00573051    
   2.60100007       1.00564647    
   2.60200024       1.00556362    
   2.60300016       1.00548148    
   2.60400009       1.00540066    
   2.60500002       1.00532067    
   2.60600019       1.00524187    
   2.60700011       1.00516379    
   2.60800004       1.00508702    
   2.60900021       1.00501084    
   2.61000013       1.00493610    
   2.61100006       1.00486207    
   2.61200023       1.00478923    
   2.61300015       1.00471711    
   2.61400008       1.00464630    
   2.61500001       1.00457609    
   2.61600018       1.00450718    
   2.61700010       1.00443900    
   2.61800003       1.00437200    
   2.61900020       1.00430560    
   2.62000012       1.00424075    
   2.62100005       1.00417626    
   2.62200022       1.00411320    
   2.62300014       1.00405073    
   2.62400007       1.00398946    
   2.62500024       1.00392890    
   2.62600017       1.00386965    
   2.62700009       1.00381088    
   2.62800002       1.00375342    
   2.62900019       1.00369656    
   2.63000011       1.00364101    
   2.63100004       1.00358593    
   2.63200021       1.00353229    
   2.63300014       1.00347912    
   2.63400006       1.00342727    
   2.63500023       1.00337601    
   2.63600016       1.00332582    
   2.63700008       1.00327635    
   2.63800001       1.00322819    
   2.63900018       1.00318038    
   2.64000010       1.00313401    
   2.64100003       1.00308812    
   2.64200020       1.00304353    
   2.64300013       1.00299942    
   2.64400005       1.00295651    
   2.64500022       1.00291407    
   2.64600015       1.00287294    
   2.64700007       1.00283241    
   2.64800024       1.00279307    
   2.64900017       1.00275421    
   2.65000010       1.00271654    
   2.65100002       1.00267947    
   2.65200019       1.00264359    
   2.65300012       1.00260818    
   2.65400004       1.00257397    
   2.65500021       1.00254023    
   2.65600014       1.00250781    
   2.65700006       1.00247586    
   2.65800023       1.00244498    
   2.65900016       1.00241458    
   2.66000009       1.00238550    
   2.66100001       1.00235677    
   2.66200018       1.00232923    
   2.66300011       1.00230229    
   2.66400003       1.00227642    
   2.66500020       1.00225103    
   2.66600013       1.00222683    
   2.66700006       1.00220311    
   2.66800022       1.00218058    
   2.66900015       1.00215828    
   2.67000008       1.00213730    
   2.67100024       1.00211680    
   2.67200017       1.00209737    
   2.67300010       1.00207829    
   2.67400002       1.00206053    
   2.67500019       1.00204325    
   2.67600012       1.00202692    
   2.67700005       1.00201106    
   2.67800021       1.00199640    
   2.67900014       1.00198209    
   2.68000007       1.00196886    
   2.68100023       1.00195611    
   2.68200016       1.00194454    
   2.68300009       1.00193322    
   2.68400002       1.00192308    
   2.68500018       1.00191331    
   2.68600011       1.00190461    
   2.68700004       1.00189638    
   2.68800020       1.00188935    
   2.68900013       1.00188243    
   2.69000006       1.00187671    
   2.69100022       1.00187147    
   2.69200015       1.00186718    
   2.69300008       1.00186336    
   2.69400024       1.00186050    
   2.69500017       1.00185800    
   2.69600010       1.00185657    
   2.69700003       1.00185573    
   2.69800019       1.00185573    
   2.69900012       1.00185597    
   2.70000005       1.00185752    
   2.70100021       1.00185931    
   2.70200014       1.00186217    
   2.70300007       1.00186527    
   2.70400023       1.00186944    
   2.70500016       1.00187397    
   2.70600009       1.00187957    
   2.70700002       1.00188553    
   2.70800018       1.00189233    
   2.70900011       1.00189948    
   2.71000004       1.00190794    
   2.71100020       1.00191629    
   2.71200013       1.00192595    
   2.71300006       1.00193572    
   2.71400023       1.00194657    
   2.71500015       1.00195765    
   2.71600008       1.00196993    
   2.71700025       1.00198233    
   2.71800017       1.00199568    
   2.71900010       1.00200939    
   2.72000003       1.00202429    
   2.72100019       1.00203907    
   2.72200012       1.00205505    
   2.72300005       1.00207126    
   2.72400022       1.00208855    
   2.72500014       1.00210583    
   2.72600007       1.00212431    
   2.72700024       1.00214291    
   2.72800016       1.00216258    
   2.72900009       1.00218236    
   2.73000002       1.00220323    
   2.73100019       1.00222421    
   2.73200011       1.00224626    
   2.73300004       1.00226831    
   2.73400021       1.00229156    
   2.73500013       1.00231493    
   2.73600006       1.00233924    
   2.73700023       1.00236368    
   2.73800015       1.00238919    
   2.73900008       1.00241482    
   2.74000025       1.00244141    
   2.74100018       1.00246823    
   2.74200010       1.00249588    
   2.74300003       1.00252366    
   2.74400020       1.00255251    
   2.74500012       1.00258148    
   2.74600005       1.00261140    
   2.74700022       1.00264144    
   2.74800014       1.00267231    
   2.74900007       1.00270343    
   2.75000024       1.00273538    
   2.75100017       1.00276756    
   2.75200009       1.00280070    
   2.75300002       1.00283384    
   2.75400019       1.00286782    
   2.75500011       1.00290203    
   2.75600004       1.00293720    
   2.75700021       1.00297236    
   2.75800014       1.00300860    
   2.75900006       1.00304461    
   2.76000023       1.00308180    
   2.76100016       1.00311887    
   2.76200008       1.00315714    
   2.76300025       1.00319517    
   2.76400018       1.00323427    
   2.76500010       1.00327325    
   2.76600003       1.00331330    
   2.76700020       1.00335336    
   2.76800013       1.00339425    
   2.76900005       1.00343525    
   2.77000022       1.00347698    
   2.77100015       1.00351882    
   2.77200007       1.00356162    
   2.77300024       1.00360441    
   2.77400017       1.00364816    
   2.77500010       1.00369167    
   2.77600002       1.00373626    
   2.77700019       1.00378084    
   2.77800012       1.00382626    
   2.77900004       1.00387156    
   2.78000021       1.00391769    
   2.78100014       1.00396407    
   2.78200006       1.00401103    
   2.78300023       1.00405812    
   2.78400016       1.00410604    
   2.78500009       1.00415385    
   2.78600001       1.00420260    
   2.78700018       1.00425124    
   2.78800011       1.00430083    
   2.78900003       1.00435030    
   2.79000020       1.00440061    
   2.79100013       1.00445080    
   2.79200006       1.00450194    
   2.79300022       1.00455284    
   2.79400015       1.00460470    
   2.79500008       1.00465643    
   2.79600024       1.00470901    
   2.79700017       1.00476146    
   2.79800010       1.00481486    
   2.79900002       1.00486791    
   2.80000019       1.00492203    
   2.80100012       1.00497591    
   2.80200005       1.00503063    
   2.80300021       1.00508523    
   2.80400014       1.00514066    
   2.80500007       1.00519586    
   2.80600023       1.00525200    
   2.80700016       1.00530791    
   2.80800009       1.00536466    
   2.80900002       1.00542128    
   2.81000018       1.00547862    
   2.81100011       1.00553584    
   2.81200004       1.00559390    
   2.81300020       1.00565171    
   2.81400013       1.00571048    
   2.81500006       1.00576890    
   2.81600022       1.00582814    
   2.81700015       1.00588715    
   2.81800008       1.00594699    
   2.81900024       1.00600660    
   2.82000017       1.00606704    
   2.82100010       1.00612736    
   2.82200003       1.00618827    
   2.82300019       1.00624907    
   2.82400012       1.00631058    
   2.82500005       1.00637197    
   2.82600021       1.00643396    
   2.82700014       1.00649583    
   2.82800007       1.00655854    
   2.82900023       1.00662088    
   2.83000016       1.00668395    
   2.83100009       1.00674689    
   2.83200002       1.00681043    
   2.83300018       1.00687385    
   2.83400011       1.00693786    
   2.83500004       1.00700164    
   2.83600020       1.00706637    
   2.83700013       1.00713050    
   2.83800006       1.00719559    
   2.83900023       1.00726044    
   2.84000015       1.00732589    
   2.84100008       1.00739098    
   2.84200025       1.00745702    
   2.84300017       1.00752246    
   2.84400010       1.00758886    
   2.84500003       1.00765479    
   2.84600019       1.00772166    
   2.84700012       1.00778806    
   2.84800005       1.00785506    
   2.84900022       1.00792181    
   2.85000014       1.00798941    
   2.85100007       1.00805652    
   2.85200024       1.00812447    
   2.85300016       1.00819182    
   2.85400009       1.00826013    
   2.85500002       1.00832808    
   2.85600019       1.00839639    
   2.85700011       1.00846469    
   2.85800004       1.00853348    
   2.85900021       1.00860202    
   2.86000013       1.00867116    
   2.86100006       1.00873995    
   2.86200023       1.00880945    
   2.86300015       1.00887847    
   2.86400008       1.00894821    
   2.86500025       1.00901759    
   2.86600018       1.00908768    
   2.86700010       1.00915718    
   2.86800003       1.00922740    
   2.86900020       1.00929737    
   2.87000012       1.00936782    
   2.87100005       1.00943792    
   2.87200022       1.00950861    
   2.87300014       1.00957906    
   2.87400007       1.00964987    
   2.87500024       1.00972044    
   2.87600017       1.00979161    
   2.87700009       1.00986230    
   2.87800002       1.00993359    
   2.87900019       1.01000440    
   2.88000011       1.01007605    
   2.88100004       1.01014709    
   2.88200021       1.01021874    
   2.88300014       1.01028991    
   2.88400006       1.01036167    
   2.88500023       1.01043308    
   2.88600016       1.01050496    
   2.88700008       1.01057649    
   2.88800025       1.01064861    
   2.88900018       1.01072013    
   2.89000010       1.01079226    
   2.89100003       1.01086402    
   2.89200020       1.01093614    
   2.89300013       1.01100802    
   2.89400005       1.01108038    
   2.89500022       1.01115215    
   2.89600015       1.01122463    
   2.89700007       1.01129663    
   2.89800024       1.01136899    
   2.89900017       1.01144099    
   2.90000010       1.01151347    
   2.90100002       1.01158547    
   2.90200019       1.01165795    
   2.90300012       1.01172996    
   2.90400004       1.01180243    
   2.90500021       1.01187456    
   2.90600014       1.01194704    
   2.90700006       1.01201904    
   2.90800023       1.01209140    
   2.90900016       1.01216364    
   2.91000009       1.01223600    
   2.91100025       1.01230788    
   2.91200018       1.01238036    
   2.91300011       1.01245224    
   2.91400003       1.01252460    
   2.91500020       1.01259661    
   2.91600013       1.01266885    
   2.91700006       1.01274061    
   2.91800022       1.01281273    
   2.91900015       1.01288462    
   2.92000008       1.01295674    
   2.92100024       1.01302826    
   2.92200017       1.01310027    
   2.92300010       1.01317179    
   2.92400002       1.01324379    
   2.92500019       1.01331508    
   2.92600012       1.01338696    
   2.92700005       1.01345813    
   2.92800021       1.01352966    
   2.92900014       1.01360083    
   2.93000007       1.01367223    
   2.93100023       1.01374316    
   2.93200016       1.01381445    
   2.93300009       1.01388514    
   2.93400025       1.01395619    
   2.93500018       1.01402688    
   2.93600011       1.01409769    
   2.93700004       1.01416814    
   2.93800020       1.01423883    
   2.93900013       1.01430881    
   2.94000006       1.01437926    
   2.94100022       1.01444912    
   2.94200015       1.01451945    
   2.94300008       1.01458919    
   2.94400024       1.01465917    
   2.94500017       1.01472843    
   2.94600010       1.01479816    
   2.94700003       1.01486731    
   2.94800019       1.01493669    
   2.94900012       1.01500559    
   2.95000005       1.01507485    
   2.95100021       1.01514328    
   2.95200014       1.01521218    
   2.95300007       1.01528037    
   2.95400023       1.01534891    
   2.95500016       1.01541698    
   2.95600009       1.01548505    
   2.95700026       1.01555276    
   2.95800018       1.01562047    
   2.95900011       1.01568794    
   2.96000004       1.01575541    
   2.96100020       1.01582229    
   2.96200013       1.01588941    
   2.96300006       1.01595592    
   2.96400023       1.01602280    
   2.96500015       1.01608896    
   2.96600008       1.01615524    
   2.96700025       1.01622117    
   2.96800017       1.01628697    
   2.96900010       1.01635242    
   2.97000003       1.01641798    
   2.97100019       1.01648295    
   2.97200012       1.01654816    
   2.97300005       1.01661265    
   2.97400022       1.01667726    
   2.97500014       1.01674139    
   2.97600007       1.01680565    
   2.97700024       1.01686919    
   2.97800016       1.01693320    
   2.97900009       1.01699626    
   2.98000026       1.01705968    
   2.98100019       1.01712227    
   2.98200011       1.01718521    
   2.98300004       1.01724744    
   2.98400021       1.01730978    
   2.98500013       1.01737142    
   2.98600006       1.01743317    
   2.98700023       1.01749444    
   2.98800015       1.01755583    
   2.98900008       1.01761651    
   2.99000025       1.01767731    
   2.99100018       1.01773751    
   2.99200010       1.01779771    
   2.99300003       1.01785731    
   2.99400020       1.01791704    
   2.99500012       1.01797616    
   2.99600005       1.01803517    
   2.99700022       1.01809371    
   2.99800014       1.01815248    
   2.99900007       1.01821017    
   3.00000024       1.01826835    
   3.00100017       1.01832569    
   3.00200009       1.01838303    
   3.00300026       1.01843977    
   3.00400019       1.01849651    
   3.00500011       1.01855266    
   3.00600004       1.01860893    
   3.00700021       1.01866448    
   3.00800014       1.01871991    
   3.00900006       1.01877487    
   3.01000023       1.01882982    
   3.01100016       1.01888406    
   3.01200008       1.01893842    
   3.01300025       1.01899195    
   3.01400018       1.01904559    
   3.01500010       1.01909852    
   3.01600003       1.01915157    
   3.01700020       1.01920378    
   3.01800013       1.01925623    
   3.01900005       1.01930773    
   3.02000022       1.01935935    
   3.02100015       1.01941037    
   3.02200007       1.01946127    
   3.02300024       1.01951158    
   3.02400017       1.01956189    
   3.02500010       1.01961136    
   3.02600026       1.01966083    
   3.02700019       1.01970971    
   3.02800012       1.01975858    
   3.02900004       1.01980674    
   3.03000021       1.01985478    
   3.03100014       1.01990211    
   3.03200006       1.01994944    
   3.03300023       1.01999617    
   3.03400016       1.02004290    
   3.03500009       1.02008879    
   3.03600025       1.02013469    
   3.03700018       1.02017963    
   3.03800011       1.02022493    
   3.03900003       1.02026927    
   3.04000020       1.02031362    
   3.04100013       1.02035725    
   3.04200006       1.02040076    
   3.04300022       1.02044380    
   3.04400015       1.02048659    
   3.04500008       1.02052867    
   3.04600024       1.02057076    
   3.04700017       1.02061200    
   3.04800010       1.02065337    
   3.04900026       1.02069378    
   3.05000019       1.02073431    
   3.05100012       1.02077389    
   3.05200005       1.02081358    
   3.05300021       1.02085245    
   3.05400014       1.02089131    
   3.05500007       1.02092934    
   3.05600023       1.02096748    
   3.05700016       1.02100480    
   3.05800009       1.02104199    
   3.05900025       1.02107835    
   3.06000018       1.02111483    
   3.06100011       1.02115047    
   3.06200004       1.02118599    
   3.06300020       1.02122092    
   3.06400013       1.02125549    
   3.06500006       1.02128935    
   3.06600022       1.02132332    
   3.06700015       1.02135646    
   3.06800008       1.02138948    
   3.06900024       1.02142191    
   3.07000017       1.02145398    
   3.07100010       1.02148533    
   3.07200003       1.02151668    
   3.07300019       1.02154720    
   3.07400012       1.02157784    
   3.07500005       1.02160752    
   3.07600021       1.02163720    
   3.07700014       1.02166593    
   3.07800007       1.02169466    
   3.07900023       1.02172256    
   3.08000016       1.02175057    
   3.08100009       1.02177763    
   3.08200026       1.02180469    
   3.08300018       1.02183080    
   3.08400011       1.02185702    
   3.08500004       1.02188230    
   3.08600020       1.02190757    
   3.08700013       1.02193201    
   3.08800006       1.02195656    
   3.08900023       1.02198005    
   3.09000015       1.02200365    
   3.09100008       1.02202618    
   3.09200025       1.02204883    
   3.09300017       1.02207065    
   3.09400010       1.02209246    
   3.09500003       1.02211344    
   3.09600019       1.02213430    
   3.09700012       1.02215421    
   3.09800005       1.02217424    
   3.09900022       1.02219343    
   3.10000014       1.02221251    
   3.10100007       1.02223074    
   3.10200024       1.02224886    
   3.10300016       1.02226627    
   3.10400009       1.02228355    
   3.10500026       1.02230012    
   3.10600019       1.02231646    
   3.10700011       1.02233207    
   3.10800004       1.02234757    
   3.10900021       1.02236223    
   3.11000013       1.02237689    
   3.11100006       1.02239060    
   3.11200023       1.02240443    
   3.11300015       1.02241731    
   3.11400008       1.02243018    
   3.11500025       1.02244210    
   3.11600018       1.02245414    
   3.11700010       1.02246523    
   3.11800003       1.02247632    
   3.11900020       1.02248645    
   3.12000012       1.02249658    
   3.12100005       1.02250600    
   3.12200022       1.02251530    
   3.12300014       1.02252376    
   3.12400007       1.02253211    
   3.12500024       1.02253962    
   3.12600017       1.02254713    
   3.12700009       1.02255380    
   3.12800026       1.02256036    
   3.12900019       1.02256620    
   3.13000011       1.02257192    
   3.13100004       1.02257681    
   3.13200021       1.02258158    
   3.13300014       1.02258575    
   3.13400006       1.02258956    
   3.13500023       1.02259266    
   3.13600016       1.02259588    
   3.13700008       1.02259803    
   3.13800025       1.02260029    
   3.13900018       1.02260172    
   3.14000010       1.02260303    
   3.14100003       1.02260351    
   3.14200020       1.02260399    
   3.14300013       1.02260363    
   3.14400005       1.02260315    
   3.14500022       1.02260196    
   3.14600015       1.02260077    
   3.14700007       1.02259874    
   3.14800024       1.02259660    
   3.14900017       1.02259350    
   3.15000010       1.02259052    
   3.15100026       1.02258670    
   3.15200019       1.02258301    
   3.15300012       1.02257824    
   3.15400004       1.02257347    
   3.15500021       1.02256799    
   3.15600014       1.02256250    
   3.15700006       1.02255619    
   3.15800023       1.02254975    
   3.15900016       1.02254248    
   3.16000009       1.02253520    
   3.16100025       1.02252710    
   3.16200018       1.02251911    
   3.16300011       1.02251017    
   3.16400003       1.02250135    
   3.16500020       1.02249169    
   3.16600013       1.02248192    
   3.16700006       1.02247143    
   3.16800022       1.02246070    
   3.16900015       1.02244937    
   3.17000008       1.02243805    
   3.17100024       1.02242589    
   3.17200017       1.02241373    
   3.17300010       1.02240062    
   3.17400026       1.02238762    
   3.17500019       1.02237391    
   3.17600012       1.02236009    
   3.17700005       1.02234554    
   3.17800021       1.02233088    
   3.17900014       1.02231550    
   3.18000007       1.02230012    
   3.18100023       1.02228391    
   3.18200016       1.02226758    
   3.18300009       1.02225077    
   3.18400025       1.02223372    
   3.18500018       1.02221608    
   3.18600011       1.02219820    
   3.18700004       1.02217972    
   3.18800020       1.02216113    
   3.18900013       1.02214205    
   3.19000006       1.02212262    
   3.19100022       1.02210259    
   3.19200015       1.02208257    
   3.19300008       1.02206182    
   3.19400024       1.02204096    
   3.19500017       1.02201951    
   3.19600010       1.02199793    
   3.19700027       1.02197564    
   3.19800019       1.02195334    
   3.19900012       1.02193034    
   3.20000005       1.02190733    
   3.20100021       1.02188361    
   3.20200014       1.02185977    
   3.20300007       1.02183533    
   3.20400023       1.02181077    
   3.20500016       1.02178574    
   3.20600009       1.02176034    
   3.20700026       1.02173460    
   3.20800018       1.02170861    
   3.20900011       1.02168214    
   3.21000004       1.02165544    
   3.21100020       1.02162826    
   3.21200013       1.02160096    
   3.21300006       1.02157307    
   3.21400023       1.02154505    
   3.21500015       1.02151644    
   3.21600008       1.02148771    
   3.21700025       1.02145839    
   3.21800017       1.02142918    
   3.21900010       1.02139914    
   3.22000027       1.02136910    
   3.22100019       1.02133846    
   3.22200012       1.02130783    
   3.22300005       1.02127671    
   3.22400022       1.02124536    
   3.22500014       1.02121341    
   3.22600007       1.02118146    
   3.22700024       1.02114904    
   3.22800016       1.02111638    
   3.22900009       1.02108335    
   3.23000026       1.02105010    
   3.23100019       1.02101624    
   3.23200011       1.02098262    
   3.23300004       1.02094817    
   3.23400021       1.02091384    
   3.23500013       1.02087879    
   3.23600006       1.02084386    
   3.23700023       1.02080822    
   3.23800015       1.02077258    
   3.23900008       1.02073658    
   3.24000025       1.02070034    
   3.24100018       1.02066374    
   3.24200010       1.02062690    
   3.24300027       1.02058959    
   3.24400020       1.02055240    
   3.24500012       1.02051461    
   3.24600005       1.02047670    
   3.24700022       1.02043831    
   3.24800014       1.02039981    
   3.24900007       1.02036095    
   3.25000024       1.02032208    
   3.25100017       1.02028251    
   3.25200009       1.02024305    
   3.25300026       1.02020311    
   3.25400019       1.02016318    
   3.25500011       1.02012265    
   3.25600004       1.02008212    
   3.25700021       1.02004135    
   3.25800014       1.02000022    
   3.25900006       1.01995873    
   3.26000023       1.01991725    
   3.26100016       1.01987529    
   3.26200008       1.01983321    
   3.26300025       1.01979089    
   3.26400018       1.01974833    
   3.26500010       1.01970553    
   3.26600027       1.01966262    
   3.26700020       1.01961923    
   3.26800013       1.01957583    
   3.26900005       1.01953208    
   3.27000022       1.01948822    
   3.27100015       1.01944399    
   3.27200007       1.01939964    
   3.27300024       1.01935506    
   3.27400017       1.01931036    
   3.27500010       1.01926529    
   3.27600026       1.01921999    
   3.27700019       1.01917458    
   3.27800012       1.01912904    
   3.27900004       1.01908302    
   3.28000021       1.01903725    
   3.28100014       1.01899087    
   3.28200006       1.01894438    
   3.28300023       1.01889789    
   3.28400016       1.01885104    
   3.28500009       1.01880395    
   3.28600025       1.01875699    
   3.28700018       1.01870954    
   3.28800011       1.01866198    
   3.28900027       1.01861417    
   3.29000020       1.01856637    
   3.29100013       1.01851833    
   3.29200006       1.01847005    
   3.29300022       1.01842165    
   3.29400015       1.01837313    
   3.29500008       1.01832426    
   3.29600024       1.01827538    
   3.29700017       1.01822627    
   3.29800010       1.01817703    
   3.29900026       1.01812756    
   3.30000019       1.01807821    
   3.30100012       1.01802838    
   3.30200005       1.01797879    
   3.30300021       1.01792860    
   3.30400014       1.01787841    
   3.30500007       1.01782811    
   3.30600023       1.01777768    
   3.30700016       1.01772714    
   3.30800009       1.01767647    
   3.30900025       1.01762557    
   3.31000018       1.01757479    
   3.31100011       1.01752353    
   3.31200027       1.01747227    
   3.31300020       1.01742101    
   3.31400013       1.01736951    
   3.31500006       1.01731777    
   3.31600022       1.01726627    
   3.31700015       1.01721430    
   3.31800008       1.01716244    
   3.31900024       1.01711035    
   3.32000017       1.01705813    
   3.32100010       1.01700592    
   3.32200027       1.01695359    
   3.32300019       1.01690102    
   3.32400012       1.01684844    
   3.32500005       1.01679564    
   3.32600021       1.01674294    
   3.32700014       1.01668990    
   3.32800007       1.01663721    
   3.32900023       1.01658392    
   3.33000016       1.01653087    
   3.33100009       1.01647758    
   3.33200026       1.01642418    
   3.33300018       1.01637089    
   3.33400011       1.01631725    
   3.33500028       1.01626372    
   3.33600020       1.01621008    
   3.33700013       1.01615632    
   3.33800006       1.01610255    
   3.33900023       1.01604855    
   3.34000015       1.01599479    
   3.34100008       1.01594067    
   3.34200025       1.01588666    
   3.34300017       1.01583242    
   3.34400010       1.01577842    
   3.34500027       1.01572394    
   3.34600019       1.01566982    
   3.34700012       1.01561534    
   3.34800005       1.01556098    
   3.34900022       1.01550639    
   3.35000014       1.01545203    
   3.35100007       1.01539731    
   3.35200024       1.01534283    
   3.35300016       1.01528811    
   3.35400009       1.01523352    
   3.35500026       1.01517868    
   3.35600019       1.01512408    
   3.35700011       1.01506901    
   3.35800028       1.01501441    
   3.35900021       1.01495934    
   3.36000013       1.01490450    
   3.36100006       1.01484954    
   3.36200023       1.01479471    
   3.36300015       1.01473963    
   3.36400008       1.01468468    
   3.36500025       1.01462948    
   3.36600018       1.01457465    
   3.36700010       1.01451933    
   3.36800027       1.01446438    
   3.36900020       1.01440930    
   3.37000012       1.01435423    
   3.37100005       1.01429915    
   3.37200022       1.01424396    
   3.37300014       1.01418877    
   3.37400007       1.01413369    
   3.37500024       1.01407862    
   3.37600017       1.01402354    
   3.37700009       1.01396835    
   3.37800026       1.01391327    
   3.37900019       1.01385796    
   3.38000011       1.01380301    
   3.38100004       1.01374781    
   3.38200021       1.01369274    
   3.38300014       1.01363766    
   3.38400006       1.01358247    
   3.38500023       1.01352739    
   3.38600016       1.01347256    
   3.38700008       1.01341724    
   3.38800025       1.01336241    
   3.38900018       1.01330745    
   3.39000010       1.01325238    
   3.39100027       1.01319742    
   3.39200020       1.01314259    
   3.39300013       1.01308763    
   3.39400005       1.01303279    
   3.39500022       1.01297796    
   3.39600015       1.01292312    
   3.39700007       1.01286829    
   3.39800024       1.01281369    
   3.39900017       1.01275885    
   3.40000010       1.01270425    
   3.40100026       1.01264954    
   3.40200019       1.01259494    
   3.40300012       1.01254046    
   3.40400004       1.01248598    
   3.40500021       1.01243162    
   3.40600014       1.01237714    
   3.40700006       1.01232278    
   3.40800023       1.01226854    
   3.40900016       1.01221418    
   3.41000009       1.01215994    
   3.41100025       1.01210582    
   3.41200018       1.01205170    
   3.41300011       1.01199770    
   3.41400027       1.01194358    
   3.41500020       1.01188970    
   3.41600013       1.01183593    
   3.41700006       1.01178205    
   3.41800022       1.01172829    
   3.41900015       1.01167464    
   3.42000008       1.01162100    
   3.42100024       1.01156747    
   3.42200017       1.01151407    
   3.42300010       1.01146054    
   3.42400026       1.01140714    
   3.42500019       1.01135397    
   3.42600012       1.01130080    
   3.42700005       1.01124763    
   3.42800021       1.01119459    
   3.42900014       1.01114154    
   3.43000007       1.01108873    
   3.43100023       1.01103592    
   3.43200016       1.01098311    
   3.43300009       1.01093054    
   3.43400025       1.01087797    
   3.43500018       1.01082540    
   3.43600011       1.01077306    
   3.43700027       1.01072073    
   3.43800020       1.01066852    
   3.43900013       1.01061630    
   3.44000006       1.01056433    
   3.44100022       1.01051235    
   3.44200015       1.01046050    
   3.44300008       1.01040864    
   3.44400024       1.01035702    
   3.44500017       1.01030540    
   3.44600010       1.01025391    
   3.44700027       1.01020253    
   3.44800019       1.01015127    
   3.44900012       1.01009989    
   3.45000005       1.01004887    
   3.45100021       1.00999784    
   3.45200014       1.00994706    
   3.45300007       1.00989616    
   3.45400023       1.00984550    
   3.45500016       1.00979483    
   3.45600009       1.00974452    
   3.45700026       1.00969410    
   3.45800018       1.00964379    
   3.45900011       1.00959361    
   3.46000028       1.00954354    
   3.46100020       1.00949359    
   3.46200013       1.00944376    
   3.46300006       1.00939405    
   3.46400023       1.00934434    
   3.46500015       1.00929487    
   3.46600008       1.00924551    
   3.46700025       1.00919616    
   3.46800017       1.00914705    
   3.46900010       1.00909805    
   3.47000027       1.00904906    
   3.47100019       1.00900018    
   3.47200012       1.00895154    
   3.47300005       1.00890291    
   3.47400022       1.00885451    
   3.47500014       1.00880611    
   3.47600007       1.00875795    
   3.47700024       1.00870979    
   3.47800016       1.00866187    
   3.47900009       1.00861394    
   3.48000026       1.00856638    
   3.48100019       1.00851858    
   3.48200011       1.00847125    
   3.48300028       1.00842392    
   3.48400021       1.00837672    
   3.48500013       1.00832951    
   3.48600006       1.00828254    
   3.48700023       1.00823569    
   3.48800015       1.00818908    
   3.48900008       1.00814247    
   3.49000025       1.00809610    
   3.49100018       1.00804985    
   3.49200010       1.00800359    
   3.49300027       1.00795758    
   3.49400020       1.00791156    
   3.49500012       1.00786591    
   3.49600005       1.00782013    
   3.49700022       1.00777483    
   3.49800014       1.00772929    
   3.49900007       1.00768411    
   3.50000024       1.00763905    
   3.50100017       1.00759399    
   3.50200009       1.00754905    
   3.50300026       1.00750446    
   3.50400019       1.00745988    
   3.50500011       1.00741553    
   3.50600028       1.00737119    
   3.50700021       1.00732708    
   3.50800014       1.00728321    
   3.50900006       1.00723934    
   3.51000023       1.00719547    
   3.51100016       1.00715196    
   3.51200008       1.00710857    
   3.51300025       1.00706530    
   3.51400018       1.00702214    
   3.51500010       1.00697899    
   3.51600027       1.00693631    
   3.51700020       1.00689363    
   3.51800013       1.00685096    
   3.51900005       1.00680852    
   3.52000022       1.00676632    
   3.52100015       1.00672412    
   3.52200007       1.00668216    
   3.52300024       1.00664032    
   3.52400017       1.00659859    
   3.52500010       1.00655711    
   3.52600026       1.00651562    
   3.52700019       1.00647438    
   3.52800012       1.00643325    
   3.52900028       1.00639236    
   3.53000021       1.00635159    
   3.53100014       1.00631082    
   3.53200006       1.00627029    
   3.53300023       1.00623000    
   3.53400016       1.00618970    
   3.53500009       1.00614953    
   3.53600025       1.00610971    
   3.53700018       1.00607002    
   3.53800011       1.00603020    
   3.53900027       1.00599086    
   3.54000020       1.00595152    
   3.54100013       1.00591230    
   3.54200006       1.00587344    
   3.54300022       1.00583446    
   3.54400015       1.00579572    
   3.54500008       1.00575721    
   3.54600024       1.00571871    
   3.54700017       1.00568056    
   3.54800010       1.00564229    
   3.54900026       1.00560439    
   3.55000019       1.00556660    
   3.55100012       1.00552893    
   3.55200028       1.00549150    
   3.55300021       1.00545406    
   3.55400014       1.00541687    
   3.55500007       1.00537980    
   3.55600023       1.00534284    
   3.55700016       1.00530612    
   3.55800009       1.00526953    
   3.55900025       1.00523305    
   3.56000018       1.00519681    
   3.56100011       1.00516069    
   3.56200027       1.00512469    
   3.56300020       1.00508881    
   3.56400013       1.00505316    
   3.56500006       1.00501764    
   3.56600022       1.00498223    
   3.56700015       1.00494719    
   3.56800008       1.00491214    
   3.56900024       1.00487709    
   3.57000017       1.00484240    
   3.57100010       1.00480783    
   3.57200027       1.00477326    
   3.57300019       1.00473905    
   3.57400012       1.00470483    
   3.57500029       1.00467086    
   3.57600021       1.00463700    
   3.57700014       1.00460339    
   3.57800007       1.00456977    
   3.57900023       1.00453651    
   3.58000016       1.00450325    
   3.58100009       1.00447011    
   3.58200026       1.00443721    
   3.58300018       1.00440454    
   3.58400011       1.00437200    
   3.58500028       1.00433946    
   3.58600020       1.00430715    
   3.58700013       1.00427496    
   3.58800006       1.00424302    
   3.58900023       1.00421107    
   3.59000015       1.00417936    
   3.59100008       1.00414789    
   3.59200025       1.00411654    
   3.59300017       1.00408518    
   3.59400010       1.00405419    
   3.59500027       1.00402331    
   3.59600019       1.00399244    
   3.59700012       1.00396192    
   3.59800029       1.00393128    
   3.59900022       1.00390100    
   3.60000014       1.00387084    
   3.60100007       1.00384080    
   3.60200024       1.00381100    
   3.60300016       1.00378120    
   3.60400009       1.00375175    
   3.60500026       1.00372207    
   3.60600019       1.00369287    
   3.60700011       1.00366390    
   3.60800028       1.00363481    
   3.60900021       1.00360608    
   3.61000013       1.00357723    
   3.61100006       1.00354874    
   3.61200023       1.00352037    
   3.61300015       1.00349224    
   3.61400008       1.00346410    
   3.61500025       1.00343621    
   3.61600018       1.00340831    
   3.61700010       1.00338089    
   3.61800027       1.00335324    
   3.61900020       1.00332606    
   3.62000012       1.00329876    
   3.62100029       1.00327170    
   3.62200022       1.00324488    
   3.62300014       1.00321817    
   3.62400007       1.00319147    
   3.62500024       1.00316501    
   3.62600017       1.00313878    
   3.62700009       1.00311255    
   3.62800026       1.00308657    
   3.62900019       1.00306070    
   3.63000011       1.00303495    
   3.63100028       1.00300944    
   3.63200021       1.00298393    
   3.63300014       1.00295866    
   3.63400006       1.00293350    
   3.63500023       1.00290847    
   3.63600016       1.00288355    
   3.63700008       1.00285888    
   3.63800025       1.00283444    
   3.63900018       1.00280988    
   3.64000010       1.00278556    
   3.64100027       1.00276160    
   3.64200020       1.00273752    
   3.64300013       1.00271356    
   3.64400029       1.00268996    
   3.64500022       1.00266635    
   3.64600015       1.00264287    
   3.64700007       1.00261950    
   3.64800024       1.00259638    
   3.64900017       1.00257349    
   3.65000010       1.00255036    
   3.65100026       1.00252771    
   3.65200019       1.00250518    
   3.65300012       1.00248265    
   3.65400028       1.00246024    
   3.65500021       1.00243819    
   3.65600014       1.00241613    
   3.65700006       1.00239420    
   3.65800023       1.00237238    
   3.65900016       1.00235081    
   3.66000009       1.00232935    
   3.66100025       1.00230789    
   3.66200018       1.00228655    
   3.66300011       1.00226569    
   3.66400027       1.00224471    
   3.66500020       1.00222373    
   3.66600013       1.00220299    
   3.66700006       1.00218260    
   3.66800022       1.00216210    
   3.66900015       1.00214195    
   3.67000008       1.00212169    
   3.67100024       1.00210166    
   3.67200017       1.00208175    
   3.67300010       1.00206208    
   3.67400026       1.00204229    
   3.67500019       1.00202286    
   3.67600012       1.00200343    
   3.67700028       1.00198424    
   3.67800021       1.00196517    
   3.67900014       1.00194609    
   3.68000007       1.00192738    
   3.68100023       1.00190854    
   3.68200016       1.00188994    
   3.68300009       1.00187159    
   3.68400025       1.00185311    
   3.68500018       1.00183487    
   3.68600011       1.00181687    
   3.68700027       1.00179887    
   3.68800020       1.00178111    
   3.68900013       1.00176322    
   3.69000006       1.00174582    
   3.69100022       1.00172830    
   3.69200015       1.00171101    
   3.69300008       1.00169384    
   3.69400024       1.00167680    
   3.69500017       1.00165975    
   3.69600010       1.00164282    
   3.69700027       1.00162625    
   3.69800019       1.00160956    
   3.69900012       1.00159323    
   3.70000029       1.00157678    
   3.70100021       1.00156057    
   3.70200014       1.00154448    
   3.70300007       1.00152838    
   3.70400023       1.00151265    
   3.70500016       1.00149691    
   3.70600009       1.00148129    
   3.70700026       1.00146568    
   3.70800018       1.00145030    
   3.70900011       1.00143504    
   3.71000028       1.00141990    
   3.71100020       1.00140488    
   3.71200013       1.00138986    
   3.71300006       1.00137508    
   3.71400023       1.00136030    
   3.71500015       1.00134587    
   3.71600008       1.00133145    
   3.71700025       1.00131702    
   3.71800017       1.00130284    
   3.71900010       1.00128865    
   3.72000027       1.00127470    
   3.72100019       1.00126064    
   3.72200012       1.00124705    
   3.72300029       1.00123334    
   3.72400022       1.00121975    
   3.72500014       1.00120628    
   3.72600007       1.00119293    
   3.72700024       1.00117981    
   3.72800016       1.00116670    
   3.72900009       1.00115371    
   3.73000026       1.00114071    
   3.73100019       1.00112796    
   3.73200011       1.00111520    
   3.73300028       1.00110269    
   3.73400021       1.00109029    
   3.73500013       1.00107789    
   3.73600006       1.00106561    
   3.73700023       1.00105357    
   3.73800015       1.00104153    
   3.73900008       1.00102961    
   3.74000025       1.00101769    
   3.74100018       1.00100601    
   3.74200010       1.00099432    
   3.74300027       1.00098288    
   3.74400020       1.00097144    
   3.74500012       1.00096011    
   3.74600029       1.00094891    
   3.74700022       1.00093782    
   3.74800014       1.00092685    
   3.74900007       1.00091588    
   3.75000024       1.00090516    
   3.75100017       1.00089443    
   3.75200009       1.00088382    
   3.75300026       1.00087333    
   3.75400019       1.00086296    
   3.75500011       1.00085258    
   3.75600028       1.00084245    
   3.75700021       1.00083232    
   3.75800014       1.00082231    
   3.75900006       1.00081241    
   3.76000023       1.00080264    
   3.76100016       1.00079286    
   3.76200008       1.00078332    
   3.76300025       1.00077367    
   3.76400018       1.00076437    
   3.76500010       1.00075495    
   3.76600027       1.00074565    
   3.76700020       1.00073659    
   3.76800013       1.00072753    
   3.76900029       1.00071847    
   3.77000022       1.00070965    
   3.77100015       1.00070095    
   3.77200007       1.00069225    
   3.77300024       1.00068367    
   3.77400017       1.00067520    
   3.77500010       1.00066674    
   3.77600026       1.00065851    
   3.77700019       1.00065017    
   3.77800012       1.00064206    
   3.77900028       1.00063396    
   3.78000021       1.00062597    
   3.78100014       1.00061810    
   3.78200006       1.00061035    
   3.78300023       1.00060260    
   3.78400016       1.00059509    
   3.78500009       1.00058758    
   3.78600025       1.00058007    
   3.78700018       1.00057268    
   3.78800011       1.00056541    
   3.78900027       1.00055826    
   3.79000020       1.00055110    
   3.79100013       1.00054407    
   3.79200029       1.00053716    
   3.79300022       1.00053036    
   3.79400015       1.00052357    
   3.79500008       1.00051689    
   3.79600024       1.00051022    
   3.79700017       1.00050378    
   3.79800010       1.00049734    
   3.79900026       1.00049090    
   3.80000019       1.00048470    
   3.80100012       1.00047851    
   3.80200028       1.00047231    
   3.80300021       1.00046623    
   3.80400014       1.00046039    
   3.80500007       1.00045443    
   3.80600023       1.00044870    
   3.80700016       1.00044298    
   3.80800009       1.00043726    
   3.80900025       1.00043166    
   3.81000018       1.00042617    
   3.81100011       1.00042081    
   3.81200027       1.00041544    
   3.81300020       1.00041020    
   3.81400013       1.00040495    
   3.81500030       1.00039983    
   3.81600022       1.00039494    
   3.81700015       1.00038993    
   3.81800008       1.00038505    
   3.81900024       1.00038016    
   3.82000017       1.00037539    
   3.82100010       1.00037074    
   3.82200027       1.00036609    
   3.82300019       1.00036156    
   3.82400012       1.00035715    
   3.82500029       1.00035274    
   3.82600021       1.00034833    
   3.82700014       1.00034416    
   3.82800007       1.00033987    
   3.82900023       1.00033581    
   3.83000016       1.00033176    
   3.83100009       1.00032783    
   3.83200026       1.00032389    
   3.83300018       1.00032008    
   3.83400011       1.00031626    
   3.83500028       1.00031257    
   3.83600020       1.00030899    
   3.83700013       1.00030529    
   3.83800030       1.00030184    
   3.83900023       1.00029850    
   3.84000015       1.00029516    
   3.84100008       1.00029171    
   3.84200025       1.00028849    
   3.84300017       1.00028539    
   3.84400010       1.00028229    
   3.84500027       1.00027919    
   3.84600019       1.00027621    
   3.84700012       1.00027335    
   3.84800029       1.00027049    
   3.84900022       1.00026762    
   3.85000014       1.00026488    
   3.85100007       1.00026226    
   3.85200024       1.00025964    
   3.85300016       1.00025702    
   3.85400009       1.00025451    
   3.85500026       1.00025213    
   3.85600019       1.00024962    
   3.85700011       1.00024736    
   3.85800028       1.00024521    
   3.85900021       1.00024295    
   3.86000013       1.00024080    
   3.86100030       1.00023866    
   3.86200023       1.00023675    
   3.86300015       1.00023472    
   3.86400008       1.00023282    
   3.86500025       1.00023103    
   3.86600018       1.00022912    
   3.86700010       1.00022745    
   3.86800027       1.00022566    
   3.86900020       1.00022411    
   3.87000012       1.00022244    
   3.87100029       1.00022101    
   3.87200022       1.00021946    
   3.87300014       1.00021815    
   3.87400007       1.00021684    
   3.87500024       1.00021553    
   3.87600017       1.00021434    
   3.87700009       1.00021315    
   3.87800026       1.00021195    
   3.87900019       1.00021088    
   3.88000011       1.00020981    
   3.88100028       1.00020885    
   3.88200021       1.00020778    
   3.88300014       1.00020695    
   3.88400030       1.00020611    
   3.88500023       1.00020540    
   3.88600016       1.00020468    
   3.88700008       1.00020397    
   3.88800025       1.00020337    
   3.88900018       1.00020278    
   3.89000010       1.00020218    
   3.89100027       1.00020170    
   3.89200020       1.00020123    
   3.89300013       1.00020087    
   3.89400029       1.00020051    
   3.89500022       1.00020015    
   3.89600015       1.00019991    
   3.89700007       1.00019968    
   3.89800024       1.00019944    
   3.89900017       1.00019944    
   3.90000010       1.00019932    
   3.90100026       1.00019932    
   3.90200019       1.00019932    
   3.90300012       1.00019944    
   3.90400028       1.00019956    
   3.90500021       1.00019968    
   3.90600014       1.00019991    
   3.90700030       1.00020015    
   3.90800023       1.00020039    
   3.90900016       1.00020075    
   3.91000009       1.00020111    
   3.91100025       1.00020158    
   3.91200018       1.00020194    
   3.91300011       1.00020254    
   3.91400027       1.00020289    
   3.91500020       1.00020361    
   3.91600013       1.00020421    
   3.91700029       1.00020480    
   3.91800022       1.00020552    
   3.91900015       1.00020623    
   3.92000008       1.00020707    
   3.92100024       1.00020790    
   3.92200017       1.00020885    
   3.92300010       1.00020969    
   3.92400026       1.00021064    
   3.92500019       1.00021160    
   3.92600012       1.00021267    
   3.92700028       1.00021362    
   3.92800021       1.00021470    
   3.92900014       1.00021577    
   3.93000031       1.00021696    
   3.93100023       1.00021815    
   3.93200016       1.00021946    
   3.93300009       1.00022066    
   3.93400025       1.00022197    
   3.93500018       1.00022340    
   3.93600011       1.00022471    
   3.93700027       1.00022614    
   3.93800020       1.00022757    
   3.93900013       1.00022912    
   3.94000030       1.00023055    
   3.94100022       1.00023210    
   3.94200015       1.00023365    
   3.94300008       1.00023544    
   3.94400024       1.00023699    
   3.94500017       1.00023866    
   3.94600010       1.00024033    
   3.94700027       1.00024223    
   3.94800019       1.00024390    
   3.94900012       1.00024569    
   3.95000029       1.00024748    
   3.95100021       1.00024951    
   3.95200014       1.00025129    
   3.95300007       1.00025320    
   3.95400023       1.00025535    
   3.95500016       1.00025725    
   3.95600009       1.00025940    
   3.95700026       1.00026131    
   3.95800018       1.00026357    
   3.95900011       1.00026560    
   3.96000028       1.00026774    
   3.96100020       1.00026989    
   3.96200013       1.00027215    
   3.96300030       1.00027430    
   3.96400023       1.00027657    
   3.96500015       1.00027895    
   3.96600008       1.00028121    
   3.96700025       1.00028348    
   3.96800017       1.00028598    
   3.96900010       1.00028825    
   3.97000027       1.00029075    
   3.97100019       1.00029325    
   3.97200012       1.00029576    
   3.97300029       1.00029814    
   3.97400022       1.00030065    
   3.97500014       1.00030327    
   3.97600007       1.00030589    
   3.97700024       1.00030851    
   3.97800016       1.00031114    
   3.97900009       1.00031364    
   3.98000026       1.00031638    
   3.98100019       1.00031900    
   3.98200011       1.00032175    
   3.98300028       1.00032461    
   3.98400021       1.00032735    
   3.98500013       1.00033009    
   3.98600030       1.00033295    
   3.98700023       1.00033581    
   3.98800015       1.00033867    
   3.98900008       1.00034153    
   3.99000025       1.00034451    
   3.99100018       1.00034738    
   3.99200010       1.00035036    
   3.99300027       1.00035322    
   3.99400020       1.00035620    
   3.99500012       1.00035918    
   3.99600029       1.00036228    
   3.99700022       1.00036538    
   3.99800014       1.00036848    
   3.99900007       1.00037146    
   4.00000000       1.00037467    
   4.00100040       1.00037777    
   4.00200033       1.00038087    
   4.00300026       1.00038409    
   4.00400019       1.00038731    
   4.00500011       1.00039053    
   4.00600004       1.00039375    
   4.00699997       1.00039685    
   4.00800037       1.00040019    
   4.00900030       1.00040340    
   4.01000023       1.00040674    
   4.01100016       1.00041008    
   4.01200008       1.00041342    
   4.01300001       1.00041676    
   4.01400042       1.00042021    
   4.01500034       1.00042355    
   4.01600027       1.00042689    
   4.01700020       1.00043035    
   4.01800013       1.00043368    
   4.01900005       1.00043714    
   4.01999998       1.00044072    
   4.02100039       1.00044405    
   4.02200031       1.00044751    
   4.02300024       1.00045109    
   4.02400017       1.00045466    
   4.02500010       1.00045812    
   4.02600002       1.00046170    
   4.02700043       1.00046527    
   4.02800035       1.00046885    
   4.02900028       1.00047231    
   4.03000021       1.00047588    
   4.03100014       1.00047958    
   4.03200006       1.00048316    
   4.03299999       1.00048685    
   4.03400040       1.00049043    
   4.03500032       1.00049412    
   4.03600025       1.00049782    
   4.03700018       1.00050151    
   4.03800011       1.00050521    
   4.03900003       1.00050890    
   4.03999996       1.00051260    
   4.04100037       1.00051630    
   4.04200029       1.00052011    
   4.04300022       1.00052381    
   4.04400015       1.00052750    
   4.04500008       1.00053132    
   4.04600000       1.00053501    
   4.04700041       1.00053883    
   4.04800034       1.00054264    
   4.04900026       1.00054646    
   4.05000019       1.00055027    
   4.05100012       1.00055408    
   4.05200005       1.00055778    
   4.05299997       1.00056183    
   4.05400038       1.00056565    
   4.05500031       1.00056946    
   4.05600023       1.00057328    
   4.05700016       1.00057721    
   4.05800009       1.00058103    
   4.05900002       1.00058484    
   4.06000042       1.00058877    
   4.06100035       1.00059271    
   4.06200027       1.00059664    
   4.06300020       1.00060046    
   4.06400013       1.00060439    
   4.06500006       1.00060833    
   4.06599998       1.00061226    
   4.06700039       1.00061619    
   4.06800032       1.00062013    
   4.06900024       1.00062406    
   4.07000017       1.00062799    
   4.07100010       1.00063193    
   4.07200003       1.00063586    
   4.07300043       1.00063992    
   4.07400036       1.00064385    
   4.07500029       1.00064778    
   4.07600021       1.00065172    
   4.07700014       1.00065565    
   4.07800007       1.00065970    
   4.07900000       1.00066364    
   4.08000040       1.00066757    
   4.08100033       1.00067163    
   4.08200026       1.00067568    
   4.08300018       1.00067973    
   4.08400011       1.00068355    
   4.08500004       1.00068760    
   4.08599997       1.00069165    
   4.08700037       1.00069559    
   4.08800030       1.00069964    
   4.08900023       1.00070357    
   4.09000015       1.00070751    
   4.09100008       1.00071156    
   4.09200001       1.00071561    
   4.09300041       1.00071955    
   4.09400034       1.00072360    
   4.09500027       1.00072765    
   4.09600019       1.00073159    
