   1.00000005E-03   0.00000000    
   2.00000009E-03   0.00000000    
   3.00000003E-03   0.00000000    
   4.00000019E-03   0.00000000    
   5.00000035E-03   0.00000000    
   6.00000005E-03   0.00000000    
   7.00000022E-03   0.00000000    
   8.00000038E-03   0.00000000    
   9.00000054E-03   0.00000000    
   1.00000007E-02   0.00000000    
   1.10000009E-02   0.00000000    
   1.20000001E-02   0.00000000    
   1.30000003E-02   0.00000000    
   1.40000004E-02   0.00000000    
   1.50000006E-02   0.00000000    
   1.60000008E-02   0.00000000    
   1.70000009E-02   0.00000000    
   1.80000011E-02   0.00000000    
   1.90000013E-02   0.00000000    
   2.00000014E-02   0.00000000    
   2.10000016E-02   0.00000000    
   2.20000017E-02   0.00000000    
   2.30000019E-02   0.00000000    
   2.40000002E-02   0.00000000    
   2.50000004E-02   0.00000000    
   2.60000005E-02   0.00000000    
   2.70000007E-02   0.00000000    
   2.80000009E-02   0.00000000    
   2.90000010E-02   0.00000000    
   3.00000012E-02   0.00000000    
   3.10000014E-02   0.00000000    
   3.20000015E-02   0.00000000    
   3.29999998E-02   0.00000000    
   3.40000018E-02   0.00000000    
   3.50000001E-02   0.00000000    
   3.60000022E-02   0.00000000    
   3.70000005E-02   0.00000000    
   3.80000025E-02   0.00000000    
   3.90000008E-02   0.00000000    
   4.00000028E-02   0.00000000    
   4.10000011E-02   0.00000000    
   4.20000032E-02   0.00000000    
   4.30000015E-02   0.00000000    
   4.40000035E-02   0.00000000    
   4.50000018E-02   0.00000000    
   4.60000038E-02   0.00000000    
   4.70000021E-02   0.00000000    
   4.80000004E-02   0.00000000    
   4.90000024E-02   0.00000000    
   5.00000007E-02   0.00000000    
   5.10000028E-02   0.00000000    
   5.20000011E-02   0.00000000    
   5.30000031E-02   0.00000000    
   5.40000014E-02   0.00000000    
   5.50000034E-02   0.00000000    
   5.60000017E-02   0.00000000    
   5.70000038E-02   0.00000000    
   5.80000021E-02   0.00000000    
   5.90000041E-02   0.00000000    
   6.00000024E-02   0.00000000    
   6.10000044E-02   0.00000000    
   6.20000027E-02   0.00000000    
   6.30000010E-02   0.00000000    
   6.40000030E-02   0.00000000    
   6.50000051E-02   0.00000000    
   6.59999996E-02   0.00000000    
   6.70000017E-02   0.00000000    
   6.80000037E-02   0.00000000    
   6.90000057E-02   0.00000000    
   7.00000003E-02   0.00000000    
   7.10000023E-02   0.00000000    
   7.20000044E-02   0.00000000    
   7.30000064E-02   0.00000000    
   7.40000010E-02   0.00000000    
   7.50000030E-02   0.00000000    
   7.60000050E-02   0.00000000    
   7.70000070E-02   0.00000000    
   7.80000016E-02   0.00000000    
   7.90000036E-02   0.00000000    
   8.00000057E-02   0.00000000    
   8.10000002E-02   0.00000000    
   8.20000023E-02   0.00000000    
   8.30000043E-02   0.00000000    
   8.40000063E-02   0.00000000    
   8.50000009E-02   0.00000000    
   8.60000029E-02   0.00000000    
   8.70000049E-02   0.00000000    
   8.80000070E-02   0.00000000    
   8.90000015E-02   0.00000000    
   9.00000036E-02   0.00000000    
   9.10000056E-02   0.00000000    
   9.20000076E-02   0.00000000    
   9.30000022E-02   0.00000000    
   9.40000042E-02   0.00000000    
   9.50000063E-02   0.00000000    
   9.60000008E-02   0.00000000    
   9.70000029E-02   0.00000000    
   9.80000049E-02   0.00000000    
   9.90000069E-02   0.00000000    
  0.100000001       0.00000000    
  0.101000004       0.00000000    
  0.102000006       0.00000000    
  0.103000008       0.00000000    
  0.104000002       0.00000000    
  0.105000004       0.00000000    
  0.106000006       0.00000000    
  0.107000008       0.00000000    
  0.108000003       0.00000000    
  0.109000005       0.00000000    
  0.110000007       0.00000000    
  0.111000009       0.00000000    
  0.112000003       0.00000000    
  0.113000005       0.00000000    
  0.114000008       0.00000000    
  0.115000002       0.00000000    
  0.116000004       0.00000000    
  0.117000006       0.00000000    
  0.118000008       0.00000000    
  0.119000003       0.00000000    
  0.120000005       0.00000000    
  0.121000007       0.00000000    
  0.122000009       0.00000000    
  0.123000003       0.00000000    
  0.124000005       0.00000000    
  0.125000000       0.00000000    
  0.126000002       0.00000000    
  0.127000004       0.00000000    
  0.128000006       0.00000000    
  0.129000008       0.00000000    
  0.130000010       0.00000000    
  0.131000012       0.00000000    
  0.131999999       0.00000000    
  0.133000001       0.00000000    
  0.134000003       0.00000000    
  0.135000005       0.00000000    
  0.136000007       0.00000000    
  0.137000009       0.00000000    
  0.138000011       0.00000000    
  0.139000013       0.00000000    
  0.140000001       0.00000000    
  0.141000003       0.00000000    
  0.142000005       0.00000000    
  0.143000007       0.00000000    
  0.144000009       0.00000000    
  0.145000011       0.00000000    
  0.146000013       0.00000000    
  0.147000000       0.00000000    
  0.148000002       0.00000000    
  0.149000004       0.00000000    
  0.150000006       0.00000000    
  0.151000008       0.00000000    
  0.152000010       0.00000000    
  0.153000012       0.00000000    
  0.154000014       0.00000000    
  0.155000001       0.00000000    
  0.156000003       0.00000000    
  0.157000005       0.00000000    
  0.158000007       0.00000000    
  0.159000009       0.00000000    
  0.160000011       0.00000000    
  0.161000013       0.00000000    
  0.162000000       0.00000000    
  0.163000003       0.00000000    
  0.164000005       0.00000000    
  0.165000007       0.00000000    
  0.166000009       0.00000000    
  0.167000011       0.00000000    
  0.168000013       0.00000000    
  0.169000015       0.00000000    
  0.170000002       0.00000000    
  0.171000004       0.00000000    
  0.172000006       0.00000000    
  0.173000008       0.00000000    
  0.174000010       0.00000000    
  0.175000012       0.00000000    
  0.176000014       0.00000000    
  0.177000001       0.00000000    
  0.178000003       0.00000000    
  0.179000005       0.00000000    
  0.180000007       0.00000000    
  0.181000009       0.00000000    
  0.182000011       0.00000000    
  0.183000013       0.00000000    
  0.184000015       0.00000000    
  0.185000002       0.00000000    
  0.186000004       0.00000000    
  0.187000006       0.00000000    
  0.188000008       0.00000000    
  0.189000010       0.00000000    
  0.190000013       0.00000000    
  0.191000015       0.00000000    
  0.192000002       0.00000000    
  0.193000004       0.00000000    
  0.194000006       0.00000000    
  0.195000008       0.00000000    
  0.196000010       0.00000000    
  0.197000012       0.00000000    
  0.198000014       0.00000000    
  0.199000016       0.00000000    
  0.200000003       0.00000000    
  0.201000005       0.00000000    
  0.202000007       0.00000000    
  0.203000009       0.00000000    
  0.204000011       0.00000000    
  0.205000013       0.00000000    
  0.206000015       0.00000000    
  0.207000017       0.00000000    
  0.208000004       0.00000000    
  0.209000006       0.00000000    
  0.210000008       0.00000000    
  0.211000010       0.00000000    
  0.212000012       0.00000000    
  0.213000014       0.00000000    
  0.214000016       0.00000000    
  0.215000004       0.00000000    
  0.216000006       0.00000000    
  0.217000008       0.00000000    
  0.218000010       0.00000000    
  0.219000012       0.00000000    
  0.220000014       0.00000000    
  0.221000016       0.00000000    
  0.222000018       0.00000000    
  0.223000005       0.00000000    
  0.224000007       0.00000000    
  0.225000009       0.00000000    
  0.226000011       0.00000000    
  0.227000013       0.00000000    
  0.228000015       0.00000000    
  0.229000017       0.00000000    
  0.230000004       0.00000000    
  0.231000006       0.00000000    
  0.232000008       0.00000000    
  0.233000010       0.00000000    
  0.234000012       0.00000000    
  0.235000014       0.00000000    
  0.236000016       0.00000000    
  0.237000018       0.00000000    
  0.238000005       0.00000000    
  0.239000008       0.00000000    
  0.240000010       0.00000000    
  0.241000012       0.00000000    
  0.242000014       0.00000000    
  0.243000016       0.00000000    
  0.244000018       0.00000000    
  0.245000005       0.00000000    
  0.246000007       0.00000000    
  0.247000009       0.00000000    
  0.248000011       0.00000000    
  0.249000013       0.00000000    
  0.250000000       0.00000000    
  0.251000017       0.00000000    
  0.252000004       0.00000000    
  0.253000021       0.00000000    
  0.254000008       0.00000000    
  0.255000025       0.00000000    
  0.256000012       0.00000000    
  0.256999999       0.00000000    
  0.258000016       0.00000000    
  0.259000003       0.00000000    
  0.260000020       0.00000000    
  0.261000007       0.00000000    
  0.262000024       0.00000000    
  0.263000011       0.00000000    
  0.263999999       0.00000000    
  0.265000015       0.00000000    
  0.266000003       0.00000000    
  0.267000020       0.00000000    
  0.268000007       0.00000000    
  0.269000024       0.00000000    
  0.270000011       0.00000000    
  0.271000028       0.00000000    
  0.272000015       0.00000000    
  0.273000002       0.00000000    
  0.274000019       0.00000000    
  0.275000006       0.00000000    
  0.276000023       0.00000000    
  0.277000010       0.00000000    
  0.278000027       0.00000000    
  0.279000014       0.00000000    
  0.280000001       0.00000000    
  0.281000018       0.00000000    
  0.282000005       0.00000000    
  0.283000022       0.00000000    
  0.284000009       0.00000000    
  0.285000026       0.00000000    
  0.286000013       0.00000000    
  0.287000000       0.00000000    
  0.288000017       0.00000000    
  0.289000005       0.00000000    
  0.290000021       0.00000000    
  0.291000009       0.00000000    
  0.292000026       0.00000000    
  0.293000013       0.00000000    
  0.294000000       0.00000000    
  0.295000017       0.00000000    
  0.296000004       0.00000000    
  0.297000021       0.00000000    
  0.298000008       0.00000000    
  0.299000025       0.00000000    
  0.300000012       0.00000000    
  0.301000029       0.00000000    
  0.302000016       0.00000000    
  0.303000003       0.00000000    
  0.304000020       0.00000000    
  0.305000007       0.00000000    
  0.306000024       0.00000000    
  0.307000011       0.00000000    
  0.308000028       0.00000000    
  0.309000015       0.00000000    
  0.310000002       0.00000000    
  0.311000019       0.00000000    
  0.312000006       0.00000000    
  0.313000023       0.00000000    
  0.314000010       0.00000000    
  0.315000027       0.00000000    
  0.316000015       0.00000000    
  0.317000002       0.00000000    
  0.318000019       0.00000000    
  0.319000006       0.00000000    
  0.320000023       0.00000000    
  0.321000010       0.00000000    
  0.322000027       0.00000000    
  0.323000014       0.00000000    
  0.324000001       0.00000000    
  0.325000018       0.00000000    
  0.326000005       0.00000000    
  0.327000022       0.00000000    
  0.328000009       0.00000000    
  0.329000026       0.00000000    
  0.330000013       0.00000000    
  0.331000030       0.00000000    
  0.332000017       0.00000000    
  0.333000004       0.00000000    
  0.334000021       0.00000000    
  0.335000008       0.00000000    
  0.336000025       0.00000000    
  0.337000012       0.00000000    
  0.338000029       0.00000000    
  0.339000016       0.00000000    
  0.340000004       0.00000000    
  0.341000021       0.00000000    
  0.342000008       0.00000000    
  0.343000025       0.00000000    
  0.344000012       0.00000000    
  0.345000029       0.00000000    
  0.346000016       0.00000000    
  0.347000003       0.00000000    
  0.348000020       0.00000000    
  0.349000007       0.00000000    
  0.350000024       0.00000000    
  0.351000011       0.00000000    
  0.352000028       0.00000000    
  0.353000015       0.00000000    
  0.354000002       0.00000000    
  0.355000019       0.00000000    
  0.356000006       0.00000000    
  0.357000023       0.00000000    
  0.358000010       0.00000000    
  0.359000027       0.00000000    
  0.360000014       0.00000000    
  0.361000031       0.00000000    
  0.362000018       0.00000000    
  0.363000005       0.00000000    
  0.364000022       0.00000000    
  0.365000010       0.00000000    
  0.366000026       0.00000000    
  0.367000014       0.00000000    
  0.368000031       0.00000000    
  0.369000018       0.00000000    
  0.370000005       0.00000000    
  0.371000022       0.00000000    
  0.372000009       0.00000000    
  0.373000026       0.00000000    
  0.374000013       0.00000000    
  0.375000030       0.00000000    
  0.376000017       0.00000000    
  0.377000004       0.00000000    
  0.378000021       0.00000000    
  0.379000008       0.00000000    
  0.380000025       0.00000000    
  0.381000012       0.00000000    
  0.382000029       0.00000000    
  0.383000016       0.00000000    
  0.384000003       0.00000000    
  0.385000020       0.00000000    
  0.386000007       0.00000000    
  0.387000024       0.00000000    
  0.388000011       0.00000000    
  0.389000028       0.00000000    
  0.390000015       0.00000000    
  0.391000032       0.00000000    
  0.392000020       0.00000000    
  0.393000007       0.00000000    
  0.394000024       0.00000000    
  0.395000011       0.00000000    
  0.396000028       0.00000000    
  0.397000015       0.00000000    
  0.398000032       0.00000000    
  0.399000019       0.00000000    
  0.400000006       0.00000000    
  0.401000023       0.00000000    
  0.402000010       0.00000000    
  0.403000027       0.00000000    
  0.404000014       0.00000000    
  0.405000031       0.00000000    
  0.406000018       0.00000000    
  0.407000005       0.00000000    
  0.408000022       0.00000000    
  0.409000009       0.00000000    
  0.410000026       0.00000000    
  0.411000013       0.00000000    
  0.412000030       0.00000000    
  0.413000017       0.00000000    
  0.414000034       0.00000000    
  0.415000021       0.00000000    
  0.416000009       0.00000000    
  0.417000026       0.00000000    
  0.418000013       0.00000000    
  0.419000030       0.00000000    
  0.420000017       0.00000000    
  0.421000034       0.00000000    
  0.422000021       0.00000000    
  0.423000008       0.00000000    
  0.424000025       0.00000000    
  0.425000012       0.00000000    
  0.426000029       0.00000000    
  0.427000016       0.00000000    
  0.428000033       0.00000000    
  0.429000020       0.00000000    
  0.430000007       0.00000000    
  0.431000024       0.00000000    
  0.432000011       0.00000000    
  0.433000028       0.00000000    
  0.434000015       0.00000000    
  0.435000032       0.00000000    
  0.436000019       0.00000000    
  0.437000006       0.00000000    
  0.438000023       0.00000000    
  0.439000010       0.00000000    
  0.440000027       0.00000000    
  0.441000015       0.00000000    
  0.442000031       0.00000000    
  0.443000019       0.00000000    
  0.444000036       0.00000000    
  0.445000023       0.00000000    
  0.446000010       0.00000000    
  0.447000027       0.00000000    
  0.448000014       0.00000000    
  0.449000031       0.00000000    
  0.450000018       0.00000000    
  0.451000035       0.00000000    
  0.452000022       0.00000000    
  0.453000009       0.00000000    
  0.454000026       0.00000000    
  0.455000013       0.00000000    
  0.456000030       0.00000000    
  0.457000017       0.00000000    
  0.458000034       0.00000000    
  0.459000021       0.00000000    
  0.460000008       0.00000000    
  0.461000025       0.00000000    
  0.462000012       0.00000000    
  0.463000029       0.00000000    
  0.464000016       0.00000000    
  0.465000033       0.00000000    
  0.466000021       0.00000000    
  0.467000008       0.00000000    
  0.468000025       0.00000000    
  0.469000012       0.00000000    
  0.470000029       0.00000000    
  0.471000016       0.00000000    
  0.472000033       0.00000000    
  0.473000020       0.00000000    
  0.474000037       0.00000000    
  0.475000024       0.00000000    
  0.476000011       0.00000000    
  0.477000028       0.00000000    
  0.478000015       0.00000000    
  0.479000032       0.00000000    
  0.480000019       0.00000000    
  0.481000036       0.00000000    
  0.482000023       0.00000000    
  0.483000010       0.00000000    
  0.484000027       0.00000000    
  0.485000014       0.00000000    
  0.486000031       0.00000000    
  0.487000018       0.00000000    
  0.488000035       0.00000000    
  0.489000022       0.00000000    
  0.490000010       0.00000000    
  0.491000026       0.00000000    
  0.492000014       0.00000000    
  0.493000031       0.00000000    
  0.494000018       0.00000000    
  0.495000035       0.00000000    
  0.496000022       0.00000000    
  0.497000009       0.00000000    
  0.498000026       0.00000000    
  0.499000013       0.00000000    
  0.500000000       0.00000000    
  0.501000047       0.00000000    
  0.502000034       0.00000000    
  0.503000021       0.00000000    
  0.504000008       0.00000000    
  0.504999995       0.00000000    
  0.506000042       0.00000000    
  0.507000029       0.00000000    
  0.508000016       0.00000000    
  0.509000003       0.00000000    
  0.510000050       0.00000000    
  0.511000037       0.00000000    
  0.512000024       0.00000000    
  0.513000011       0.00000000    
  0.513999999       0.00000000    
  0.515000045       0.00000000    
  0.516000032       0.00000000    
  0.517000020       0.00000000    
  0.518000007       0.00000000    
  0.519000053       0.00000000    
  0.520000041       0.00000000    
  0.521000028       0.00000000    
  0.522000015       0.00000000    
  0.523000002       0.00000000    
  0.524000049       0.00000000    
  0.525000036       0.00000000    
  0.526000023       0.00000000    
  0.527000010       0.00000000    
  0.527999997       0.00000000    
  0.529000044       0.00000000    
  0.530000031       0.00000000    
  0.531000018       0.00000000    
  0.532000005       0.00000000    
  0.533000052       0.00000000    
  0.534000039       0.00000000    
  0.535000026       0.00000000    
  0.536000013       0.00000000    
  0.537000000       0.00000000    
  0.538000047       0.00000000    
  0.539000034       0.00000000    
  0.540000021       0.00000000    
  0.541000009       0.00000000    
  0.542000055       0.00000000    
  0.543000042       0.00000000    
  0.544000030       0.00000000    
  0.545000017       0.00000000    
  0.546000004       0.00000000    
  0.547000051       0.00000000    
  0.548000038       0.00000000    
  0.549000025       0.00000000    
  0.550000012       0.00000000    
  0.550999999       0.00000000    
  0.552000046       0.00000000    
  0.553000033       0.00000000    
  0.554000020       0.00000000    
  0.555000007       0.00000000    
  0.556000054       0.00000000    
  0.557000041       0.00000000    
  0.558000028       0.00000000    
  0.559000015       0.00000000    
  0.560000002       0.00000000    
  0.561000049       0.00000000    
  0.562000036       0.00000000    
  0.563000023       0.00000000    
  0.564000010       0.00000000    
  0.564999998       0.00000000    
  0.566000044       0.00000000    
  0.567000031       0.00000000    
  0.568000019       0.00000000    
  0.569000006       0.00000000    
  0.570000052       0.00000000    
  0.571000040       0.00000000    
  0.572000027       0.00000000    
  0.573000014       0.00000000    
  0.574000001       0.00000000    
  0.575000048       0.00000000    
  0.576000035       0.00000000    
  0.577000022       0.00000000    
  0.578000009       0.00000000    
  0.579000056       0.00000000    
  0.580000043       0.00000000    
  0.581000030       0.00000000    
  0.582000017       0.00000000    
  0.583000004       0.00000000    
  0.584000051       0.00000000    
  0.585000038       0.00000000    
  0.586000025       0.00000000    
  0.587000012       0.00000000    
  0.588000000       0.00000000    
  0.589000046       0.00000000    
  0.590000033       0.00000000    
  0.591000021       0.00000000    
  0.592000008       0.00000000    
  0.593000054       0.00000000    
  0.594000041       0.00000000    
  0.595000029       0.00000000    
  0.596000016       0.00000000    
  0.597000003       0.00000000    
  0.598000050       0.00000000    
  0.599000037       0.00000000    
  0.600000024       0.00000000    
  0.601000011       0.00000000    
  0.602000058       0.00000000    
  0.603000045       0.00000000    
  0.604000032       0.00000000    
  0.605000019       0.00000000    
  0.606000006       0.00000000    
  0.607000053       0.00000000    
  0.608000040       0.00000000    
  0.609000027       0.00000000    
  0.610000014       0.00000000    
  0.611000001       0.00000000    
  0.612000048       0.00000000    
  0.613000035       0.00000000    
  0.614000022       0.00000000    
  0.615000010       0.00000000    
  0.616000056       0.00000000    
  0.617000043       0.00000000    
  0.618000031       0.00000000    
  0.619000018       0.00000000    
  0.620000005       0.00000000    
  0.621000051       0.00000000    
  0.622000039       0.00000000    
  0.623000026       0.00000000    
  0.624000013       0.00000000    
  0.625000000       0.00000000    
  0.626000047       0.00000000    
  0.627000034       0.00000000    
  0.628000021       0.00000000    
  0.629000008       0.00000000    
  0.630000055       0.00000000    
  0.631000042       0.00000000    
  0.632000029       0.00000000    
  0.633000016       0.00000000    
  0.634000003       0.00000000    
  0.635000050       0.00000000    
  0.636000037       0.00000000    
  0.637000024       0.00000000    
  0.638000011       0.00000000    
  0.639000058       0.00000000    
  0.640000045       0.00000000    
  0.641000032       0.00000000    
  0.642000020       0.00000000    
  0.643000007       0.00000000    
  0.644000053       0.00000000    
  0.645000041       0.00000000    
  0.646000028       0.00000000    
  0.647000015       0.00000000    
  0.648000002       0.00000000    
  0.649000049       0.00000000    
  0.650000036       0.00000000    
  0.651000023       0.00000000    
  0.652000010       0.00000000    
  0.653000057       0.00000000    
  0.654000044       0.00000000    
  0.655000031       0.00000000    
  0.656000018       0.00000000    
  0.657000005       0.00000000    
  0.658000052       0.00000000    
  0.659000039       0.00000000    
  0.660000026       0.00000000    
  0.661000013       0.00000000    
  0.662000060       0.00000000    
  0.663000047       0.00000000    
  0.664000034       0.00000000    
  0.665000021       0.00000000    
  0.666000009       0.00000000    
  0.667000055       0.00000000    
  0.668000042       0.00000000    
  0.669000030       0.00000000    
  0.670000017       0.00000000    
  0.671000004       0.00000000    
  0.672000051       0.00000000    
  0.673000038       0.00000000    
  0.674000025       0.00000000    
  0.675000012       0.00000000    
  0.676000059       0.00000000    
  0.677000046       0.00000000    
  0.678000033       0.00000000    
  0.679000020       0.00000000    
  0.680000007       0.00000000    
  0.681000054       0.00000000    
  0.682000041       0.00000000    
  0.683000028       0.00000000    
  0.684000015       0.00000000    
  0.685000062       0.00000000    
  0.686000049       0.00000000    
  0.687000036       0.00000000    
  0.688000023       0.00000000    
  0.689000010       0.00000000    
  0.690000057       0.00000000    
  0.691000044       0.00000000    
  0.692000031       0.00000000    
  0.693000019       0.00000000    
  0.694000006       0.00000000    
  0.695000052       0.00000000    
  0.696000040       0.00000000    
  0.697000027       0.00000000    
  0.698000014       0.00000000    
  0.699000061       0.00000000    
  0.700000048       0.00000000    
  0.701000035       0.00000000    
  0.702000022       0.00000000    
  0.703000009       0.00000000    
  0.704000056       0.00000000    
  0.705000043       0.00000000    
  0.706000030       0.00000000    
  0.707000017       0.00000000    
  0.708000004       0.00000000    
  0.709000051       0.00000000    
  0.710000038       0.00000000    
  0.711000025       0.00000000    
  0.712000012       0.00000000    
  0.713000059       0.00000000    
  0.714000046       0.00000000    
  0.715000033       0.00000000    
  0.716000021       0.00000000    
  0.717000008       0.00000000    
  0.718000054       0.00000000    
  0.719000041       0.00000000    
  0.720000029       0.00000000    
  0.721000016       0.00000000    
  0.722000062       0.00000000    
  0.723000050       0.00000000    
  0.724000037       0.00000000    
  0.725000024       0.00000000    
  0.726000011       0.00000000    
  0.727000058       0.00000000    
  0.728000045       0.00000000    
  0.729000032       0.00000000    
  0.730000019       0.00000000    
  0.731000006       0.00000000    
  0.732000053       0.00000000    
  0.733000040       0.00000000    
  0.734000027       0.00000000    
  0.735000014       0.00000000    
  0.736000061       0.00000000    
  0.737000048       0.00000000    
  0.738000035       0.00000000    
  0.739000022       0.00000000    
  0.740000010       0.00000000    
  0.741000056       0.00000000    
  0.742000043       0.00000000    
  0.743000031       0.00000000    
  0.744000018       0.00000000    
  0.745000064       0.00000000    
  0.746000051       0.00000000    
  0.747000039       0.00000000    
  0.748000026       0.00000000    
  0.749000013       0.00000000    
  0.750000060       0.00000000    
  0.751000047       0.00000000    
  0.752000034       0.00000000    
  0.753000021       2.80259693E-45
  0.754000008       1.26116862E-44
  0.755000055       8.26766094E-44
  0.756000042       4.84849269E-43
  0.757000029       2.70310474E-42
  0.758000016       1.46533780E-41
  0.759000063       7.70307779E-41
  0.760000050       3.93110462E-40
  0.761000037       1.94875495E-39
  0.762000024       9.38932609E-39
  0.763000011       4.39907189E-38
  0.764000058       2.00544487E-37
  0.765000045       8.89831341E-37
  0.766000032       3.84548872E-36
  0.767000020       1.61924648E-35
  0.768000007       6.64695334E-35
  0.769000053       2.66146224E-34
  0.770000041       1.03969849E-33
  0.771000028       3.96518783E-33
  0.772000015       1.47688346E-32
  0.773000062       5.37505724E-32
  0.774000049       1.91209790E-31
  0.775000036       6.65134718E-31
  0.776000023       2.26356860E-30
  0.777000010       7.53936046E-30
  0.778000057       2.45878932E-29
  0.779000044       7.85360708E-29
  0.780000031       2.45788576E-28
  0.781000018       7.54002440E-28
  0.782000065       2.26818426E-27
  0.783000052       6.69246866E-27
  0.784000039       1.93768212E-26
  0.785000026       5.50686418E-26
  0.786000013       1.53670425E-25
  0.787000060       4.21247976E-25
  0.788000047       1.13454666E-24
  0.789000034       3.00332481E-24
  0.790000021       7.81671542E-24
  0.791000009       2.00091082E-23
  0.792000055       5.03885881E-23
  0.793000042       1.24868679E-22
  0.794000030       3.04598204E-22
  0.795000017       7.31585161E-22
  0.796000063       1.73078556E-21
  0.797000051       4.03378059E-21
  0.798000038       9.26433158E-21
  0.799000025       2.09732291E-20
  0.800000012       4.68147747E-20
  0.801000059       1.03056410E-19
  0.802000046       2.23793405E-19
  0.803000033       4.79495818E-19
  0.804000020       1.01394104E-18
  0.805000067       2.11668343E-18
  0.806000054       4.36286612E-18
  0.807000041       8.88114293E-18
  0.808000028       1.78589303E-17
  0.809000015       3.54832623E-17
  0.810000062       6.96744752E-17
  0.811000049       1.35230808E-16
  0.812000036       2.59493917E-16
  0.813000023       4.92390258E-16
  0.814000010       9.24109451E-16
  0.815000057       1.71580743E-15
  0.816000044       3.15198811E-15
  0.817000031       5.73028165E-15
  0.818000019       1.03114301E-14
  0.819000065       1.83702896E-14
  0.820000052       3.24036994E-14
  0.821000040       5.66075507E-14
  0.822000027       9.79488165E-14
  0.823000014       1.67901121E-13
  0.824000061       2.85190870E-13
  0.825000048       4.80023356E-13
  0.826000035       8.00830647E-13
  0.827000022       1.32440825E-12
  0.828000069       2.17168015E-12
  0.829000056       3.53089238E-12
  0.830000043       5.69361659E-12
  0.831000030       9.10652543E-12
  0.832000017       1.44492829E-11
  0.833000064       2.27476475E-11
  0.834000051       3.55361469E-11
  0.835000038       5.50932494E-11
  0.836000025       8.47805159E-11
  0.837000012       1.29512664E-10
  0.838000059       1.96430899E-10
  0.839000046       2.95817315E-10
  0.840000033       4.42408082E-10
  0.841000021       6.57123966E-10
  0.842000067       9.69547886E-10
  0.843000054       1.42106382E-09
  0.844000041       2.06941908E-09
  0.845000029       2.99437386E-09
  0.846000016       4.30577796E-09
  0.847000062       6.15361140E-09
  0.848000050       8.74119088E-09
  0.849000037       1.23430972E-08
  0.850000024       1.73278245E-08
  0.851000011       2.41863312E-08
  0.852000058       3.35700747E-08
  0.853000045       4.63356642E-08
  0.854000032       6.36068052E-08
  0.855000019       8.68495960E-08
  0.856000066       1.17963857E-07
  0.857000053       1.59394801E-07
  0.858000040       2.14284185E-07
  0.859000027       2.86632684E-07
  0.860000014       3.81526945E-07
  0.861000061       5.05398248E-07
  0.862000048       6.66299400E-07
  0.863000035       8.74326872E-07
  0.864000022       1.14203976E-06
  0.865000069       1.48503159E-06
  0.866000056       1.92245147E-06
  0.867000043       2.47786420E-06
  0.868000031       3.18006323E-06
  0.869000018       4.06406616E-06
  0.870000064       5.17237640E-06
  0.871000051       6.55599297E-06
  0.872000039       8.27660278E-06
  0.873000026       1.04075934E-05
  0.874000013       1.30365916E-05
  0.875000060       1.62677734E-05
  0.876000047       2.02237497E-05
  0.877000034       2.50489884E-05
  0.878000021       3.09137176E-05
  0.879000068       3.80161473E-05
  0.880000055       4.65866760E-05
  0.881000042       5.68922987E-05
  0.882000029       6.92438553E-05
  0.883000016       8.39959685E-05
  0.884000063       1.01559905E-04
  0.885000050       1.22398895E-04
  0.886000037       1.47050887E-04
  0.887000024       1.76115325E-04
  0.888000071       2.10284517E-04
  0.889000058       2.50323879E-04
  0.890000045       2.97107530E-04
  0.891000032       3.51609749E-04
  0.892000020       4.14920301E-04
  0.893000066       4.88260761E-04
  0.894000053       5.72971941E-04
  0.895000041       6.70547888E-04
  0.896000028       7.82645540E-04
  0.897000015       9.11078590E-04
  0.898000062       1.05785893E-03
  0.899000049       1.22515287E-03
  0.900000036       1.41535373E-03
  0.901000023       1.63105340E-03
  0.902000070       1.87510962E-03
  0.903000057       2.15052534E-03
  0.904000044       2.46063177E-03
  0.905000031       2.80895433E-03
  0.906000018       3.19935079E-03
  0.907000065       3.63591663E-03
  0.908000052       4.12298599E-03
  0.909000039       4.66520246E-03
  0.910000026       5.26757259E-03
  0.911000073       5.93535928E-03
  0.912000060       6.67407643E-03
  0.913000047       7.48955645E-03
  0.914000034       8.38804245E-03
  0.915000021       9.37595591E-03
  0.916000068       1.04602743E-02
  0.917000055       1.16478214E-02
  0.918000042       1.29461251E-02
  0.919000030       1.43628698E-02
  0.920000017       1.59060936E-02
  0.921000063       1.75840203E-02
  0.922000051       1.94051545E-02
  0.923000038       2.13782378E-02
  0.924000025       2.35124100E-02
  0.925000072       2.58169509E-02
  0.926000059       2.83011589E-02
  0.927000046       3.09746433E-02
  0.928000033       3.38473767E-02
  0.929000020       3.69290970E-02
  0.930000067       4.02303450E-02
  0.931000054       4.37607169E-02
  0.932000041       4.75309715E-02
  0.933000028       5.15509211E-02
  0.934000015       5.58312759E-02
  0.935000062       6.03821203E-02
  0.936000049       6.52136654E-02
  0.937000036       7.03359991E-02
  0.938000023       7.57594556E-02
  0.939000070       8.14938396E-02
  0.940000057       8.75488073E-02
  0.941000044       9.39335674E-02
  0.942000031      0.100658312    
  0.943000019      0.107731313    
  0.944000065      0.115162328    
  0.945000052      0.122958198    
  0.946000040      0.131128386    
  0.947000027      0.139679477    
  0.948000073      0.148620486    
  0.949000061      0.157955825    
  0.950000048      0.167693958    
  0.951000035      0.177839488    
  0.952000022      0.188398689    
  0.953000069      0.199375704    
  0.954000056      0.210775554    
  0.955000043      0.222600430    
  0.956000030      0.234855264    
  0.957000017      0.247541115    
  0.958000064      0.260662138    
  0.959000051      0.274216026    
  0.960000038      0.288206667    
  0.961000025      0.302631706    
  0.962000072      0.317493707    
  0.963000059      0.332787186    
  0.964000046      0.348512977    
  0.965000033      0.364666641    
  0.966000021      0.381247103    
  0.967000067      0.398249090    
  0.968000054      0.415668517    
  0.969000041      0.433497816    
  0.970000029      0.451734662    
  0.971000075      0.470371038    
  0.972000062      0.489400297    
  0.973000050      0.508812845    
  0.974000037      0.528603196    
  0.975000024      0.548759878    
  0.976000071      0.569278181    
  0.977000058      0.590141773    
  0.978000045      0.611345708    
  0.979000032      0.632875204    
  0.980000019      0.654722035    
  0.981000066      0.676873505    
  0.982000053      0.699318111    
  0.983000040      0.722039640    
  0.984000027      0.745030403    
  0.985000074      0.768273890    
  0.986000061      0.791758537    
  0.987000048      0.815466940    
  0.988000035      0.839390814    
  0.989000022      0.863509357    
  0.990000069      0.887816370    
  0.991000056      0.912286937    
  0.992000043      0.936916113    
  0.993000031      0.961679280    
  0.994000018      0.986570477    
  0.995000064       1.01156843    
  0.996000051       1.03666246    
  0.997000039       1.06183171    
  0.998000026       1.08706748    
  0.999000072       1.11235046    
   1.00000000       1.13766551    
   1.00100005       1.16299903    
   1.00200009       1.18833995    
   1.00300002       1.21365905    
   1.00400007       1.23896146    
   1.00500000       1.26421547    
   1.00600004       1.28942049    
   1.00700009       1.31455266    
   1.00800002       1.33960223    
   1.00900006       1.36455142    
   1.00999999       1.38939297    
   1.01100004       1.41410804    
   1.01200008       1.43869126    
   1.01300001       1.46311724    
   1.01400006       1.48738670    
   1.01500010       1.51147616    
   1.01600003       1.53538418    
   1.01700008       1.55909157    
   1.01800001       1.58259153    
   1.01900005       1.60586882    
   1.02000010       1.62892199    
   1.02100003       1.65172589    
   1.02200007       1.67428756    
   1.02300000       1.69658244    
   1.02400005       1.71861517    
   1.02500010       1.74036634    
   1.02600002       1.76183248    
   1.02700007       1.78300285    
   1.02800000       1.80387533    
   1.02900004       1.82443643    
   1.03000009       1.84468567    
   1.03100002       1.86460543    
   1.03200006       1.88420630    
   1.03299999       1.90346491    
   1.03400004       1.92238975    
   1.03500009       1.94096828    
   1.03600001       1.95919907    
   1.03700006       1.97707331    
   1.03800011       1.99459577    
   1.03900003       2.01174831    
   1.04000008       2.02854681    
   1.04100001       2.04496741    
   1.04200006       2.06102777    
   1.04300010       2.07671046    
   1.04400003       2.09201813    
   1.04500008       2.10695124    
   1.04600000       2.12150812    
   1.04700005       2.13568354    
   1.04800010       2.14948559    
   1.04900002       2.16289949    
   1.05000007       2.17594099    
   1.05100000       2.18859458    
   1.05200005       2.20087600    
   1.05300009       2.21277213    
   1.05400002       2.22429252    
   1.05500007       2.23543215    
   1.05599999       2.24619889    
   1.05700004       2.25658584    
   1.05800009       2.26660538    
   1.05900002       2.27624607    
   1.06000006       2.28552413    
   1.06100011       2.29442954    
   1.06200004       2.30297232    
   1.06300008       2.31115055    
   1.06400001       2.31897187    
   1.06500006       2.32643247    
   1.06600010       2.33354497    
   1.06700003       2.34029794    
   1.06800008       2.34671330    
   1.06900001       2.35277653    
   1.07000005       2.35850501    
   1.07100010       2.36389279    
   1.07200003       2.36895084    
   1.07300007       2.37367606    
   1.07400000       2.37807989    
   1.07500005       2.38215852    
   1.07600009       2.38592601    
   1.07700002       2.38937521    
   1.07800007       2.39252043    
   1.07900000       2.39535642    
   1.08000004       2.39789867    
   1.08100009       2.40014172    
   1.08200002       2.40209651    
   1.08300006       2.40376258    
   1.08400011       2.40515089    
   1.08500004       2.40625787    
   1.08600008       2.40709639    
   1.08700001       2.40766406    
   1.08800006       2.40797257    
   1.08900011       2.40801930    
   1.09000003       2.40781713    
   1.09100008       2.40736198    
   1.09200001       2.40666556    
   1.09300005       2.40572810    
   1.09400010       2.40455937    
   1.09500003       2.40315676    
   1.09600008       2.40153456    
   1.09700000       2.39968657    
   1.09800005       2.39762735    
   1.09900010       2.39535379    
   1.10000002       2.39287758    
   1.10100007       2.39019632    
   1.10200000       2.38732123    
   1.10300004       2.38425040    
   1.10400009       2.38099575    
   1.10500002       2.37755442    
   1.10600007       2.37393713    
   1.10699999       2.37014198    
   1.10800004       2.36618066    
   1.10900009       2.36205077    
   1.11000001       2.35776114    
   1.11100006       2.35331297    
   1.11200011       2.34871459    
   1.11300004       2.34396434    
   1.11400008       2.33907223    
   1.11500001       2.33403826    
   1.11600006       2.32887006    
   1.11700010       2.32356644    
   1.11800003       2.31813741    
   1.11900008       2.31258130    
   1.12000000       2.30690742    
   1.12100005       2.30111337    
   1.12200010       2.29520869    
   1.12300003       2.28919268    
   1.12400007       2.28307343    
   1.12500000       2.27684903    
   1.12600005       2.27052951    
   1.12700009       2.26411033    
   1.12800002       2.25760341    
   1.12900007       2.25100493    
   1.13000000       2.24432349    
   1.13100004       2.23755908    
   1.13200009       2.23071599    
   1.13300002       2.22379804    
   1.13400006       2.21680641    
   1.13500011       2.20974541    
   1.13600004       2.20261812    
   1.13700008       2.19542789    
   1.13800001       2.18817592    
   1.13900006       2.18086553    
   1.14000010       2.17350101    
   1.14100003       2.16608477    
   1.14200008       2.15861702    
   1.14300001       2.15110254    
   1.14400005       2.14354277    
   1.14500010       2.13594055    
   1.14600003       2.12829947    
   1.14700007       2.12062144    
   1.14800000       2.11290669    
   1.14900005       2.10516024    
   1.15000010       2.09738183    
   1.15100002       2.08958173    
   1.15200007       2.08174372    
   1.15300000       2.07388806    
   1.15400004       2.06601143    
   1.15500009       2.05811572    
   1.15600002       2.05019593    
   1.15700006       2.04226327    
   1.15800011       2.03431249    
   1.15900004       2.02635837    
   1.16000009       2.01838183    
   1.16100001       2.01040220    
   1.16200006       2.00241590    
   1.16300011       1.99442136    
   1.16400003       1.98642313    
   1.16500008       1.97842073    
   1.16600001       1.97042179    
   1.16700006       1.96241403    
   1.16800010       1.95442033    
   1.16900003       1.94642067    
   1.17000008       1.93843079    
   1.17100000       1.93044460    
   1.17200005       1.92246342    
   1.17300010       1.91449523    
   1.17400002       1.90653515    
   1.17500007       1.89858127    
   1.17600000       1.89064407    
   1.17700005       1.88271534    
   1.17800009       1.87480640    
   1.17900002       1.86690855    
   1.18000007       1.85903251    
   1.18100011       1.85116744    
   1.18200004       1.84332573    
   1.18300009       1.83549511    
   1.18400002       1.82769287    
   1.18500006       1.81990743    
   1.18600011       1.81214285    
   1.18700004       1.80440283    
   1.18800008       1.79668570    
   1.18900001       1.78898990    
   1.19000006       1.78132355    
   1.19100010       1.77367806    
   1.19200003       1.76606512    
   1.19300008       1.75847149    
   1.19400001       1.75091076    
   1.19500005       1.74337351    
   1.19600010       1.73586869    
   1.19700003       1.72839320    
   1.19800007       1.72094643    
   1.19900000       1.71352994    
   1.20000005       1.70614314    
   1.20100009       1.69878745    
   1.20200002       1.69146407    
   1.20300007       1.68417215    
   1.20400012       1.67691612    
   1.20500004       1.66969001    
   1.20600009       1.66249824    
   1.20700002       1.65534246    
   1.20800006       1.64821577    
   1.20900011       1.64112580    
   1.21000004       1.63407397    
   1.21100008       1.62705266    
   1.21200001       1.62007034    
   1.21300006       1.61312211    
   1.21400011       1.60620797    
   1.21500003       1.59933209    
   1.21600008       1.59249413    
   1.21700001       1.58569181    
   1.21800005       1.57892561    
   1.21900010       1.57219636    
   1.22000003       1.56550455    
   1.22100008       1.55884707    
   1.22200000       1.55223036    
   1.22300005       1.54565370    
   1.22400010       1.53910887    
   1.22500002       1.53260612    
   1.22600007       1.52614248    
   1.22700012       1.51971424    
   1.22800004       1.51332569    
   1.22900009       1.50697327    
   1.23000002       1.50065982    
   1.23100007       1.49438846    
   1.23200011       1.48815167    
   1.23300004       1.48195541    
   1.23400009       1.47579682    
   1.23500001       1.46967566    
   1.23600006       1.46359503    
   1.23700011       1.45755243    
   1.23800004       1.45154750    
   1.23900008       1.44558394    
   1.24000001       1.43965662    
   1.24100006       1.43376958    
   1.24200010       1.42791975    
   1.24300003       1.42210853    
   1.24400008       1.41633511    
   1.24500000       1.41060221    
   1.24600005       1.40490508    
   1.24700010       1.39924967    
   1.24800003       1.39362979    
   1.24900007       1.38804984    
   1.25000000       1.38250589    
   1.25100005       1.37700284    
   1.25200009       1.37153494    
   1.25300002       1.36610651    
   1.25400007       1.36071479    
   1.25500011       1.35536158    
   1.25600004       1.35004711    
   1.25700009       1.34476900    
   1.25800002       1.33952749    
   1.25900006       1.33432508    
   1.26000011       1.32915783    
   1.26100004       1.32402873    
   1.26200008       1.31893456    
   1.26300001       1.31388187    
   1.26400006       1.30886161    
   1.26500010       1.30387962    
   1.26600003       1.29893386    
   1.26700008       1.29402411    
   1.26800001       1.28915024    
   1.26900005       1.28431380    
   1.27000010       1.27950990    
   1.27100003       1.27474570    
   1.27200007       1.27001274    
   1.27300000       1.26532006    
   1.27400005       1.26065755    
   1.27500010       1.25603497    
   1.27600002       1.25144327    
   1.27700007       1.24688888    
   1.27800012       1.24236739    
   1.27900004       1.23788249    
   1.28000009       1.23342896    
   1.28100002       1.22901237    
   1.28200006       1.22462714    
   1.28300011       1.22027838    
   1.28400004       1.21596181    
   1.28500009       1.21168017    
   1.28600001       1.20742893    
   1.28700006       1.20321250    
   1.28800011       1.19902754    
   1.28900003       1.19487870    
   1.29000008       1.19075811    
   1.29100001       1.18667269    
   1.29200006       1.18261850    
   1.29300010       1.17859852    
   1.29400003       1.17460656    
   1.29500008       1.17065036    
   1.29600000       1.16672134    
   1.29700005       1.16282666    
   1.29800010       1.15896130    
   1.29900002       1.15513074    
   1.30000007       1.15132535    
   1.30100012       1.14755487    
   1.30200005       1.14381242    
   1.30300009       1.14010334    
   1.30400002       1.13642013    
   1.30500007       1.13276982    
   1.30600011       1.12914705    
   1.30700004       1.12555790    
   1.30800009       1.12199223    
   1.30900002       1.11846209    
   1.31000006       1.11495519    
   1.31100011       1.11148202    
   1.31200004       1.10803306    
   1.31300008       1.10461533    
   1.31400001       1.10122395    
   1.31500006       1.09786296    
   1.31600010       1.09452808    
   1.31700003       1.09122407    
   1.31800008       1.08794343    
   1.31900001       1.08469355    
   1.32000005       1.08146679    
   1.32100010       1.07827115    
   1.32200003       1.07510054    
   1.32300007       1.07195795    
   1.32400012       1.06884027    
   1.32500005       1.06575036    
   1.32600009       1.06268442    
   1.32700002       1.05964911    
   1.32800007       1.05663407    
   1.32900012       1.05364823    
   1.33000004       1.05068541    
   1.33100009       1.04775190    
   1.33200002       1.04483998    
   1.33300006       1.04195631    
   1.33400011       1.03909254    
   1.33500004       1.03625751    
   1.33600008       1.03344417    
   1.33700001       1.03065920    
   1.33800006       1.02789414    
   1.33900011       1.02515650    
   1.34000003       1.02243912    
   1.34100008       1.01975048    
   1.34200001       1.01707935    
   1.34300005       1.01443756    
   1.34400010       1.01181304    
   1.34500003       1.00921762    
   1.34600008       1.00663936    
   1.34700012       1.00408864    
   1.34800005       1.00155699    
   1.34900010      0.999050856    
   1.35000002      0.996562541    
   1.35100007      0.994100630    
   1.35200012      0.991657674    
   1.35300004      0.989239633    
   1.35400009      0.986839771    
   1.35500002      0.984464586    
   1.35600007      0.982108057    
   1.35700011      0.979775846    
   1.35800004      0.977461219    
   1.35900009      0.975171328    
   1.36000001      0.972897887    
   1.36100006      0.970649242    
   1.36200011      0.968417943    
   1.36300004      0.966210485    
   1.36400008      0.964018703    
   1.36500001      0.961850882    
   1.36600006      0.959699452    
   1.36700010      0.957571805    
   1.36800003      0.955459952    
   1.36900008      0.953370392    
   1.37000012      0.951297700    
   1.37100005      0.949248075    
   1.37200010      0.947212517    
   1.37300003      0.945200443    
   1.37400007      0.943202794    
   1.37500012      0.941227913    
   1.37600005      0.939268291    
   1.37700009      0.937330306    
   1.37800002      0.935408056    
   1.37900007      0.933506608    
   1.38000011      0.931620121    
   1.38100004      0.929755211    
   1.38200009      0.927903056    
   1.38300002      0.926074803    
   1.38400006      0.924257159    
   1.38500011      0.922461987    
   1.38600004      0.920681298    
   1.38700008      0.918922067    
   1.38800001      0.917173803    
   1.38900006      0.915447116    
   1.39000010      0.913734078    
   1.39100003      0.912041724    
   1.39200008      0.910362005    
   1.39300001      0.908701897    
   1.39400005      0.907054186    
   1.39500010      0.905427575    
   1.39600003      0.903811932    
   1.39700007      0.902216971    
   1.39800012      0.900634289    
   1.39900005      0.899069607    
   1.40000010      0.897518277    
   1.40100002      0.895986736    
   1.40200007      0.894465923    
   1.40300012      0.892965078    
   1.40400004      0.891474247    
   1.40500009      0.890002549    
   1.40600002      0.888542771    
   1.40700006      0.887101173    
   1.40800011      0.885671020    
   1.40900004      0.884259582    
   1.41000009      0.882858217    
   1.41100001      0.881476641    
   1.41200006      0.880104363    
   1.41300011      0.878750622    
   1.41400003      0.877406001    
   1.41500008      0.876080573    
   1.41600001      0.874765515    
   1.41700006      0.873466372    
   1.41800010      0.872179151    
   1.41900003      0.870908201    
   1.42000008      0.869648576    
   1.42100012      0.868404806    
   1.42200005      0.867171466    
   1.42300010      0.865956068    
   1.42400002      0.864748478    
   1.42500007      0.863558769    
   1.42600012      0.862377048    
   1.42700005      0.861212254    
   1.42800009      0.860057175    
   1.42900002      0.858920276    
   1.43000007      0.857789457    
   1.43100011      0.856676102    
   1.43200004      0.855571866    
   1.43300009      0.854483247    
   1.43400002      0.853403747    
   1.43500006      0.852340937    
   1.43600011      0.851284802    
   1.43700004      0.850246549    
   1.43800008      0.849214435    
   1.43900001      0.848199487    
   1.44000006      0.847192049    
   1.44100010      0.846199036    
   1.44200003      0.845215976    
   1.44300008      0.844247043    
   1.44400012      0.843285978    
   1.44500005      0.842340827    
   1.44600010      0.841403127    
   1.44700003      0.840479612    
   1.44800007      0.839563847    
   1.44900012      0.838663101    
   1.45000005      0.837769747    
   1.45100009      0.836892068    
   1.45200002      0.836020648    
   1.45300007      0.835163951    
   1.45400012      0.834313631    
   1.45500004      0.833478093    
   1.45600009      0.832649112    
   1.45700002      0.831834912    
   1.45800006      0.831027627    
   1.45900011      0.830233812    
   1.46000004      0.829447985    
   1.46100008      0.828674376    
   1.46200001      0.827908456    
   1.46300006      0.827155888    
   1.46400011      0.826409876    
   1.46500003      0.825678170    
   1.46600008      0.824951291    
   1.46700013      0.824238598    
   1.46800005      0.823532283    
   1.46900010      0.822838843    
   1.47000003      0.822152615    
   1.47100008      0.821478307    
   1.47200012      0.820811212    
   1.47300005      0.820156574    
   1.47400010      0.819506764    
   1.47500002      0.818871260    
   1.47600007      0.818240762    
   1.47700012      0.817622244    
   1.47800004      0.817011297    
   1.47900009      0.816412151    
   1.48000002      0.815817595    
   1.48100007      0.815236270    
   1.48200011      0.814660490    
   1.48300004      0.814098001    
   1.48400009      0.813539684    
   1.48500001      0.812993348    
   1.48600006      0.812452495    
   1.48700011      0.811924160    
   1.48800004      0.811401367    
   1.48900008      0.810889959    
   1.49000013      0.810382903    
   1.49100006      0.809888482    
   1.49200010      0.809398830    
   1.49300003      0.808920979    
   1.49400008      0.808448195    
   1.49500012      0.807987571    
   1.49600005      0.807531238    
   1.49700010      0.807085335    
   1.49800003      0.806645036    
   1.49900007      0.806216538    
   1.50000012      0.805791378    
   1.50100005      0.805379152    
   1.50200009      0.804969728    
   1.50300002      0.804572999    
   1.50400007      0.804179370    
   1.50500011      0.803797543    
   1.50600004      0.803420007    
   1.50700009      0.803053021    
   1.50800002      0.802691340    
   1.50900006      0.802339613    
   1.51000011      0.801991403    
   1.51100004      0.801655233    
   1.51200008      0.801322341    
   1.51300013      0.801000118    
   1.51400006      0.800682783    
   1.51500010      0.800374389    
   1.51600003      0.800071537    
   1.51700008      0.799778461    
   1.51800013      0.799488664    
   1.51900005      0.799210668    
   1.52000010      0.798934639    
   1.52100003      0.798670471    
   1.52200007      0.798408866    
   1.52300012      0.798157275    
   1.52400005      0.797910452    
   1.52500010      0.797672927    
   1.52600002      0.797438502    
   1.52700007      0.797214508    
   1.52800012      0.796994507    
   1.52900004      0.796784580    
   1.53000009      0.796576858    
   1.53100002      0.796379149    
   1.53200006      0.796185076    
   1.53300011      0.796001375    
   1.53400004      0.795820057    
   1.53500009      0.795648456    
   1.53600001      0.795480430    
   1.53700006      0.795321524    
   1.53800011      0.795165658    
   1.53900003      0.795020223    
   1.54000008      0.794876814    
   1.54100013      0.794743299    
   1.54200006      0.794612467    
   1.54300010      0.794490755    
   1.54400003      0.794372797    
   1.54500008      0.794263721    
   1.54600012      0.794157088    
   1.54700005      0.794059157    
   1.54800010      0.793964982    
   1.54900002      0.793880165    
   1.55000007      0.793796897    
   1.55100012      0.793723166    
   1.55200005      0.793652892    
   1.55300009      0.793590009    
   1.55400002      0.793530881    
   1.55500007      0.793480575    
   1.55600011      0.793432772    
   1.55700004      0.793393254    
   1.55800009      0.793356001    
   1.55900002      0.793327987    
   1.56000006      0.793302357    
   1.56100011      0.793285310    
   1.56200004      0.793271363    
   1.56300008      0.793264747    
   1.56400013      0.793260872    
   1.56500006      0.793265998    
   1.56600010      0.793272614    
   1.56700003      0.793289185    
   1.56800008      0.793306291    
   1.56900012      0.793332040    
   1.57000005      0.793361187    
   1.57100010      0.793396771    
   1.57200003      0.793436408    
   1.57300007      0.793483436    
   1.57400012      0.793531954    
   1.57500005      0.793589354    
   1.57600009      0.793648362    
   1.57700002      0.793716311    
   1.57800007      0.793785691    
   1.57900012      0.793862283    
   1.58000004      0.793942809    
   1.58100009      0.794029236    
   1.58200002      0.794118226    
   1.58300006      0.794215620    
   1.58400011      0.794315815    
   1.58500004      0.794421494    
   1.58600008      0.794530690    
   1.58700013      0.794646561    
   1.58800006      0.794765532    
   1.58900011      0.794892073    
   1.59000003      0.795020044    
   1.59100008      0.795154631    
   1.59200013      0.795292020    
   1.59300005      0.795436740    
   1.59400010      0.795583129    
   1.59500003      0.795736969    
   1.59600008      0.795893729    
   1.59700012      0.796055496    
   1.59800005      0.796220660    
   1.59900010      0.796392441    
   1.60000002      0.796567261    
   1.60100007      0.796747327    
   1.60200012      0.796930313    
   1.60300004      0.797119915    
   1.60400009      0.797312617    
   1.60500002      0.797510505    
   1.60600007      0.797711134    
   1.60700011      0.797918200    
   1.60800004      0.798127115    
   1.60900009      0.798342645    
   1.61000013      0.798560619    
   1.61100006      0.798785388    
   1.61200011      0.799011767    
   1.61300004      0.799243569    
   1.61400008      0.799478352    
   1.61500013      0.799719214    
   1.61600006      0.799962997    
   1.61700010      0.800212204    
   1.61800003      0.800462902    
   1.61900008      0.800719976    
   1.62000012      0.800979793    
   1.62100005      0.801244617    
   1.62200010      0.801513076    
   1.62300003      0.801785886    
   1.62400007      0.802061498    
   1.62500012      0.802342594    
   1.62600005      0.802626133    
   1.62700009      0.802915931    
   1.62800002      0.803207219    
   1.62900007      0.803503752    
   1.63000011      0.803802788    
   1.63100004      0.804108322    
   1.63200009      0.804415226    
   1.63300014      0.804726958    
   1.63400006      0.805041254    
   1.63500011      0.805361271    
   1.63600004      0.805684447    
   1.63700008      0.806010902    
   1.63800013      0.806341171    
   1.63900006      0.806675434    
   1.64000010      0.807012916    
   1.64100003      0.807354808    
   1.64200008      0.807700217    
   1.64300013      0.808048725    
   1.64400005      0.808401287    
   1.64500010      0.808757663    
   1.64600003      0.809116662    
   1.64700007      0.809481084    
   1.64800012      0.809846938    
   1.64900005      0.810217679    
   1.65000010      0.810591578    
   1.65100002      0.810970068    
   1.65200007      0.811350346    
   1.65300012      0.811734617    
   1.65400004      0.812122464    
   1.65500009      0.812514961    
   1.65600014      0.812908769    
   1.65700006      0.813307703    
   1.65800011      0.813709974    
   1.65900004      0.814115345    
   1.66000009      0.814523816    
   1.66100013      0.814935207    
   1.66200006      0.815350473    
   1.66300011      0.815770388    
   1.66400003      0.816191673    
   1.66500008      0.816617489    
   1.66600013      0.817045033    
   1.66700006      0.817478001    
   1.66800010      0.817912698    
   1.66900003      0.818351924    
   1.67000008      0.818792760    
   1.67100012      0.819239438    
   1.67200005      0.819687486    
   1.67300010      0.820139766    
   1.67400002      0.820593953    
   1.67500007      0.821052372    
   1.67600012      0.821511745    
   1.67700005      0.821976960    
   1.67800009      0.822444558    
   1.67900014      0.822914481    
   1.68000007      0.823388755    
   1.68100011      0.823865652    
   1.68200004      0.824344993    
   1.68300009      0.824828565    
   1.68400013      0.825314164    
   1.68500006      0.825804293    
   1.68600011      0.826295614    
   1.68700004      0.826791406    
   1.68800008      0.827291369    
   1.68900013      0.827792466    
   1.69000006      0.828295469    
   1.69100010      0.828804851    
   1.69200003      0.829313457    
   1.69300008      0.829828262    
   1.69400012      0.830344915    
   1.69500005      0.830862761    
   1.69600010      0.831384718    
   1.69700003      0.831911087    
   1.69800007      0.832438707    
   1.69900012      0.832970500    
   1.70000005      0.833503485    
   1.70100009      0.834040642    
   1.70200002      0.834582150    
   1.70300007      0.835125089    
   1.70400012      0.835668683    
   1.70500004      0.836217880    
   1.70600009      0.836768866    
   1.70700014      0.837323427    
   1.70800006      0.837879837    
   1.70900011      0.838441730    
   1.71000004      0.839003026    
   1.71100008      0.839568377    
   1.71200013      0.840136468    
   1.71300006      0.840708911    
   1.71400011      0.841282189    
   1.71500003      0.841857791    
   1.71600008      0.842438102    
   1.71700013      0.843019009    
   1.71800005      0.843604982    
   1.71900010      0.844192982    
   1.72000003      0.844781816    
   1.72100008      0.845374942    
   1.72200012      0.845971763    
   1.72300005      0.846570551    
   1.72400010      0.847169578    
   1.72500002      0.847776353    
   1.72600007      0.848380506    
   1.72700012      0.848992229    
   1.72800004      0.849601448    
   1.72900009      0.850218356    
   1.73000014      0.850832522    
   1.73100007      0.851454496    
   1.73200011      0.852075338    
   1.73300004      0.852700710    
   1.73400009      0.853327870    
   1.73500013      0.853960097    
   1.73600006      0.854589522    
   1.73700011      0.855226219    
   1.73800004      0.855863571    
   1.73900008      0.856505632    
   1.74000013      0.857147336    
   1.74100006      0.857794821    
   1.74200010      0.858441293    
   1.74300003      0.859093904    
   1.74400008      0.859745085    
   1.74500012      0.860402822    
   1.74600005      0.861058950    
   1.74700010      0.861721396    
   1.74800003      0.862382054    
   1.74900007      0.863050342    
   1.75000012      0.863716185    
   1.75100005      0.864388645    
   1.75200009      0.865060329    
   1.75300014      0.865737617    
   1.75400007      0.866413951    
   1.75500011      0.867096126    
   1.75600004      0.867777765    
   1.75700009      0.868465126    
   1.75800014      0.869151473    
   1.75900006      0.869843483    
   1.76000011      0.870534539    
   1.76100004      0.871231019    
   1.76200008      0.871927559    
   1.76300013      0.872629464    
   1.76400006      0.873330355    
   1.76500010      0.874036312    
   1.76600003      0.874742866    
   1.76700008      0.875453711    
   1.76800013      0.876164436    
   1.76900005      0.876880586    
   1.77000010      0.877595782    
   1.77100003      0.878316820    
   1.77200007      0.879036725    
   1.77300012      0.879762352    
   1.77400005      0.880487084    
   1.77500010      0.881217182    
   1.77600014      0.881947100    
   1.77700007      0.882681251    
   1.77800012      0.883415818    
   1.77900004      0.884155095    
   1.78000009      0.884894133    
   1.78100014      0.885638475    
   1.78200006      0.886382163    
   1.78300011      0.887130201    
   1.78400004      0.887878776    
   1.78500009      0.888632357    
   1.78600013      0.889385164    
   1.78700006      0.890142381    
   1.78800011      0.890900135    
   1.78900003      0.891662776    
   1.79000008      0.892424762    
   1.79100013      0.893191576    
   1.79200006      0.893958271    
   1.79300010      0.894729197    
   1.79400003      0.895500779    
   1.79500008      0.896276712    
   1.79600012      0.897052288    
   1.79700005      0.897833228    
   1.79800010      0.898613155    
   1.79900014      0.899398148    
   1.80000007      0.900182962    
   1.80100012      0.900971949    
   1.80200005      0.901761532    
   1.80300009      0.902554870    
   1.80400014      0.903348863    
   1.80500007      0.904146612    
   1.80600011      0.904945254    
   1.80700004      0.905747235    
   1.80800009      0.906550407    
   1.80900013      0.907356799    
   1.81000006      0.908164501    
   1.81100011      0.908975422    
   1.81200004      0.909787357    
   1.81300008      0.910602689    
   1.81400013      0.911418915    
   1.81500006      0.912238896    
   1.81600010      0.913059294    
   1.81700003      0.913883984    
   1.81800008      0.914708197    
   1.81900012      0.915537357    
   1.82000005      0.916365862    
   1.82100010      0.917199314    
   1.82200015      0.918032467    
   1.82300007      0.918869793    
   1.82400012      0.919707656    
   1.82500005      0.920549214    
   1.82600009      0.921391487    
   1.82700014      0.922237635    
   1.82800007      0.923083663    
   1.82900012      0.923934162    
   1.83000004      0.924784899    
   1.83100009      0.925638855    
   1.83200014      0.926494360    
   1.83300006      0.927353382    
   1.83400011      0.928212464    
   1.83500004      0.929075360    
   1.83600008      0.929939032    
   1.83700013      0.930806458    
   1.83800006      0.931674123    
   1.83900011      0.932545722    
   1.84000003      0.933417797    
   1.84100008      0.934293926    
   1.84200013      0.935170054    
   1.84300005      0.936049640    
   1.84400010      0.936930478    
   1.84500003      0.937814951    
   1.84600008      0.938699663    
   1.84700012      0.939588189    
   1.84800005      0.940477252    
   1.84900010      0.941369414    
   1.85000014      0.942263126    
   1.85100007      0.943159521    
   1.85200012      0.944057226    
   1.85300004      0.944958210    
   1.85400009      0.945859849    
   1.85500014      0.946765065    
   1.85600007      0.947670877    
   1.85700011      0.948580265    
   1.85800004      0.949490368    
   1.85900009      0.950403750    
   1.86000013      0.951318324    
   1.86100006      0.952235639    
   1.86200011      0.953154445    
   1.86300004      0.954076350    
   1.86400008      0.954998612    
   1.86500013      0.955924690    
   1.86600006      0.956851125    
   1.86700010      0.957781076    
   1.86800003      0.958712220    
   1.86900008      0.959646583    
   1.87000012      0.960581005    
   1.87100005      0.961519241    
   1.87200010      0.962458551    
   1.87300014      0.963400781    
   1.87400007      0.964343965    
   1.87500012      0.965290546    
   1.87600005      0.966237605    
   1.87700009      0.967188120    
   1.87800014      0.968139410    
   1.87900007      0.969093859    
   1.88000011      0.970049202    
   1.88100004      0.971007824    
   1.88200009      0.971967220    
   1.88300014      0.972929716    
   1.88400006      0.973893106    
   1.88500011      0.974859715    
   1.88600004      0.975827157    
   1.88700008      0.976797462    
   1.88800013      0.977768838    
   1.88900006      0.978743315    
   1.89000010      0.979718566    
   1.89100003      0.980696976    
   1.89200008      0.981676102    
   1.89300013      0.982658327    
   1.89400005      0.983641326    
   1.89500010      0.984627366    
   1.89600015      0.985614061    
   1.89700007      0.986604035    
   1.89800012      0.987594664    
   1.89900005      0.988588154    
   1.90000010      0.989582658    
   1.90100014      0.990580022    
   1.90200007      0.991578102    
   1.90300012      0.992579043    
   1.90400004      0.993580759    
   1.90500009      0.994585335    
   1.90600014      0.995590746    
   1.90700006      0.996599019    
   1.90800011      0.997607708    
   1.90900004      0.998619437    
   1.91000009      0.999631643    
   1.91100013       1.00064683    
   1.91200006       1.00166249    
   1.91300011       1.00268090    
   1.91400003       1.00369990    
   1.91500008       1.00472164    
   1.91600013       1.00574374    
   1.91700006       1.00676870    
   1.91800010       1.00779402    
   1.91900015       1.00882196    
   1.92000008       1.00985038    
   1.92100012       1.01088130    
   1.92200005       1.01191282    
   1.92300010       1.01294661    
   1.92400014       1.01398075    
   1.92500007       1.01501727    
   1.92600012       1.01605415    
   1.92700005       1.01709330    
   1.92800009       1.01813269    
   1.92900014       1.01917446    
   1.93000007       1.02021635    
   1.93100011       1.02126038    
   1.93200004       1.02230465    
   1.93300009       1.02335083    
   1.93400013       1.02439713    
   1.93500006       1.02544546    
   1.93600011       1.02649391    
   1.93700004       1.02754402    
   1.93800008       1.02859414    
   1.93900013       1.02964592    
   1.94000006       1.03069782    
   1.94100010       1.03175116    
   1.94200015       1.03280449    
   1.94300008       1.03385913    
   1.94400012       1.03491366    
   1.94500005       1.03596950    
   1.94600010       1.03702497    
   1.94700015       1.03808153    
   1.94800007       1.03913796    
   1.94900012       1.04019547    
   1.95000005       1.04125237    
   1.95100009       1.04231012    
   1.95200014       1.04336739    
   1.95300007       1.04442537    
   1.95400012       1.04548275    
   1.95500004       1.04654074    
   1.95600009       1.04759777    
   1.95700014       1.04865539    
   1.95800006       1.04971218    
   1.95900011       1.05076933    
   1.96000004       1.05182517    
   1.96100008       1.05288136    
   1.96200013       1.05393624    
   1.96300006       1.05499125    
   1.96400011       1.05604482    
   1.96500015       1.05709839    
   1.96600008       1.05815029    
   1.96700013       1.05920208    
   1.96800005       1.06025207    
   1.96900010       1.06130159    
   1.97000015       1.06234932    
   1.97100008       1.06339633    
   1.97200012       1.06444144    
   1.97300005       1.06548572    
   1.97400010       1.06652784    
   1.97500014       1.06756890    
   1.97600007       1.06860769    
   1.97700012       1.06964517    
   1.97800004       1.07068038    
   1.97900009       1.07171392    
   1.98000014       1.07274497    
   1.98100007       1.07377434    
   1.98200011       1.07480085    
   1.98300004       1.07582557    
   1.98400009       1.07684731    
   1.98500013       1.07786691    
   1.98600006       1.07888341    
   1.98700011       1.07989752    
   1.98800004       1.08090842    
   1.98900008       1.08191669    
   1.99000013       1.08292150    
   1.99100006       1.08392346    
   1.99200010       1.08492184    
   1.99300015       1.08591712    
   1.99400008       1.08690858    
   1.99500012       1.08789682    
   1.99600005       1.08888090    
   1.99700010       1.08986163    
   1.99800014       1.09083819    
   1.99900007       1.09181082    
   2.00000000       1.09277916    
   2.00100017       1.09374356    
   2.00200009       1.09470332    
   2.00300002       1.09565866    
   2.00400019       1.09660947    
   2.00500011       1.09755564    
   2.00600004       1.09849703    
   2.00700021       1.09943342    
   2.00800014       1.10036480    
   2.00900006       1.10129142    
   2.00999999       1.10221231    
   2.01100016       1.10312831    
   2.01200008       1.10403860    
   2.01300001       1.10494363    
   2.01400018       1.10584271    
   2.01500010       1.10673618    
   2.01600003       1.10762382    
   2.01700020       1.10850537    
   2.01800013       1.10938096    
   2.01900005       1.11025035    
   2.01999998       1.11111343    
   2.02100015       1.11197007    
   2.02200007       1.11282015    
   2.02300000       1.11366403    
   2.02400017       1.11450076    
   2.02500010       1.11533082    
   2.02600002       1.11615407    
   2.02700019       1.11697018    
   2.02800012       1.11777914    
   2.02900004       1.11858118    
   2.03000021       1.11937559    
   2.03100014       1.12016284    
   2.03200006       1.12094247    
   2.03299999       1.12171447    
   2.03400016       1.12247872    
   2.03500009       1.12323546    
   2.03600001       1.12398398    
   2.03700018       1.12472498    
   2.03800011       1.12545753    
   2.03900003       1.12618208    
   2.04000020       1.12689829    
   2.04100013       1.12760639    
   2.04200006       1.12830591    
   2.04299998       1.12899697    
   2.04400015       1.12967932    
   2.04500008       1.13035333    
   2.04600000       1.13101840    
   2.04700017       1.13167477    
   2.04800010       1.13232207    
   2.04900002       1.13296056    
   2.05000019       1.13358986    
   2.05100012       1.13421023    
   2.05200005       1.13482118    
   2.05300021       1.13542306    
   2.05400014       1.13601553    
   2.05500007       1.13659883    
   2.05599999       1.13717234    
   2.05700016       1.13773644    
   2.05800009       1.13829088    
   2.05900002       1.13883591    
   2.06000018       1.13937104    
   2.06100011       1.13989651    
   2.06200004       1.14041197    
   2.06300020       1.14091778    
   2.06400013       1.14141357    
   2.06500006       1.14189947    
   2.06599998       1.14237523    
   2.06700015       1.14284098    
   2.06800008       1.14329672    
   2.06900001       1.14374220    
   2.07000017       1.14417744    
   2.07100010       1.14460254    
   2.07200003       1.14501715    
   2.07300019       1.14542186    
   2.07400012       1.14581585    
   2.07500005       1.14619970    
   2.07600021       1.14657283    
   2.07700014       1.14693594    
   2.07800007       1.14728844    
   2.07900000       1.14763045    
   2.08000016       1.14796185    
   2.08100009       1.14828265    
   2.08200002       1.14859319    
   2.08300018       1.14889288    
   2.08400011       1.14918220    
   2.08500004       1.14946079    
   2.08600020       1.14972866    
   2.08700013       1.14998615    
   2.08800006       1.15023303    
   2.08899999       1.15046895    
   2.09000015       1.15069437    
   2.09100008       1.15090919    
   2.09200001       1.15111351    
   2.09300017       1.15130699    
   2.09400010       1.15148973    
   2.09500003       1.15166211    
   2.09600019       1.15182376    
   2.09700012       1.15197456    
   2.09800005       1.15211487    
   2.09900022       1.15224469    
   2.10000014       1.15236366    
   2.10100007       1.15247226    
   2.10200000       1.15257037    
   2.10300016       1.15265763    
   2.10400009       1.15273464    
   2.10500002       1.15280092    
   2.10600019       1.15285659    
   2.10700011       1.15290213    
   2.10800004       1.15293717    
   2.10900021       1.15296149    
   2.11000013       1.15297568    
   2.11100006       1.15297925    
   2.11199999       1.15297306    
   2.11300015       1.15295589    
   2.11400008       1.15292883    
   2.11500001       1.15289140    
   2.11600018       1.15284395    
   2.11700010       1.15278637    
   2.11800003       1.15271854    
   2.11900020       1.15264070    
   2.12000012       1.15255260    
   2.12100005       1.15245473    
   2.12200022       1.15234697    
   2.12300014       1.15222931    
   2.12400007       1.15210176    
   2.12500000       1.15196419    
   2.12600017       1.15181732    
   2.12700009       1.15166044    
   2.12800002       1.15149403    
   2.12900019       1.15131795    
   2.13000011       1.15113211    
   2.13100004       1.15093696    
   2.13200021       1.15073252    
   2.13300014       1.15051866    
   2.13400006       1.15029562    
   2.13499999       1.15006316    
   2.13600016       1.14982152    
   2.13700008       1.14957082    
   2.13800001       1.14931107    
   2.13900018       1.14904249    
   2.14000010       1.14876449    
   2.14100003       1.14847803    
   2.14200020       1.14818263    
   2.14300013       1.14787829    
   2.14400005       1.14756548    
   2.14500022       1.14724410    
   2.14600015       1.14691424    
   2.14700007       1.14657581    
   2.14800000       1.14622927    
   2.14900017       1.14587402    
   2.15000010       1.14551091    
   2.15100002       1.14513946    
   2.15200019       1.14475989    
   2.15300012       1.14437222    
   2.15400004       1.14397693    
   2.15500021       1.14357352    
   2.15600014       1.14316249    
   2.15700006       1.14274359    
   2.15799999       1.14231718    
   2.15900016       1.14188302    
   2.16000009       1.14144146    
   2.16100001       1.14099252    
   2.16200018       1.14053631    
   2.16300011       1.14007235    
   2.16400003       1.13960242    
   2.16500020       1.13912416    
   2.16600013       1.13863969    
   2.16700006       1.13814795    
   2.16800022       1.13764977    
   2.16900015       1.13714433    
   2.17000008       1.13663256    
   2.17100000       1.13611412    
   2.17200017       1.13558924    
   2.17300010       1.13505781    
   2.17400002       1.13452017    
   2.17500019       1.13397586    
   2.17600012       1.13342595    
   2.17700005       1.13286960    
   2.17800021       1.13230753    
   2.17900014       1.13173914    
   2.18000007       1.13116550    
   2.18099999       1.13058543    
   2.18200016       1.13000023    
   2.18300009       1.12940907    
   2.18400002       1.12881279    
   2.18500018       1.12821066    
   2.18600011       1.12760377    
   2.18700004       1.12699115    
   2.18800020       1.12637353    
   2.18900013       1.12575078    
   2.19000006       1.12512314    
   2.19100022       1.12449038    
   2.19200015       1.12385309    
   2.19300008       1.12321079    
   2.19400001       1.12256396    
   2.19500017       1.12191260    
   2.19600010       1.12125671    
   2.19700003       1.12059653    
   2.19800019       1.11993194    
   2.19900012       1.11926270    
   2.20000005       1.11859000    
   2.20100021       1.11791265    
   2.20200014       1.11723161    
   2.20300007       1.11654651    
   2.20400000       1.11585784    
   2.20500016       1.11516523    
   2.20600009       1.11446893    
   2.20700002       1.11376894    
   2.20800018       1.11306584    
   2.20900011       1.11235881    
   2.21000004       1.11164904    
   2.21100020       1.11093545    
   2.21200013       1.11021900    
   2.21300006       1.10949922    
   2.21399999       1.10877657    
   2.21500015       1.10805082    
   2.21600008       1.10732234    
   2.21700001       1.10659099    
   2.21800017       1.10585725    
   2.21900010       1.10512054    
   2.22000003       1.10438132    
   2.22100019       1.10363948    
   2.22200012       1.10289550    
   2.22300005       1.10214889    
   2.22400022       1.10140026    
   2.22500014       1.10064936    
   2.22600007       1.09989643    
   2.22700000       1.09914136    
   2.22800016       1.09838450    
   2.22900009       1.09762549    
   2.23000002       1.09686482    
   2.23100019       1.09610236    
   2.23200011       1.09533823    
   2.23300004       1.09457254    
   2.23400021       1.09380531    
   2.23500013       1.09303653    
   2.23600006       1.09226644    
   2.23699999       1.09149492    
   2.23800015       1.09072244    
   2.23900008       1.08994842    
   2.24000001       1.08917356    
   2.24100018       1.08839750    
   2.24200010       1.08762038    
   2.24300003       1.08684254    
   2.24400020       1.08606362    
   2.24500012       1.08528399    
   2.24600005       1.08450389    
   2.24700022       1.08372271    
   2.24800014       1.08294117    
   2.24900007       1.08215892    
   2.25000000       1.08137655    
   2.25100017       1.08059347    
   2.25200009       1.07981014    
   2.25300002       1.07902634    
   2.25400019       1.07824266    
   2.25500011       1.07745850    
   2.25600004       1.07667458    
   2.25700021       1.07589018    
   2.25800014       1.07510614    
   2.25900006       1.07432175    
   2.25999999       1.07353795    
   2.26100016       1.07275391    
   2.26200008       1.07197046    
   2.26300001       1.07118702    
   2.26400018       1.07040417    
   2.26500010       1.06962144    
   2.26600003       1.06883931    
   2.26700020       1.06805754    
   2.26800013       1.06727672    
   2.26900005       1.06649601    
   2.27000022       1.06571639    
   2.27100015       1.06493711    
   2.27200007       1.06415892    
   2.27300000       1.06338108    
   2.27400017       1.06260467    
   2.27500010       1.06182873    
   2.27600002       1.06105399    
   2.27700019       1.06027997    
   2.27800012       1.05950725    
   2.27900004       1.05873549    
   2.28000021       1.05796516    
   2.28100014       1.05719566    
   2.28200006       1.05642748    
   2.28299999       1.05566061    
   2.28400016       1.05489516    
   2.28500009       1.05413079    
   2.28600001       1.05336821    
   2.28700018       1.05260658    
   2.28800011       1.05184698    
   2.28900003       1.05108845    
   2.29000020       1.05033195    
   2.29100013       1.04957652    
   2.29200006       1.04882312    
   2.29300022       1.04807115    
   2.29400015       1.04732120    
   2.29500008       1.04657269    
   2.29600000       1.04582620    
   2.29700017       1.04508150    
   2.29800010       1.04433870    
   2.29900002       1.04359770    
   2.30000019       1.04285872    
   2.30100012       1.04212177    
   2.30200005       1.04138684    
   2.30300021       1.04065371    
   2.30400014       1.03992295    
   2.30500007       1.03919411    
   2.30599999       1.03846753    
   2.30700016       1.03774297    
   2.30800009       1.03702092    
   2.30900002       1.03630078    
   2.31000018       1.03558302    
   2.31100011       1.03486764    
   2.31200004       1.03415453    
   2.31300020       1.03344369    
   2.31400013       1.03273535    
   2.31500006       1.03202939    
   2.31600022       1.03132594    
   2.31700015       1.03062475    
   2.31800008       1.02992630    
   2.31900001       1.02923012    
   2.32000017       1.02853668    
   2.32100010       1.02784562    
   2.32200003       1.02715743    
   2.32300019       1.02647161    
   2.32400012       1.02578866    
   2.32500005       1.02510822    
   2.32600021       1.02443051    
   2.32700014       1.02375543    
   2.32800007       1.02308321    
   2.32900000       1.02241361    
   2.33000016       1.02174699    
   2.33100009       1.02108288    
   2.33200002       1.02042186    
   2.33300018       1.01976347    
   2.33400011       1.01910818    
   2.33500004       1.01845539    
   2.33600020       1.01780593    
   2.33700013       1.01715910    
   2.33800006       1.01651537    
   2.33900023       1.01587439    
   2.34000015       1.01523650    
   2.34100008       1.01460159    
   2.34200001       1.01396966    
   2.34300017       1.01334071    
   2.34400010       1.01271486    
   2.34500003       1.01209188    
   2.34600019       1.01147223    
   2.34700012       1.01085556    
   2.34800005       1.01024199    
   2.34900022       1.00963140    
   2.35000014       1.00902414    
   2.35100007       1.00841975    
   2.35200000       1.00781870    
   2.35300016       1.00722086    
   2.35400009       1.00662601    
   2.35500002       1.00603437    
   2.35600019       1.00544620    
   2.35700011       1.00486088    
   2.35800004       1.00427890    
   2.35900021       1.00370014    
   2.36000013       1.00312471    
   2.36100006       1.00255227    
   2.36200023       1.00198328    
   2.36300015       1.00141764    
   2.36400008       1.00085521    
   2.36500001       1.00029600    
   2.36600018      0.999740064    
   2.36700010      0.999187350    
   2.36800003      0.998638153    
   2.36900020      0.998092115    
   2.37000012      0.997549474    
   2.37100005      0.997010112    
   2.37200022      0.996474147    
   2.37300014      0.995941460    
   2.37400007      0.995412111    
   2.37500000      0.994886160    
   2.37600017      0.994363666    
   2.37700009      0.993844390    
   2.37800002      0.993328512    
   2.37900019      0.992815971    
   2.38000011      0.992306828    
   2.38100004      0.991801083    
   2.38200021      0.991298854    
   2.38300014      0.990799725    
   2.38400006      0.990304291    
   2.38500023      0.989812016    
   2.38600016      0.989323378    
   2.38700008      0.988837838    
   2.38800001      0.988355935    
   2.38900018      0.987877369    
   2.39000010      0.987402320    
   2.39100003      0.986930370    
   2.39200020      0.986462235    
   2.39300013      0.985997200    
   2.39400005      0.985535800    
   2.39500022      0.985077620    
   2.39600015      0.984623015    
   2.39700007      0.984171629    
   2.39800000      0.983723938    
   2.39900017      0.983279467    
   2.40000010      0.982838511    
   2.40100002      0.982400835    
   2.40200019      0.981966734    
   2.40300012      0.981535912    
   2.40400004      0.981108606    
   2.40500021      0.980684638    
   2.40600014      0.980264127    
   2.40700006      0.979847074    
   2.40800023      0.979433298    
   2.40900016      0.979023039    
   2.41000009      0.978616178    
   2.41100001      0.978212595    
   2.41200018      0.977812588    
   2.41300011      0.977415860    
   2.41400003      0.977022529    
   2.41500020      0.976632655    
   2.41600013      0.976246178    
   2.41700006      0.975862980    
   2.41800022      0.975483298    
   2.41900015      0.975106776    
   2.42000008      0.974733889    
   2.42100000      0.974364281    
   2.42200017      0.973998070    
   2.42300010      0.973635018    
   2.42400002      0.973275602    
   2.42500019      0.972919345    
   2.42600012      0.972566545    
   2.42700005      0.972217023    
   2.42800021      0.971870959    
   2.42900014      0.971528113    
   2.43000007      0.971188664    
   2.43100023      0.970852375    
   2.43200016      0.970519602    
   2.43300009      0.970189989    
   2.43400002      0.969863892    
   2.43500018      0.969540954    
   2.43600011      0.969221413    
   2.43700004      0.968904972    
   2.43800020      0.968592048    
   2.43900013      0.968282104    
   2.44000006      0.967975736    
   2.44100022      0.967672348    
   2.44200015      0.967372417    
   2.44300008      0.967075586    
   2.44400001      0.966782272    
   2.44500017      0.966491878    
   2.44600010      0.966205001    
   2.44700003      0.965921164    
   2.44800019      0.965640664    
   2.44900012      0.965363204    
   2.45000005      0.965089142    
   2.45100021      0.964818060    
   2.45200014      0.964550376    
   2.45300007      0.964285731    
   2.45400023      0.964024305    
   2.45500016      0.963766038    
   2.45600009      0.963510811    
   2.45700002      0.963258982    
   2.45800018      0.963010073    
   2.45900011      0.962764382    
   2.46000004      0.962521791    
   2.46100020      0.962282300    
   2.46200013      0.962046027    
   2.46300006      0.961812675    
   2.46400023      0.961582601    
   2.46500015      0.961355388    
   2.46600008      0.961131454    
   2.46700001      0.960910380    
   2.46800017      0.960692525    
   2.46900010      0.960477650    
   2.47000003      0.960265815    
   2.47100019      0.960057020    
   2.47200012      0.959851205    
   2.47300005      0.959648490    
   2.47400022      0.959448755    
   2.47500014      0.959251821    
   2.47600007      0.959058106    
   2.47700024      0.958867192    
   2.47800016      0.958679318    
   2.47900009      0.958494306    
   2.48000002      0.958312392    
   2.48100019      0.958133340    
   2.48200011      0.957957149    
   2.48300004      0.957783997    
   2.48400021      0.957613647    
   2.48500013      0.957446098    
   2.48600006      0.957281530    
   2.48700023      0.957119763    
   2.48800015      0.956961095    
   2.48900008      0.956805110    
   2.49000001      0.956651986    
   2.49100018      0.956501663    
   2.49200010      0.956354141    
   2.49300003      0.956209421    
   2.49400020      0.956067562    
   2.49500012      0.955928504    
   2.49600005      0.955792129    
   2.49700022      0.955658674    
   2.49800014      0.955527842    
   2.49900007      0.955399752    
   2.50000000      0.955274463    
   2.50100017      0.955151975    
   2.50200009      0.955032051    
   2.50300002      0.954914927    
   2.50400019      0.954800427    
   2.50500011      0.954688728    
   2.50600004      0.954579592    
   2.50700021      0.954473138    
   2.50800014      0.954369366    
   2.50900006      0.954268217    
   2.51000023      0.954169750    
   2.51100016      0.954073787    
   2.51200008      0.953980565    
   2.51300001      0.953889787    
   2.51400018      0.953801751    
   2.51500010      0.953716159    
   2.51600003      0.953633130    
   2.51700020      0.953552783    
   2.51800013      0.953474879    
   2.51900005      0.953399599    
   2.52000022      0.953326762    
   2.52100015      0.953256428    
   2.52200007      0.953188658    
   2.52300000      0.953123391    
   2.52400017      0.953060508    
   2.52500010      0.953000128    
   2.52600002      0.952942193    
   2.52700019      0.952886581    
   2.52800012      0.952833593    
   2.52900004      0.952782929    
   2.53000021      0.952734768    
   2.53100014      0.952688813    
   2.53200006      0.952645540    
   2.53300023      0.952604353    
   2.53400016      0.952565670    
   2.53500009      0.952529371    
   2.53600001      0.952495337    
   2.53700018      0.952463508    
   2.53800011      0.952434242    
   2.53900003      0.952407122    
   2.54000020      0.952382445    
   2.54100013      0.952359974    
   2.54200006      0.952339768    
   2.54300022      0.952321768    
   2.54400015      0.952306211    
   2.54500008      0.952292621    
   2.54600000      0.952281535    
   2.54700017      0.952272415    
   2.54800010      0.952265620    
   2.54900002      0.952260971    
   2.55000019      0.952258646    
   2.55100012      0.952258348    
   2.55200005      0.952260375    
   2.55300021      0.952264369    
   2.55400014      0.952270627    
   2.55500007      0.952278912    
   2.55600023      0.952289402    
   2.55700016      0.952301919    
   2.55800009      0.952316642    
   2.55900002      0.952333331    
   2.56000018      0.952352107    
   2.56100011      0.952372968    
   2.56200004      0.952395916    
   2.56300020      0.952420890    
   2.56400013      0.952447891    
   2.56500006      0.952476740    
   2.56600022      0.952507794    
   2.56700015      0.952540696    
   2.56800008      0.952575743    
   2.56900001      0.952612638    
   2.57000017      0.952651680    
   2.57100010      0.952692389    
   2.57200003      0.952735126    
   2.57300019      0.952779889    
   2.57400012      0.952826440    
   2.57500005      0.952875018    
   2.57600021      0.952925384    
   2.57700014      0.952977657    
   2.57800007      0.953031898    
   2.57900023      0.953087866    
   2.58000016      0.953145742    
   2.58100009      0.953205466    
   2.58200002      0.953266919    
   2.58300018      0.953330338    
   2.58400011      0.953395486    
   2.58500004      0.953462362    
   2.58600020      0.953531146    
   2.58700013      0.953601599    
   2.58800006      0.953673899    
   2.58900023      0.953747749    
   2.59000015      0.953823566    
   2.59100008      0.953900993    
   2.59200001      0.953980267    
   2.59300017      0.954061031    
   2.59400010      0.954143763    
   2.59500003      0.954227924    
   2.59600019      0.954313815    
   2.59700012      0.954401433    
   2.59800005      0.954490662    
   2.59900022      0.954581439    
   2.60000014      0.954674006    
   2.60100007      0.954768121    
   2.60200024      0.954863846    
   2.60300016      0.954961061    
   2.60400009      0.955060065    
   2.60500002      0.955160558    
   2.60600019      0.955262601    
   2.60700011      0.955366194    
   2.60800004      0.955471337    
   2.60900021      0.955578089    
   2.61000013      0.955686212    
   2.61100006      0.955795825    
   2.61200023      0.955907106    
   2.61300015      0.956019759    
   2.61400008      0.956134021    
   2.61500001      0.956249535    
   2.61600018      0.956366718    
   2.61700010      0.956485212    
   2.61800003      0.956605256    
   2.61900020      0.956726611    
   2.62000012      0.956849456    
   2.62100005      0.956973553    
   2.62200022      0.957099319    
   2.62300014      0.957226157    
   2.62400007      0.957354665    
   2.62500024      0.957484365    
   2.62600017      0.957615554    
   2.62700009      0.957747877    
   2.62800002      0.957881689    
   2.62900019      0.958016753    
   2.63000011      0.958153307    
   2.63100004      0.958290875    
   2.63200021      0.958429933    
   2.63300014      0.958570123    
   2.63400006      0.958711743    
   2.63500023      0.958854437    
   2.63600016      0.958998680    
   2.63700008      0.959143937    
   2.63800001      0.959290445    
   2.63900018      0.959438264    
   2.64000010      0.959587216    
   2.64100003      0.959737420    
   2.64200020      0.959888697    
   2.64300013      0.960041285    
   2.64400005      0.960194886    
   2.64500022      0.960349798    
   2.64600015      0.960505784    
   2.64700007      0.960663021    
   2.64800024      0.960821331    
   2.64900017      0.960980654    
   2.65000010      0.961141288    
   2.65100002      0.961302757    
   2.65200019      0.961465538    
   2.65300012      0.961629212    
   2.65400004      0.961794257    
   2.65500021      0.961960196    
   2.65600014      0.962127149    
   2.65700006      0.962295055    
   2.65800023      0.962464213    
   2.65900016      0.962634265    
   2.66000009      0.962805450    
   2.66100001      0.962977469    
   2.66200018      0.963150620    
   2.66300011      0.963324606    
   2.66400003      0.963499784    
   2.66500020      0.963675737    
   2.66600013      0.963852704    
   2.66700006      0.964030683    
   2.66800022      0.964209557    
   2.66900015      0.964389324    
   2.67000008      0.964570105    
   2.67100024      0.964751720    
   2.67200017      0.964934230    
   2.67300010      0.965117693    
   2.67400002      0.965301991    
   2.67500019      0.965487003    
   2.67600012      0.965673149    
   2.67700005      0.965860009    
   2.67800021      0.966047764    
   2.67900014      0.966236353    
   2.68000007      0.966425776    
   2.68100023      0.966615856    
   2.68200016      0.966807067    
   2.68300009      0.966998756    
   2.68400002      0.967191517    
   2.68500018      0.967384696    
   2.68600011      0.967579067    
   2.68700004      0.967773914    
   2.68800020      0.967969596    
   2.68900013      0.968165874    
   2.69000006      0.968363225    
   2.69100022      0.968561053    
   2.69200015      0.968759775    
   2.69300008      0.968958974    
   2.69400024      0.969159067    
   2.69500017      0.969359636    
   2.69600010      0.969561160    
   2.69700003      0.969763041    
   2.69800019      0.969965935    
   2.69900012      0.970169306    
   2.70000005      0.970373452    
   2.70100021      0.970577955    
   2.70200014      0.970783293    
   2.70300007      0.970989287    
   2.70400023      0.971195877    
   2.70500016      0.971402884    
   2.70600009      0.971610785    
   2.70700002      0.971818924    
   2.70800018      0.972027957    
   2.70900011      0.972237349    
   2.71000004      0.972447395    
   2.71100020      0.972657979    
   2.71200013      0.972869158    
   2.71300006      0.973080754    
   2.71400023      0.973293006    
   2.71500015      0.973505676    
   2.71600008      0.973719060    
   2.71700025      0.973932683    
   2.71800017      0.974147022    
   2.71900010      0.974361598    
   2.72000003      0.974576890    
   2.72100019      0.974792540    
   2.72200012      0.975008726    
   2.72300005      0.975225210    
   2.72400022      0.975442350    
   2.72500014      0.975659668    
   2.72600007      0.975877643    
   2.72700024      0.976095915    
   2.72800016      0.976314664    
   2.72900009      0.976533711    
   2.73000002      0.976753354    
   2.73100019      0.976973176    
   2.73200011      0.977193534    
   2.73300004      0.977414191    
   2.73400021      0.977635264    
   2.73500013      0.977856576    
   2.73600006      0.978078425    
   2.73700023      0.978300273    
   2.73800015      0.978522778    
   2.73900008      0.978745461    
   2.74000025      0.978968561    
   2.74100018      0.979191780    
   2.74200010      0.979415596    
   2.74300003      0.979639471    
   2.74400020      0.979863763    
   2.74500012      0.980088174    
   2.74600005      0.980313063    
   2.74700022      0.980538011    
   2.74800014      0.980763435    
   2.74900007      0.980988801    
   2.75000024      0.981214702    
   2.75100017      0.981440604    
   2.75200009      0.981667042    
   2.75300002      0.981893361    
   2.75400019      0.982120037    
   2.75500011      0.982346892    
   2.75600004      0.982574105    
   2.75700021      0.982801259    
   2.75800014      0.983028710    
   2.75900006      0.983256221    
   2.76000023      0.983484089    
   2.76100016      0.983711898    
   2.76200008      0.983940065    
   2.76300025      0.984168112    
   2.76400018      0.984396517    
   2.76500010      0.984624922    
   2.76600003      0.984853566    
   2.76700020      0.985082209    
   2.76800013      0.985311031    
   2.76900005      0.985539913    
   2.77000022      0.985768914    
   2.77100015      0.985997856    
   2.77200007      0.986227155    
   2.77300024      0.986456335    
   2.77400017      0.986685693    
   2.77500010      0.986914873    
   2.77600002      0.987144351    
   2.77700019      0.987373531    
   2.77800012      0.987603128    
   2.77900004      0.987832546    
   2.78000021      0.988062084    
   2.78100014      0.988291442    
   2.78200006      0.988521159    
   2.78300023      0.988750458    
   2.78400016      0.988979995    
   2.78500009      0.989209294    
   2.78600001      0.989439011    
   2.78700018      0.989668131    
   2.78800011      0.989897788    
   2.78900003      0.990126848    
   2.79000020      0.990356266    
   2.79100013      0.990585327    
   2.79200006      0.990814507    
   2.79300022      0.991043627    
   2.79400015      0.991272628    
   2.79500008      0.991501391    
   2.79600024      0.991730452    
   2.79700017      0.991958857    
   2.79800010      0.992187679    
   2.79900002      0.992415965    
   2.80000019      0.992644429    
   2.80100012      0.992872596    
   2.80200005      0.993100822    
   2.80300021      0.993328631    
   2.80400014      0.993556499    
   2.80500007      0.993784010    
   2.80600023      0.994011700    
   2.80700016      0.994238734    
   2.80800009      0.994466186    
   2.80900002      0.994692922    
   2.81000018      0.994919837    
   2.81100011      0.995146215    
   2.81200004      0.995372772    
   2.81300020      0.995598853    
   2.81400013      0.995824933    
   2.81500006      0.996050537    
   2.81600022      0.996276140    
   2.81700015      0.996501207    
   2.81800008      0.996726394    
   2.81900024      0.996951103    
   2.82000017      0.997175634    
   2.82100010      0.997399867    
   2.82200003      0.997623920    
   2.82300019      0.997847557    
   2.82400012      0.998071074    
   2.82500005      0.998294175    
   2.82600021      0.998517156    
   2.82700014      0.998739600    
   2.82800007      0.998961985    
   2.82900023      0.999183774    
   2.83000016      0.999405503    
   2.83100009      0.999626637    
   2.83200002      0.999847770    
   2.83300018       1.00006831    
   2.83400011       1.00028861    
   2.83500004       1.00050843    
   2.83600020       1.00072813    
   2.83700013       1.00094724    
   2.83800006       1.00116634    
   2.83900023       1.00138450    
   2.84000015       1.00160277    
   2.84100008       1.00182045    
   2.84200025       1.00203776    
   2.84300017       1.00225449    
   2.84400010       1.00247121    
   2.84500003       1.00268710    
   2.84600019       1.00290298    
   2.84700012       1.00311804    
   2.84800005       1.00333297    
   2.84900022       1.00354719    
   2.85000014       1.00376129    
   2.85100007       1.00397456    
   2.85200024       1.00418782    
   2.85300016       1.00440013    
   2.85400009       1.00461233    
   2.85500002       1.00482392    
   2.85600019       1.00503516    
   2.85700011       1.00524569    
   2.85800004       1.00545597    
   2.85900021       1.00566542    
   2.86000013       1.00587475    
   2.86100006       1.00608325    
   2.86200023       1.00629151    
   2.86300015       1.00649893    
   2.86400008       1.00670624    
   2.86500025       1.00691271    
   2.86600018       1.00711882    
   2.86700010       1.00732410    
   2.86800003       1.00752902    
   2.86900020       1.00773335    
   2.87000012       1.00793719    
   2.87100005       1.00814033    
   2.87200022       1.00834310    
   2.87300014       1.00854492    
   2.87400007       1.00874662    
   2.87500024       1.00894725    
   2.87600017       1.00914764    
   2.87700009       1.00934720    
   2.87800002       1.00954628    
   2.87900019       1.00974464    
   2.88000011       1.00994265    
   2.88100004       1.01013982    
   2.88200021       1.01033640    
   2.88300014       1.01053214    
   2.88400006       1.01072752    
   2.88500023       1.01092207    
   2.88600016       1.01111615    
   2.88700008       1.01130915    
   2.88800025       1.01150191    
   2.88900018       1.01169372    
   2.89000010       1.01188517    
   2.89100003       1.01207566    
   2.89200020       1.01226568    
   2.89300013       1.01245463    
   2.89400005       1.01264334    
   2.89500022       1.01283085    
   2.89600015       1.01301801    
   2.89700007       1.01320434    
   2.89800024       1.01339006    
   2.89900017       1.01357472    
   2.90000010       1.01375902    
   2.90100002       1.01394236    
   2.90200019       1.01412499    
   2.90300012       1.01430678    
   2.90400004       1.01448810    
   2.90500021       1.01466823    
   2.90600014       1.01484799    
   2.90700006       1.01502669    
   2.90800023       1.01520479    
   2.90900016       1.01538193    
   2.91000009       1.01555848    
   2.91100025       1.01573396    
   2.91200018       1.01590896    
   2.91300011       1.01608288    
   2.91400003       1.01625621    
   2.91500020       1.01642835    
   2.91600013       1.01660025    
   2.91700006       1.01677072    
   2.91800022       1.01694071    
   2.91900015       1.01710975    
   2.92000008       1.01727796    
   2.92100024       1.01744521    
   2.92200017       1.01761186    
   2.92300010       1.01777732    
   2.92400002       1.01794219    
   2.92500019       1.01810586    
   2.92600012       1.01826906    
   2.92700005       1.01843095    
   2.92800021       1.01859236    
   2.92900014       1.01875246    
   2.93000007       1.01891196    
   2.93100023       1.01907039    
   2.93200016       1.01922798    
   2.93300009       1.01938450    
   2.93400025       1.01954055    
   2.93500018       1.01969516    
   2.93600011       1.01984918    
   2.93700004       1.02000201    
   2.93800020       1.02015400    
   2.93900013       1.02030504    
   2.94000006       1.02045524    
   2.94100022       1.02060425    
   2.94200015       1.02075243    
   2.94300008       1.02089965    
   2.94400024       1.02104592    
   2.94500017       1.02119088    
   2.94600010       1.02133536    
   2.94700003       1.02147841    
   2.94800019       1.02162087    
   2.94900012       1.02176189    
   2.95000005       1.02190232    
   2.95100021       1.02204144    
   2.95200014       1.02217984    
   2.95300007       1.02231681    
   2.95400023       1.02245319    
   2.95500016       1.02258813    
   2.95600009       1.02272236    
   2.95700026       1.02285528    
   2.95800018       1.02298748    
   2.95900011       1.02311826    
   2.96000004       1.02324831    
   2.96100020       1.02337706    
   2.96200013       1.02350497    
   2.96300006       1.02363157    
   2.96400023       1.02375734    
   2.96500015       1.02388179    
   2.96600008       1.02400541    
   2.96700025       1.02412772    
   2.96800017       1.02424908    
   2.96900010       1.02436912    
   2.97000003       1.02448845    
   2.97100019       1.02460635    
   2.97200012       1.02472329    
   2.97300005       1.02483892    
   2.97400022       1.02495360    
   2.97500014       1.02506697    
   2.97600007       1.02517951    
   2.97700024       1.02529085    
   2.97800016       1.02540100    
   2.97900009       1.02550983    
   2.98000026       1.02561784    
   2.98100019       1.02572429    
   2.98200011       1.02583003    
   2.98300004       1.02593434    
   2.98400021       1.02603757    
   2.98500013       1.02613950    
   2.98600006       1.02624059    
   2.98700023       1.02634013    
   2.98800015       1.02643883    
   2.98900008       1.02653599    
   2.99000025       1.02663231    
   2.99100018       1.02672708    
   2.99200010       1.02682114    
   2.99300003       1.02691364    
   2.99400020       1.02700508    
   2.99500012       1.02709520    
   2.99600005       1.02718425    
   2.99700022       1.02727175    
   2.99800014       1.02735865    
   2.99900007       1.02744365    
   3.00000024       1.02752805    
   3.00100017       1.02761078    
   3.00200009       1.02769268    
   3.00300026       1.02777290    
   3.00400019       1.02785230    
   3.00500011       1.02793014    
   3.00600004       1.02800703    
   3.00700021       1.02808237    
   3.00800014       1.02815676    
   3.00900006       1.02822959    
   3.01000023       1.02830148    
   3.01100016       1.02837169    
   3.01200008       1.02844131    
   3.01300025       1.02850890    
   3.01400018       1.02857590    
   3.01500010       1.02864110    
   3.01600003       1.02870548    
   3.01700020       1.02876830    
   3.01800013       1.02883005    
   3.01900005       1.02889025    
   3.02000022       1.02894962    
   3.02100015       1.02900732    
   3.02200007       1.02906394    
   3.02300024       1.02911901    
   3.02400017       1.02917302    
   3.02500010       1.02922571    
   3.02600026       1.02927721    
   3.02700019       1.02932715    
   3.02800012       1.02937603    
   3.02900004       1.02942348    
   3.03000021       1.02946985    
   3.03100014       1.02951455    
   3.03200006       1.02955854    
   3.03300023       1.02960062    
   3.03400016       1.02964175    
   3.03500009       1.02968132    
   3.03600025       1.02971995    
   3.03700018       1.02975690    
   3.03800011       1.02979290    
   3.03900003       1.02982724    
   3.04000020       1.02986073    
   3.04100013       1.02989244    
   3.04200006       1.02992308    
   3.04300022       1.02995229    
   3.04400015       1.02998030    
   3.04500008       1.03000689    
   3.04600024       1.03003240    
   3.04700017       1.03005636    
   3.04800010       1.03007925    
   3.04900026       1.03010046    
   3.05000019       1.03012085    
   3.05100012       1.03013957    
   3.05200005       1.03015709    
   3.05300021       1.03017318    
   3.05400014       1.03018820    
   3.05500007       1.03020167    
   3.05600023       1.03021395    
   3.05700016       1.03022480    
   3.05800009       1.03023458    
   3.05900025       1.03024280    
   3.06000018       1.03024995    
   3.06100011       1.03025556    
   3.06200004       1.03026021    
   3.06300020       1.03026319    
   3.06400013       1.03026509    
   3.06500006       1.03026545    
   3.06600022       1.03026474    
   3.06700015       1.03026247    
   3.06800008       1.03025937    
   3.06900024       1.03025460    
   3.07000017       1.03024864    
   3.07100010       1.03024137    
   3.07200003       1.03023291    
   3.07300019       1.03022289    
   3.07400012       1.03021193    
   3.07500005       1.03019929    
   3.07600021       1.03018582    
   3.07700014       1.03017068    
   3.07800007       1.03015459    
   3.07900023       1.03013682    
   3.08000016       1.03011823    
   3.08100009       1.03009808    
   3.08200026       1.03007686    
   3.08300018       1.03005409    
   3.08400011       1.03003037    
   3.08500004       1.03000498    
   3.08600020       1.02997887    
   3.08700013       1.02995110    
   3.08800006       1.02992225    
   3.08900023       1.02989197    
   3.09000015       1.02986085    
   3.09100008       1.02982807    
   3.09200025       1.02979422    
   3.09300017       1.02975905    
   3.09400010       1.02972281    
   3.09500003       1.02968514    
   3.09600019       1.02964652    
   3.09700012       1.02960634    
   3.09800005       1.02956533    
   3.09900022       1.02952278    
   3.10000014       1.02947927    
   3.10100007       1.02943432    
   3.10200024       1.02938843    
   3.10300016       1.02934110    
   3.10400009       1.02929282    
   3.10500026       1.02924299    
   3.10600019       1.02919233    
   3.10700011       1.02914035    
   3.10800004       1.02908731    
   3.10900021       1.02903295    
   3.11000013       1.02897751    
   3.11100006       1.02892077    
   3.11200023       1.02886331    
   3.11300015       1.02880418    
   3.11400008       1.02874422    
   3.11500025       1.02868283    
   3.11600018       1.02862084    
   3.11700010       1.02855718    
   3.11800003       1.02849281    
   3.11900020       1.02842689    
   3.12000012       1.02836025    
   3.12100005       1.02829218    
   3.12200022       1.02822340    
   3.12300014       1.02815318    
   3.12400007       1.02808213    
   3.12500024       1.02800977    
   3.12600017       1.02793658    
   3.12700009       1.02786195    
   3.12800026       1.02778673    
   3.12900019       1.02770996    
   3.13000011       1.02763271    
   3.13100004       1.02755380    
   3.13200021       1.02747440    
   3.13300014       1.02739358    
   3.13400006       1.02731204    
   3.13500023       1.02722907    
   3.13600016       1.02714562    
   3.13700008       1.02706063    
   3.13800025       1.02697515    
   3.13900018       1.02688813    
   3.14000010       1.02680063    
   3.14100003       1.02671182    
   3.14200020       1.02662241    
   3.14300013       1.02653146    
   3.14400005       1.02644014    
   3.14500022       1.02634728    
   3.14600015       1.02625418    
   3.14700007       1.02615952    
   3.14800024       1.02606428    
   3.14900017       1.02596784    
   3.15000010       1.02587080    
   3.15100026       1.02577257    
   3.15200019       1.02567375    
   3.15300012       1.02557373    
   3.15400004       1.02547324    
   3.15500021       1.02537131    
   3.15600014       1.02526891    
   3.15700006       1.02516544    
   3.15800023       1.02506137    
   3.15900016       1.02495611    
   3.16000009       1.02485037    
   3.16100025       1.02474332    
   3.16200018       1.02463591    
   3.16300011       1.02452743    
   3.16400003       1.02441847    
   3.16500020       1.02430832    
   3.16600013       1.02419758    
   3.16700006       1.02408588    
   3.16800022       1.02397370    
   3.16900015       1.02386034    
   3.17000008       1.02374661    
   3.17100024       1.02363181    
   3.17200017       1.02351665    
   3.17300010       1.02340043    
   3.17400026       1.02328360    
   3.17500019       1.02316594    
   3.17600012       1.02304792    
   3.17700005       1.02292883    
   3.17800021       1.02280927    
   3.17900014       1.02268875    
   3.18000007       1.02256787    
   3.18100023       1.02244604    
   3.18200016       1.02232385    
   3.18300009       1.02220070    
   3.18400025       1.02207708    
   3.18500018       1.02195263    
   3.18600011       1.02182794    
   3.18700004       1.02170229    
   3.18800020       1.02157629    
   3.18900013       1.02144945    
   3.19000006       1.02132213    
   3.19100022       1.02119422    
   3.19200015       1.02106583    
   3.19300008       1.02093673    
   3.19400024       1.02080715    
   3.19500017       1.02067685    
   3.19600010       1.02054632    
   3.19700027       1.02041507    
   3.19800019       1.02028346    
   3.19900012       1.02015114    
   3.20000005       1.02001858    
   3.20100021       1.01988518    
   3.20200014       1.01975155    
   3.20300007       1.01961732    
   3.20400023       1.01948261    
   3.20500016       1.01934743    
   3.20600009       1.01921201    
   3.20700026       1.01907587    
   3.20800018       1.01893961    
   3.20900011       1.01880276    
   3.21000004       1.01866555    
   3.21100020       1.01852787    
   3.21200013       1.01838994    
   3.21300006       1.01825130    
   3.21400023       1.01811266    
   3.21500015       1.01797342    
   3.21600008       1.01783383    
   3.21700025       1.01769388    
   3.21800017       1.01755381    
   3.21900010       1.01741302    
   3.22000027       1.01727235    
   3.22100019       1.01713109    
   3.22200012       1.01698971    
   3.22300005       1.01684785    
   3.22400022       1.01670587    
   3.22500014       1.01656353    
   3.22600007       1.01642096    
   3.22700024       1.01627803    
   3.22800016       1.01613498    
   3.22900009       1.01599157    
   3.23000026       1.01584816    
   3.23100019       1.01570427    
   3.23200011       1.01556039    
   3.23300004       1.01541615    
   3.23400021       1.01527178    
   3.23500013       1.01512706    
   3.23600006       1.01498246    
   3.23700023       1.01483750    
   3.23800015       1.01469243    
   3.23900008       1.01454711    
   3.24000025       1.01440191    
   3.24100018       1.01425636    
   3.24200010       1.01411080    
   3.24300027       1.01396501    
   3.24400020       1.01381922    
   3.24500012       1.01367319    
   3.24600005       1.01352739    
   3.24700022       1.01338112    
   3.24800014       1.01323497    
   3.24900007       1.01308870    
   3.25000024       1.01294255    
   3.25100017       1.01279604    
   3.25200009       1.01264989    
   3.25300026       1.01250350    
   3.25400019       1.01235712    
   3.25500011       1.01221073    
   3.25600004       1.01206434    
   3.25700021       1.01191795    
   3.25800014       1.01177156    
   3.25900006       1.01162517    
   3.26000023       1.01147890    
   3.26100016       1.01133251    
   3.26200008       1.01118648    
   3.26300025       1.01104021    
   3.26400018       1.01089430    
   3.26500010       1.01074815    
   3.26600027       1.01060236    
   3.26700020       1.01045644    
   3.26800013       1.01031077    
   3.26900005       1.01016510    
   3.27000022       1.01001966    
   3.27100015       1.00987422    
   3.27200007       1.00972915    
   3.27300024       1.00958383    
   3.27400017       1.00943899    
   3.27500010       1.00929403    
   3.27600026       1.00914955    
   3.27700019       1.00900507    
   3.27800012       1.00886083    
   3.27900004       1.00871670    
   3.28000021       1.00857282    
   3.28100014       1.00842917    
   3.28200006       1.00828576    
   3.28300023       1.00814235    
   3.28400016       1.00799942    
   3.28500009       1.00785661    
   3.28600025       1.00771403    
   3.28700018       1.00757170    
   3.28800011       1.00742972    
   3.28900027       1.00728786    
   3.29000020       1.00714648    
   3.29100013       1.00700510    
   3.29200006       1.00686419    
   3.29300022       1.00672352    
   3.29400015       1.00658333    
   3.29500008       1.00644326    
   3.29600024       1.00630355    
   3.29700017       1.00616395    
   3.29800010       1.00602496    
   3.29900026       1.00588620    
   3.30000019       1.00574780    
   3.30100012       1.00560975    
   3.30200005       1.00547206    
   3.30300021       1.00533473    
   3.30400014       1.00519776    
   3.30500007       1.00506115    
   3.30600023       1.00492501    
   3.30700016       1.00478911    
   3.30800009       1.00465381    
   3.30900025       1.00451863    
   3.31000018       1.00438416    
   3.31100011       1.00424981    
   3.31200027       1.00411618    
   3.31300020       1.00398278    
   3.31400013       1.00384986    
   3.31500006       1.00371730    
   3.31600022       1.00358534    
   3.31700015       1.00345373    
   3.31800008       1.00332260    
   3.31900024       1.00319183    
   3.32000017       1.00306165    
   3.32100010       1.00293183    
   3.32200027       1.00280273    
   3.32300019       1.00267386    
   3.32400012       1.00254560    
   3.32500005       1.00241780    
   3.32600021       1.00229049    
   3.32700014       1.00216365    
   3.32800007       1.00203741    
   3.32900023       1.00191164    
   3.33000016       1.00178659    
   3.33100009       1.00166178    
   3.33200026       1.00153756    
   3.33300018       1.00141394    
   3.33400011       1.00129080    
   3.33500028       1.00116825    
   3.33600020       1.00104642    
   3.33700013       1.00092494    
   3.33800006       1.00080407    
   3.33900023       1.00068378    
   3.34000015       1.00056398    
   3.34100008       1.00044477    
   3.34200025       1.00032628    
   3.34300017       1.00020826    
   3.34400010       1.00009096    
   3.34500027      0.999973953    
   3.34600019      0.999857843    
   3.34700012      0.999742270    
   3.34800005      0.999627292    
   3.34900022      0.999512792    
   3.35000014      0.999399066    
   3.35100007      0.999285877    
   3.35200024      0.999173462    
   3.35300016      0.999061465    
   3.35400009      0.998950124    
   3.35500026      0.998839557    
   3.35600019      0.998729587    
   3.35700011      0.998620212    
   3.35800028      0.998511434    
   3.35900021      0.998403370    
   3.36000013      0.998295963    
   3.36100006      0.998189330    
   3.36200023      0.998083174    
   3.36300015      0.997977734    
   3.36400008      0.997873008    
   3.36500025      0.997768819    
   3.36600018      0.997665465    
   3.36700010      0.997562587    
   3.36800027      0.997460604    
   3.36900020      0.997359216    
   3.37000012      0.997258544    
   3.37100005      0.997158468    
   3.37200022      0.997059166    
   3.37300014      0.996960521    
   3.37400007      0.996862650    
   3.37500024      0.996765316    
   3.37600017      0.996668875    
   3.37700009      0.996572912    
   3.37800026      0.996477842    
   3.37900019      0.996383488    
   3.38000011      0.996289670    
   3.38100004      0.996196687    
   3.38200021      0.996104419    
   3.38300014      0.996012807    
   3.38400006      0.995922089    
   3.38500023      0.995831907    
   3.38600016      0.995742500    
   3.38700008      0.995653927    
   3.38800025      0.995565891    
   3.38900018      0.995478749    
   3.39000010      0.995392323    
   3.39100027      0.995306492    
   3.39200020      0.995221496    
   3.39300013      0.995137215    
   3.39400005      0.995053709    
   3.39500022      0.994970918    
   3.39600015      0.994888961    
   3.39700007      0.994807601    
   3.39800024      0.994727015    
   3.39900017      0.994647205    
   3.40000010      0.994568169    
   3.40100026      0.994489849    
   3.40200019      0.994412303    
   3.40300012      0.994335532    
   3.40400004      0.994259357    
   3.40500021      0.994184077    
   3.40600014      0.994109511    
   3.40700006      0.994035840    
   3.40800023      0.993962765    
   3.40900016      0.993890464    
   3.41000009      0.993818879    
   3.41100025      0.993748128    
   3.41200018      0.993678093    
   3.41300011      0.993608892    
   3.41400027      0.993540466    
   3.41500020      0.993472755    
   3.41600013      0.993405700    
   3.41700006      0.993339539    
   3.41800022      0.993274093    
   3.41900015      0.993209362    
   3.42000008      0.993145585    
   3.42100024      0.993082404    
   3.42200017      0.993019998    
   3.42300010      0.992958486    
   3.42400026      0.992897570    
   3.42500019      0.992837489    
   3.42600012      0.992778122    
   3.42700005      0.992719531    
   3.42800021      0.992661774    
   3.42900014      0.992604792    
   3.43000007      0.992548466    
   3.43100023      0.992492974    
   3.43200016      0.992438197    
   3.43300009      0.992384255    
   3.43400025      0.992331028    
   3.43500018      0.992278576    
   3.43600011      0.992226899    
   3.43700027      0.992175996    
   3.43800020      0.992125809    
   3.43900013      0.992076397    
   3.44000006      0.992027819    
   3.44100022      0.991979957    
   3.44200015      0.991932750    
   3.44300008      0.991886377    
   3.44400024      0.991840780    
   3.44500017      0.991796017    
   3.44600010      0.991751909    
   3.44700027      0.991708517    
   3.44800019      0.991665840    
   3.44900012      0.991624057    
   3.45000005      0.991582990    
   3.45100021      0.991542697    
   3.45200014      0.991503000    
   3.45300007      0.991464198    
   3.45400023      0.991426170    
   3.45500016      0.991388798    
   3.45600009      0.991352260    
   3.45700026      0.991316378    
   3.45800018      0.991281271    
   3.45900011      0.991246819    
   3.46000028      0.991213202    
   3.46100020      0.991180301    
   3.46200013      0.991148233    
   3.46300006      0.991116703    
   3.46400023      0.991086125    
   3.46500015      0.991056025    
   3.46600008      0.991026878    
   3.46700025      0.990998447    
   3.46800017      0.990970612    
   3.46900010      0.990943551    
   3.47000027      0.990917265    
   3.47100019      0.990891635    
   3.47200012      0.990866780    
   3.47300005      0.990842700    
   3.47400022      0.990819275    
   3.47500014      0.990796506    
   3.47600007      0.990774453    
   3.47700024      0.990753174    
   3.47800016      0.990732551    
   3.47900009      0.990712702    
   3.48000026      0.990693569    
   3.48100019      0.990675032    
   3.48200011      0.990657270    
   3.48300028      0.990640163    
   3.48400021      0.990623772    
   3.48500013      0.990608096    
   3.48600006      0.990593076    
   3.48700023      0.990578711    
   3.48800015      0.990565121    
   3.48900008      0.990552127    
   3.49000025      0.990539968    
   3.49100018      0.990528286    
   3.49200010      0.990517378    
   3.49300027      0.990507185    
   3.49400020      0.990497708    
   3.49500012      0.990488768    
   3.49600005      0.990480542    
   3.49700022      0.990473032    
   3.49800014      0.990466058    
   3.49900007      0.990459919    
   3.50000024      0.990454316    
   3.50100017      0.990449429    
   3.50200009      0.990445077    
   3.50300026      0.990441442    
   3.50400019      0.990438402    
   3.50500011      0.990436077    
   3.50600028      0.990434468    
   3.50700021      0.990433335    
   3.50800014      0.990432918    
   3.50900006      0.990433097    
   3.51000023      0.990433931    
   3.51100016      0.990435421    
   3.51200008      0.990437567    
   3.51300025      0.990440190    
   3.51400018      0.990443528    
   3.51500010      0.990447462    
   3.51600027      0.990451932    
   3.51700020      0.990457118    
   3.51800013      0.990463018    
   3.51900005      0.990469337    
   3.52000022      0.990476251    
   3.52100015      0.990483761    
   3.52200007      0.990491986    
   3.52300024      0.990500689    
   3.52400017      0.990510046    
   3.52500010      0.990519881    
   3.52600026      0.990530372    
   3.52700019      0.990541458    
   3.52800012      0.990553200    
   3.52900028      0.990565240    
   3.53000021      0.990577996    
   3.53100014      0.990591407    
   3.53200006      0.990605235    
   3.53300023      0.990619659    
   3.53400016      0.990634680    
   3.53500009      0.990650296    
   3.53600025      0.990666330    
   3.53700018      0.990683019    
   3.53800011      0.990700185    
   3.53900027      0.990717888    
   3.54000020      0.990736127    
   3.54100013      0.990754902    
   3.54200006      0.990774214    
   3.54300022      0.990794122    
   3.54400015      0.990814328    
   3.54500008      0.990835249    
   3.54600024      0.990856528    
   3.54700017      0.990878463    
   3.54800010      0.990900874    
   3.54900026      0.990923703    
   3.55000019      0.990947068    
   3.55100012      0.990970910    
   3.55200028      0.990995347    
   3.55300021      0.991020203    
   3.55400014      0.991045415    
   3.55500007      0.991071343    
   3.55600023      0.991097569    
   3.55700016      0.991124392    
   3.55800009      0.991151512    
   3.55900025      0.991179287    
   3.56000018      0.991207302    
   3.56100011      0.991235971    
   3.56200027      0.991264999    
   3.56300020      0.991294563    
   3.56400013      0.991324484    
   3.56500006      0.991354883    
   3.56600022      0.991385698    
   3.56700015      0.991416991    
   3.56800008      0.991448641    
   3.56900024      0.991480768    
   3.57000017      0.991513312    
   3.57100010      0.991546273    
   3.57200027      0.991579592    
   3.57300019      0.991613507    
   3.57400012      0.991647542    
   3.57500029      0.991682291    
   3.57600021      0.991717160    
   3.57700014      0.991752625    
   3.57800007      0.991788387    
   3.57900023      0.991824627    
   3.58000016      0.991861045    
   3.58100009      0.991898060    
   3.58200026      0.991935313    
   3.58300018      0.991973042    
   3.58400011      0.992011070    
   3.58500028      0.992049515    
   3.58600020      0.992088258    
   3.58700013      0.992127538    
   3.58800006      0.992166936    
   3.58900023      0.992206812    
   3.59000015      0.992247045    
   3.59100008      0.992287517    
   3.59200025      0.992328286    
   3.59300017      0.992369652    
   3.59400010      0.992411137    
   3.59500027      0.992452979    
   3.59600019      0.992495179    
   3.59700012      0.992537737    
   3.59800029      0.992580414    
   3.59900022      0.992623568    
   3.60000014      0.992666960    
   3.60100007      0.992710769    
   3.60200024      0.992754757    
   3.60300016      0.992799103    
   3.60400009      0.992843688    
   3.60500026      0.992888689    
   3.60600019      0.992933810    
   3.60700011      0.992979288    
   3.60800028      0.993024945    
   3.60900021      0.993071020    
   3.61000013      0.993117273    
   3.61100006      0.993163884    
   3.61200023      0.993210554    
   3.61300015      0.993257701    
   3.61400008      0.993304908    
   3.61500025      0.993352532    
   3.61600018      0.993400335    
   3.61700010      0.993448436    
   3.61800027      0.993496537    
   3.61900020      0.993545115    
   3.62000012      0.993593872    
   3.62100029      0.993642867    
   3.62200022      0.993691981    
   3.62300014      0.993741393    
   3.62400007      0.993790984    
   3.62500024      0.993840933    
   3.62600017      0.993890882    
   3.62700009      0.993941069    
   3.62800026      0.993991435    
   3.62900019      0.994042158    
   3.63000011      0.994092822    
   3.63100028      0.994143963    
   3.63200021      0.994194984    
   3.63300014      0.994246423    
   3.63400006      0.994297981    
   3.63500023      0.994349599    
   3.63600016      0.994401455    
   3.63700008      0.994453549    
   3.63800025      0.994505763    
   3.63900018      0.994558036    
   3.64000010      0.994610488    
   3.64100027      0.994663179    
   3.64200020      0.994715869    
   3.64300013      0.994768798    
   3.64400029      0.994821787    
   3.64500022      0.994875133    
   3.64600015      0.994928360    
   3.64700007      0.994981825    
   3.64800024      0.995035291    
   3.64900017      0.995089114    
   3.65000010      0.995142817    
   3.65100026      0.995196819    
   3.65200019      0.995250702    
   3.65300012      0.995304942    
   3.65400028      0.995359004    
   3.65500021      0.995413363    
   3.65600014      0.995467782    
   3.65700006      0.995522201    
   3.65800023      0.995576799    
   3.65900016      0.995631456    
   3.66000009      0.995686173    
   3.66100025      0.995741010    
   3.66200018      0.995795846    
   3.66300011      0.995850861    
   3.66400027      0.995905757    
   3.66500020      0.995960832    
   3.66600013      0.996015906    
   3.66700006      0.996071100    
   3.66800022      0.996126235    
   3.66900015      0.996181607    
   3.67000008      0.996236861    
   3.67100024      0.996292174    
   3.67200017      0.996347487    
   3.67300010      0.996402860    
   3.67400026      0.996458352    
   3.67500019      0.996513724    
   3.67600012      0.996569216    
   3.67700028      0.996624708    
   3.67800021      0.996680200    
   3.67900014      0.996735752    
   3.68000007      0.996791244    
   3.68100023      0.996846735    
   3.68200016      0.996902168    
   3.68300009      0.996957719    
   3.68400025      0.997013211    
   3.68500018      0.997068763    
   3.68600011      0.997124195    
   3.68700027      0.997179687    
   3.68800020      0.997235060    
   3.68900013      0.997290552    
   3.69000006      0.997345924    
   3.69100022      0.997401297    
   3.69200015      0.997456551    
   3.69300008      0.997511983    
   3.69400024      0.997567117    
   3.69500017      0.997622252    
   3.69600010      0.997677505    
   3.69700027      0.997732580    
   3.69800019      0.997787654    
   3.69900012      0.997842669    
   3.70000029      0.997897565    
   3.70100021      0.997952521    
   3.70200014      0.998007357    
   3.70300007      0.998061955    
   3.70400023      0.998116672    
   3.70500016      0.998171329    
   3.70600009      0.998225808    
   3.70700026      0.998280227    
   3.70800018      0.998334646    
   3.70900011      0.998388827    
   3.71000028      0.998443007    
   3.71100020      0.998497128    
   3.71200013      0.998551071    
   3.71300006      0.998604953    
   3.71400023      0.998658717    
   3.71500015      0.998712420    
   3.71600008      0.998766005    
   3.71700025      0.998819470    
   3.71800017      0.998872817    
   3.71900010      0.998926044    
   3.72000027      0.998979151    
   3.72100019      0.999032140    
   3.72200012      0.999085069    
   3.72300029      0.999137700    
   3.72400022      0.999190390    
   3.72500014      0.999242902    
   3.72600007      0.999295175    
   3.72700024      0.999347389    
   3.72800016      0.999399483    
   3.72900009      0.999451399    
   3.73000026      0.999503195    
   3.73100019      0.999554753    
   3.73200011      0.999606192    
   3.73300028      0.999657512    
   3.73400021      0.999708652    
   3.73500013      0.999759614    
   3.73600006      0.999810636    
   3.73700023      0.999861240    
   3.73800015      0.999911785    
   3.73900008      0.999962091    
   3.74000025       1.00001216    
   3.74100018       1.00006235    
   3.74200010       1.00011206    
   3.74300027       1.00016165    
   3.74400020       1.00021112    
   3.74500012       1.00026035    
   3.74600029       1.00030947    
   3.74700022       1.00035834    
   3.74800014       1.00040710    
   3.74900007       1.00045562    
   3.75000024       1.00050390    
   3.75100017       1.00055206    
   3.75200009       1.00059986    
   3.75300026       1.00064766    
   3.75400019       1.00069511    
   3.75500011       1.00074244    
   3.75600028       1.00078952    
   3.75700021       1.00083649    
   3.75800014       1.00088310    
   3.75900006       1.00092959    
   3.76000023       1.00097585    
   3.76100016       1.00102186    
   3.76200008       1.00106752    
   3.76300025       1.00111306    
   3.76400018       1.00115836    
   3.76500010       1.00120354    
   3.76600027       1.00124836    
   3.76700020       1.00129306    
   3.76800013       1.00133741    
   3.76900029       1.00138164    
   3.77000022       1.00142562    
   3.77100015       1.00146925    
   3.77200007       1.00151277    
   3.77300024       1.00155592    
   3.77400017       1.00159895    
   3.77500010       1.00164163    
   3.77600026       1.00168407    
   3.77700019       1.00172639    
   3.77800012       1.00176823    
   3.77900028       1.00180995    
   3.78000021       1.00185144    
   3.78100014       1.00189257    
   3.78200006       1.00193357    
   3.78300023       1.00197423    
   3.78400016       1.00201464    
   3.78500009       1.00205481    
   3.78600025       1.00209475    
   3.78700018       1.00213432    
   3.78800011       1.00217366    
   3.78900027       1.00221276    
   3.79000020       1.00225151    
   3.79100013       1.00229001    
   3.79200029       1.00232828    
   3.79300022       1.00236642    
   3.79400015       1.00240409    
   3.79500008       1.00244141    
   3.79600024       1.00247860    
   3.79700017       1.00251544    
   3.79800010       1.00255203    
   3.79900026       1.00258839    
   3.80000019       1.00262427    
   3.80100012       1.00266016    
   3.80200028       1.00269544    
   3.80300021       1.00273073    
   3.80400014       1.00276542    
   3.80500007       1.00279999    
   3.80600023       1.00283420    
   3.80700016       1.00286818    
   3.80800009       1.00290191    
   3.80900025       1.00293529    
   3.81000018       1.00296819    
   3.81100011       1.00300109    
   3.81200027       1.00303352    
   3.81300020       1.00306571    
   3.81400013       1.00309753    
   3.81500030       1.00312912    
   3.81600022       1.00316048    
   3.81700015       1.00319135    
   3.81800008       1.00322199    
   3.81900024       1.00325239    
   3.82000017       1.00328231    
   3.82100010       1.00331199    
   3.82200027       1.00334144    
   3.82300019       1.00337064    
   3.82400012       1.00339937    
   3.82500029       1.00342774    
   3.82600021       1.00345588    
   3.82700014       1.00348377    
   3.82800007       1.00351131    
   3.82900023       1.00353861    
   3.83000016       1.00356543    
   3.83100009       1.00359190    
   3.83200026       1.00361824    
   3.83300018       1.00364435    
   3.83400011       1.00366986    
   3.83500028       1.00369513    
   3.83600020       1.00372016    
   3.83700013       1.00374484    
   3.83800030       1.00376916    
   3.83900023       1.00379300    
   3.84000015       1.00381684    
   3.84100008       1.00384021    
   3.84200025       1.00386322    
   3.84300017       1.00388598    
   3.84400010       1.00390840    
   3.84500027       1.00393045    
   3.84600019       1.00395215    
   3.84700012       1.00397360    
   3.84800029       1.00399458    
   3.84900022       1.00401545    
   3.85000014       1.00403583    
   3.85100007       1.00405610    
   3.85200024       1.00407577    
   3.85300016       1.00409520    
   3.85400009       1.00411427    
   3.85500026       1.00413322    
   3.85600019       1.00415170    
   3.85700011       1.00416982    
   3.85800028       1.00418758    
   3.85900021       1.00420499    
   3.86000013       1.00422227    
   3.86100030       1.00423920    
   3.86200023       1.00425565    
   3.86300015       1.00427175    
   3.86400008       1.00428772    
   3.86500025       1.00430310    
   3.86600018       1.00431836    
   3.86700010       1.00433314    
   3.86800027       1.00434780    
   3.86900020       1.00436199    
   3.87000012       1.00437582    
   3.87100029       1.00438941    
   3.87200022       1.00440264    
   3.87300014       1.00441539    
   3.87400007       1.00442791    
   3.87500024       1.00444019    
   3.87600017       1.00445211    
   3.87700009       1.00446367    
   3.87800026       1.00447500    
   3.87900019       1.00448596    
   3.88000011       1.00449657    
   3.88100028       1.00450683    
   3.88200021       1.00451672    
   3.88300014       1.00452638    
   3.88400030       1.00453556    
   3.88500023       1.00454450    
   3.88600016       1.00455308    
   3.88700008       1.00456142    
   3.88800025       1.00456929    
   3.88900018       1.00457704    
   3.89000010       1.00458443    
   3.89100027       1.00459135    
   3.89200020       1.00459802    
   3.89300013       1.00460446    
   3.89400029       1.00461042    
   3.89500022       1.00461626    
   3.89600015       1.00462162    
   3.89700007       1.00462663    
   3.89800024       1.00463152    
   3.89900017       1.00463593    
   3.90000010       1.00464010    
   3.90100026       1.00464392    
   3.90200019       1.00464737    
   3.90300012       1.00465059    
   3.90400028       1.00465333    
   3.90500021       1.00465596    
   3.90600014       1.00465822    
   3.90700030       1.00465989    
   3.90800023       1.00466156    
   3.90900016       1.00466287    
   3.91000009       1.00466383    
   3.91100025       1.00466454    
   3.91200018       1.00466490    
   3.91300011       1.00466490    
   3.91400027       1.00466466    
   3.91500020       1.00466406    
   3.91600013       1.00466323    
   3.91700029       1.00466204    
   3.91800022       1.00466049    
   3.91900015       1.00465870    
   3.92000008       1.00465667    
   3.92100024       1.00465429    
   3.92200017       1.00465167    
   3.92300010       1.00464869    
   3.92400026       1.00464535    
   3.92500019       1.00464177    
   3.92600012       1.00463784    
   3.92700028       1.00463367    
   3.92800021       1.00462902    
   3.92900014       1.00462425    
   3.93000031       1.00461924    
   3.93100023       1.00461388    
   3.93200016       1.00460815    
   3.93300009       1.00460231    
   3.93400025       1.00459599    
   3.93500018       1.00458956    
   3.93600011       1.00458276    
   3.93700027       1.00457573    
   3.93800020       1.00456822    
   3.93900013       1.00456059    
   3.94000030       1.00455260    
   3.94100022       1.00454438    
   3.94200015       1.00453591    
   3.94300008       1.00452709    
   3.94400024       1.00451815    
   3.94500017       1.00450885    
   3.94600010       1.00449932    
   3.94700027       1.00448930    
   3.94800019       1.00447905    
   3.94900012       1.00446868    
   3.95000029       1.00445807    
   3.95100021       1.00444710    
   3.95200014       1.00443590    
   3.95300007       1.00442445    
   3.95400023       1.00441277    
   3.95500016       1.00440061    
   3.95600009       1.00438833    
   3.95700026       1.00437593    
   3.95800018       1.00436306    
   3.95900011       1.00435007    
   3.96000028       1.00433683    
   3.96100020       1.00432324    
   3.96200013       1.00430930    
   3.96300030       1.00429523    
   3.96400023       1.00428092    
   3.96500015       1.00426650    
   3.96600008       1.00425172    
   3.96700025       1.00423670    
   3.96800017       1.00422132    
   3.96900010       1.00420582    
   3.97000027       1.00419009    
   3.97100019       1.00417423    
   3.97200012       1.00415790    
   3.97300029       1.00414145    
   3.97400022       1.00412464    
   3.97500014       1.00410771    
   3.97600007       1.00409067    
   3.97700024       1.00407326    
   3.97800016       1.00405574    
   3.97900009       1.00403774    
   3.98000026       1.00401974    
   3.98100019       1.00400150    
   3.98200011       1.00398290    
   3.98300028       1.00396430    
   3.98400021       1.00394523    
   3.98500013       1.00392604    
   3.98600030       1.00390673    
   3.98700023       1.00388730    
   3.98800015       1.00386739    
   3.98900008       1.00384748    
   3.99000025       1.00382721    
   3.99100018       1.00380683    
   3.99200010       1.00378633    
   3.99300027       1.00376558    
   3.99400020       1.00374460    
   3.99500012       1.00372314    
   3.99600029       1.00370181    
   3.99700022       1.00368023    
   3.99800014       1.00365853    
   3.99900007       1.00363648    
   4.00000000       1.00361431    
   4.00100040       1.00359213    
   4.00200033       1.00356960    
   4.00300026       1.00354695    
   4.00400019       1.00352395    
   4.00500011       1.00350094    
   4.00600004       1.00347769    
   4.00699997       1.00345421    
   4.00800037       1.00343084    
   4.00900030       1.00340688    
   4.01000023       1.00338304    
   4.01100016       1.00335896    
   4.01200008       1.00333476    
   4.01300001       1.00331020    
   4.01400042       1.00328565    
   4.01500034       1.00326097    
   4.01600027       1.00323606    
   4.01700020       1.00321114    
   4.01800013       1.00318587    
   4.01900005       1.00316060    
   4.01999998       1.00313509    
   4.02100039       1.00310946    
   4.02200031       1.00308359    
   4.02300024       1.00305772    
   4.02400017       1.00303161    
   4.02500010       1.00300550    
   4.02600002       1.00297916    
   4.02700043       1.00295258    
   4.02800035       1.00292599    
   4.02900028       1.00289941    
   4.03000021       1.00287247    
   4.03100014       1.00284541    
   4.03200006       1.00281835    
   4.03299999       1.00279105    
   4.03400040       1.00276375    
   4.03500032       1.00273621    
   4.03600025       1.00270867    
   4.03700018       1.00268102    
   4.03800011       1.00265324    
   4.03900003       1.00262523    
   4.03999996       1.00259709    
   4.04100037       1.00256896    
   4.04200029       1.00254071    
   4.04300022       1.00251245    
   4.04400015       1.00248396    
   4.04500008       1.00245535    
   4.04600000       1.00242674    
   4.04700041       1.00239801    
   4.04800034       1.00236928    
   4.04900026       1.00234044    
   4.05000019       1.00231135    
   4.05100012       1.00228238    
   4.05200005       1.00225306    
   4.05299997       1.00222385    
   4.05400038       1.00219464    
   4.05500031       1.00216520    
   4.05600023       1.00213563    
   4.05700016       1.00210607    
   4.05800009       1.00207663    
   4.05900002       1.00204694    
   4.06000042       1.00201702    
   4.06100035       1.00198734    
   4.06200027       1.00195742    
   4.06300020       1.00192750    
   4.06400013       1.00189757    
   4.06500006       1.00186741    
   4.06599998       1.00183749    
   4.06700039       1.00180733    
   4.06800032       1.00177717    
   4.06900024       1.00174677    
   4.07000017       1.00171661    
   4.07100010       1.00168622    
   4.07200003       1.00165594    
   4.07300043       1.00162542    
   4.07400036       1.00159502    
   4.07500029       1.00156474    
   4.07600021       1.00153410    
   4.07700014       1.00150371    
   4.07800007       1.00147307    
   4.07900000       1.00144243    
   4.08000040       1.00141191    
   4.08100033       1.00138140    
   4.08200026       1.00135052    
   4.08300018       1.00132000    
   4.08400011       1.00128937    
   4.08500004       1.00125873    
   4.08599997       1.00122797    
   4.08700037       1.00119734    
   4.08800030       1.00116658    
   4.08900023       1.00113595    
   4.09000015       1.00110519    
   4.09100008       1.00107443    
   4.09200001       1.00104380    
   4.09300041       1.00101316    
   4.09400034       1.00098252    
   4.09500027       1.00095177    
   4.09600019       1.00092113    
