   1.00000005E-03   8.82148743E-06
   2.00000009E-03   8.82148743E-06
   3.00000003E-03   3.03983688E-06
   4.00000019E-03   8.82148743E-06
   5.00000035E-03   5.42402267E-06
   6.00000005E-03   3.03983688E-06
   7.00000022E-03   1.37090683E-06
   8.00000038E-03   8.82148743E-06
   9.00000054E-03   1.78813934E-06
   1.00000007E-02   5.42402267E-06
   1.10000009E-02  -1.19209290E-07
   1.20000001E-02   3.03983688E-06
   1.30000003E-02   5.72204590E-06
   1.40000004E-02   1.37090683E-06
   1.50000006E-02   3.87430191E-06
   1.60000008E-02   8.82148743E-06
   1.70000009E-02   5.12599945E-06
   1.80000011E-02   1.78813934E-06
   1.90000013E-02   8.64267349E-06
   2.00000014E-02   5.42402267E-06
   2.10000016E-02   2.56299973E-06
   2.20000017E-02  -1.19209290E-07
   2.30000019E-02   5.66244125E-06
   2.40000002E-02   3.03983688E-06
   2.50000004E-02   7.15255737E-07
   2.60000005E-02   5.72204590E-06
   2.70000007E-02   3.51667404E-06
   2.80000009E-02   1.37090683E-06
   2.90000010E-02  -4.76837158E-07
   3.00000012E-02   3.87430191E-06
   3.10000014E-02   1.96695328E-06
   3.20000015E-02   8.82148743E-06
   3.29999998E-02   1.25169754E-06
   3.40000018E-02   5.12599945E-06
   3.50000001E-02   8.70227814E-06
   3.60000022E-02   1.78813934E-06
   3.70000005E-02   5.24520874E-06
   3.80000025E-02   8.64267349E-06
   3.90000008E-02   2.20537186E-06
   4.00000028E-02   5.42402267E-06
   4.10000011E-02  -5.96046448E-07
   4.20000032E-02   2.56299973E-06
   4.30000015E-02   5.48362732E-06
   4.40000035E-02  -1.19209290E-07
   4.50000018E-02   2.80141830E-06
   4.60000038E-02   5.66244125E-06
   4.70000021E-02   2.98023224E-07
   4.80000004E-02   3.03983688E-06
   4.90000024E-02   5.72204590E-06
   5.00000007E-02   7.15255737E-07
   5.10000028E-02   3.27825546E-06
   5.20000011E-02   5.72204590E-06
   5.30000031E-02   1.13248825E-06
   5.40000014E-02   3.51667404E-06
   5.50000034E-02   5.78165054E-06
   5.60000017E-02   1.37090683E-06
   5.70000038E-02   3.69548798E-06
   5.80000021E-02  -4.76837158E-07
   5.90000041E-02   1.72853470E-06
   6.00000024E-02   3.87430191E-06
   6.10000044E-02  -1.19209290E-07
   6.20000027E-02   1.96695328E-06
   6.30000010E-02   3.87430191E-06
   6.40000030E-02   8.82148743E-06
   6.50000051E-02  -7.15255737E-07
   6.59999996E-02   1.25169754E-06
   6.70000017E-02   3.21865082E-06
   6.80000037E-02   5.12599945E-06
   6.90000057E-02   7.03334808E-06
   7.00000003E-02   8.70227814E-06
   7.10000023E-02  -1.19209290E-07
   7.20000044E-02   1.78813934E-06
   7.30000064E-02   3.57627869E-06
   7.40000010E-02   5.24520874E-06
   7.50000030E-02   6.97374344E-06
   7.60000050E-02   8.64267349E-06
   7.70000070E-02   5.96046448E-07
   7.80000016E-02   2.20537186E-06
   7.90000036E-02   3.75509262E-06
   8.00000057E-02   5.42402267E-06
   8.10000002E-02   6.91413879E-06
   8.20000023E-02  -5.96046448E-07
   8.30000043E-02   1.01327896E-06
   8.40000063E-02   2.56299973E-06
   8.50000009E-02   4.05311584E-06
   8.60000029E-02   5.48362732E-06
   8.70000049E-02   6.91413879E-06
   8.80000070E-02  -1.19209290E-07
   8.90000015E-02   1.31130219E-06
   9.00000036E-02   2.80141830E-06
   9.10000056E-02   4.23192978E-06
   9.20000076E-02   5.66244125E-06
   9.30000022E-02   6.97374344E-06
   9.40000042E-02   2.98023224E-07
   9.50000063E-02   1.72853470E-06
   9.60000008E-02   3.03983688E-06
   9.70000029E-02   4.35113907E-06
   9.80000049E-02   5.72204590E-06
   9.90000069E-02  -4.76837158E-07
  0.100000001       7.15255737E-07
  0.101000004       2.08616257E-06
  0.102000006       3.27825546E-06
  0.103000008       4.52995300E-06
  0.104000002       5.72204590E-06
  0.105000004      -1.19209290E-07
  0.106000006       1.13248825E-06
  0.107000008       2.38418579E-06
  0.108000003       3.51667404E-06
  0.109000005       4.70876694E-06
  0.110000007       5.78165054E-06
  0.111000009       2.98023224E-07
  0.112000003       1.37090683E-06
  0.113000005       2.56299973E-06
  0.114000008       3.69548798E-06
  0.115000002       4.76837158E-06
  0.116000004      -4.76837158E-07
  0.117000006       6.55651093E-07
  0.118000008       1.72853470E-06
  0.119000003       2.74181366E-06
  0.120000005       3.87430191E-06
  0.121000007       4.94718552E-06
  0.122000009      -1.19209290E-07
  0.123000003       8.94069672E-07
  0.124000005       1.96695328E-06
  0.125000000       2.98023224E-06
  0.126000002       3.87430191E-06
  0.127000004       7.86781311E-06
  0.128000006       8.82148743E-06
  0.129000008       9.83476639E-06
  0.130000010      -7.15255737E-07
  0.131000012       3.57627869E-07
  0.131999999       1.25169754E-06
  0.133000001       2.26497650E-06
  0.134000003       3.21865082E-06
  0.135000005       4.17232513E-06
  0.136000007       5.12599945E-06
  0.137000009       6.07967377E-06
  0.138000011       7.03334808E-06
  0.139000013       7.92741776E-06
  0.140000001       8.70227814E-06
  0.141000003       9.53674316E-06
  0.142000005      -1.19209290E-07
  0.143000007       8.34465027E-07
  0.144000009       1.78813934E-06
  0.145000011       2.68220901E-06
  0.146000013       3.57627869E-06
  0.147000000       4.35113907E-06
  0.148000002       5.24520874E-06
  0.149000004       6.07967377E-06
  0.150000006       6.97374344E-06
  0.151000008       7.80820847E-06
  0.152000010       8.64267349E-06
  0.153000012      -2.38418579E-07
  0.154000014       5.96046448E-07
  0.155000001       1.37090683E-06
  0.156000003       2.20537186E-06
  0.157000005       2.92062759E-06
  0.158000007       3.75509262E-06
  0.159000009       4.58955765E-06
  0.160000011       5.42402267E-06
  0.161000013       6.19888306E-06
  0.162000000       6.91413879E-06
  0.163000003       7.68899918E-06
  0.164000005      -5.96046448E-07
  0.165000007       1.78813934E-07
  0.166000009       1.01327896E-06
  0.167000011       1.78813934E-06
  0.168000013       2.56299973E-06
  0.169000015       3.33786011E-06
  0.170000002       4.05311584E-06
  0.171000004       4.76837158E-06
  0.172000006       5.48362732E-06
  0.173000008       6.19888306E-06
  0.174000010       6.91413879E-06
  0.175000012      -8.34465027E-07
  0.176000014      -1.19209290E-07
  0.177000001       5.96046448E-07
  0.178000003       1.31130219E-06
  0.179000005       2.08616257E-06
  0.180000007       2.80141830E-06
  0.181000009       3.51667404E-06
  0.182000011       4.23192978E-06
  0.183000013       4.94718552E-06
  0.184000015       5.66244125E-06
  0.185000002       6.25848770E-06
  0.186000004       6.97374344E-06
  0.187000006      -3.57627869E-07
  0.188000008       2.98023224E-07
  0.189000010       1.01327896E-06
  0.190000013       1.72853470E-06
  0.191000015       2.44379044E-06
  0.192000002       3.03983688E-06
  0.193000004       3.69548798E-06
  0.194000006       4.35113907E-06
  0.195000008       5.06639481E-06
  0.196000010       5.72204590E-06
  0.197000012       6.37769699E-06
  0.198000014      -4.76837158E-07
  0.199000016       1.78813934E-07
  0.200000003       7.15255737E-07
  0.201000005       1.43051147E-06
  0.202000007       2.08616257E-06
  0.203000009       2.74181366E-06
  0.204000011       3.27825546E-06
  0.205000013       3.93390656E-06
  0.206000015       4.52995300E-06
  0.207000017       5.18560410E-06
  0.208000004       5.72204590E-06
  0.209000006      -8.34465027E-07
  0.210000008      -1.19209290E-07
  0.211000010       4.76837158E-07
  0.212000012       1.13248825E-06
  0.213000014       1.72853470E-06
  0.214000016       2.38418579E-06
  0.215000004       2.92062759E-06
  0.216000006       3.51667404E-06
  0.217000008       4.11272049E-06
  0.218000010       4.70876694E-06
  0.219000012       5.24520874E-06
  0.220000014       5.78165054E-06
  0.221000016      -3.57627869E-07
  0.222000018       2.98023224E-07
  0.223000005       7.74860382E-07
  0.224000007       1.37090683E-06
  0.225000009       1.96695328E-06
  0.226000011       2.56299973E-06
  0.227000013       3.15904617E-06
  0.228000015       3.69548798E-06
  0.229000017       4.29153442E-06
  0.230000004       4.76837158E-06
  0.231000006       5.36441803E-06
  0.232000008      -4.76837158E-07
  0.233000010       5.96046448E-08
  0.234000012       6.55651093E-07
  0.235000014       1.13248825E-06
  0.236000016       1.72853470E-06
  0.237000018       2.26497650E-06
  0.238000005       2.74181366E-06
  0.239000008       3.27825546E-06
  0.240000010       3.87430191E-06
  0.241000012       4.41074371E-06
  0.242000014       4.94718552E-06
  0.243000016      -7.15255737E-07
  0.244000018      -1.19209290E-07
  0.245000005       3.57627869E-07
  0.246000007       8.94069672E-07
  0.247000009       1.43051147E-06
  0.248000011       1.96695328E-06
  0.249000013       2.50339508E-06
  0.250000000       2.98023224E-06
  0.251000017       3.45706940E-06
  0.252000004       3.87430191E-06
  0.253000021       1.54972076E-06
  0.254000008       7.86781311E-06
  0.255000025       2.56299973E-06
  0.256000012       8.82148743E-06
  0.256999999       3.45706940E-06
  0.258000016       9.83476639E-06
  0.259000003       4.47034836E-06
  0.260000020      -7.15255737E-07
  0.261000007       5.48362732E-06
  0.262000024       3.57627869E-07
  0.263000011       6.43730164E-06
  0.263999999       1.25169754E-06
  0.265000015       7.45058060E-06
  0.266000003       2.26497650E-06
  0.267000020       8.34465027E-06
  0.268000007       3.21865082E-06
  0.269000024       9.29832458E-06
  0.270000011       4.17232513E-06
  0.271000028      -7.15255737E-07
  0.272000015       5.12599945E-06
  0.273000002       1.19209290E-07
  0.274000019       6.07967377E-06
  0.275000006       1.07288361E-06
  0.276000023       7.03334808E-06
  0.277000010       2.02655792E-06
  0.278000027       7.92741776E-06
  0.279000014       2.98023224E-06
  0.280000001       8.70227814E-06
  0.281000018       3.93390656E-06
  0.282000005       9.53674316E-06
  0.283000022       4.76837158E-06
  0.284000009      -1.19209290E-07
  0.285000026       5.66244125E-06
  0.286000013       8.34465027E-07
  0.287000000       6.43730164E-06
  0.288000017       1.78813934E-06
  0.289000005       7.33137131E-06
  0.290000021       2.68220901E-06
  0.291000009       8.16583633E-06
  0.292000026       3.57627869E-06
  0.293000013       9.05990601E-06
  0.294000000       4.35113907E-06
  0.295000017      -2.38418579E-07
  0.296000004       5.24520874E-06
  0.297000021       7.15255737E-07
  0.298000008       6.07967377E-06
  0.299000025       1.60932541E-06
  0.300000012       6.97374344E-06
  0.301000029       2.50339508E-06
  0.302000016       7.80820847E-06
  0.303000003       3.21865082E-06
  0.304000020       8.64267349E-06
  0.305000007       4.11272049E-06
  0.306000024      -2.38418579E-07
  0.307000011       4.94718552E-06
  0.308000028       5.96046448E-07
  0.309000015       5.78165054E-06
  0.310000002       1.37090683E-06
  0.311000019       6.61611557E-06
  0.312000006       2.20537186E-06
  0.313000023       7.33137131E-06
  0.314000010       2.92062759E-06
  0.315000027       8.16583633E-06
  0.316000015       3.75509262E-06
  0.317000002      -5.96046448E-07
  0.318000019       4.58955765E-06
  0.319000006       2.98023224E-07
  0.320000023       5.42402267E-06
  0.321000010       1.13248825E-06
  0.322000027       6.19888306E-06
  0.323000014       1.96695328E-06
  0.324000001       6.91413879E-06
  0.325000018       2.74181366E-06
  0.326000005       7.68899918E-06
  0.327000022       3.57627869E-06
  0.328000009      -5.96046448E-07
  0.329000026       4.35113907E-06
  0.330000013       1.78813934E-07
  0.331000030       5.12599945E-06
  0.332000017       1.01327896E-06
  0.333000004       5.84125519E-06
  0.334000021       1.78813934E-06
  0.335000008       6.55651093E-06
  0.336000025       2.56299973E-06
  0.337000012       7.33137131E-06
  0.338000029       3.33786011E-06
  0.339000016      -7.15255737E-07
  0.340000004       4.05311584E-06
  0.341000021       5.96046448E-08
  0.342000008       4.76837158E-06
  0.343000025       8.94069672E-07
  0.344000012       5.48362732E-06
  0.345000029       1.54972076E-06
  0.346000016       6.19888306E-06
  0.347000003       2.20537186E-06
  0.348000020       6.91413879E-06
  0.349000007       2.98023224E-06
  0.350000024      -8.34465027E-07
  0.351000011       3.75509262E-06
  0.352000028      -1.19209290E-07
  0.353000015       4.47034836E-06
  0.354000002       5.96046448E-07
  0.355000019       5.18560410E-06
  0.356000006       1.31130219E-06
  0.357000023       5.90085983E-06
  0.358000010       2.08616257E-06
  0.359000027       6.61611557E-06
  0.360000014       2.80141830E-06
  0.361000031      -9.53674316E-07
  0.362000018       3.51667404E-06
  0.363000005      -2.38418579E-07
  0.364000022       4.23192978E-06
  0.365000010       4.76837158E-07
  0.366000026       4.94718552E-06
  0.367000014       1.19209290E-06
  0.368000031       5.66244125E-06
  0.369000018       1.96695328E-06
  0.370000005       6.25848770E-06
  0.371000022       2.62260437E-06
  0.372000009       6.97374344E-06
  0.373000026       3.33786011E-06
  0.374000013      -3.57627869E-07
  0.375000030       4.05311584E-06
  0.376000017       2.98023224E-07
  0.377000004       4.58955765E-06
  0.378000021       1.01327896E-06
  0.379000008       5.24520874E-06
  0.380000025       1.72853470E-06
  0.381000012       5.96046448E-06
  0.382000029       2.44379044E-06
  0.383000016       6.61611557E-06
  0.384000003       3.03983688E-06
  0.385000020      -4.76837158E-07
  0.386000007       3.69548798E-06
  0.387000024       2.38418579E-07
  0.388000011       4.35113907E-06
  0.389000028       8.94069672E-07
  0.390000015       5.06639481E-06
  0.391000032       1.60932541E-06
  0.392000020       5.72204590E-06
  0.393000007       2.20537186E-06
  0.394000024       6.37769699E-06
  0.395000011       2.86102295E-06
  0.396000028      -4.76837158E-07
  0.397000015       3.51667404E-06
  0.398000032       1.78813934E-07
  0.399000019       4.17232513E-06
  0.400000006       7.15255737E-07
  0.401000023       4.82797623E-06
  0.402000010       1.43051147E-06
  0.403000027       5.48362732E-06
  0.404000014       2.08616257E-06
  0.405000031       6.07967377E-06
  0.406000018       2.74181366E-06
  0.407000005      -7.15255737E-07
  0.408000022       3.27825546E-06
  0.409000009      -1.19209290E-07
  0.410000026       3.93390656E-06
  0.411000013       5.96046448E-07
  0.412000030       4.52995300E-06
  0.413000017       1.25169754E-06
  0.414000034       5.18560410E-06
  0.415000021       1.84774399E-06
  0.416000009       5.72204590E-06
  0.417000026       2.50339508E-06
  0.418000013      -8.34465027E-07
  0.419000030       3.15904617E-06
  0.420000017      -1.19209290E-07
  0.421000034       3.75509262E-06
  0.422000021       4.76837158E-07
  0.423000008       4.29153442E-06
  0.424000025       1.13248825E-06
  0.425000012       4.88758087E-06
  0.426000029       1.72853470E-06
  0.427000016       5.54323196E-06
  0.428000033       2.38418579E-06
  0.429000020      -8.34465027E-07
  0.430000007       2.92062759E-06
  0.431000024      -2.38418579E-07
  0.432000011       3.51667404E-06
  0.433000028       4.17232513E-07
  0.434000015       4.11272049E-06
  0.435000032       1.01327896E-06
  0.436000019       4.70876694E-06
  0.437000006       1.54972076E-06
  0.438000023       5.24520874E-06
  0.439000010       2.08616257E-06
  0.440000027       5.78165054E-06
  0.441000015       2.68220901E-06
  0.442000031      -3.57627869E-07
  0.443000019       3.27825546E-06
  0.444000036       2.98023224E-07
  0.445000023       3.87430191E-06
  0.446000010       7.74860382E-07
  0.447000027       4.47034836E-06
  0.448000014       1.37090683E-06
  0.449000031       5.06639481E-06
  0.450000018       1.96695328E-06
  0.451000035       5.54323196E-06
  0.452000022       2.56299973E-06
  0.453000009      -4.76837158E-07
  0.454000026       3.15904617E-06
  0.455000013       1.19209290E-07
  0.456000030       3.69548798E-06
  0.457000017       7.15255737E-07
  0.458000034       4.29153442E-06
  0.459000021       1.31130219E-06
  0.460000008       4.76837158E-06
  0.461000025       1.84774399E-06
  0.462000012       5.36441803E-06
  0.463000029       2.44379044E-06
  0.464000016      -4.76837158E-07
  0.465000033       3.03983688E-06
  0.466000021       5.96046448E-08
  0.467000008       3.51667404E-06
  0.468000025       6.55651093E-07
  0.469000012       3.99351120E-06
  0.470000029       1.13248825E-06
  0.471000016       4.52995300E-06
  0.472000033       1.72853470E-06
  0.473000020       5.12599945E-06
  0.474000037       2.26497650E-06
  0.475000024      -5.96046448E-07
  0.476000011       2.74181366E-06
  0.477000028      -1.19209290E-07
  0.478000015       3.27825546E-06
  0.479000032       4.76837158E-07
  0.480000019       3.87430191E-06
  0.481000036       1.07288361E-06
  0.482000023       4.41074371E-06
  0.483000010       1.54972076E-06
  0.484000027       4.94718552E-06
  0.485000014       2.08616257E-06
  0.486000031      -7.15255737E-07
  0.487000018       2.62260437E-06
  0.488000035      -1.19209290E-07
  0.489000022       3.15904617E-06
  0.490000010       3.57627869E-07
  0.491000026       3.69548798E-06
  0.492000014       8.94069672E-07
  0.493000031       4.23192978E-06
  0.494000018       1.43051147E-06
  0.495000035       4.76837158E-06
  0.496000022       1.96695328E-06
  0.497000009      -8.34465027E-07
  0.498000026       2.50339508E-06
  0.499000013      -2.38418579E-07
  0.500000000       2.98023224E-06
  0.501000047       6.19888306E-06
  0.502000034       3.45706940E-06
  0.503000021       6.61611557E-06
  0.504000008       3.87430191E-06
  0.504999995       7.09295273E-06
  0.506000042       1.54972076E-06
  0.507000029       1.06096268E-05
  0.508000016       7.86781311E-06
  0.509000003       5.12599945E-06
  0.510000050       2.56299973E-06
  0.511000037      -1.19209290E-07
  0.512000024       8.82148743E-06
  0.513000011       6.13927841E-06
  0.513999999       3.45706940E-06
  0.515000045       9.53674316E-07
  0.516000032       9.83476639E-06
  0.517000020       7.15255737E-06
  0.518000007       4.47034836E-06
  0.519000053       1.96695328E-06
  0.520000041      -7.15255737E-07
  0.521000028       8.10623169E-06
  0.522000015       5.48362732E-06
  0.523000002       2.86102295E-06
  0.524000049       3.57627869E-07
  0.525000036       9.05990601E-06
  0.526000023       6.43730164E-06
  0.527000010       3.87430191E-06
  0.527999997       1.25169754E-06
  0.529000044       1.00135803E-05
  0.530000031       7.45058060E-06
  0.531000018       4.82797623E-06
  0.532000005       2.26497650E-06
  0.533000052      -2.38418579E-07
  0.534000039       8.34465027E-06
  0.535000026       5.78165054E-06
  0.536000013       3.21865082E-06
  0.537000000       6.55651093E-07
  0.538000047       9.29832458E-06
  0.539000034       6.73532486E-06
  0.540000021       4.17232513E-06
  0.541000009       1.66893005E-06
  0.542000055      -7.15255737E-07
  0.543000042       7.68899918E-06
  0.544000030       5.12599945E-06
  0.545000017       2.62260437E-06
  0.546000004       1.19209290E-07
  0.547000051       8.58306885E-06
  0.548000038       6.07967377E-06
  0.549000025       3.57627869E-06
  0.550000012       1.07288361E-06
  0.550999999       9.41753387E-06
  0.552000046       7.03334808E-06
  0.553000033       4.52995300E-06
  0.554000020       2.02655792E-06
  0.555000007      -4.76837158E-07
  0.556000054       7.92741776E-06
  0.557000041       5.48362732E-06
  0.558000028       2.98023224E-06
  0.559000015       5.36441803E-07
  0.560000002       8.70227814E-06
  0.561000049       6.37769699E-06
  0.562000036       3.93390656E-06
  0.563000023       1.37090683E-06
  0.564000010       9.53674316E-06
  0.564999998       7.09295273E-06
  0.566000044       4.76837158E-06
  0.567000031       2.32458115E-06
  0.568000019      -1.19209290E-07
  0.569000006       7.98702240E-06
  0.570000052       5.66244125E-06
  0.571000040       3.21865082E-06
  0.572000027       8.34465027E-07
  0.573000014       8.82148743E-06
  0.574000001       6.43730164E-06
  0.575000048       4.17232513E-06
  0.576000035       1.78813934E-06
  0.577000022      -5.96046448E-07
  0.578000009       7.33137131E-06
  0.579000056       5.06639481E-06
  0.580000043       2.68220901E-06
  0.581000030       2.98023224E-07
  0.582000017       8.16583633E-06
  0.583000004       5.84125519E-06
  0.584000051       3.57627869E-06
  0.585000038       1.25169754E-06
  0.586000025       9.05990601E-06
  0.587000012       6.67572021E-06
  0.588000000       4.35113907E-06
  0.589000046       2.14576721E-06
  0.590000033      -2.38418579E-07
  0.591000021       7.56978989E-06
  0.592000008       5.24520874E-06
  0.593000054       3.03983688E-06
  0.594000041       7.15255737E-07
  0.595000029       8.40425491E-06
  0.596000016       6.07967377E-06
  0.597000003       3.81469727E-06
  0.598000050       1.60932541E-06
  0.599000037      -7.15255737E-07
  0.600000024       6.97374344E-06
  0.601000011       4.64916229E-06
  0.602000058       2.50339508E-06
  0.603000045       1.78813934E-07
  0.604000032       7.80820847E-06
  0.605000019       5.54323196E-06
  0.606000006       3.21865082E-06
  0.607000053       1.07288361E-06
  0.608000040       8.64267349E-06
  0.609000027       6.37769699E-06
  0.610000014       4.11272049E-06
  0.611000001       1.84774399E-06
  0.612000048      -2.38418579E-07
  0.613000035       7.21216202E-06
  0.614000022       4.94718552E-06
  0.615000010       2.74181366E-06
  0.616000056       5.96046448E-07
  0.617000043       8.04662704E-06
  0.618000031       5.78165054E-06
  0.619000018       3.57627869E-06
  0.620000005       1.37090683E-06
  0.621000051      -7.15255737E-07
  0.622000039       6.61611557E-06
  0.623000026       4.41074371E-06
  0.624000013       2.20537186E-06
  0.625000000       0.00000000    
  0.626000047       7.33137131E-06
  0.627000034       5.12599945E-06
  0.628000021       2.92062759E-06
  0.629000008       7.74860382E-07
  0.630000055       8.16583633E-06
  0.631000042       5.96046448E-06
  0.632000029       3.75509262E-06
  0.633000016       1.60932541E-06
  0.634000003      -5.96046448E-07
  0.635000050       6.73532486E-06
  0.636000037       4.58955765E-06
  0.637000024       2.44379044E-06
  0.638000011       2.98023224E-07
  0.639000058       7.56978989E-06
  0.640000045       5.42402267E-06
  0.641000032       3.27825546E-06
  0.642000020       1.13248825E-06
  0.643000007       8.16583633E-06
  0.644000053       6.19888306E-06
  0.645000041       4.05311584E-06
  0.646000028       1.96695328E-06
  0.647000015      -2.38418579E-07
  0.648000002       6.91413879E-06
  0.649000049       4.88758087E-06
  0.650000036       2.74181366E-06
  0.651000023       6.55651093E-07
  0.652000010       7.68899918E-06
  0.653000057       5.66244125E-06
  0.654000044       3.57627869E-06
  0.655000031       1.43051147E-06
  0.656000018      -5.96046448E-07
  0.657000005       6.37769699E-06
  0.658000052       4.35113907E-06
  0.659000039       2.26497650E-06
  0.660000026       1.78813934E-07
  0.661000013       7.15255737E-06
  0.662000060       5.12599945E-06
  0.663000047       3.03983688E-06
  0.664000034       1.01327896E-06
  0.665000021       7.86781311E-06
  0.666000009       5.84125519E-06
  0.667000055       3.81469727E-06
  0.668000042       1.78813934E-06
  0.669000030      -2.38418579E-07
  0.670000017       6.55651093E-06
  0.671000004       4.52995300E-06
  0.672000051       2.56299973E-06
  0.673000038       5.36441803E-07
  0.674000025       7.33137131E-06
  0.675000012       5.30481339E-06
  0.676000059       3.33786011E-06
  0.677000046       1.31130219E-06
  0.678000033      -7.15255737E-07
  0.679000020       6.07967377E-06
  0.680000007       4.05311584E-06
  0.681000054       2.08616257E-06
  0.682000041       5.96046448E-08
  0.683000028       6.79492950E-06
  0.684000015       4.76837158E-06
  0.685000062       2.86102295E-06
  0.686000049       8.94069672E-07
  0.687000036       7.56978989E-06
  0.688000023       5.48362732E-06
  0.689000010       3.45706940E-06
  0.690000057       1.54972076E-06
  0.691000044      -4.76837158E-07
  0.692000031       6.19888306E-06
  0.693000019       4.23192978E-06
  0.694000006       2.20537186E-06
  0.695000052       3.57627869E-07
  0.696000040       6.91413879E-06
  0.697000027       4.94718552E-06
  0.698000014       2.98023224E-06
  0.699000061       1.13248825E-06
  0.700000048      -8.34465027E-07
  0.701000035       5.72204590E-06
  0.702000022       3.75509262E-06
  0.703000009       1.78813934E-06
  0.704000056      -1.19209290E-07
  0.705000043       6.43730164E-06
  0.706000030       4.47034836E-06
  0.707000017       2.50339508E-06
  0.708000004       5.96046448E-07
  0.709000051       7.15255737E-06
  0.710000038       5.18560410E-06
  0.711000025       3.27825546E-06
  0.712000012       1.31130219E-06
  0.713000059      -4.76837158E-07
  0.714000046       5.90085983E-06
  0.715000033       3.99351120E-06
  0.716000021       2.08616257E-06
  0.717000008       1.78813934E-07
  0.718000054       6.61611557E-06
  0.719000041       4.70876694E-06
  0.720000029       2.80141830E-06
  0.721000016       8.94069672E-07
  0.722000062      -9.53674316E-07
  0.723000050       5.42402267E-06
  0.724000037       3.51667404E-06
  0.725000024       1.66893005E-06
  0.726000011      -2.38418579E-07
  0.727000058       6.13927841E-06
  0.728000045       4.23192978E-06
  0.729000032       2.38418579E-06
  0.730000019       4.76837158E-07
  0.731000006       6.79492950E-06
  0.732000053       4.94718552E-06
  0.733000040       3.09944153E-06
  0.734000027       1.19209290E-06
  0.735000014      -5.96046448E-07
  0.736000061       5.66244125E-06
  0.737000048       3.81469727E-06
  0.738000035       1.96695328E-06
  0.739000022       5.96046448E-08
  0.740000010       6.25848770E-06
  0.741000056       4.52995300E-06
  0.742000043       2.62260437E-06
  0.743000031       7.74860382E-07
  0.744000018       6.97374344E-06
  0.745000064       5.18560410E-06
  0.746000051       3.33786011E-06
  0.747000039       1.49011612E-06
  0.748000026      -3.57627869E-07
  0.749000013       5.78165054E-06
  0.750000060       4.05311584E-06
  0.751000047       2.14576721E-06
  0.752000034       2.98023224E-07
  0.753000021       6.43730164E-06
  0.754000008       4.58955765E-06
  0.755000055       2.86102295E-06
  0.756000042       1.01327896E-06
  0.757000029      -8.34465027E-07
  0.758000016       5.24520874E-06
  0.759000063       3.51667404E-06
  0.760000050       1.72853470E-06
  0.761000037      -1.19209290E-07
  0.762000024       5.96046448E-06
  0.763000011       4.11272049E-06
  0.764000058       2.44379044E-06
  0.765000045       5.96046448E-07
  0.766000032       6.61611557E-06
  0.767000020       4.82797623E-06
  0.768000007       3.03983688E-06
  0.769000053       1.31130219E-06
  0.770000041      -4.76837158E-07
  0.771000028       5.48362732E-06
  0.772000015       3.69548798E-06
  0.773000062       2.02655792E-06
  0.774000049       2.38418579E-07
  0.775000036       6.13927841E-06
  0.776000023       4.35113907E-06
  0.777000010       2.62260437E-06
  0.778000057       8.94069672E-07
  0.779000044      -8.34465027E-07
  0.780000031       5.06639481E-06
  0.781000018       3.27825546E-06
  0.782000065       1.60932541E-06
  0.783000052      -1.19209290E-07
  0.784000039       5.72204590E-06
  0.785000026       3.93390656E-06
  0.786000013       2.20537186E-06
  0.787000060       5.36441803E-07
  0.788000047       6.37769699E-06
  0.789000034       4.58955765E-06
  0.790000021       2.86102295E-06
  0.791000009       1.13248825E-06
  0.792000055      -4.76837158E-07
  0.793000042       5.24520874E-06
  0.794000030       3.51667404E-06
  0.795000017       1.78813934E-06
  0.796000063       1.78813934E-07
  0.797000051       5.90085983E-06
  0.798000038       4.17232513E-06
  0.799000025       2.44379044E-06
  0.800000012       7.15255737E-07
  0.801000059       6.49690628E-06
  0.802000046       4.82797623E-06
  0.803000033       3.09944153E-06
  0.804000020       1.43051147E-06
  0.805000067      -2.38418579E-07
  0.806000054       5.48362732E-06
  0.807000041       3.75509262E-06
  0.808000028       2.08616257E-06
  0.809000015       3.57627869E-07
  0.810000062       6.07967377E-06
  0.811000049       4.41074371E-06
  0.812000036       2.74181366E-06
  0.813000023       9.53674316E-07
  0.814000010      -7.15255737E-07
  0.815000057       4.94718552E-06
  0.816000044       3.27825546E-06
  0.817000031       1.60932541E-06
  0.818000019      -1.19209290E-07
  0.819000065       5.60283661E-06
  0.820000052       3.93390656E-06
  0.821000040       2.26497650E-06
  0.822000027       5.96046448E-07
  0.823000014       6.13927841E-06
  0.824000061       4.52995300E-06
  0.825000048       2.86102295E-06
  0.826000035       1.25169754E-06
  0.827000022      -4.76837158E-07
  0.828000069       5.18560410E-06
  0.829000056       3.51667404E-06
  0.830000043       1.84774399E-06
  0.831000030       2.38418579E-07
  0.832000017       5.72204590E-06
  0.833000064       4.17232513E-06
  0.834000051       2.50339508E-06
  0.835000038       8.34465027E-07
  0.836000025      -8.34465027E-07
  0.837000012       4.70876694E-06
  0.838000059       3.15904617E-06
  0.839000046       1.49011612E-06
  0.840000033      -1.19209290E-07
  0.841000021       5.30481339E-06
  0.842000067       3.75509262E-06
  0.843000054       2.14576721E-06
  0.844000041       4.76837158E-07
  0.845000029       5.90085983E-06
  0.846000016       4.29153442E-06
  0.847000062       2.74181366E-06
  0.848000050       1.13248825E-06
  0.849000037      -4.76837158E-07
  0.850000024       4.88758087E-06
  0.851000011       3.27825546E-06
  0.852000058       1.72853470E-06
  0.853000045       1.19209290E-07
  0.854000032       5.54323196E-06
  0.855000019       3.87430191E-06
  0.856000066       2.38418579E-06
  0.857000053       7.74860382E-07
  0.858000040       6.13927841E-06
  0.859000027       4.52995300E-06
  0.860000014       2.92062759E-06
  0.861000061       1.37090683E-06
  0.862000048       6.73532486E-06
  0.863000035       5.12599945E-06
  0.864000022       3.51667404E-06
  0.865000069       8.88109207E-06
  0.866000056       7.27176666E-06
  0.867000043       1.25765800E-05
  0.868000031       1.09672546E-05
  0.869000018       1.62720680E-05
  0.870000064       1.47223473E-05
  0.871000051       1.99675560E-05
  0.872000039       2.52127647E-05
  0.873000026       3.04579735E-05
  0.874000013       4.24981117E-05
  0.875000060       4.77433205E-05
  0.876000047       5.96642494E-05
  0.877000034       7.16447830E-05
  0.878000021       9.03606415E-05
  0.879000068       1.09076500E-04
  0.880000055       1.27732754E-04
  0.881000042       1.53124332E-04
  0.882000029       1.85191631E-04
  0.883000016       2.23934650E-04
  0.884000063       2.69353390E-04
  0.885000050       3.21388245E-04
  0.886000037       3.86774540E-04
  0.887000024       4.58717346E-04
  0.888000071       5.43951988E-04
  0.889000058       6.42359257E-04
  0.890000045       7.53939152E-04
  0.891000032       8.92043114E-04
  0.892000020       1.04320049E-03
  0.893000066       1.22082233E-03
  0.894000053       1.41793489E-03
  0.895000041       1.64788961E-03
  0.896000028       1.91062689E-03
  0.897000015       2.21264362E-03
  0.898000062       2.55382061E-03
  0.899000049       2.93403864E-03
  0.900000036       3.36635113E-03
  0.901000023       3.85725498E-03
  0.902000070       4.40657139E-03
  0.903000057       5.02067804E-03
  0.904000044       5.70589304E-03
  0.905000031       6.47521019E-03
  0.906000018       7.32624531E-03
  0.907000065       8.27175379E-03
  0.908000052       9.31799412E-03
  0.909000039       1.04799867E-02
  0.910000026       1.17573142E-02
  0.911000073       1.31692886E-02
  0.912000060       1.47153735E-02
  0.913000047       1.64147019E-02
  0.914000034       1.82668567E-02
  0.915000021       2.02973485E-02
  0.916000068       2.25057006E-02
  0.917000055       2.49106288E-02
  0.918000042       2.75181532E-02
  0.919000030       3.03469300E-02
  0.920000017       3.34092975E-02
  0.921000063       3.67110372E-02
  0.922000051       4.02770042E-02
  0.923000038       4.41065431E-02
  0.924000025       4.82244492E-02
  0.925000072       5.26428819E-02
  0.926000059       5.73735833E-02
  0.927000046       6.24319911E-02
  0.928000033       6.78254962E-02
  0.929000020       7.35767484E-02
  0.930000067       7.97002316E-02
  0.931000054       8.62009525E-02
  0.932000041       9.30971503E-02
  0.933000028      0.100400209    
  0.934000015      0.108121574    
  0.935000062      0.116285324    
  0.936000049      0.124890268    
  0.937000036      0.133953810    
  0.938000023      0.143487453    
  0.939000070      0.153499067    
  0.940000057      0.164002895    
  0.941000044      0.175006509    
  0.942000031      0.186519206    
  0.943000019      0.198549151    
  0.944000065      0.211105406    
  0.945000052      0.224189699    
  0.946000040      0.237812757    
  0.947000027      0.251985133    
  0.948000073      0.266701758    
  0.949000061      0.281968772    
  0.950000048      0.297787428    
  0.951000035      0.314166367    
  0.952000022      0.331096828    
  0.953000069      0.348586321    
  0.954000056      0.366631329    
  0.955000043      0.385229290    
  0.956000030      0.404373825    
  0.957000017      0.424067318    
  0.958000064      0.444298327    
  0.959000051      0.465071082    
  0.960000038      0.486364245    
  0.961000025      0.508185148    
  0.962000072      0.530512333    
  0.963000059      0.553347945    
  0.964000046      0.576666534    
  0.965000033      0.600474358    
  0.966000021      0.624741793    
  0.967000067      0.649476290    
  0.968000054      0.674641609    
  0.969000041      0.700240493    
  0.970000029      0.726243854    
  0.971000075      0.752654433    
  0.972000062      0.779433489    
  0.973000050      0.806585133    
  0.974000037      0.834070921    
  0.975000024      0.861893535    
  0.976000071      0.890016735    
  0.977000058      0.918437064    
  0.978000045      0.947116017    
  0.979000032      0.976056099    
  0.980000019       1.00521278    
  0.981000066       1.03459394    
  0.982000053       1.06414962    
  0.983000040       1.09388363    
  0.984000027       1.12375259    
  0.985000074       1.15376067    
  0.986000061       1.18385839    
  0.987000048       1.21405196    
  0.988000035       1.24429536    
  0.989000022       1.27459085    
  0.990000069       1.30489659    
  0.991000056       1.33521008    
  0.992000043       1.36548996    
  0.993000031       1.39573836    
  0.994000018       1.42591119    
  0.995000064       1.45601547    
  0.996000051       1.48600113    
  0.997000039       1.51587963    
  0.998000026       1.54560089    
  0.999000072       1.57517791    
   1.00000000       1.60455561    
   1.00100005       1.63375449    
   1.00200009       1.66272748    
   1.00300002       1.69147253    
   1.00400007       1.71996188    
   1.00500000       1.74819899    
   1.00600004       1.77614212    
   1.00700009       1.80380237    
   1.00800002       1.83113539    
   1.00900006       1.85816026    
   1.00999999       1.88483024    
   1.01100004       1.91116416    
   1.01200008       1.93712187    
   1.01300001       1.96271038    
   1.01400006       1.98790097    
   1.01500010       2.01270914    
   1.01600003       2.03709245    
   1.01700008       2.06107116    
   1.01800001       2.08460069    
   1.01900005       2.10771751    
   1.02000010       2.13036823    
   1.02100003       2.15258765    
   1.02200007       2.17432642    
   1.02300000       2.19561911    
   1.02400005       2.21642160    
   1.02500010       2.23677111    
   1.02600002       2.25660944    
   1.02700007       2.27598763    
   1.02800000       2.29485416    
   1.02900004       2.31325293    
   1.03000009       2.33113480    
   1.03100002       2.34852743    
   1.03200006       2.36540699    
   1.03299999       2.38180542    
   1.03400004       2.39767742    
   1.03500009       2.41307020    
   1.03600001       2.42794108    
   1.03700006       2.44232464    
   1.03800011       2.45618629    
   1.03900003       2.46956301    
   1.04000008       2.48243046    
   1.04100001       2.49480700    
   1.04200006       2.50667739    
   1.04300010       2.51806784    
   1.04400003       2.52894616    
   1.04500008       2.53935814    
   1.04600000       2.54926300    
   1.04700005       2.55871129    
   1.04800010       2.56766224    
   1.04900002       2.57615423    
   1.05000007       2.58416319    
   1.05100000       2.59172535    
   1.05200005       2.59880948    
   1.05300009       2.60546017    
   1.05400002       2.61163998    
   1.05500007       2.61738920    
   1.05599999       2.62269068    
   1.05700004       2.62756920    
   1.05800009       2.63201380    
   1.05900002       2.63604498    
   1.06000006       2.63965321    
   1.06100011       2.64286828    
   1.06200004       2.64565897    
   1.06300008       2.64807320    
   1.06400001       2.65008354    
   1.06500006       2.65172195    
   1.06600010       2.65297937    
   1.06700003       2.65386939    
   1.06800008       2.65439415    
   1.06900001       2.65457416    
   1.07000005       2.65438843    
   1.07100010       2.65387726    
   1.07200003       2.65301609    
   1.07300007       2.65183902    
   1.07400000       2.65033197    
   1.07500005       2.64851904    
   1.07600009       2.64639139    
   1.07700002       2.64396667    
   1.07800007       2.64124680    
   1.07900000       2.63824558    
   1.08000004       2.63495445    
   1.08100009       2.63139915    
   1.08200002       2.62757373    
   1.08300006       2.62348938    
   1.08400011       2.61915302    
   1.08500004       2.61457348    
   1.08600008       2.60974932    
   1.08700001       2.60469365    
   1.08800006       2.59940958    
   1.08900011       2.59390879    
   1.09000003       2.58819199    
   1.09100008       2.58226752    
   1.09200001       2.57614589    
   1.09300005       2.56982851    
   1.09400010       2.56331587    
   1.09500003       2.55662394    
   1.09600008       2.54975486    
   1.09700000       2.54271555    
   1.09800005       2.53550553    
   1.09900010       2.52814198    
   1.10000002       2.52061892    
   1.10100007       2.51294756    
   1.10200000       2.50513792    
   1.10300004       2.49718285    
   1.10400009       2.48909950    
   1.10500002       2.48088884    
   1.10600007       2.47255421    
   1.10699999       2.46410275    
   1.10800004       2.45553493    
   1.10900009       2.44686174    
   1.11000001       2.43808603    
   1.11100006       2.42920947    
   1.11200011       2.42023897    
   1.11300004       2.41118050    
   1.11400008       2.40203476    
   1.11500001       2.39280987    
   1.11600006       2.38350725    
   1.11700010       2.37412620    
   1.11800003       2.36468649    
   1.11900008       2.35517883    
   1.12000000       2.34560299    
   1.12100005       2.33597136    
   1.12200010       2.32628989    
   1.12300003       2.31656075    
   1.12400007       2.30677986    
   1.12500000       2.29695845    
   1.12600005       2.28709555    
   1.12700009       2.27719593    
   1.12800002       2.26726055    
   1.12900007       2.25730014    
   1.13000000       2.24730635    
   1.13100004       2.23729324    
   1.13200009       2.22725391    
   1.13300002       2.21719551    
   1.13400006       2.20712566    
   1.13500011       2.19703603    
   1.13600004       2.18694353    
   1.13700008       2.17683411    
   1.13800001       2.16672802    
   1.13900006       2.15660882    
   1.14000010       2.14649558    
   1.14100003       2.13638115    
   1.14200008       2.12626457    
   1.14300001       2.11615944    
   1.14400005       2.10605812    
   1.14500010       2.09596157    
   1.14600003       2.08588386    
   1.14700007       2.07581830    
   1.14800000       2.06576610    
   1.14900005       2.05572939    
   1.15000010       2.04571009    
   1.15100002       2.03570819    
   1.15200007       2.02573347    
   1.15300000       2.01577711    
   1.15400004       2.00584745    
   1.15500009       1.99594069    
   1.15600002       1.98606265    
   1.15700006       1.97621369    
   1.15800011       1.96639395    
   1.15900004       1.95660186    
   1.16000009       1.94684684    
   1.16100001       1.93712556    
   1.16200006       1.92743731    
   1.16300011       1.91778374    
   1.16400003       1.90816522    
   1.16500008       1.89858174    
   1.16600001       1.88904333    
   1.16700006       1.87953973    
   1.16800010       1.87007737    
   1.16900003       1.86065602    
   1.17000008       1.85127640    
   1.17100000       1.84193659    
   1.17200005       1.83264446    
   1.17300010       1.82339120    
   1.17400002       1.81418824    
   1.17500007       1.80502629    
   1.17600000       1.79591286    
   1.17700005       1.78684056    
   1.17800009       1.77781987    
   1.17900002       1.76884389    
   1.18000007       1.75991845    
   1.18100011       1.75103712    
   1.18200004       1.74221015    
   1.18300009       1.73342764    
   1.18400002       1.72469807    
   1.18500006       1.71601367    
   1.18600011       1.70738363    
   1.18700004       1.69879985    
   1.18800008       1.69027233    
   1.18900001       1.68179202    
   1.19000006       1.67336452    
   1.19100010       1.66498482    
   1.19200003       1.65666223    
   1.19300008       1.64838505    
   1.19400001       1.64016712    
   1.19500005       1.63199687    
   1.19600010       1.62388015    
   1.19700003       1.61581349    
   1.19800007       1.60780358    
   1.19900000       1.59984267    
   1.20000005       1.59193683    
   1.20100009       1.58408117    
   1.20200002       1.57628179    
   1.20300007       1.56853127    
   1.20400012       1.56083608    
   1.20500004       1.55319214    
   1.20600009       1.54560292    
   1.20700002       1.53806448    
   1.20800006       1.53057849    
   1.20900011       1.52314425    
   1.21000004       1.51576638    
   1.21100008       1.50843883    
   1.21200001       1.50116396    
   1.21300006       1.49394023    
   1.21400011       1.48677158    
   1.21500003       1.47965121    
   1.21600008       1.47258544    
   1.21700001       1.46557069    
   1.21800005       1.45860875    
   1.21900010       1.45169747    
   1.22000003       1.44483864    
   1.22100008       1.43802714    
   1.22200000       1.43127322    
   1.22300005       1.42456532    
   1.22400010       1.41791010    
   1.22500002       1.41130471    
   1.22600007       1.40475130    
   1.22700012       1.39824522    
   1.22800004       1.39179265    
   1.22900009       1.38538551    
   1.23000002       1.37903345    
   1.23100007       1.37272608    
   1.23200011       1.36647105    
   1.23300004       1.36026192    
   1.23400009       1.35410488    
   1.23500001       1.34799385    
   1.23600006       1.34193265    
   1.23700011       1.33591747    
   1.23800004       1.32995307    
   1.23900008       1.32403386    
   1.24000001       1.31816328    
   1.24100006       1.31233764    
   1.24200010       1.30656230    
   1.24300003       1.30083013    
   1.24400008       1.29514742    
   1.24500000       1.28950787    
   1.24600005       1.28391576    
   1.24700010       1.27836776    
   1.24800003       1.27286708    
   1.24900007       1.26740885    
   1.25000000       1.26199889    
   1.25100005       1.25663018    
   1.25200009       1.25130749    
   1.25300002       1.24602652    
   1.25400007       1.24079192    
   1.25500011       1.23559892    
   1.25600004       1.23045051    
   1.25700009       1.22534227    
   1.25800002       1.22028041    
   1.25900006       1.21525753    
   1.26000011       1.21027863    
   1.26100004       1.20533979    
   1.26200008       1.20044446    
   1.26300001       1.19558883    
   1.26400006       1.19077575    
   1.26500010       1.18600094    
   1.26600003       1.18126941    
   1.26700008       1.17657459    
   1.26800001       1.17192328    
   1.26900005       1.16730833    
   1.27000010       1.16273487    
   1.27100003       1.15819848    
   1.27200007       1.15370297    
   1.27300000       1.14924419    
   1.27400005       1.14482522    
   1.27500010       1.14044213    
   1.27600002       1.13609886    
   1.27700007       1.13179100    
   1.27800012       1.12752223    
   1.27900004       1.12328827    
   1.28000009       1.11909306    
   1.28100002       1.11493206    
   1.28200006       1.11080945    
   1.28300011       1.10672009    
   1.28400004       1.10266900    
   1.28500009       1.09865022    
   1.28600001       1.09466934    
   1.28700006       1.09072077    
   1.28800011       1.08680868    
   1.28900003       1.08292913    
   1.29000008       1.07908523    
   1.29100001       1.07527328    
   1.29200006       1.07149661    
   1.29300010       1.06775141    
   1.29400003       1.06404126    
   1.29500008       1.06036162    
   1.29600000       1.05671668    
   1.29700005       1.05310178    
   1.29800010       1.04952061    
   1.29900002       1.04596984    
   1.30000007       1.04245186    
   1.30100012       1.03896379    
   1.30200005       1.03550851    
   1.30300009       1.03208208    
   1.30400002       1.02868807    
   1.30500007       1.02532244    
   1.30600011       1.02198875    
   1.30700004       1.01868343    
   1.30800009       1.01540923    
   1.30900002       1.01216292    
   1.31000006       1.00894713    
   1.31100011       1.00575876    
   1.31200004       1.00260091    
   1.31300008      0.999469578    
   1.31400001      0.996368587    
   1.31500006      0.993293762    
   1.31600010      0.990248382    
   1.31700003      0.987229288    
   1.31800008      0.984238923    
   1.31900001      0.981274366    
   1.32000005      0.978338182    
   1.32100010      0.975427091    
   1.32200003      0.972544551    
   1.32300007      0.969686389    
   1.32400012      0.966856122    
   1.32500005      0.964050353    
   1.32600009      0.961271763    
   1.32700002      0.958517253    
   1.32800007      0.955789506    
   1.32900012      0.953085303    
   1.33000004      0.950407803    
   1.33100009      0.947753370    
   1.33200002      0.945125341    
   1.33300006      0.942519605    
   1.33400011      0.939940095    
   1.33500004      0.937382877    
   1.33600008      0.934850931    
   1.33700001      0.932341099    
   1.33800006      0.929856122    
   1.33900011      0.927392960    
   1.34000003      0.924954474    
   1.34100008      0.922537327    
   1.34200001      0.920144498    
   1.34300005      0.917772532    
   1.34400010      0.915424287    
   1.34500003      0.913097084    
   1.34600008      0.910793126    
   1.34700012      0.908509552    
   1.34800005      0.906249166    
   1.34900010      0.904008985    
   1.35000002      0.901791692    
   1.35100007      0.899593651    
   1.35200012      0.897418201    
   1.35300004      0.895262778    
   1.35400009      0.893128693    
   1.35500002      0.891014159    
   1.35600007      0.888920844    
   1.35700011      0.886846840    
   1.35800004      0.884794056    
   1.35900009      0.882759988    
   1.36000001      0.880747020    
   1.36100006      0.878752351    
   1.36200011      0.876778007    
   1.36300004      0.874822021    
   1.36400008      0.872886419    
   1.36500001      0.870968699    
   1.36600006      0.869070828    
   1.36700010      0.867190480    
   1.36800003      0.865330100    
   1.36900008      0.863486707    
   1.37000012      0.861663043    
   1.37100005      0.859856308    
   1.37200010      0.858068705    
   1.37300003      0.856297910    
   1.37400007      0.854545653    
   1.37500012      0.852810323    
   1.37600005      0.851093292    
   1.37700009      0.849392653    
   1.37800002      0.847710073    
   1.37900007      0.846043885    
   1.38000011      0.844395161    
   1.38100004      0.842762589    
   1.38200009      0.841147661    
   1.38300002      0.839548469    
   1.38400006      0.837966621    
   1.38500011      0.836400211    
   1.38600004      0.834850907    
   1.38700008      0.833316743    
   1.38800001      0.831799269    
   1.38900006      0.830296934    
   1.39000010      0.828811169    
   1.39100003      0.827340364    
   1.39200008      0.825885534    
   1.39300001      0.824445844    
   1.39400005      0.823021650    
   1.39500010      0.821612000    
   1.39600003      0.820218205    
   1.39700007      0.818838596    
   1.39800012      0.817475140    
   1.39900005      0.816125274    
   1.40000010      0.814790070    
   1.40100002      0.813469410    
   1.40200007      0.812163353    
   1.40300012      0.810871899    
   1.40400004      0.809594691    
   1.40500009      0.808330655    
   1.40600002      0.807081461    
   1.40700006      0.805845261    
   1.40800011      0.804624081    
   1.40900004      0.803415596    
   1.41000009      0.802221239    
   1.41100001      0.801041007    
   1.41200006      0.799873292    
   1.41300011      0.798718631    
   1.41400003      0.797578335    
   1.41500008      0.796449959    
   1.41600001      0.795335054    
   1.41700006      0.794233561    
   1.41800010      0.793144822    
   1.41900003      0.792068720    
   1.42000008      0.791004717    
   1.42100012      0.789954245    
   1.42200005      0.788915515    
   1.42300010      0.787889242    
   1.42400002      0.786876261    
   1.42500007      0.785874426    
   1.42600012      0.784885347    
   1.42700005      0.783907950    
   1.42800009      0.782942772    
   1.42900002      0.781989634    
   1.43000007      0.781048834    
   1.43100011      0.780119002    
   1.43200004      0.779201090    
   1.43300009      0.778294802    
   1.43400002      0.777399838    
   1.43500006      0.776516616    
   1.43600011      0.775644660    
   1.43700004      0.774783909    
   1.43800008      0.773934245    
   1.43900001      0.773096085    
   1.44000006      0.772269011    
   1.44100010      0.771452367    
   1.44200003      0.770646930    
   1.44300008      0.769852638    
   1.44400012      0.769069076    
   1.44500005      0.768295646    
   1.44600010      0.767533720    
   1.44700003      0.766782105    
   1.44800007      0.766040206    
   1.44900012      0.765309453    
   1.45000005      0.764589131    
   1.45100009      0.763878703    
   1.45200002      0.763179064    
   1.45300007      0.762489080    
   1.45400012      0.761809587    
   1.45500004      0.761139810    
   1.45600009      0.760480642    
   1.45700002      0.759831250    
   1.45800006      0.759190679    
   1.45900011      0.758561134    
   1.46000004      0.757940412    
   1.46100008      0.757329941    
   1.46200001      0.756728649    
   1.46300006      0.756137133    
   1.46400011      0.755555272    
   1.46500003      0.754982948    
   1.46600008      0.754419565    
   1.46700013      0.753865838    
   1.46800005      0.753320992    
   1.46900010      0.752785563    
   1.47000003      0.752259135    
   1.47100008      0.751741946    
   1.47200012      0.751233816    
   1.47300005      0.750734925    
   1.47400010      0.750244319    
   1.47500002      0.749763131    
   1.47600007      0.749290347    
   1.47700012      0.748826742    
   1.47800004      0.748371482    
   1.47900009      0.747925282    
   1.48000002      0.747487307    
   1.48100007      0.747058153    
   1.48200011      0.746637106    
   1.48300004      0.746224999    
   1.48400009      0.745821118    
   1.48500001      0.745426297    
   1.48600006      0.745038450    
   1.48700011      0.744660020    
   1.48800004      0.744289041    
   1.48900008      0.743926942    
   1.49000013      0.743572116    
   1.49100006      0.743226111    
   1.49200010      0.742887616    
   1.49300003      0.742557287    
   1.49400008      0.742235005    
   1.49500012      0.741920590    
   1.49600005      0.741614044    
   1.49700010      0.741315722    
   1.49800003      0.741024375    
   1.49900007      0.740741313    
   1.50000012      0.740465403    
   1.50100005      0.740198255    
   1.50200009      0.739937007    
   1.50300002      0.739685118    
   1.50400007      0.739439011    
   1.50500011      0.739201665    
   1.50600004      0.738970995    
   1.50700009      0.738748789    
   1.50800002      0.738532424    
   1.50900006      0.738324881    
   1.51000011      0.738123059    
   1.51100004      0.737929583    
   1.51200008      0.737742722    
   1.51300013      0.737563372    
   1.51400006      0.737391114    
   1.51500010      0.737226605    
   1.51600003      0.737067640    
   1.51700008      0.736917138    
   1.51800013      0.736772299    
   1.51900005      0.736635685    
   1.52000010      0.736504853    
   1.52100003      0.736382365    
   1.52200007      0.736264944    
   1.52300012      0.736155272    
   1.52400005      0.736052096    
   1.52500010      0.735956073    
   1.52600002      0.735866189    
   1.52700007      0.735783339    
   1.52800012      0.735706806    
   1.52900004      0.735637188    
   1.53000009      0.735573888    
   1.53100002      0.735517561    
   1.53200006      0.735467255    
   1.53300011      0.735424221    
   1.53400004      0.735386312    
   1.53500009      0.735356092    
   1.53600001      0.735331059    
   1.53700006      0.735313296    
   1.53800011      0.735300958    
   1.53900003      0.735296369    
   1.54000008      0.735296130    
   1.54100013      0.735303521    
   1.54200006      0.735316455    
   1.54300010      0.735336423    
   1.54400003      0.735361397    
   1.54500008      0.735393465    
   1.54600012      0.735430479    
   1.54700005      0.735474765    
   1.54800010      0.735523939    
   1.54900002      0.735580087    
   1.55000007      0.735641479    
   1.55100012      0.735709310    
   1.55200005      0.735782743    
   1.55300009      0.735862970    
   1.55400002      0.735947132    
   1.55500007      0.736038923    
   1.55600011      0.736135244    
   1.55700004      0.736239016    
   1.55800009      0.736346602    
   1.55900002      0.736461401    
   1.56000006      0.736580551    
   1.56100011      0.736707330    
   1.56200004      0.736837506    
   1.56300008      0.736975372    
   1.56400013      0.737116814    
   1.56500006      0.737266004    
   1.56600010      0.737418413    
   1.56700003      0.737578630    
   1.56800008      0.737742186    
   1.56900012      0.737913132    
   1.57000005      0.738088131    
   1.57100010      0.738269567    
   1.57200003      0.738455772    
   1.57300007      0.738648057    
   1.57400012      0.738844872    
   1.57500005      0.739047766    
   1.57600009      0.739255190    
   1.57700002      0.739469409    
   1.57800007      0.739686966    
   1.57900012      0.739911735    
   1.58000004      0.740139842    
   1.58100009      0.740375280    
   1.58200002      0.740613639    
   1.58300006      0.740859389    
   1.58400011      0.741107941    
   1.58500004      0.741363525    
   1.58600008      0.741623104    
   1.58700013      0.741888642    
   1.58800006      0.742158353    
   1.58900011      0.742434740    
   1.59000003      0.742714167    
   1.59100008      0.743000150    
   1.59200013      0.743289828    
   1.59300005      0.743586481    
   1.59400010      0.743885398    
   1.59500003      0.744192004    
   1.59600008      0.744500995    
   1.59700012      0.744816661    
   1.59800005      0.745136023    
   1.59900010      0.745462000    
   1.60000002      0.745790482    
   1.60100007      0.746126175    
   1.60200012      0.746464491    
   1.60300004      0.746809244    
   1.60400009      0.747157574    
   1.60500002      0.747512698    
   1.60600007      0.747869790    
   1.60700011      0.748233795    
   1.60800004      0.748600900    
   1.60900009      0.748974085    
   1.61000013      0.749350905    
   1.61100006      0.749733329    
   1.61200011      0.750119269    
   1.61300004      0.750511289    
   1.61400008      0.750906587    
   1.61500013      0.751307905    
   1.61600006      0.751711965    
   1.61700010      0.752122879    
   1.61800003      0.752535820    
   1.61900008      0.752955914    
   1.62000012      0.753377795    
   1.62100005      0.753806949    
   1.62200010      0.754237711    
   1.62300003      0.754675925    
   1.62400007      0.755115747    
   1.62500012      0.755562723    
   1.62600005      0.756011426    
   1.62700009      0.756467104    
   1.62800002      0.756924748    
   1.62900007      0.757388949    
   1.63000011      0.757855773    
   1.63100004      0.758329272    
   1.63200009      0.758804142    
   1.63300014      0.759286225    
   1.63400006      0.759770036    
   1.63500011      0.760260582    
   1.63600004      0.760753036    
   1.63700008      0.761252403    
   1.63800013      0.761753142    
   1.63900006      0.762260377    
   1.64000010      0.762770414    
   1.64100003      0.763286650    
   1.64200008      0.763804615    
   1.64300013      0.764329016    
   1.64400005      0.764855444    
   1.64500010      0.765388489    
   1.64600003      0.765923321    
   1.64700007      0.766464114    
   1.64800012      0.767007351    
   1.64900005      0.767557025    
   1.65000010      0.768108487    
   1.65100002      0.768666327    
   1.65200007      0.769225717    
   1.65300012      0.769791663    
   1.65400004      0.770359516    
   1.65500009      0.770933390    
   1.65600014      0.771509290    
   1.65700006      0.772091210    
   1.65800011      0.772675574    
   1.65900004      0.773265898    
   1.66000009      0.773857713    
   1.66100013      0.774455786    
   1.66200006      0.775055826    
   1.66300011      0.775662482    
   1.66400003      0.776269972    
   1.66500008      0.776884198    
   1.66600013      0.777499914    
   1.66700006      0.778122067    
   1.66800010      0.778745234    
   1.66900003      0.779375851    
   1.67000008      0.780007005    
   1.67100012      0.780644178    
   1.67200005      0.781283617    
   1.67300010      0.781928957    
   1.67400002      0.782576323    
   1.67500007      0.783229470    
   1.67600012      0.783883929    
   1.67700005      0.784544468    
   1.67800009      0.785207152    
   1.67900014      0.785875678    
   1.68000007      0.786545753    
   1.68100011      0.787221670    
   1.68200004      0.787899196    
   1.68300009      0.788583040    
   1.68400013      0.789267898    
   1.68500006      0.789958954    
   1.68600011      0.790652096    
   1.68700004      0.791350842    
   1.68800008      0.792050958    
   1.68900013      0.792757213    
   1.69000006      0.793464720    
   1.69100010      0.794177890    
   1.69200003      0.794893146    
   1.69300008      0.795614481    
   1.69400012      0.796336651    
   1.69500005      0.797065318    
   1.69600010      0.797794759    
   1.69700003      0.798530340    
   1.69800007      0.799267828    
   1.69900012      0.800011158    
   1.70000005      0.800755143    
   1.70100009      0.801505983    
   1.70200002      0.802257121    
   1.70300007      0.803014874    
   1.70400012      0.803773582    
   1.70500004      0.804538071    
   1.70600009      0.805304408    
   1.70700014      0.806076169    
   1.70800006      0.806849539    
   1.70900011      0.807628453    
   1.71000004      0.808409274    
   1.71100008      0.809196055    
   1.71200013      0.809982896    
   1.71300006      0.810776055    
   1.71400011      0.811571002    
   1.71500003      0.812371254    
   1.71600008      0.813173056    
   1.71700013      0.813980162    
   1.71800005      0.814789116    
   1.71900010      0.815604210    
   1.72000003      0.816419601    
   1.72100008      0.817240953    
   1.72200012      0.818063736    
   1.72300005      0.818892062    
   1.72400010      0.819721997    
   1.72500002      0.820557892    
   1.72600007      0.821393967    
   1.72700012      0.822236061    
   1.72800004      0.823080003    
   1.72900009      0.823929191    
   1.73000014      0.824779630    
   1.73100007      0.825635672    
   1.73200011      0.826493025    
   1.73300004      0.827355564    
   1.73400009      0.828219950    
   1.73500013      0.829089999    
   1.73600006      0.829960883    
   1.73700011      0.830837786    
   1.73800004      0.831715226    
   1.73900008      0.832598746    
   1.74000013      0.833483160    
   1.74100006      0.834372997    
   1.74200010      0.835264802    
   1.74300003      0.836161494    
   1.74400008      0.837059855    
   1.74500012      0.837963223    
   1.74600005      0.838868260    
   1.74700010      0.839778066    
   1.74800003      0.840690017    
   1.74900007      0.841607153    
   1.75000012      0.842525244    
   1.75100005      0.843449175    
   1.75200009      0.844373703    
   1.75300014      0.845304132    
   1.75400007      0.846235871    
   1.75500011      0.847172976    
   1.75600004      0.848110676    
   1.75700009      0.849054337    
   1.75800014      0.849999070    
   1.75900006      0.850950122    
   1.76000011      0.851901054    
   1.76100004      0.852857590    
   1.76200008      0.853815436    
   1.76300013      0.854779124    
   1.76400006      0.855743289    
   1.76500010      0.856713295    
   1.76600003      0.857684314    
   1.76700008      0.858661115    
   1.76800013      0.859638333    
   1.76900005      0.860621691    
   1.77000010      0.861605525    
   1.77100003      0.862595320    
   1.77200007      0.863585651    
   1.77300012      0.864581943    
   1.77400005      0.865578830    
   1.77500010      0.866581619    
   1.77600014      0.867584825    
   1.77700007      0.868594170    
   1.77800012      0.869603872    
   1.77900004      0.870619655    
   1.78000009      0.871635795    
   1.78100014      0.872657895    
   1.78200006      0.873680592    
   1.78300011      0.874709249    
   1.78400004      0.875738323    
   1.78500009      0.876773238    
   1.78600013      0.877808809    
   1.78700006      0.878850281    
   1.78800011      0.879892111    
   1.78900003      0.880940080    
   1.79000008      0.881988287    
   1.79100013      0.883042514    
   1.79200006      0.884097219    
   1.79300010      0.885157764    
   1.79400003      0.886218905    
   1.79500008      0.887285948    
   1.79600012      0.888353348    
   1.79700005      0.889426708    
   1.79800010      0.890500486    
   1.79900014      0.891580105    
   1.80000007      0.892660320    
   1.80100012      0.893746376    
   1.80200005      0.894832850    
   1.80300009      0.895925283    
   1.80400014      0.897017956    
   1.80500007      0.898116887    
   1.80600011      0.899215937    
   1.80700004      0.900320947    
   1.80800009      0.901426435    
   1.80900013      0.902537763    
   1.81000006      0.903649628    
   1.81100011      0.904767156    
   1.81200004      0.905885339    
   1.81300008      0.907009304    
   1.81400013      0.908133686    
   1.81500006      0.909263968    
   1.81600010      0.910394669    
   1.81700003      0.911531210    
   1.81800008      0.912668109    
   1.81900012      0.913811028    
   1.82000005      0.914954245    
   1.82100010      0.916103363    
   1.82200015      0.917252958    
   1.82300007      0.918408394    
   1.82400012      0.919564188    
   1.82500005      0.920725822    
   1.82600009      0.921887934    
   1.82700014      0.923055947    
   1.82800007      0.924224317    
   1.82900012      0.925398469    
   1.83000004      0.926573157    
   1.83100009      0.927753508    
   1.83200014      0.928934336    
   1.83300006      0.930121064    
   1.83400011      0.931308150    
   1.83500004      0.932501316    
   1.83600008      0.933694482    
   1.83700013      0.934893906    
   1.83800006      0.936093390    
   1.83900011      0.937299073    
   1.84000003      0.938504815    
   1.84100008      0.939716578    
   1.84200013      0.940928578    
   1.84300005      0.942146719    
   1.84400010      0.943364859    
   1.84500003      0.944589317    
   1.84600008      0.945813656    
   1.84700012      0.947044253    
   1.84800005      0.948275030    
   1.84900010      0.949511707    
   1.85000014      0.950748622    
   1.85100007      0.951991677    
   1.85200012      0.953234851    
   1.85300004      0.954484046    
   1.85400009      0.955733359    
   1.85500014      0.956988752    
   1.85600007      0.958244383    
   1.85700011      0.959505916    
   1.85800004      0.960767627    
   1.85900009      0.962035477    
   1.86000013      0.963303328    
   1.86100006      0.964577436    
   1.86200011      0.965851545    
   1.86300004      0.967131674    
   1.86400008      0.968411863    
   1.86500013      0.969698250    
   1.86600006      0.970984578    
   1.86700010      0.972277045    
   1.86800003      0.973569572    
   1.86900008      0.974868119    
   1.87000012      0.976166666    
   1.87100005      0.977471411    
   1.87200010      0.978776097    
   1.87300014      0.980086744    
   1.87400007      0.981397569    
   1.87500012      0.982714295    
   1.87600005      0.984031081    
   1.87700009      0.985353827    
   1.87800014      0.986676574    
   1.87900007      0.988005340    
   1.88000011      0.989333987    
   1.88100004      0.990668714    
   1.88200009      0.992003262    
   1.88300014      0.993343771    
   1.88400006      0.994684279    
   1.88500011      0.996030629    
   1.88600004      0.997376919    
   1.88700008      0.998729050    
   1.88800013       1.00008106    
   1.88900006       1.00143886    
   1.89000010       1.00279653    
   1.89100003       1.00416005    
   1.89200008       1.00552332    
   1.89300013       1.00689232    
   1.89400005       1.00826120    
   1.89500010       1.00963557    
   1.89600015       1.01100981    
   1.89700007       1.01238966    
   1.89800012       1.01376915    
   1.89900005       1.01515424    
   1.90000010       1.01653910    
   1.90100014       1.01792932    
   1.90200007       1.01931918    
   1.90300012       1.02071440    
   1.90400004       1.02210927    
   1.90500009       1.02350938    
   1.90600014       1.02490902    
   1.90700006       1.02631390    
   1.90800011       1.02771819    
   1.90900004       1.02912772    
   1.91000009       1.03053641    
   1.91100013       1.03195024    
   1.91200006       1.03336346    
   1.91300011       1.03478146    
   1.91400003       1.03619862    
   1.91500008       1.03762078    
   1.91600013       1.03904188    
   1.91700006       1.04046786    
   1.91800010       1.04189265    
   1.91900015       1.04332197    
   1.92000008       1.04475033    
   1.92100012       1.04618311    
   1.92200005       1.04761446    
   1.92300010       1.04905021    
   1.92400014       1.05048466    
   1.92500007       1.05192327    
   1.92600012       1.05336022    
   1.92700005       1.05480134    
   1.92800009       1.05624068    
   1.92900014       1.05768383    
   1.93000007       1.05912519    
   1.93100011       1.06057012    
   1.93200004       1.06201315    
   1.93300009       1.06345963    
   1.93400013       1.06490397    
   1.93500006       1.06635153    
   1.93600011       1.06779659    
   1.93700004       1.06924510    
   1.93800008       1.07069063    
   1.93900013       1.07213938    
   1.94000006       1.07358515    
   1.94100010       1.07503355    
   1.94200015       1.07647908    
   1.94300008       1.07792687    
   1.94400012       1.07937157    
   1.94500005       1.08081853    
   1.94600010       1.08226192    
   1.94700015       1.08370721    
   1.94800007       1.08514881    
   1.94900012       1.08659208    
   1.95000005       1.08803141    
   1.95100009       1.08947229    
   1.95200014       1.09090865    
   1.95300007       1.09234643    
   1.95400012       1.09377956    
   1.95500004       1.09521341    
   1.95600009       1.09664273    
   1.95700014       1.09807241    
   1.95800006       1.09949696    
   1.95900011       1.10092187    
   1.96000004       1.10234129    
   1.96100008       1.10376084    
   1.96200013       1.10517466    
   1.96300006       1.10658789    
   1.96400011       1.10799527    
   1.96500015       1.10940182    
   1.96600008       1.11080217    
   1.96700013       1.11220121    
   1.96800005       1.11359394    
   1.96900010       1.11498487    
   1.97000015       1.11636901    
   1.97100008       1.11775136    
   1.97200012       1.11912632    
   1.97300005       1.12049925    
   1.97400010       1.12186444    
   1.97500014       1.12322700    
   1.97600007       1.12458169    
   1.97700012       1.12593329    
   1.97800004       1.12727690    
   1.97900009       1.12861669    
   1.98000014       1.12994814    
   1.98100007       1.13127565    
   1.98200011       1.13259423    
   1.98300004       1.13390863    
   1.98400009       1.13521385    
   1.98500013       1.13651419    
   1.98600006       1.13780499    
   1.98700011       1.13909101    
   1.98800004       1.14036655    
   1.98900008       1.14163685    
   1.99000013       1.14289665    
   1.99100006       1.14415085    
   1.99200010       1.14539421    
   1.99300015       1.14663124    
   1.99400008       1.14785731    
   1.99500012       1.14907658    
   1.99600005       1.15028429    
   1.99700010       1.15148509    
   1.99800014       1.15267396    
   1.99900007       1.15385544    
   2.00000000       1.15502477    
   2.00100017       1.15618598    
   2.00200009       1.15733469    
   2.00300002       1.15847540    
   2.00400019       1.15960276    
   2.00500011       1.16072190    
   2.00600004       1.16182756    
   2.00700021       1.16292417    
   2.00800014       1.16400719    
   2.00900006       1.16508079    
   2.00999999       1.16614032    
   2.01100016       1.16719007    
   2.01200008       1.16822565    
   2.01300001       1.16925097    
   2.01400018       1.17026162    
   2.01500010       1.17126179    
   2.01600003       1.17224705    
   2.01700020       1.17322123    
   2.01800013       1.17418051    
   2.01900005       1.17512822    
   2.01999998       1.17606056    
   2.02100015       1.17698109    
   2.02200007       1.17788601    
   2.02300000       1.17877889    
   2.02400017       1.17965579    
   2.02500010       1.18052018    
   2.02600002       1.18136859    
   2.02700019       1.18220401    
   2.02800012       1.18302298    
   2.02900004       1.18382931    
   2.03000021       1.18461847    
   2.03100014       1.18539464    
   2.03200006       1.18615365    
   2.03299999       1.18689930    
   2.03400016       1.18762732    
   2.03500009       1.18834209    
   2.03600001       1.18903935    
   2.03700018       1.18972230    
   2.03800011       1.19038785    
   2.03900003       1.19103909    
   2.04000020       1.19167233    
   2.04100013       1.19229138    
   2.04200006       1.19289219    
   2.04299998       1.19347858    
   2.04400015       1.19404662    
   2.04500008       1.19460011    
   2.04600000       1.19513512    
   2.04700017       1.19565511    
   2.04800010       1.19615674    
   2.04900002       1.19664311    
   2.05000019       1.19711089    
   2.05100012       1.19756377    
   2.05200005       1.19799769    
   2.05300021       1.19841635    
   2.05400014       1.19881630    
   2.05500007       1.19920063    
   2.05599999       1.19956636    
   2.05700016       1.19991612    
   2.05800009       1.20024741    
   2.05900002       1.20056272    
   2.06000018       1.20085943    
   2.06100011       1.20114028    
   2.06200004       1.20140254    
   2.06300020       1.20164871    
   2.06400013       1.20187604    
   2.06500006       1.20208776    
   2.06599998       1.20228052    
   2.06700015       1.20245731    
   2.06800008       1.20261526    
   2.06900001       1.20275760    
   2.07000017       1.20288110    
   2.07100010       1.20298862    
   2.07200003       1.20307755    
   2.07300019       1.20315063    
   2.07400012       1.20320523    
   2.07500005       1.20324409    
   2.07600021       1.20326412    
   2.07700014       1.20326853    
   2.07800007       1.20325494    
   2.07900000       1.20322526    
   2.08000016       1.20317733    
   2.08100009       1.20311391    
   2.08200002       1.20303237    
   2.08300018       1.20293546    
   2.08400011       1.20282042    
   2.08500004       1.20269001    
   2.08600020       1.20254183    
   2.08700013       1.20237839    
   2.08800006       1.20219743    
   2.08899999       1.20200109    
   2.09000015       1.20178747    
   2.09100008       1.20155895    
   2.09200001       1.20131326    
   2.09300017       1.20105243    
   2.09400010       1.20077479    
   2.09500003       1.20048237    
   2.09600019       1.20017314    
   2.09700012       1.19984961    
   2.09800005       1.19950938    
   2.09900022       1.19915485    
   2.10000014       1.19878411    
   2.10100007       1.19839919    
   2.10200000       1.19799829    
   2.10300016       1.19758344    
   2.10400009       1.19715285    
   2.10500002       1.19670856    
   2.10600019       1.19624889    
   2.10700011       1.19577551    
   2.10800004       1.19528699    
   2.10900021       1.19478536    
   2.11000013       1.19426870    
   2.11100006       1.19373918    
   2.11199999       1.19319499    
   2.11300015       1.19263780    
   2.11400008       1.19206667    
   2.11500001       1.19148290    
   2.11600018       1.19088507    
   2.11700010       1.19027495    
   2.11800003       1.18965113    
   2.11900020       1.18901563    
   2.12000012       1.18836641    
   2.12100005       1.18770564    
   2.12200022       1.18703187    
   2.12300014       1.18634653    
   2.12400007       1.18564844    
   2.12500000       1.18493950    
   2.12600017       1.18421793    
   2.12700009       1.18348563    
   2.12800002       1.18274128    
   2.12900019       1.18198621    
   2.13000011       1.18121958    
   2.13100004       1.18044281    
   2.13200021       1.17965436    
   2.13300014       1.17885602    
   2.13400006       1.17804682    
   2.13499999       1.17722774    
   2.13600016       1.17639804    
   2.13700008       1.17555881    
   2.13800001       1.17470944    
   2.13900018       1.17385089    
   2.14000010       1.17298257    
   2.14100003       1.17210519    
   2.14200020       1.17121828    
   2.14300013       1.17032266    
   2.14400005       1.16941810    
   2.14500022       1.16850495    
   2.14600015       1.16758311    
   2.14700007       1.16665363    
   2.14800000       1.16571498    
   2.14900017       1.16476929    
   2.15000010       1.16381490    
   2.15100002       1.16285348    
   2.15200019       1.16188371    
   2.15300012       1.16090739    
   2.15400004       1.15992355    
   2.15500021       1.15893269    
   2.15600014       1.15793490    
   2.15700006       1.15693069    
   2.15799999       1.15591919    
   2.15900016       1.15490186    
   2.16000009       1.15387785    
   2.16100001       1.15284812    
   2.16200018       1.15181231    
   2.16300011       1.15077066    
   2.16400003       1.14972329    
   2.16500020       1.14867079    
   2.16600013       1.14761233    
   2.16700006       1.14654934    
   2.16800022       1.14548075    
   2.16900015       1.14440751    
   2.17000008       1.14332950    
   2.17100000       1.14224696    
   2.17200017       1.14115989    
   2.17300010       1.14006853    
   2.17400002       1.13897288    
   2.17500019       1.13787365    
   2.17600012       1.13676989    
   2.17700005       1.13566256    
   2.17800021       1.13455200    
   2.17900014       1.13343799    
   2.18000007       1.13232040    
   2.18099999       1.13119948    
   2.18200016       1.13007569    
   2.18300009       1.12894940    
   2.18400002       1.12781978    
   2.18500018       1.12668741    
   2.18600011       1.12555313    
   2.18700004       1.12441599    
   2.18800020       1.12327707    
   2.18900013       1.12213588    
   2.19000006       1.12099230    
   2.19100022       1.11984670    
   2.19200015       1.11870027    
   2.19300008       1.11755133    
   2.19400001       1.11640120    
   2.19500017       1.11524963    
   2.19600010       1.11409736    
   2.19700003       1.11294341    
   2.19800019       1.11178839    
   2.19900012       1.11063242    
   2.20000005       1.10947597    
   2.20100021       1.10831857    
   2.20200014       1.10716057    
   2.20300007       1.10600209    
   2.20400000       1.10484350    
   2.20500016       1.10368419    
   2.20600009       1.10252523    
   2.20700002       1.10136592    
   2.20800018       1.10020685    
   2.20900011       1.09904766    
   2.21000004       1.09788907    
   2.21100020       1.09673059    
   2.21200013       1.09557283    
   2.21300006       1.09441519    
   2.21399999       1.09325874    
   2.21500015       1.09210241    
   2.21600008       1.09094751    
   2.21700001       1.08979321    
   2.21800017       1.08864021    
   2.21900010       1.08748806    
   2.22000003       1.08633733    
   2.22100019       1.08518732    
   2.22200012       1.08403933    
   2.22300005       1.08289254    
   2.22400022       1.08174729    
   2.22500014       1.08060336    
   2.22600007       1.07946193    
   2.22700000       1.07832146    
   2.22800016       1.07718337    
   2.22900009       1.07604671    
   2.23000002       1.07491255    
   2.23100019       1.07378018    
   2.23200011       1.07265031    
   2.23300004       1.07152200    
   2.23400021       1.07039678    
   2.23500013       1.06927311    
   2.23600006       1.06815267    
   2.23699999       1.06703413    
   2.23800015       1.06591845    
   2.23900008       1.06480539    
   2.24000001       1.06369495    
   2.24100018       1.06258714    
   2.24200010       1.06148267    
   2.24300003       1.06038022    
   2.24400020       1.05928171    
   2.24500012       1.05818522    
   2.24600005       1.05709255    
   2.24700022       1.05600226    
   2.24800014       1.05491590    
   2.24900007       1.05383217    
   2.25000000       1.05275238    
   2.25100017       1.05167496    
   2.25200009       1.05060172    
   2.25300002       1.04953134    
   2.25400019       1.04846501    
   2.25500011       1.04740155    
   2.25600004       1.04634237    
   2.25700021       1.04528594    
   2.25800014       1.04423404    
   2.25900006       1.04318511    
   2.25999999       1.04214060    
   2.26100016       1.04109919    
   2.26200008       1.04006231    
   2.26300001       1.03902841    
   2.26400018       1.03799939    
   2.26500010       1.03697348    
   2.26600003       1.03595233    
   2.26700020       1.03493428    
   2.26800013       1.03392124    
   2.26900005       1.03291130    
   2.27000022       1.03190649    
   2.27100015       1.03090489    
   2.27200007       1.02990842    
   2.27300000       1.02891517    
   2.27400017       1.02792704    
   2.27500010       1.02694237    
   2.27600002       1.02596283    
   2.27700019       1.02498674    
   2.27800012       1.02401602    
   2.27900004       1.02304864    
   2.28000021       1.02208674    
   2.28100014       1.02112818    
   2.28200006       1.02017522    
   2.28299999       1.01922560    
   2.28400016       1.01828158    
   2.28500009       1.01734102    
   2.28600001       1.01640606    
   2.28700018       1.01547456    
   2.28800011       1.01454890    
   2.28900003       1.01362658    
   2.29000020       1.01271009    
   2.29100013       1.01179707    
   2.29200006       1.01088989    
   2.29300022       1.00998628    
   2.29400015       1.00908852    
   2.29500008       1.00819421    
   2.29600000       1.00730598    
   2.29700017       1.00642121    
   2.29800010       1.00554240    
   2.29900002       1.00466716    
   2.30000019       1.00379801    
   2.30100012       1.00293219    
   2.30200005       1.00207269    
   2.30300021       1.00121653    
   2.30400014       1.00036669    
   2.30500007      0.999520242    
   2.30599999      0.998680115    
   2.30700016      0.997843325    
   2.30800009      0.997012973    
   2.30900002      0.996185899    
   2.31000018      0.995365322    
   2.31100011      0.994548023    
   2.31200004      0.993737221    
   2.31300020      0.992929757    
   2.31400013      0.992128789    
   2.31500006      0.991331220    
   2.31600022      0.990540028    
   2.31700015      0.989752233    
   2.31800008      0.988970995    
   2.31900001      0.988193095    
   2.32000017      0.987421691    
   2.32100010      0.986653686    
   2.32200003      0.985892236    
   2.32300019      0.985134006    
   2.32400012      0.984382451    
   2.32500005      0.983634174    
   2.32600021      0.982892573    
   2.32700014      0.982154131    
   2.32800007      0.981422424    
   2.32900000      0.980693936    
   2.33000016      0.979972124    
   2.33100009      0.979253471    
   2.33200002      0.978541613    
   2.33300018      0.977832854    
   2.33400011      0.977130890    
   2.33500004      0.976432025    
   2.33600020      0.975739896    
   2.33700013      0.975050926    
   2.33800006      0.974368751    
   2.33900023      0.973689616    
   2.34000015      0.973017335    
   2.34100008      0.972348034    
   2.34200001      0.971685648    
   2.34300017      0.971026182    
   2.34400010      0.970373571    
   2.34500003      0.969723940    
   2.34600019      0.969081163    
   2.34700012      0.968441367    
   2.34800005      0.967808366    
   2.34900022      0.967178226    
   2.35000014      0.966555059    
   2.35100007      0.965934753    
   2.35200000      0.965321362    
   2.35300016      0.964710772    
   2.35400009      0.964107037    
   2.35500002      0.963506103    
   2.35600019      0.962912083    
   2.35700011      0.962320924    
   2.35800004      0.961736560    
   2.35900021      0.961154997    
   2.36000013      0.960580230    
   2.36100006      0.960008323    
   2.36200023      0.959443212    
   2.36300015      0.958880782    
   2.36400008      0.958325326    
   2.36500001      0.957772434    
   2.36600018      0.957226396    
   2.36700010      0.956683040    
   2.36800003      0.956146538    
   2.36900020      0.955612659    
   2.37000012      0.955085635    
   2.37100005      0.954561114    
   2.37200022      0.954043567    
   2.37300014      0.953528404    
   2.37400007      0.953020215    
   2.37500000      0.952514470    
   2.37600017      0.952015579    
   2.37700009      0.951519132    
   2.37800002      0.951029539    
   2.37900019      0.950542331    
   2.38000011      0.950062037    
   2.38100004      0.949584007    
   2.38200021      0.949112952    
   2.38300014      0.948644102    
   2.38400006      0.948182225    
   2.38500023      0.947722554    
   2.38600016      0.947269678    
   2.38700008      0.946819067    
   2.38800001      0.946375370    
   2.38900018      0.945933759    
   2.39000010      0.945499063    
   2.39100003      0.945066452    
   2.39200020      0.944640756    
   2.39300013      0.944217026    
   2.39400005      0.943800271    
   2.39500022      0.943385482    
   2.39600015      0.942977607    
   2.39700007      0.942571640    
   2.39800000      0.942172587    
   2.39900017      0.941775382    
   2.40000010      0.941385150    
   2.40100002      0.940996647    
   2.40200019      0.940615118    
   2.40300012      0.940235376    
   2.40400004      0.939862490    
   2.40500021      0.939491332    
   2.40600014      0.939127088    
   2.40700006      0.938764572    
   2.40800023      0.938408911    
   2.40900016      0.938054860    
   2.41000009      0.937707782    
   2.41100001      0.937362194    
   2.41200018      0.937023580    
   2.41300011      0.936686456    
   2.41400003      0.936356127    
   2.41500020      0.936027408    
   2.41600013      0.935705543    
   2.41700006      0.935385108    
   2.41800022      0.935071528    
   2.41900015      0.934759319    
   2.42000008      0.934454083    
   2.42100000      0.934150040    
   2.42200017      0.933852971    
   2.42300010      0.933557153    
   2.42400002      0.933268249    
   2.42500019      0.932980418    
   2.42600012      0.932699621    
   2.42700005      0.932419896    
   2.42800021      0.932147086    
   2.42900014      0.931875348    
   2.43000007      0.931610584    
   2.43100023      0.931346774    
   2.43200016      0.931089878    
   2.43300009      0.930833995    
   2.43400002      0.930584967    
   2.43500018      0.930336893    
   2.43600011      0.930095673    
   2.43700004      0.929855347    
   2.43800020      0.929621875    
   2.43900013      0.929389298    
   2.44000006      0.929163575    
   2.44100022      0.928938627    
   2.44200015      0.928720593    
   2.44300008      0.928503275    
   2.44400001      0.928292871    
   2.44500017      0.928083003    
   2.44600010      0.927880049    
   2.44700003      0.927677751    
   2.44800019      0.927482367    
   2.44900012      0.927287459    
   2.45000005      0.927099466    
   2.45100021      0.926911950    
   2.45200014      0.926731348    
   2.45300007      0.926551163    
   2.45400023      0.926377833    
   2.45500016      0.926204979    
   2.45600009      0.926038921    
   2.45700002      0.925873220    
   2.45800018      0.925714433    
   2.45900011      0.925555885    
   2.46000004      0.925404131    
   2.46100020      0.925252795    
   2.46200013      0.925108194    
   2.46300006      0.924963832    
   2.46400023      0.924826264    
   2.46500015      0.924688876    
   2.46600008      0.924558342    
   2.46700001      0.924427927    
   2.46800017      0.924304366    
   2.46900010      0.924180746    
   2.47000003      0.924063981    
   2.47100019      0.923947275    
   2.47200012      0.923837304    
   2.47300005      0.923727453    
   2.47400022      0.923624277    
   2.47500014      0.923521101    
   2.47600007      0.923424661    
   2.47700024      0.923328042    
   2.47800016      0.923238277    
   2.47900009      0.923148334    
   2.48000002      0.923065186    
   2.48100019      0.922981858    
   2.48200011      0.922905207    
   2.48300004      0.922828317    
   2.48400021      0.922758222    
   2.48500013      0.922687769    
   2.48600006      0.922624111    
   2.48700023      0.922560096    
   2.48800015      0.922502816    
   2.48900008      0.922445178    
   2.49000001      0.922394216    
   2.49100018      0.922342777    
   2.49200010      0.922298193    
   2.49300003      0.922252953    
   2.49400020      0.922214568    
   2.49500012      0.922175586    
   2.49600005      0.922143340    
   2.49700022      0.922110558    
   2.49800014      0.922084391    
   2.49900007      0.922057629    
   2.50000000      0.922037601    
   2.50100017      0.922016859    
   2.50200009      0.922002852    
   2.50300002      0.921988130    
   2.50400019      0.921979964    
   2.50500011      0.921971202    
   2.50600004      0.921969056    
   2.50700021      0.921966136    
   2.50800014      0.921969771    
   2.50900006      0.921972632    
   2.51000023      0.921982169    
   2.51100016      0.921990752    
   2.51200008      0.922006071    
   2.51300001      0.922020435    
   2.51400018      0.922041357    
   2.51500010      0.922061443    
   2.51600003      0.922088027    
   2.51700020      0.922113717    
   2.51800013      0.922145903    
   2.51900005      0.922177076    
   2.52000022      0.922214866    
   2.52100015      0.922251642    
   2.52200007      0.922294855    
   2.52300000      0.922336996    
   2.52400017      0.922385812    
   2.52500010      0.922433317    
   2.52600002      0.922487497    
   2.52700019      0.922540486    
   2.52800012      0.922599971    
   2.52900004      0.922658265    
   2.53000021      0.922722995    
   2.53100014      0.922786534    
   2.53200006      0.922856569    
   2.53300023      0.922925293    
   2.53400016      0.923000455    
   2.53500009      0.923074365    
   2.53600001      0.923154712    
   2.53700018      0.923233747    
   2.53800011      0.923319280    
   2.53900003      0.923403323    
   2.54000020      0.923493862    
   2.54100013      0.923582971    
   2.54200006      0.923678517    
   2.54300022      0.923772514    
   2.54400015      0.923873067    
   2.54500008      0.923972011    
   2.54600000      0.924077392    
   2.54700017      0.924181223    
   2.54800010      0.924291432    
   2.54900002      0.924400091    
   2.55000019      0.924515128    
   2.55100012      0.924628615    
   2.55200005      0.924748421    
   2.55300021      0.924866557    
   2.55400014      0.924991131    
   2.55500007      0.925113916    
   2.55600023      0.925243080    
   2.55700016      0.925370514    
   2.55800009      0.925504327    
   2.55900002      0.925636292    
   2.56000018      0.925774693    
   2.56100011      0.925911248    
   2.56200004      0.926054120    
   2.56300020      0.926195085    
   2.56400013      0.926342547    
   2.56500006      0.926487923    
   2.56600022      0.926639736    
   2.56700015      0.926789522    
   2.56800008      0.926945746    
   2.56900001      0.927099943    
   2.57000017      0.927260458    
   2.57100010      0.927418888    
   2.57200003      0.927583754    
   2.57300019      0.927746415    
   2.57400012      0.927915454    
   2.57500005      0.928082347    
   2.57600021      0.928255498    
   2.57700014      0.928426623    
   2.57800007      0.928604007    
   2.57900023      0.928779125    
   2.58000016      0.928960562    
   2.58100009      0.929139793    
   2.58200002      0.929325283    
   2.58300018      0.929508507    
   2.58400011      0.929698050    
   2.58500004      0.929885268    
   2.58600020      0.930078745    
   2.58700013      0.930269837    
   2.58800006      0.930467248    
   2.58900023      0.930662215    
   2.59000015      0.930863440    
   2.59100008      0.931062281    
   2.59200001      0.931267381    
   2.59300017      0.931469917    
   2.59400010      0.931678832    
   2.59500003      0.931885123    
   2.59600019      0.932097733    
   2.59700012      0.932307720    
   2.59800005      0.932523966    
   2.59900022      0.932737648    
   2.60000014      0.932957530    
   2.60100007      0.933174729    
   2.60200024      0.933398366    
   2.60300016      0.933619082    
   2.60400009      0.933846235    
   2.60500002      0.934070468    
   2.60600019      0.934301078    
   2.60700011      0.934528828    
   2.60800004      0.934762836    
   2.60900021      0.934994042    
   2.61000013      0.935231507    
   2.61100006      0.935466051    
   2.61200023      0.935706794    
   2.61300015      0.935944736    
   2.61400008      0.936188877    
   2.61500001      0.936430097    
   2.61600018      0.936677456    
   2.61700010      0.936921835    
   2.61800003      0.937172472    
   2.61900020      0.937420130    
   2.62000012      0.937673926    
   2.62100005      0.937924683    
   2.62200022      0.938181639    
   2.62300014      0.938435555    
   2.62400007      0.938695550    
   2.62500024      0.938952506    
   2.62600017      0.939215660    
   2.62700009      0.939475596    
   2.62800002      0.939741671    
   2.62900019      0.940004647    
   2.63000011      0.940273702    
   2.63100004      0.940539598    
   2.63200021      0.940811574    
   2.63300014      0.941080332    
   2.63400006      0.941355169    
   2.63500023      0.941626787    
   2.63600016      0.941904426    
   2.63700008      0.942178845    
   2.63800001      0.942459404    
   2.63900018      0.942736447    
   2.64000010      0.943019629    
   2.64100003      0.943299532    
   2.64200020      0.943585515    
   2.64300013      0.943867981    
   2.64400005      0.944156647    
   2.64500022      0.944441676    
   2.64600015      0.944732904    
   2.64700007      0.945020616    
   2.64800024      0.945314407    
   2.64900017      0.945604622    
   2.65000010      0.945900977    
   2.65100002      0.946193635    
   2.65200019      0.946492434    
   2.65300012      0.946787596    
   2.65400004      0.947088778    
   2.65500021      0.947386384    
   2.65600014      0.947690010    
   2.65700006      0.947989881    
   2.65800023      0.948295772    
   2.65900016      0.948598087    
   2.66000009      0.948906422    
   2.66100001      0.949210823    
   2.66200018      0.949521422    
   2.66300011      0.949828088    
   2.66400003      0.950140655    
   2.66500020      0.950449705    
   2.66600013      0.950764596    
   2.66700006      0.951075673    
   2.66800022      0.951392710    
   2.66900015      0.951705873    
   2.67000008      0.952025056    
   2.67100024      0.952340245    
   2.67200017      0.952661157    
   2.67300010      0.952978551    
   2.67400002      0.953301609    
   2.67500019      0.953620851    
   2.67600012      0.953945875    
   2.67700005      0.954267025    
   2.67800021      0.954594016    
   2.67900014      0.954917014    
   2.68000007      0.955245793    
   2.68100023      0.955570698    
   2.68200016      0.955901384    
   2.68300009      0.956227958    
   2.68400002      0.956560373    
   2.68500018      0.956888795    
   2.68600011      0.957222879    
   2.68700004      0.957553029    
   2.68800020      0.957888842    
   2.68900013      0.958220661    
   2.69000006      0.958558083    
   2.69100022      0.958891511    
   2.69200015      0.959230602    
   2.69300008      0.959565580    
   2.69400024      0.959906161    
   2.69500017      0.960242689    
   2.69600010      0.960584819    
   2.69700003      0.960922778    
   2.69800019      0.961266458    
   2.69900012      0.961605906    
   2.70000005      0.961950839    
   2.70100021      0.962291718    
   2.70200014      0.962638140    
   2.70300007      0.962980330    
   2.70400023      0.963328063    
   2.70500016      0.963671565    
   2.70600009      0.964020610    
   2.70700002      0.964365423    
   2.70800018      0.964715600    
   2.70900011      0.965061665    
   2.71000004      0.965413153    
   2.71100020      0.965760350    
   2.71200013      0.966112971    
   2.71300006      0.966461301    
   2.71400023      0.966815114    
   2.71500015      0.967164516    
   2.71600008      0.967519343    
   2.71700025      0.967869818    
   2.71800017      0.968225598    
   2.71900010      0.968577147    
   2.72000003      0.968934000    
   2.72100019      0.969286442    
   2.72200012      0.969644189    
   2.72300005      0.969997525    
   2.72400022      0.970356226    
   2.72500014      0.970710456    
   2.72600007      0.971069992    
   2.72700024      0.971425056    
   2.72800016      0.971785426    
   2.72900009      0.972141266    
   2.73000002      0.972502351    
   2.73100019      0.972858965    
   2.73200011      0.973220766    
   2.73300004      0.973578095    
   2.73400021      0.973940611    
   2.73500013      0.974298477    
   2.73600006      0.974661648    
   2.73700023      0.975020170    
   2.73800015      0.975383937    
   2.73900008      0.975742996    
   2.74000025      0.976107299    
   2.74100018      0.976466894    
   2.74200010      0.976831734    
   2.74300003      0.977191806    
   2.74400020      0.977557063    
   2.74500012      0.977917552    
   2.74600005      0.978283226    
   2.74700022      0.978644133    
   2.74800014      0.979010165    
   2.74900007      0.979371369    
   2.75000024      0.979737818    
   2.75100017      0.980099320    
   2.75200009      0.980465949    
   2.75300002      0.980827749    
   2.75400019      0.981194615    
   2.75500011      0.981556594    
   2.75600004      0.981923699    
   2.75700021      0.982285857    
   2.75800014      0.982653081    
   2.75900006      0.983015358    
   2.76000023      0.983382642    
   2.76100016      0.983745039    
   2.76200008      0.984112382    
   2.76300025      0.984474778    
   2.76400018      0.984842122    
   2.76500010      0.985204518    
   2.76600003      0.985571861    
   2.76700020      0.985934198    
   2.76800013      0.986301422    
   2.76900005      0.986663640    
   2.77000022      0.987030745    
   2.77100015      0.987392843    
   2.77200007      0.987759829    
   2.77300024      0.988121688    
   2.77400017      0.988488436    
   2.77500010      0.988850057    
   2.77600002      0.989216506    
   2.77700019      0.989577889    
   2.77800012      0.989944100    
   2.77900004      0.990305126    
   2.78000021      0.990670919    
   2.78100014      0.991031587    
   2.78200006      0.991397023    
   2.78300023      0.991757274    
   2.78400016      0.992122233    
   2.78500009      0.992482066    
   2.78600001      0.992846549    
   2.78700018      0.993205786    
   2.78800011      0.993569791    
   2.78900003      0.993928492    
   2.79000020      0.994291902    
   2.79100013      0.994650006    
   2.79200006      0.995012820    
   2.79300022      0.995370269    
   2.79400015      0.995732367    
   2.79500008      0.996089160    
   2.79600024      0.996450543    
   2.79700017      0.996806562    
   2.79800010      0.997167289    
   2.79900002      0.997522533    
   2.80000019      0.997882366    
   2.80100012      0.998236775    
   2.80200005      0.998595834    
   2.80300021      0.998949349    
   2.80400014      0.999307454    
   2.80500007      0.999660075    
   2.80600023       1.00001729    
   2.80700016       1.00036895    
   2.80800009       1.00072515    
   2.80900002       1.00107574    
   2.81000018       1.00143099    
   2.81100011       1.00178063    
   2.81200004       1.00213468    
   2.81300020       1.00248313    
   2.81400013       1.00283611    
   2.81500006       1.00318348    
   2.81600022       1.00353527    
   2.81700015       1.00388145    
   2.81800008       1.00423193    
   2.81900024       1.00457692    
   2.82000017       1.00492620    
   2.82100010       1.00526989    
   2.82200003       1.00561786    
   2.82300019       1.00596011    
   2.82400012       1.00630677    
   2.82500005       1.00664771    
   2.82600021       1.00699294    
   2.82700014       1.00733256    
   2.82800007       1.00767636    
   2.82900023       1.00801432    
   2.83000016       1.00835669    
   2.83100009       1.00869322    
   2.83200002       1.00903392    
   2.83300018       1.00936902    
   2.83400011       1.00970817    
   2.83500004       1.01004148    
   2.83600020       1.01037908    
   2.83700013       1.01071084    
   2.83800006       1.01104665    
   2.83900023       1.01137674    
   2.84000015       1.01171076    
   2.84100008       1.01203907    
   2.84200025       1.01237154    
   2.84300017       1.01269794    
   2.84400010       1.01302850    
   2.84500003       1.01335311    
   2.84600019       1.01368189    
   2.84700012       1.01400459    
   2.84800005       1.01433146    
   2.84900022       1.01465225    
   2.85000014       1.01497710    
   2.85100007       1.01529586    
   2.85200024       1.01561880    
   2.85300016       1.01593554    
   2.85400009       1.01625633    
   2.85500002       1.01657104    
   2.85600019       1.01688981    
   2.85700011       1.01720238    
   2.85800004       1.01751900    
   2.85900021       1.01782942    
   2.86000013       1.01814377    
   2.86100006       1.01845205    
   2.86200023       1.01876414    
   2.86300015       1.01907015    
   2.86400008       1.01937997    
   2.86500025       1.01968360    
   2.86600018       1.01999116    
   2.86700010       1.02029252    
   2.86800003       1.02059770    
   2.86900020       1.02089655    
   2.87000012       1.02119935    
   2.87100005       1.02149582    
   2.87200022       1.02179599    
   2.87300014       1.02209008    
   2.87400007       1.02238774    
   2.87500024       1.02267921    
   2.87600017       1.02297437    
   2.87700009       1.02326322    
   2.87800002       1.02355587    
   2.87900019       1.02384210    
   2.88000011       1.02413201    
   2.88100004       1.02441549    
   2.88200021       1.02470279    
   2.88300014       1.02498364    
   2.88400006       1.02526808    
   2.88500023       1.02554607    
   2.88600016       1.02582777    
   2.88700008       1.02610302    
   2.88800025       1.02638185    
   2.88900018       1.02665424    
   2.89000010       1.02693021    
   2.89100003       1.02719963    
   2.89200020       1.02747262    
   2.89300013       1.02773917    
   2.89400005       1.02800918    
   2.89500022       1.02827263    
   2.89600015       1.02853966    
   2.89700007       1.02880013    
   2.89800024       1.02906406    
   2.89900017       1.02932143    
   2.90000010       1.02958214    
   2.90100002       1.02983642    
   2.90200019       1.03009403    
   2.90300012       1.03034508    
   2.90400004       1.03059947    
   2.90500021       1.03084731    
   2.90600014       1.03109848    
   2.90700006       1.03134298    
   2.90800023       1.03159082    
   2.90900016       1.03183210    
   2.91000009       1.03207660    
   2.91100025       1.03231442    
   2.91200018       1.03255546    
   2.91300011       1.03278995    
   2.91400003       1.03302765    
   2.91500020       1.03325856    
   2.91600013       1.03349280    
   2.91700006       1.03372025    
   2.91800022       1.03395092    
   2.91900015       1.03417480    
   2.92000008       1.03440189    
   2.92100024       1.03462219    
   2.92200017       1.03484571    
   2.92300010       1.03506243    
   2.92400002       1.03528214    
   2.92500019       1.03549516    
   2.92600012       1.03571129    
   2.92700005       1.03592062    
   2.92800021       1.03613293    
   2.92900014       1.03633845    
   2.93000007       1.03654695    
   2.93100023       1.03674877    
   2.93200016       1.03695345    
   2.93300009       1.03715134    
   2.93400025       1.03735209    
   2.93500018       1.03754616    
   2.93600011       1.03774297    
   2.93700004       1.03793311    
   2.93800020       1.03812599    
   2.93900013       1.03831208    
   2.94000006       1.03850102    
   2.94100022       1.03868306    
   2.94200015       1.03886795    
   2.94300008       1.03904593    
   2.94400024       1.03922677    
   2.94500017       1.03940070    
   2.94600010       1.03957736    
   2.94700003       1.03974712    
   2.94800019       1.03991961    
   2.94900012       1.04008520    
   2.95000005       1.04025352    
   2.95100021       1.04041493    
   2.95200014       1.04057896    
   2.95300007       1.04073620    
   2.95400023       1.04089594    
   2.95500016       1.04104877    
   2.95600009       1.04120421    
   2.95700026       1.04135275    
   2.95800018       1.04150379    
   2.95900011       1.04164803    
   2.96000004       1.04179478    
   2.96100020       1.04193449    
   2.96200013       1.04207683    
   2.96300006       1.04221213    
   2.96400023       1.04234993    
   2.96500015       1.04248095    
   2.96600008       1.04261422    
   2.96700025       1.04274058    
   2.96800017       1.04286933    
   2.96900010       1.04299128    
   2.97000003       1.04311550    
   2.97100019       1.04323280    
   2.97200012       1.04335237    
   2.97300005       1.04346514    
   2.97400022       1.04358017    
   2.97500014       1.04368818    
   2.97600007       1.04379857    
   2.97700024       1.04390204    
   2.97800016       1.04400778    
   2.97900009       1.04410648    
   2.98000026       1.04420745    
   2.98100019       1.04430151    
   2.98200011       1.04439783    
   2.98300004       1.04448712    
   2.98400021       1.04457855    
   2.98500013       1.04466319    
   2.98600006       1.04474986    
   2.98700023       1.04482961    
   2.98800015       1.04491162    
   2.98900008       1.04498649    
   2.99000025       1.04506361    
   2.99100018       1.04513383    
   2.99200010       1.04520607    
   2.99300003       1.04527140    
   2.99400020       1.04533863    
   2.99500012       1.04539907    
   2.99600005       1.04546165    
   2.99700022       1.04551721    
   2.99800014       1.04557478    
   2.99900007       1.04562545    
   3.00000024       1.04567802    
   3.00100017       1.04572380    
   3.00200009       1.04577148    
   3.00300026       1.04581237    
   3.00400019       1.04585505    
   3.00500011       1.04589093    
   3.00600004       1.04592872    
   3.00700021       1.04595959    
   3.00800014       1.04599249    
   3.00900006       1.04601848    
   3.01000023       1.04604638    
   3.01100016       1.04606724    
   3.01200008       1.04609013    
   3.01300025       1.04610610    
   3.01400018       1.04612398    
   3.01500010       1.04613507    
   3.01600003       1.04614794    
   3.01700020       1.04615390    
   3.01800013       1.04616177    
   3.01900005       1.04616284    
   3.02000022       1.04616570    
   3.02100015       1.04616165    
   3.02200007       1.04615963    
   3.02300024       1.04615057    
   3.02400017       1.04614353    
   3.02500010       1.04612947    
   3.02600026       1.04611731    
   3.02700019       1.04609835    
   3.02800012       1.04608130    
   3.02900004       1.04605734    
   3.03000021       1.04603517    
   3.03100014       1.04600620    
   3.03200006       1.04597914    
   3.03300023       1.04594529    
   3.03400016       1.04591322    
   3.03500009       1.04587436    
   3.03600025       1.04583728    
   3.03700018       1.04579353    
   3.03800011       1.04575157    
   3.03900003       1.04570282    
   3.04000020       1.04565585    
   3.04100013       1.04560220    
   3.04200006       1.04555035    
   3.04300022       1.04549181    
   3.04400015       1.04543507    
   3.04500008       1.04537177    
   3.04600024       1.04531002    
   3.04700017       1.04524183    
   3.04800010       1.04517531    
   3.04900026       1.04510224    
   3.05000019       1.04503083    
   3.05100012       1.04495299    
   3.05200005       1.04487681    
   3.05300021       1.04479408    
   3.05400014       1.04471314    
   3.05500007       1.04462576    
   3.05600023       1.04454005    
   3.05700016       1.04444778    
   3.05800009       1.04435742    
   3.05900025       1.04426050    
   3.06000018       1.04416537    
   3.06100011       1.04406381    
   3.06200004       1.04396403    
   3.06300020       1.04385781    
   3.06400013       1.04375350    
   3.06500006       1.04364264    
   3.06600022       1.04353368    
   3.06700015       1.04341829    
   3.06800008       1.04330480    
   3.06900024       1.04318500    
   3.07000017       1.04306686    
   3.07100010       1.04294252    
   3.07200003       1.04281998    
   3.07300019       1.04269123    
   3.07400012       1.04256427    
   3.07500005       1.04243112    
   3.07600021       1.04229975    
   3.07700014       1.04216230    
   3.07800007       1.04202664    
   3.07900023       1.04188478    
   3.08000016       1.04174495    
   3.08100009       1.04159880    
   3.08200026       1.04145467    
   3.08300018       1.04130447    
   3.08400011       1.04115605    
   3.08500004       1.04100168    
   3.08600020       1.04084921    
   3.08700013       1.04069078    
   3.08800006       1.04053426    
   3.08900023       1.04037166    
   3.09000015       1.04021108    
   3.09100008       1.04004455    
   3.09200025       1.03988004    
   3.09300017       1.03970957    
   3.09400010       1.03954113    
   3.09500003       1.03936696    
   3.09600019       1.03919458    
   3.09700012       1.03901649    
   3.09800005       1.03884041    
   3.09900022       1.03865862    
   3.10000014       1.03847885    
   3.10100007       1.03829336    
   3.10200024       1.03810990    
   3.10300016       1.03792083    
   3.10400009       1.03773367    
   3.10500026       1.03754115    
   3.10600019       1.03735054    
   3.10700011       1.03715444    
   3.10800004       1.03696048    
   3.10900021       1.03676093    
   3.11000013       1.03656340    
   3.11100006       1.03636062    
   3.11200023       1.03615987    
   3.11300015       1.03595376    
   3.11400008       1.03574967    
   3.11500025       1.03554034    
   3.11600018       1.03533316    
   3.11700010       1.03512073    
   3.11800003       1.03491044    
   3.11900020       1.03469491    
   3.12000012       1.03448164    
   3.12100005       1.03426313    
   3.12200022       1.03404665    
   3.12300014       1.03382540    
   3.12400007       1.03360605    
   3.12500024       1.03338194    
   3.12600017       1.03315985    
   3.12700009       1.03293288    
   3.12800026       1.03270817    
   3.12900019       1.03247845    
   3.13000011       1.03225100    
   3.13100004       1.03201866    
   3.13200021       1.03178871    
   3.13300014       1.03155386    
   3.13400006       1.03132129    
   3.13500023       1.03108406    
   3.13600016       1.03084910    
   3.13700008       1.03060949    
   3.13800025       1.03037214    
   3.13900018       1.03013027    
   3.14000010       1.02989054    
   3.14100003       1.02964640    
   3.14200020       1.02940452    
   3.14300013       1.02915823    
   3.14400005       1.02891433    
   3.14500022       1.02866602    
   3.14600015       1.02842009    
   3.14700007       1.02816963    
   3.14800024       1.02792168    
   3.14900017       1.02766955    
   3.15000010       1.02741969    
   3.15100026       1.02716553    
   3.15200019       1.02691400    
   3.15300012       1.02665806    
   3.15400004       1.02640474    
   3.15500021       1.02614725    
   3.15600014       1.02589226    
   3.15700006       1.02563322    
   3.15800023       1.02537656    
   3.15900016       1.02511597    
   3.16000009       1.02485800    
   3.16100025       1.02459586    
   3.16200018       1.02433646    
   3.16300011       1.02407300    
   3.16400003       1.02381229    
   3.16500020       1.02354765    
   3.16600013       1.02328551    
   3.16700006       1.02301967    
   3.16800022       1.02275646    
   3.16900015       1.02248955    
   3.17000008       1.02222514    
   3.17100024       1.02195716    
   3.17200017       1.02169192    
   3.17300010       1.02142298    
   3.17400026       1.02115667    
   3.17500019       1.02088690    
   3.17600012       1.02061975    
   3.17700005       1.02034914    
   3.17800021       1.02008116    
   3.17900014       1.01980984    
   3.18000007       1.01954126    
   3.18100023       1.01926923    
   3.18200016       1.01899993    
   3.18300009       1.01872730    
   3.18400025       1.01845753    
   3.18500018       1.01818454    
   3.18600011       1.01791418    
   3.18700004       1.01764071    
   3.18800020       1.01736999    
   3.18900013       1.01709616    
   3.19000006       1.01682520    
   3.19100022       1.01655102    
   3.19200015       1.01627982    
   3.19300008       1.01600552    
   3.19400024       1.01573408    
   3.19500017       1.01545966    
   3.19600010       1.01518810    
   3.19700027       1.01491356    
   3.19800019       1.01464200    
   3.19900012       1.01436758    
   3.20000005       1.01409602    
   3.20100021       1.01382160    
   3.20200014       1.01355016    
   3.20300007       1.01327598    
   3.20400023       1.01300466    
   3.20500016       1.01273072    
   3.20600009       1.01245964    
   3.20700026       1.01218605    
   3.20800018       1.01191533    
   3.20900011       1.01164198    
   3.21000004       1.01137161    
   3.21100020       1.01109874    
   3.21200013       1.01082897    
   3.21300006       1.01055658    
   3.21400023       1.01028728    
   3.21500015       1.01001537    
   3.21600008       1.00974667    
   3.21700025       1.00947559    
   3.21800017       1.00920737    
   3.21900010       1.00893700    
   3.22000027       1.00866961    
   3.22100019       1.00839984    
   3.22200012       1.00813329    
   3.22300005       1.00786436    
   3.22400022       1.00759864    
   3.22500014       1.00733066    
   3.22600007       1.00706577    
   3.22700024       1.00679874    
   3.22800016       1.00653493    
   3.22900009       1.00626886    
   3.23000026       1.00600600    
   3.23100019       1.00574100    
   3.23200011       1.00547922    
   3.23300004       1.00521541    
   3.23400021       1.00495481    
   3.23500013       1.00469208    
   3.23600006       1.00443268    
   3.23700023       1.00417125    
   3.23800015       1.00391316    
   3.23900008       1.00365305    
   3.24000025       1.00339615    
   3.24100018       1.00313747    
   3.24200010       1.00288188    
   3.24300027       1.00262451    
   3.24400020       1.00237048    
   3.24500012       1.00211465    
   3.24600005       1.00186193    
   3.24700022       1.00160754    
   3.24800014       1.00135648    
   3.24900007       1.00110364    
   3.25000024       1.00085413    
   3.25100017       1.00060296    
   3.25200009       1.00035501    
   3.25300026       1.00010550    
   3.25400019      0.999859214    
   3.25500011      0.999611437    
   3.25600004      0.999366879    
   3.25700021      0.999120831    
   3.25800014      0.998878062    
   3.25900006      0.998633802    
   3.26000023      0.998392820    
   3.26100016      0.998150408    
   3.26200008      0.997911274    
   3.26300025      0.997670710    
   3.26400018      0.997433543    
   3.26500010      0.997194946    
   3.26600027      0.996959627    
   3.26700020      0.996722996    
   3.26800013      0.996489704    
   3.26900005      0.996255100    
   3.27000022      0.996023834    
   3.27100015      0.995791197    
   3.27200007      0.995562017    
   3.27300024      0.995331526    
   3.27400017      0.995104432    
   3.27500010      0.994876027    
   3.27600026      0.994651079    
   3.27700019      0.994424880    
   3.27800012      0.994202077    
   3.27900004      0.993978083    
   3.28000021      0.993757486    
   3.28100014      0.993535757    
   3.28200006      0.993317425    
   3.28300023      0.993097901    
   3.28400016      0.992881835    
   3.28500009      0.992664635    
   3.28600025      0.992450893    
   3.28700018      0.992236018    
   3.28800011      0.992024601    
   3.28900027      0.991812110    
   3.29000020      0.991603076    
   3.29100013      0.991392970    
   3.29200006      0.991186261    
   3.29300022      0.990978599    
   3.29400015      0.990774393    
   3.29500008      0.990569115    
   3.29600024      0.990367353    
   3.29700017      0.990164638    
   3.29800010      0.989965320    
   3.29900026      0.989765048    
   3.30000019      0.989568293    
   3.30100012      0.989370584    
   3.30200005      0.989176273    
   3.30300021      0.988981128    
   3.30400014      0.988789439    
   3.30500007      0.988596857    
   3.30600023      0.988407731    
   3.30700016      0.988217771    
   3.30800009      0.988031268    
   3.30900025      0.987843871    
   3.31000018      0.987659931    
   3.31100011      0.987475276    
   3.31200027      0.987294018    
   3.31300020      0.987111926    
   3.31400013      0.986933351    
   3.31500006      0.986754000    
   3.31600022      0.986577988    
   3.31700015      0.986401379    
   3.31800008      0.986228108    
   3.31900024      0.986054182    
   3.32000017      0.985883594    
   3.32100010      0.985712409    
   3.32200027      0.985544562    
   3.32300019      0.985376179    
   3.32400012      0.985211074    
   3.32500005      0.985045433    
   3.32600021      0.984883070    
   3.32700014      0.984720170    
   3.32800007      0.984560609    
   3.32900023      0.984400511    
   3.33000016      0.984243691    
   3.33100009      0.984086394    
   3.33200026      0.983932436    
   3.33300018      0.983777940    
   3.33400011      0.983626783    
   3.33500028      0.983475029    
   3.33600020      0.983326733    
   3.33700013      0.983177841    
   3.33800006      0.983032346    
   3.33900023      0.982886255    
   3.34000015      0.982743621    
   3.34100008      0.982600451    
   3.34200025      0.982460618    
   3.34300017      0.982320309    
   3.34400010      0.982183337    
   3.34500027      0.982045889    
   3.34600019      0.981911778    
   3.34700012      0.981777191    
   3.34800005      0.981645942    
   3.34900022      0.981514215    
   3.35000014      0.981385827    
   3.35100007      0.981257021    
   3.35200024      0.981131494    
   3.35300016      0.981005549    
   3.35400009      0.980882943    
   3.35500026      0.980759859    
   3.35600019      0.980640113    
   3.35700011      0.980519950    
   3.35800028      0.980403125    
   3.35900021      0.980285823    
   3.36000013      0.980171859    
   3.36100006      0.980057478    
   3.36200023      0.979946375    
   3.36300015      0.979834855    
   3.36400008      0.979726672    
   3.36500025      0.979618073    
   3.36600018      0.979512751    
   3.36700010      0.979407072    
   3.36800027      0.979304671    
   3.36900020      0.979201853    
   3.37000012      0.979102254    
   3.37100005      0.979002416    
   3.37200022      0.978905737    
   3.37300014      0.978808761    
   3.37400007      0.978714943    
   3.37500024      0.978620827    
   3.37600017      0.978529871    
   3.37700009      0.978438675    
   3.37800026      0.978350639    
   3.37900019      0.978262246    
   3.38000011      0.978177071    
   3.38100004      0.978091657    
   3.38200021      0.978009284    
   3.38300014      0.977926672    
   3.38400006      0.977847278    
   3.38500023      0.977767527    
   3.38600016      0.977690935    
   3.38700008      0.977614045    
   3.38800025      0.977540255    
   3.38900018      0.977466285    
   3.39000010      0.977395356    
   3.39100027      0.977324188    
   3.39200020      0.977256119    
   3.39300013      0.977187812    
   3.39400005      0.977122486    
   3.39500022      0.977056980    
   3.39600015      0.976994514    
   3.39700007      0.976931930    
   3.39800024      0.976872265    
   3.39900017      0.976812422    
   3.40000010      0.976755559    
   3.40100026      0.976698518    
   3.40200019      0.976644456    
   3.40300012      0.976590216    
   3.40400004      0.976538956    
   3.40500021      0.976487517    
   3.40600014      0.976438999    
   3.40700006      0.976390243    
   3.40800023      0.976344526    
   3.40900016      0.976298630    
   3.41000009      0.976255596    
   3.41100025      0.976212442    
   3.41200018      0.976172209    
   3.41300011      0.976131737    
   3.41400027      0.976094246    
   3.41500020      0.976056516    
   3.41600013      0.976021707    
   3.41700006      0.975986719    
   3.41800022      0.975954592    
   3.41900015      0.975922287    
   3.42000008      0.975892842    
   3.42100024      0.975863278    
   3.42200017      0.975836515    
   3.42300010      0.975809574    
   3.42400026      0.975785494    
   3.42500019      0.975761235    
   3.42600012      0.975739777    
   3.42700005      0.975718141    
   3.42800021      0.975699306    
   3.42900014      0.975680351    
   3.43000007      0.975664139    
   3.43100023      0.975647748    
   3.43200016      0.975634158    
   3.43300009      0.975620389    
   3.43400025      0.975609362    
   3.43500018      0.975598156    
   3.43600011      0.975589693    
   3.43700027      0.975581169    
   3.43800020      0.975575209    
   3.43900013      0.975569129    
   3.44000006      0.975565732    
   3.44100022      0.975562274    
   3.44200015      0.975561380    
   3.44300008      0.975560427    
   3.44400024      0.975562036    
   3.44500017      0.975563586    
   3.44600010      0.975567698    
   3.44700027      0.975571692    
   3.44800019      0.975578249    
   3.44900012      0.975584745    
   3.45000005      0.975593746    
   3.45100021      0.975602746    
   3.45200014      0.975614130    
   3.45300007      0.975625575    
   3.45400023      0.975639403    
   3.45500016      0.975653172    
   3.45600009      0.975669444    
   3.45700026      0.975685596    
   3.45800018      0.975704193    
   3.45900011      0.975722790    
   3.46000028      0.975743771    
   3.46100020      0.975764692    
   3.46200013      0.975787997    
   3.46300006      0.975811243    
   3.46400023      0.975836873    
   3.46500015      0.975862443    
   3.46600008      0.975890398    
   3.46700025      0.975918233    
   3.46800017      0.975948453    
   3.46900010      0.975978553    
   3.47000027      0.976011038    
   3.47100019      0.976043403    
   3.47200012      0.976078153    
   3.47300005      0.976112723    
   3.47400022      0.976149678    
   3.47500014      0.976186454    
   3.47600007      0.976225615    
   3.47700024      0.976264656    
   3.47800016      0.976305962    
   3.47900009      0.976347089    
   3.48000026      0.976390600    
   3.48100019      0.976433873    
   3.48200011      0.976479530    
   3.48300028      0.976524949    
   3.48400021      0.976572692    
   3.48500013      0.976620197    
   3.48600006      0.976670086    
   3.48700023      0.976719677    
   3.48800015      0.976771593    
   3.48900008      0.976823270    
   3.49000025      0.976877213    
   3.49100018      0.976930916    
   3.49200010      0.976986885    
   3.49300027      0.977042615    
   3.49400020      0.977100611    
   3.49500012      0.977158308    
   3.49600005      0.977218270    
   3.49700022      0.977277994    
   3.49800014      0.977339923    
   3.49900007      0.977401555    
   3.50000024      0.977465332    
   3.50100017      0.977528930    
   3.50200009      0.977594733    
   3.50300026      0.977660179    
   3.50400019      0.977727830    
   3.50500011      0.977795184    
   3.50600028      0.977864683    
   3.50700021      0.977933884    
   3.50800014      0.978005230    
   3.50900006      0.978076279    
   3.51000023      0.978149414    
   3.51100016      0.978222311    
   3.51200008      0.978297234    
   3.51300025      0.978371918    
   3.51400018      0.978448629    
   3.51500010      0.978525043    
   3.51600027      0.978603482    
   3.51700020      0.978681684    
   3.51800013      0.978761852    
   3.51900005      0.978841722    
   3.52000022      0.978923559    
   3.52100015      0.979005158    
   3.52200007      0.979088724    
   3.52300024      0.979171932    
   3.52400017      0.979257107    
   3.52500010      0.979341984    
   3.52600026      0.979428768    
   3.52700019      0.979515314    
   3.52800012      0.979603708    
   3.52900028      0.979691803    
   3.53000021      0.979781806    
   3.53100014      0.979871452    
   3.53200006      0.979963005    
   3.53300023      0.980054200    
   3.53400016      0.980147243    
   3.53500009      0.980239987    
   3.53600025      0.980334520    
   3.53700018      0.980428755    
   3.53800011      0.980524778    
   3.53900027      0.980620444    
   3.54000020      0.980717957    
   3.54100013      0.980815113    
   3.54200006      0.980913997    
   3.54300022      0.981012583    
   3.54400015      0.981112838    
   3.54500008      0.981212854    
   3.54600024      0.981314480    
   3.54700017      0.981415808    
   3.54800010      0.981518865    
   3.54900026      0.981621504    
   3.55000019      0.981725872    
   3.55100012      0.981829882    
   3.55200028      0.981935501    
   3.55300021      0.982040763    
   3.55400014      0.982147694    
   3.55500007      0.982254207    
   3.55600023      0.982362390    
   3.55700016      0.982470214    
   3.55800009      0.982579648    
   3.55900025      0.982688606    
   3.56000018      0.982799232    
   3.56100011      0.982909381    
   3.56200027      0.983021200    
   3.56300020      0.983132482    
   3.56400013      0.983245432    
   3.56500006      0.983357906    
   3.56600022      0.983471990    
   3.56700015      0.983585536    
   3.56800008      0.983700693    
   3.56900024      0.983815372    
   3.57000017      0.983931601    
   3.57100010      0.984047353    
   3.57200027      0.984164596    
   3.57300019      0.984281361    
   3.57400012      0.984399617    
   3.57500029      0.984517395    
   3.57600021      0.984636664    
   3.57700014      0.984755456    
   3.57800007      0.984875679    
   3.57900023      0.984995425    
   3.58000016      0.985116601    
   3.58100009      0.985237181    
   3.58200026      0.985359371    
   3.58300018      0.985480905    
   3.58400011      0.985603869    
   3.58500028      0.985726297    
   3.58600020      0.985850155    
   3.58700013      0.985973418    
   3.58800006      0.986098111    
   3.58900023      0.986222208    
   3.59000015      0.986347735    
   3.59100008      0.986472666    
   3.59200025      0.986598909    
   3.59300017      0.986724615    
   3.59400010      0.986851692    
   3.59500027      0.986978114    
   3.59600019      0.987105846    
   3.59700012      0.987233043    
   3.59800029      0.987361550    
   3.59900022      0.987489402    
   3.60000014      0.987618506    
   3.60100007      0.987747073    
   3.60200024      0.987876892    
   3.60300016      0.988006055    
   3.60400009      0.988136470    
   3.60500026      0.988266289    
   3.60600019      0.988397360    
   3.60700011      0.988527715    
   3.60800028      0.988659322    
   3.60900021      0.988790274    
   3.61000013      0.988922477    
   3.61100006      0.989053965    
   3.61200023      0.989186645    
   3.61300015      0.989318609    
   3.61400008      0.989451826    
   3.61500025      0.989584327    
   3.61600018      0.989718020    
   3.61700010      0.989850938    
   3.61800027      0.989985108    
   3.61900020      0.990118444    
   3.62000012      0.990252972    
   3.62100029      0.990386784    
   3.62200022      0.990521789    
   3.62300014      0.990655899    
   3.62400007      0.990791202    
   3.62500024      0.990925789    
   3.62600017      0.991061449    
   3.62700009      0.991196275    
   3.62800026      0.991332233    
   3.62900019      0.991467416    
   3.63000011      0.991603732    
   3.63100028      0.991739154    
   3.63200021      0.991875708    
   3.63300014      0.992011428    
   3.63400006      0.992148161    
   3.63500023      0.992284179    
   3.63600016      0.992421091    
   3.63700008      0.992557287    
   3.63800025      0.992694438    
   3.63900018      0.992830813    
   3.64000010      0.992968082    
   3.64100027      0.993104637    
   3.64200020      0.993242085    
   3.64300013      0.993378758    
   3.64400029      0.993516266    
   3.64500022      0.993653059    
   3.64600015      0.993790686    
   3.64700007      0.993927538    
   3.64800024      0.994065225    
   3.64900017      0.994202077    
   3.65000010      0.994339824    
   3.65100026      0.994476736    
   3.65200019      0.994614482    
   3.65300012      0.994751394    
   3.65400028      0.994889140    
   3.65500021      0.995026052    
   3.65600014      0.995163739    
   3.65700006      0.995300591    
   3.65800023      0.995438218    
   3.65900016      0.995574951    
   3.66000009      0.995712459    
   3.66100025      0.995849192    
   3.66200018      0.995986640    
   3.66300011      0.996123135    
   3.66400027      0.996260405    
   3.66500020      0.996396840    
   3.66600013      0.996533990    
   3.66700006      0.996670246    
   3.66800022      0.996807158    
   3.66900015      0.996943176    
   3.67000008      0.997079909    
   3.67100024      0.997215748    
   3.67200017      0.997352183    
   3.67300010      0.997487783    
   3.67400026      0.997623980    
   3.67500019      0.997759342    
   3.67600012      0.997895241    
   3.67700028      0.998030245    
   3.67800021      0.998165905    
   3.67900014      0.998300552    
   3.68000007      0.998435855    
   3.68100023      0.998570204    
   3.68200016      0.998705149    
   3.68300009      0.998839140    
   3.68400025      0.998973668    
   3.68500018      0.999107242    
   3.68600011      0.999241412    
   3.68700027      0.999374568    
   3.68800020      0.999508262    
   3.68900013      0.999641061    
   3.69000006      0.999774277    
   3.69100022      0.999906600    
   3.69200015       1.00003934    
   3.69300008       1.00017118    
   3.69400024       1.00030339    
   3.69500017       1.00043476    
   3.69600010       1.00056648    
   3.69700027       1.00069726    
   3.69800019       1.00082839    
   3.69900012       1.00095868    
   3.70000029       1.00108933    
   3.70100021       1.00121891    
   3.70200014       1.00134897    
   3.70300007       1.00147808    
   3.70400023       1.00160742    
   3.70500016       1.00173593    
   3.70600009       1.00186467    
   3.70700026       1.00199246    
   3.70800018       1.00212049    
   3.70900011       1.00224769    
   3.71000028       1.00237513    
   3.71100020       1.00250149    
   3.71200013       1.00262821    
   3.71300006       1.00275397    
   3.71400023       1.00287998    
   3.71500015       1.00300491    
   3.71600008       1.00313020    
   3.71700025       1.00325441    
   3.71800017       1.00337887    
   3.71900010       1.00350237    
   3.72000027       1.00362599    
   3.72100019       1.00374866    
   3.72200012       1.00387156    
   3.72300029       1.00399339    
   3.72400022       1.00411546    
   3.72500014       1.00423634    
   3.72600007       1.00435758    
   3.72700024       1.00447774    
   3.72800016       1.00459802    
   3.72900009       1.00471723    
   3.73000026       1.00483668    
   3.73100019       1.00495505    
   3.73200011       1.00507355    
   3.73300028       1.00519097    
   3.73400021       1.00530851    
   3.73500013       1.00542498    
   3.73600006       1.00554156    
   3.73700023       1.00565708    
   3.73800015       1.00577271    
   3.73900008       1.00588715    
   3.74000025       1.00600183    
   3.74100018       1.00611532    
   3.74200010       1.00622892    
   3.74300027       1.00634146    
   3.74400020       1.00645399    
   3.74500012       1.00656545    
   3.74600029       1.00667691    
   3.74700022       1.00678730    
   3.74800014       1.00689781    
   3.74900007       1.00700700    
   3.75000024       1.00711644    
   3.75100017       1.00722456    
   3.75200009       1.00733280    
   3.75300026       1.00743985    
   3.75400019       1.00754702    
   3.75500011       1.00765288    
   3.75600028       1.00775886    
   3.75700021       1.00786364    
   3.75800014       1.00796843    
   3.75900006       1.00807202    
   3.76000023       1.00817561    
   3.76100016       1.00827801    
   3.76200008       1.00838041    
   3.76300025       1.00848162    
   3.76400018       1.00858283    
   3.76500010       1.00868273    
   3.76600027       1.00878263    
   3.76700020       1.00888133    
   3.76800013       1.00898004    
   3.76900029       1.00907743    
   3.77000022       1.00917494    
   3.77100015       1.00927103    
   3.77200007       1.00936723    
   3.77300024       1.00946200    
   3.77400017       1.00955689    
   3.77500010       1.00965035    
   3.77600026       1.00974393    
   3.77700019       1.00983608    
   3.77800012       1.00992835    
   3.77900028       1.01001918    
   3.78000021       1.01011002    
   3.78100014       1.01019943    
   3.78200006       1.01028895    
   3.78300023       1.01037705    
   3.78400016       1.01046515    
   3.78500009       1.01055193    
   3.78600025       1.01063859    
   3.78700018       1.01072395    
   3.78800011       1.01080918    
   3.78900027       1.01089311    
   3.79000020       1.01097691    
   3.79100013       1.01105940    
   3.79200029       1.01114190    
   3.79300022       1.01122284    
   3.79400015       1.01130378    
   3.79500008       1.01138330    
   3.79600024       1.01146281    
   3.79700017       1.01154089    
   3.79800010       1.01161897    
   3.79900026       1.01169550    
   3.80000019       1.01177204    
   3.80100012       1.01184714    
   3.80200028       1.01192224    
   3.80300021       1.01199567    
   3.80400014       1.01206923    
   3.80500007       1.01214123    
   3.80600023       1.01221323    
   3.80700016       1.01228380    
   3.80800009       1.01235414    
   3.80900025       1.01242316    
   3.81000018       1.01249194    
   3.81100011       1.01255941    
   3.81200027       1.01262665    
   3.81300020       1.01269257    
   3.81400013       1.01275826    
   3.81500030       1.01282251    
   3.81600022       1.01288664    
   3.81700015       1.01294923    
   3.81800008       1.01301181    
   3.81900024       1.01307285    
   3.82000017       1.01313376    
   3.82100010       1.01319325    
   3.82200027       1.01325250    
   3.82300019       1.01331031    
   3.82400012       1.01336801    
   3.82500029       1.01342416    
   3.82600021       1.01348019    
   3.82700014       1.01353478    
   3.82800007       1.01358914    
   3.82900023       1.01364207    
   3.83000016       1.01369476    
   3.83100009       1.01374602    
   3.83200026       1.01379704    
   3.83300018       1.01384664    
   3.83400011       1.01389611    
   3.83500028       1.01394391    
   3.83600020       1.01399159    
   3.83700013       1.01403785    
   3.83800030       1.01408386    
   3.83900023       1.01412845    
   3.84000015       1.01417279    
   3.84100008       1.01421559    
   3.84200025       1.01425827    
   3.84300017       1.01429939    
   3.84400010       1.01434028    
   3.84500027       1.01437974    
   3.84600019       1.01441896    
   3.84700012       1.01445663    
   3.84800029       1.01449418    
   3.84900022       1.01453018    
   3.85000014       1.01456594    
   3.85100007       1.01460028    
   3.85200024       1.01463425    
   3.85300016       1.01466680    
   3.85400009       1.01469910    
   3.85500026       1.01472998    
   3.85600019       1.01476049    
   3.85700011       1.01478958    
   3.85800028       1.01481831    
   3.85900021       1.01484573    
   3.86000013       1.01487279    
   3.86100030       1.01489842    
   3.86200023       1.01492381    
   3.86300015       1.01494753    
   3.86400008       1.01497114    
   3.86500025       1.01499331    
   3.86600018       1.01501513    
   3.86700010       1.01503551    
   3.86800027       1.01505554    
   3.86900020       1.01507413    
   3.87000012       1.01509249    
   3.87100029       1.01510930    
   3.87200022       1.01512587    
   3.87300014       1.01514089    
   3.87400007       1.01515579    
   3.87500024       1.01516914    
   3.87600017       1.01518214    
   3.87700009       1.01519370    
   3.87800026       1.01520491    
   3.87900019       1.01521480    
   3.88000011       1.01522434    
   3.88100028       1.01523232    
   3.88200021       1.01524019    
   3.88300014       1.01524651    
   3.88400030       1.01525247    
   3.88500023       1.01525700    
   3.88600016       1.01526129    
   3.88700008       1.01526403    
   3.88800025       1.01526654    
   3.88900018       1.01526761    
   3.89000010       1.01526833    
   3.89100027       1.01526761    
   3.89200020       1.01526666    
   3.89300013       1.01526415    
   3.89400029       1.01526141    
   3.89500022       1.01525724    
   3.89600015       1.01525271    
   3.89700007       1.01524675    
   3.89800024       1.01524055    
   3.89900017       1.01523292    
   3.90000010       1.01522481    
   3.90100026       1.01521540    
   3.90200019       1.01520574    
   3.90300012       1.01519465    
   3.90400028       1.01518321    
   3.90500021       1.01517034    
   3.90600014       1.01515710    
   3.90700030       1.01514256    
   3.90800023       1.01512766    
   3.90900016       1.01511133    
   3.91000009       1.01509476    
   3.91100025       1.01507676    
   3.91200018       1.01505840    
   3.91300011       1.01503873    
   3.91400027       1.01501870    
   3.91500020       1.01499736    
   3.91600013       1.01497567    
   3.91700029       1.01495254    
   3.91800022       1.01492918    
   3.91900015       1.01490438    
   3.92000008       1.01487935    
   3.92100024       1.01485288    
   3.92200017       1.01482618    
   3.92300010       1.01479805    
   3.92400026       1.01476955    
   3.92500019       1.01473987    
   3.92600012       1.01470983    
   3.92700028       1.01467836    
   3.92800021       1.01464665    
   3.92900014       1.01461363    
   3.93000031       1.01458025    
   3.93100023       1.01454568    
   3.93200016       1.01451063    
   3.93300009       1.01447439    
   3.93400025       1.01443779    
   3.93500018       1.01439989    
   3.93600011       1.01436174    
   3.93700027       1.01432216    
   3.93800020       1.01428246    
   3.93900013       1.01424134    
   3.94000030       1.01419997    
   3.94100022       1.01415730    
   3.94200015       1.01411438    
   3.94300008       1.01407015    
   3.94400024       1.01402569    
   3.94500017       1.01397991    
   3.94600010       1.01393390    
   3.94700027       1.01388657    
   3.94800019       1.01383901    
   3.94900012       1.01379013    
   3.95000029       1.01374102    
   3.95100021       1.01369071    
   3.95200014       1.01364005    
   3.95300007       1.01358831    
   3.95400023       1.01353610    
   3.95500016       1.01348281    
   3.95600009       1.01342928    
   3.95700026       1.01337445    
   3.95800018       1.01331937    
   3.95900011       1.01326323    
   3.96000028       1.01320672    
   3.96100020       1.01314902    
   3.96200013       1.01309109    
   3.96300030       1.01303196    
   3.96400023       1.01297259    
   3.96500015       1.01291203    
   3.96600008       1.01285124    
   3.96700025       1.01278937    
   3.96800017       1.01272726    
   3.96900010       1.01266396    
   3.97000027       1.01260042    
   3.97100019       1.01253581    
   3.97200012       1.01247096    
   3.97300029       1.01240492    
   3.97400022       1.01233876    
   3.97500014       1.01227140    
   3.97600007       1.01220393    
   3.97700024       1.01213527    
   3.97800016       1.01206648    
   3.97900009       1.01199651    
   3.98000026       1.01192641    
   3.98100019       1.01185524    
   3.98200011       1.01178384    
   3.98300028       1.01171148    
   3.98400021       1.01163876    
   3.98500013       1.01156509    
   3.98600030       1.01149130    
   3.98700023       1.01141644    
   3.98800015       1.01134133    
   3.98900008       1.01126516    
   3.99000025       1.01118898    
   3.99100018       1.01111174    
   3.99200010       1.01103437    
   3.99300027       1.01095581    
   3.99400020       1.01087725    
   3.99500012       1.01079774    
   3.99600029       1.01071799    
   3.99700022       1.01063740    
   3.99800014       1.01055658    
   3.99900007       1.01047480    
   4.00000000       1.01039290    
   4.00100040       1.01031005    
   4.00200033       1.01022720    
   4.00300026       1.01014328    
   4.00400019       1.01005924    
   4.00500011       1.00997424    
   4.00600004       1.00988925    
   4.00699997       1.00980330    
   4.00800037       1.00971735    
   4.00900030       1.00963044    
   4.01000023       1.00954342    
   4.01100016       1.00945556    
   4.01200008       1.00936759    
   4.01300001       1.00927866    
   4.01400042       1.00918984    
   4.01500034       1.00910008    
   4.01600027       1.00901031    
   4.01700020       1.00891960    
   4.01800013       1.00882900    
   4.01900005       1.00873744    
   4.01999998       1.00864589    
   4.02100039       1.00855350    
   4.02200031       1.00846112    
   4.02300024       1.00836790    
   4.02400017       1.00827467    
   4.02500010       1.00818074    
   4.02600002       1.00808668    
   4.02700043       1.00799191    
   4.02800035       1.00789714    
   4.02900028       1.00780165    
   4.03000021       1.00770617    
   4.03100014       1.00760984    
   4.03200006       1.00751364    
   4.03299999       1.00741661    
   4.03400040       1.00731969    
   4.03500032       1.00722206    
   4.03600025       1.00712442    
   4.03700018       1.00702620    
   4.03800011       1.00692785    
   4.03900003       1.00682902    
   4.03999996       1.00673008    
   4.04100037       1.00663054    
   4.04200029       1.00653112    
   4.04300022       1.00643098    
   4.04400015       1.00633097    
   4.04500008       1.00623024    
   4.04600000       1.00612962    
   4.04700041       1.00602853    
   4.04800034       1.00592744    
   4.04900026       1.00582564    
   4.05000019       1.00572395    
   4.05100012       1.00562179    
   4.05200005       1.00551975    
   4.05299997       1.00541711    
   4.05400038       1.00531459    
   4.05500031       1.00521147    
   4.05600023       1.00510859    
   4.05700016       1.00500512    
   4.05800009       1.00490177    
   4.05900002       1.00479782    
   4.06000042       1.00469422    
   4.06100035       1.00459003    
   4.06200027       1.00448596    
   4.06300020       1.00438154    
   4.06400013       1.00427735    
   4.06500006       1.00417233    
   4.06599998       1.00406778    
   4.06700039       1.00396264    
   4.06800032       1.00385773    
   4.06900024       1.00375235    
   4.07000017       1.00364721    
   4.07100010       1.00354171    
   4.07200003       1.00343657    
   4.07300043       1.00333059    
   4.07400036       1.00322521    
   4.07500029       1.00311923    
   4.07600021       1.00301361    
   4.07700014       1.00290740    
   4.07800007       1.00280166    
   4.07900000       1.00269556    
   4.08000040       1.00258994    
   4.08100033       1.00248337    
   4.08200026       1.00237739    
   4.08300018       1.00227106    
   4.08400011       1.00216532    
   4.08500004       1.00205863    
   4.08599997       1.00195277    
   4.08700037       1.00184608    
   4.08800030       1.00174069    
   4.08900023       1.00163364    
   4.09000015       1.00152779    
   4.09100008       1.00142097    
   4.09200001       1.00131607    
   4.09300041       1.00120914    
   4.09400034       1.00110435    
   4.09500027       1.00099516    
