   0.00000000       0.00000000    
   1.00000005E-03   0.00000000    
   2.00000009E-03   0.00000000    
   3.00000003E-03   0.00000000    
   4.00000019E-03   0.00000000    
   5.00000035E-03   0.00000000    
   6.00000005E-03   0.00000000    
   7.00000022E-03   0.00000000    
   8.00000038E-03   0.00000000    
   9.00000054E-03   0.00000000    
   1.00000007E-02   0.00000000    
   1.10000009E-02   0.00000000    
   1.20000001E-02   0.00000000    
   1.30000003E-02   0.00000000    
   1.40000004E-02   0.00000000    
   1.50000006E-02   0.00000000    
   1.60000008E-02   0.00000000    
   1.70000009E-02   0.00000000    
   1.80000011E-02   0.00000000    
   1.90000013E-02   0.00000000    
   2.00000014E-02   0.00000000    
   2.10000016E-02   0.00000000    
   2.20000017E-02   0.00000000    
   2.30000019E-02   0.00000000    
   2.40000002E-02   0.00000000    
   2.50000004E-02   0.00000000    
   2.60000005E-02   0.00000000    
   2.70000007E-02   0.00000000    
   2.80000009E-02   0.00000000    
   2.90000010E-02   0.00000000    
   3.00000012E-02   0.00000000    
   3.10000014E-02   0.00000000    
   3.20000015E-02   0.00000000    
   3.29999998E-02   0.00000000    
   3.40000018E-02   0.00000000    
   3.50000001E-02   0.00000000    
   3.60000022E-02   0.00000000    
   3.70000005E-02   0.00000000    
   3.80000025E-02   0.00000000    
   3.90000008E-02   0.00000000    
   4.00000028E-02   0.00000000    
   4.10000011E-02   0.00000000    
   4.20000032E-02   0.00000000    
   4.30000015E-02   0.00000000    
   4.40000035E-02   0.00000000    
   4.50000018E-02   0.00000000    
   4.60000038E-02   0.00000000    
   4.70000021E-02   0.00000000    
   4.80000004E-02   0.00000000    
   4.90000024E-02   0.00000000    
   5.00000007E-02   0.00000000    
   5.10000028E-02   0.00000000    
   5.20000011E-02   0.00000000    
   5.30000031E-02   0.00000000    
   5.40000014E-02   0.00000000    
   5.50000034E-02   0.00000000    
   5.60000017E-02   0.00000000    
   5.70000038E-02   0.00000000    
   5.80000021E-02   0.00000000    
   5.90000041E-02   0.00000000    
   6.00000024E-02   0.00000000    
   6.10000044E-02   0.00000000    
   6.20000027E-02   0.00000000    
   6.30000010E-02   0.00000000    
   6.40000030E-02   0.00000000    
   6.50000051E-02   0.00000000    
   6.59999996E-02   0.00000000    
   6.70000017E-02   0.00000000    
   6.80000037E-02   0.00000000    
   6.90000057E-02   0.00000000    
   7.00000003E-02   0.00000000    
   7.10000023E-02   0.00000000    
   7.20000044E-02   0.00000000    
   7.30000064E-02   0.00000000    
   7.40000010E-02   0.00000000    
   7.50000030E-02   0.00000000    
   7.60000050E-02   0.00000000    
   7.70000070E-02   0.00000000    
   7.80000016E-02   0.00000000    
   7.90000036E-02   0.00000000    
   8.00000057E-02   0.00000000    
   8.10000002E-02   0.00000000    
   8.20000023E-02   0.00000000    
   8.30000043E-02   0.00000000    
   8.40000063E-02   0.00000000    
   8.50000009E-02   0.00000000    
   8.60000029E-02   0.00000000    
   8.70000049E-02   0.00000000    
   8.80000070E-02   0.00000000    
   8.90000015E-02   0.00000000    
   9.00000036E-02   0.00000000    
   9.10000056E-02   0.00000000    
   9.20000076E-02   0.00000000    
   9.30000022E-02   0.00000000    
   9.40000042E-02   0.00000000    
   9.50000063E-02   0.00000000    
   9.60000008E-02   0.00000000    
   9.70000029E-02   0.00000000    
   9.80000049E-02   0.00000000    
   9.90000069E-02   0.00000000    
  0.100000001       0.00000000    
  0.101000004       0.00000000    
  0.102000006       0.00000000    
  0.103000008       0.00000000    
  0.104000002       0.00000000    
  0.105000004       0.00000000    
  0.106000006       0.00000000    
  0.107000008       0.00000000    
  0.108000003       0.00000000    
  0.109000005       0.00000000    
  0.110000007       0.00000000    
  0.111000009       0.00000000    
  0.112000003       0.00000000    
  0.113000005       0.00000000    
  0.114000008       0.00000000    
  0.115000002       0.00000000    
  0.116000004       0.00000000    
  0.117000006       0.00000000    
  0.118000008       0.00000000    
  0.119000003       0.00000000    
  0.120000005       0.00000000    
  0.121000007       0.00000000    
  0.122000009       0.00000000    
  0.123000003       0.00000000    
  0.124000005       0.00000000    
  0.125000000       0.00000000    
  0.126000002       0.00000000    
  0.127000004       0.00000000    
  0.128000006       0.00000000    
  0.129000008       0.00000000    
  0.130000010       0.00000000    
  0.131000012       0.00000000    
  0.131999999       0.00000000    
  0.133000001       0.00000000    
  0.134000003       0.00000000    
  0.135000005       0.00000000    
  0.136000007       0.00000000    
  0.137000009       0.00000000    
  0.138000011       0.00000000    
  0.139000013       0.00000000    
  0.140000001       0.00000000    
  0.141000003       0.00000000    
  0.142000005       0.00000000    
  0.143000007       0.00000000    
  0.144000009       0.00000000    
  0.145000011       0.00000000    
  0.146000013       0.00000000    
  0.147000000       0.00000000    
  0.148000002       0.00000000    
  0.149000004       0.00000000    
  0.150000006       0.00000000    
  0.151000008       0.00000000    
  0.152000010       0.00000000    
  0.153000012       0.00000000    
  0.154000014       0.00000000    
  0.155000001       0.00000000    
  0.156000003       0.00000000    
  0.157000005       0.00000000    
  0.158000007       0.00000000    
  0.159000009       0.00000000    
  0.160000011       0.00000000    
  0.161000013       0.00000000    
  0.162000000       0.00000000    
  0.163000003       0.00000000    
  0.164000005       0.00000000    
  0.165000007       0.00000000    
  0.166000009       0.00000000    
  0.167000011       0.00000000    
  0.168000013       0.00000000    
  0.169000015       0.00000000    
  0.170000002       0.00000000    
  0.171000004       0.00000000    
  0.172000006       0.00000000    
  0.173000008       0.00000000    
  0.174000010       0.00000000    
  0.175000012       0.00000000    
  0.176000014       0.00000000    
  0.177000001       0.00000000    
  0.178000003       0.00000000    
  0.179000005       0.00000000    
  0.180000007       0.00000000    
  0.181000009       0.00000000    
  0.182000011       0.00000000    
  0.183000013       0.00000000    
  0.184000015       0.00000000    
  0.185000002       0.00000000    
  0.186000004       0.00000000    
  0.187000006       0.00000000    
  0.188000008       0.00000000    
  0.189000010       0.00000000    
  0.190000013       0.00000000    
  0.191000015       0.00000000    
  0.192000002       0.00000000    
  0.193000004       0.00000000    
  0.194000006       0.00000000    
  0.195000008       0.00000000    
  0.196000010       0.00000000    
  0.197000012       0.00000000    
  0.198000014       0.00000000    
  0.199000016       0.00000000    
  0.200000003       0.00000000    
  0.201000005       0.00000000    
  0.202000007       0.00000000    
  0.203000009       0.00000000    
  0.204000011       0.00000000    
  0.205000013       0.00000000    
  0.206000015       0.00000000    
  0.207000017       0.00000000    
  0.208000004       0.00000000    
  0.209000006       0.00000000    
  0.210000008       0.00000000    
  0.211000010       0.00000000    
  0.212000012       0.00000000    
  0.213000014       0.00000000    
  0.214000016       0.00000000    
  0.215000004       0.00000000    
  0.216000006       0.00000000    
  0.217000008       0.00000000    
  0.218000010       0.00000000    
  0.219000012       0.00000000    
  0.220000014       0.00000000    
  0.221000016       0.00000000    
  0.222000018       0.00000000    
  0.223000005       0.00000000    
  0.224000007       0.00000000    
  0.225000009       0.00000000    
  0.226000011       0.00000000    
  0.227000013       0.00000000    
  0.228000015       0.00000000    
  0.229000017       0.00000000    
  0.230000004       0.00000000    
  0.231000006       0.00000000    
  0.232000008       0.00000000    
  0.233000010       0.00000000    
  0.234000012       0.00000000    
  0.235000014       0.00000000    
  0.236000016       0.00000000    
  0.237000018       0.00000000    
  0.238000005       0.00000000    
  0.239000008       0.00000000    
  0.240000010       0.00000000    
  0.241000012       0.00000000    
  0.242000014       0.00000000    
  0.243000016       0.00000000    
  0.244000018       0.00000000    
  0.245000005       0.00000000    
  0.246000007       0.00000000    
  0.247000009       0.00000000    
  0.248000011       0.00000000    
  0.249000013       0.00000000    
  0.250000000       0.00000000    
  0.251000017       0.00000000    
  0.252000004       0.00000000    
  0.253000021       0.00000000    
  0.254000008       0.00000000    
  0.255000025       0.00000000    
  0.256000012       0.00000000    
  0.256999999       0.00000000    
  0.258000016       0.00000000    
  0.259000003       0.00000000    
  0.260000020       0.00000000    
  0.261000007       0.00000000    
  0.262000024       0.00000000    
  0.263000011       0.00000000    
  0.263999999       0.00000000    
  0.265000015       0.00000000    
  0.266000003       0.00000000    
  0.267000020       0.00000000    
  0.268000007       0.00000000    
  0.269000024       0.00000000    
  0.270000011       0.00000000    
  0.271000028       0.00000000    
  0.272000015       0.00000000    
  0.273000002       0.00000000    
  0.274000019       0.00000000    
  0.275000006       0.00000000    
  0.276000023       0.00000000    
  0.277000010       0.00000000    
  0.278000027       0.00000000    
  0.279000014       0.00000000    
  0.280000001       0.00000000    
  0.281000018       0.00000000    
  0.282000005       0.00000000    
  0.283000022       0.00000000    
  0.284000009       0.00000000    
  0.285000026       0.00000000    
  0.286000013       0.00000000    
  0.287000000       0.00000000    
  0.288000017       0.00000000    
  0.289000005       0.00000000    
  0.290000021       0.00000000    
  0.291000009       0.00000000    
  0.292000026       0.00000000    
  0.293000013       0.00000000    
  0.294000000       0.00000000    
  0.295000017       0.00000000    
  0.296000004       0.00000000    
  0.297000021       0.00000000    
  0.298000008       0.00000000    
  0.299000025       0.00000000    
  0.300000012       0.00000000    
  0.301000029       0.00000000    
  0.302000016       0.00000000    
  0.303000003       0.00000000    
  0.304000020       0.00000000    
  0.305000007       0.00000000    
  0.306000024       0.00000000    
  0.307000011       0.00000000    
  0.308000028       0.00000000    
  0.309000015       0.00000000    
  0.310000002       0.00000000    
  0.311000019       0.00000000    
  0.312000006       0.00000000    
  0.313000023       0.00000000    
  0.314000010       0.00000000    
  0.315000027       0.00000000    
  0.316000015       0.00000000    
  0.317000002       0.00000000    
  0.318000019       0.00000000    
  0.319000006       0.00000000    
  0.320000023       0.00000000    
  0.321000010       0.00000000    
  0.322000027       0.00000000    
  0.323000014       0.00000000    
  0.324000001       0.00000000    
  0.325000018       0.00000000    
  0.326000005       0.00000000    
  0.327000022       0.00000000    
  0.328000009       0.00000000    
  0.329000026       0.00000000    
  0.330000013       0.00000000    
  0.331000030       0.00000000    
  0.332000017       0.00000000    
  0.333000004       0.00000000    
  0.334000021       0.00000000    
  0.335000008       0.00000000    
  0.336000025       0.00000000    
  0.337000012       0.00000000    
  0.338000029       0.00000000    
  0.339000016       0.00000000    
  0.340000004       0.00000000    
  0.341000021       0.00000000    
  0.342000008       0.00000000    
  0.343000025       0.00000000    
  0.344000012       0.00000000    
  0.345000029       0.00000000    
  0.346000016       0.00000000    
  0.347000003       0.00000000    
  0.348000020       0.00000000    
  0.349000007       0.00000000    
  0.350000024       0.00000000    
  0.351000011       0.00000000    
  0.352000028       0.00000000    
  0.353000015       0.00000000    
  0.354000002       0.00000000    
  0.355000019       0.00000000    
  0.356000006       0.00000000    
  0.357000023       0.00000000    
  0.358000010       0.00000000    
  0.359000027       0.00000000    
  0.360000014       0.00000000    
  0.361000031       0.00000000    
  0.362000018       0.00000000    
  0.363000005       0.00000000    
  0.364000022       0.00000000    
  0.365000010       0.00000000    
  0.366000026       0.00000000    
  0.367000014       0.00000000    
  0.368000031       0.00000000    
  0.369000018       0.00000000    
  0.370000005       0.00000000    
  0.371000022       0.00000000    
  0.372000009       0.00000000    
  0.373000026       0.00000000    
  0.374000013       0.00000000    
  0.375000030       0.00000000    
  0.376000017       0.00000000    
  0.377000004       0.00000000    
  0.378000021       0.00000000    
  0.379000008       0.00000000    
  0.380000025       0.00000000    
  0.381000012       0.00000000    
  0.382000029       0.00000000    
  0.383000016       0.00000000    
  0.384000003       0.00000000    
  0.385000020       0.00000000    
  0.386000007       0.00000000    
  0.387000024       0.00000000    
  0.388000011       0.00000000    
  0.389000028       0.00000000    
  0.390000015       0.00000000    
  0.391000032       0.00000000    
  0.392000020       0.00000000    
  0.393000007       0.00000000    
  0.394000024       0.00000000    
  0.395000011       0.00000000    
  0.396000028       0.00000000    
  0.397000015       0.00000000    
  0.398000032       0.00000000    
  0.399000019       0.00000000    
  0.400000006       0.00000000    
  0.401000023       0.00000000    
  0.402000010       0.00000000    
  0.403000027       0.00000000    
  0.404000014       0.00000000    
  0.405000031       0.00000000    
  0.406000018       0.00000000    
  0.407000005       0.00000000    
  0.408000022       0.00000000    
  0.409000009       0.00000000    
  0.410000026       0.00000000    
  0.411000013       0.00000000    
  0.412000030       0.00000000    
  0.413000017       0.00000000    
  0.414000034       0.00000000    
  0.415000021       0.00000000    
  0.416000009       0.00000000    
  0.417000026       0.00000000    
  0.418000013       0.00000000    
  0.419000030       0.00000000    
  0.420000017       0.00000000    
  0.421000034       0.00000000    
  0.422000021       0.00000000    
  0.423000008       0.00000000    
  0.424000025       0.00000000    
  0.425000012       0.00000000    
  0.426000029       0.00000000    
  0.427000016       0.00000000    
  0.428000033       0.00000000    
  0.429000020       0.00000000    
  0.430000007       0.00000000    
  0.431000024       0.00000000    
  0.432000011       0.00000000    
  0.433000028       0.00000000    
  0.434000015       0.00000000    
  0.435000032       0.00000000    
  0.436000019       0.00000000    
  0.437000006       0.00000000    
  0.438000023       0.00000000    
  0.439000010       0.00000000    
  0.440000027       0.00000000    
  0.441000015       0.00000000    
  0.442000031       0.00000000    
  0.443000019       0.00000000    
  0.444000036       0.00000000    
  0.445000023       0.00000000    
  0.446000010       0.00000000    
  0.447000027       0.00000000    
  0.448000014       0.00000000    
  0.449000031       0.00000000    
  0.450000018       0.00000000    
  0.451000035       0.00000000    
  0.452000022       0.00000000    
  0.453000009       0.00000000    
  0.454000026       0.00000000    
  0.455000013       0.00000000    
  0.456000030       0.00000000    
  0.457000017       0.00000000    
  0.458000034       0.00000000    
  0.459000021       0.00000000    
  0.460000008       0.00000000    
  0.461000025       0.00000000    
  0.462000012       0.00000000    
  0.463000029       0.00000000    
  0.464000016       0.00000000    
  0.465000033       0.00000000    
  0.466000021       0.00000000    
  0.467000008       0.00000000    
  0.468000025       0.00000000    
  0.469000012       0.00000000    
  0.470000029       0.00000000    
  0.471000016       0.00000000    
  0.472000033       0.00000000    
  0.473000020       0.00000000    
  0.474000037       0.00000000    
  0.475000024       0.00000000    
  0.476000011       0.00000000    
  0.477000028       0.00000000    
  0.478000015       0.00000000    
  0.479000032       0.00000000    
  0.480000019       0.00000000    
  0.481000036       0.00000000    
  0.482000023       0.00000000    
  0.483000010       0.00000000    
  0.484000027       0.00000000    
  0.485000014       0.00000000    
  0.486000031       0.00000000    
  0.487000018       0.00000000    
  0.488000035       0.00000000    
  0.489000022       0.00000000    
  0.490000010       0.00000000    
  0.491000026       0.00000000    
  0.492000014       0.00000000    
  0.493000031       0.00000000    
  0.494000018       0.00000000    
  0.495000035       0.00000000    
  0.496000022       0.00000000    
  0.497000009       0.00000000    
  0.498000026       0.00000000    
  0.499000013       0.00000000    
  0.500000000       0.00000000    
  0.501000047       0.00000000    
  0.502000034       0.00000000    
  0.503000021       0.00000000    
  0.504000008       0.00000000    
  0.504999995       0.00000000    
  0.506000042       0.00000000    
  0.507000029       0.00000000    
  0.508000016       0.00000000    
  0.509000003       0.00000000    
  0.510000050       0.00000000    
  0.511000037       0.00000000    
  0.512000024       0.00000000    
  0.513000011       0.00000000    
  0.513999999       0.00000000    
  0.515000045       0.00000000    
  0.516000032       0.00000000    
  0.517000020       0.00000000    
  0.518000007       0.00000000    
  0.519000053       0.00000000    
  0.520000041       0.00000000    
  0.521000028       0.00000000    
  0.522000015       0.00000000    
  0.523000002       0.00000000    
  0.524000049       0.00000000    
  0.525000036       0.00000000    
  0.526000023       0.00000000    
  0.527000010       0.00000000    
  0.527999997       0.00000000    
  0.529000044       0.00000000    
  0.530000031       0.00000000    
  0.531000018       0.00000000    
  0.532000005       0.00000000    
  0.533000052       0.00000000    
  0.534000039       0.00000000    
  0.535000026       0.00000000    
  0.536000013       0.00000000    
  0.537000000       0.00000000    
  0.538000047       0.00000000    
  0.539000034       0.00000000    
  0.540000021       0.00000000    
  0.541000009       0.00000000    
  0.542000055       0.00000000    
  0.543000042       0.00000000    
  0.544000030       0.00000000    
  0.545000017       0.00000000    
  0.546000004       0.00000000    
  0.547000051       0.00000000    
  0.548000038       0.00000000    
  0.549000025       0.00000000    
  0.550000012       0.00000000    
  0.550999999       0.00000000    
  0.552000046       0.00000000    
  0.553000033       0.00000000    
  0.554000020       0.00000000    
  0.555000007       0.00000000    
  0.556000054       0.00000000    
  0.557000041       0.00000000    
  0.558000028       0.00000000    
  0.559000015       0.00000000    
  0.560000002       0.00000000    
  0.561000049       0.00000000    
  0.562000036       0.00000000    
  0.563000023       0.00000000    
  0.564000010       0.00000000    
  0.564999998       0.00000000    
  0.566000044       0.00000000    
  0.567000031       0.00000000    
  0.568000019       0.00000000    
  0.569000006       0.00000000    
  0.570000052       0.00000000    
  0.571000040       0.00000000    
  0.572000027       0.00000000    
  0.573000014       0.00000000    
  0.574000001       0.00000000    
  0.575000048       0.00000000    
  0.576000035       0.00000000    
  0.577000022       0.00000000    
  0.578000009       0.00000000    
  0.579000056       0.00000000    
  0.580000043       0.00000000    
  0.581000030       0.00000000    
  0.582000017       0.00000000    
  0.583000004       0.00000000    
  0.584000051       0.00000000    
  0.585000038       0.00000000    
  0.586000025       0.00000000    
  0.587000012       0.00000000    
  0.588000000       0.00000000    
  0.589000046       0.00000000    
  0.590000033       0.00000000    
  0.591000021       0.00000000    
  0.592000008       0.00000000    
  0.593000054       0.00000000    
  0.594000041       0.00000000    
  0.595000029       0.00000000    
  0.596000016       0.00000000    
  0.597000003       0.00000000    
  0.598000050       0.00000000    
  0.599000037       0.00000000    
  0.600000024       0.00000000    
  0.601000011       0.00000000    
  0.602000058       0.00000000    
  0.603000045       0.00000000    
  0.604000032       0.00000000    
  0.605000019       0.00000000    
  0.606000006       0.00000000    
  0.607000053       0.00000000    
  0.608000040       0.00000000    
  0.609000027       0.00000000    
  0.610000014       0.00000000    
  0.611000001       0.00000000    
  0.612000048       0.00000000    
  0.613000035       0.00000000    
  0.614000022       0.00000000    
  0.615000010       0.00000000    
  0.616000056       0.00000000    
  0.617000043       0.00000000    
  0.618000031       0.00000000    
  0.619000018       0.00000000    
  0.620000005       0.00000000    
  0.621000051       0.00000000    
  0.622000039       0.00000000    
  0.623000026       0.00000000    
  0.624000013       0.00000000    
  0.625000000       0.00000000    
  0.626000047       0.00000000    
  0.627000034       0.00000000    
  0.628000021       0.00000000    
  0.629000008       0.00000000    
  0.630000055       0.00000000    
  0.631000042       0.00000000    
  0.632000029       0.00000000    
  0.633000016       0.00000000    
  0.634000003       0.00000000    
  0.635000050       0.00000000    
  0.636000037       0.00000000    
  0.637000024       0.00000000    
  0.638000011       0.00000000    
  0.639000058       0.00000000    
  0.640000045       0.00000000    
  0.641000032       0.00000000    
  0.642000020       0.00000000    
  0.643000007       0.00000000    
  0.644000053       0.00000000    
  0.645000041       0.00000000    
  0.646000028       0.00000000    
  0.647000015       0.00000000    
  0.648000002       0.00000000    
  0.649000049       0.00000000    
  0.650000036       0.00000000    
  0.651000023       0.00000000    
  0.652000010       0.00000000    
  0.653000057       0.00000000    
  0.654000044       0.00000000    
  0.655000031       0.00000000    
  0.656000018       0.00000000    
  0.657000005       0.00000000    
  0.658000052       0.00000000    
  0.659000039       0.00000000    
  0.660000026       0.00000000    
  0.661000013       0.00000000    
  0.662000060       0.00000000    
  0.663000047       0.00000000    
  0.664000034       0.00000000    
  0.665000021       0.00000000    
  0.666000009       0.00000000    
  0.667000055       0.00000000    
  0.668000042       0.00000000    
  0.669000030       0.00000000    
  0.670000017       0.00000000    
  0.671000004       0.00000000    
  0.672000051       0.00000000    
  0.673000038       0.00000000    
  0.674000025       0.00000000    
  0.675000012       0.00000000    
  0.676000059       0.00000000    
  0.677000046       0.00000000    
  0.678000033       0.00000000    
  0.679000020       0.00000000    
  0.680000007       0.00000000    
  0.681000054       0.00000000    
  0.682000041       0.00000000    
  0.683000028       0.00000000    
  0.684000015       0.00000000    
  0.685000062       0.00000000    
  0.686000049       0.00000000    
  0.687000036       0.00000000    
  0.688000023       0.00000000    
  0.689000010       0.00000000    
  0.690000057       0.00000000    
  0.691000044       0.00000000    
  0.692000031       0.00000000    
  0.693000019       0.00000000    
  0.694000006       0.00000000    
  0.695000052       0.00000000    
  0.696000040       0.00000000    
  0.697000027       0.00000000    
  0.698000014       0.00000000    
  0.699000061       0.00000000    
  0.700000048       0.00000000    
  0.701000035       0.00000000    
  0.702000022       0.00000000    
  0.703000009       0.00000000    
  0.704000056       0.00000000    
  0.705000043       0.00000000    
  0.706000030       0.00000000    
  0.707000017       0.00000000    
  0.708000004       0.00000000    
  0.709000051       0.00000000    
  0.710000038       0.00000000    
  0.711000025       0.00000000    
  0.712000012       0.00000000    
  0.713000059       0.00000000    
  0.714000046       0.00000000    
  0.715000033       0.00000000    
  0.716000021       0.00000000    
  0.717000008       0.00000000    
  0.718000054       0.00000000    
  0.719000041       0.00000000    
  0.720000029       0.00000000    
  0.721000016       0.00000000    
  0.722000062       0.00000000    
  0.723000050       0.00000000    
  0.724000037       0.00000000    
  0.725000024       0.00000000    
  0.726000011       0.00000000    
  0.727000058       0.00000000    
  0.728000045       0.00000000    
  0.729000032       0.00000000    
  0.730000019       0.00000000    
  0.731000006       0.00000000    
  0.732000053       0.00000000    
  0.733000040       0.00000000    
  0.734000027       0.00000000    
  0.735000014       0.00000000    
  0.736000061       0.00000000    
  0.737000048       0.00000000    
  0.738000035       1.12103877E-44
  0.739000022       5.60519386E-44
  0.740000010       3.34910333E-43
  0.741000056       1.91137111E-42
  0.742000043       1.06190398E-41
  0.743000031       5.72542527E-41
  0.744000018       2.99397226E-40
  0.745000064       1.51980628E-39
  0.746000051       7.48989125E-39
  0.747000039       3.58663883E-38
  0.748000026       1.66967649E-37
  0.749000013       7.56024512E-37
  0.750000060       3.33187897E-36
  0.751000047       1.42952769E-35
  0.752000034       5.97483690E-35
  0.753000021       2.43388424E-34
  0.754000008       9.66796992E-34
  0.755000055       3.74703885E-33
  0.756000042       1.41727165E-32
  0.757000029       5.23472790E-32
  0.758000016       1.88873542E-31
  0.759000063       6.66092463E-31
  0.760000050       2.29659924E-30
  0.761000037       7.74583144E-30
  0.762000024       2.55645293E-29
  0.763000011       8.26008242E-29
  0.764000058       2.61390655E-28
  0.765000045       8.10366224E-28
  0.766000032       2.46234939E-27
  0.767000020       7.33590568E-27
  0.768000007       2.14362905E-26
  0.769000053       6.14662853E-26
  0.770000041       1.72969697E-25
  0.771000028       4.77955883E-25
  0.772000015       1.29714075E-24
  0.773000062       3.45908368E-24
  0.774000049       9.06543569E-24
  0.775000036       2.33580294E-23
  0.776000023       5.91888648E-23
  0.777000010       1.47554514E-22
  0.778000057       3.61988277E-22
  0.779000044       8.74132503E-22
  0.780000031       2.07835268E-21
  0.781000018       4.86713921E-21
  0.782000065       1.12292644E-20
  0.783000052       2.55303528E-20
  0.784000039       5.72150296E-20
  0.785000026       1.26426530E-19
  0.786000013       2.75500077E-19
  0.787000060       5.92288771E-19
  0.788000047       1.25634125E-18
  0.789000034       2.63020170E-18
  0.790000021       5.43585131E-18
  0.791000009       1.10935913E-17
  0.792000055       2.23596333E-17
  0.793000042       4.45212031E-17
  0.794000030       8.75879713E-17
  0.795000017       1.70301705E-16
  0.796000063       3.27336041E-16
  0.797000051       6.22061473E-16
  0.798000038       1.16901971E-15
  0.799000025       2.17303867E-15
  0.800000012       3.99614263E-15
  0.801000059       7.27185832E-15
  0.802000046       1.30959476E-14
  0.803000033       2.33456087E-14
  0.804000020       4.12022541E-14
  0.805000067       7.20122814E-14
  0.806000054       1.24645235E-13
  0.807000041       2.13715669E-13
  0.808000028       3.63037047E-13
  0.809000015       6.11092936E-13
  0.810000062       1.01944169E-12
  0.811000049       1.68574746E-12
  0.812000036       2.76343857E-12
  0.813000023       4.49171689E-12
  0.814000010       7.24002889E-12
  0.815000057       1.15752815E-11
  0.816000044       1.83565160E-11
  0.817000031       2.88815742E-11
  0.818000019       4.50878432E-11
  0.819000065       6.98563499E-11
  0.820000052       1.07412898E-10
  0.821000040       1.63955780E-10
  0.822000027       2.48443544E-10
  0.823000014       3.73803100E-10
  0.824000061       5.58506130E-10
  0.825000048       8.28740132E-10
  0.826000035       1.22144006E-09
  0.827000022       1.78833204E-09
  0.828000069       2.60132316E-09
  0.829000056       3.75969211E-09
  0.830000043       5.39971046E-09
  0.831000030       7.70743558E-09
  0.832000017       1.09345244E-08
  0.833000064       1.54210689E-08
  0.834000051       2.16204352E-08
  0.835000038       3.01378300E-08
  0.836000025       4.17728927E-08
  0.837000012       5.75792463E-08
  0.838000059       7.89325796E-08
  0.839000046       1.07625041E-07
  0.840000033       1.45971683E-07
  0.841000021       1.96956037E-07
  0.842000067       2.64395737E-07
  0.843000054       3.53152359E-07
  0.844000041       4.69378080E-07
  0.845000029       6.20842059E-07
  0.846000016       8.17274952E-07
  0.847000062       1.07087044E-06
  0.848000050       1.39665883E-06
  0.849000037       1.81336623E-06
  0.850000024       2.34393087E-06
  0.851000011       3.01659634E-06
  0.852000058       3.86562851E-06
  0.853000045       4.93281459E-06
  0.854000032       6.26835981E-06
  0.855000019       7.93331856E-06
  0.856000066       1.00002017E-05
  0.857000053       1.25561974E-05
  0.858000040       1.57042650E-05
  0.859000027       1.95671419E-05
  0.860000014       2.42886981E-05
  0.861000061       3.00399333E-05
  0.862000048       3.70176895E-05
  0.863000035       4.54550682E-05
  0.864000022       5.56197301E-05
  0.865000069       6.78263168E-05
  0.866000056       8.24305607E-05
  0.867000043       9.98486357E-05
  0.868000031       1.20551020E-04
  0.869000018       1.45081896E-04
  0.870000064       1.74052941E-04
  0.871000051       2.08162863E-04
  0.872000039       2.48197670E-04
  0.873000026       2.95049482E-04
  0.874000013       3.49705602E-04
  0.875000060       4.13298665E-04
  0.876000047       4.87053330E-04
  0.877000034       5.72369318E-04
  0.878000021       6.70771871E-04
  0.879000068       7.83985190E-04
  0.880000055       9.13845724E-04
  0.881000042       1.06243987E-03
  0.882000029       1.23200694E-03
  0.883000016       1.42504531E-03
  0.884000063       1.64420914E-03
  0.885000050       1.89245411E-03
  0.886000037       2.17292365E-03
  0.887000024       2.48906994E-03
  0.888000071       2.84457346E-03
  0.889000058       3.24344868E-03
  0.890000045       3.68985883E-03
  0.891000032       4.18850221E-03
  0.892000020       4.74409154E-03
  0.893000066       5.36206458E-03
  0.894000053       6.04759529E-03
  0.895000041       6.80678803E-03
  0.896000028       7.64552830E-03
  0.897000015       8.57061706E-03
  0.898000062       9.58857872E-03
  0.899000049       1.07068801E-02
  0.900000036       1.19325351E-02
  0.901000023       1.32738734E-02
  0.902000070       1.47386780E-02
  0.903000057       1.63356010E-02
  0.904000044       1.80729590E-02
  0.905000031       1.99603923E-02
  0.906000018       2.20066197E-02
  0.907000065       2.42220983E-02
  0.908000052       2.66154911E-02
  0.909000039       2.91978642E-02
  0.910000026       3.19785625E-02
  0.911000073       3.49695608E-02
  0.912000060       3.81795391E-02
  0.913000047       4.16208208E-02
  0.914000034       4.53031398E-02
  0.915000021       4.92386408E-02
  0.916000068       5.34375124E-02
  0.917000055       5.79117760E-02
  0.918000042       6.26702607E-02
  0.919000030       6.77272081E-02
  0.920000017       7.30906427E-02
  0.921000063       7.87743852E-02
  0.922000051       8.47857893E-02
  0.923000038       9.11388695E-02
  0.924000025       9.78410766E-02
  0.925000072      0.104905725    
  0.926000059      0.112338230    
  0.927000046      0.120153561    
  0.928000033      0.128355742    
  0.929000020      0.136957765    
  0.930000067      0.145965010    
  0.931000054      0.155389503    
  0.932000041      0.165233523    
  0.933000028      0.175510138    
  0.934000015      0.186219409    
  0.935000062      0.197375998    
  0.936000049      0.208974719    
  0.937000036      0.221031606    
  0.938000023      0.233539686    
  0.939000070      0.246515080    
  0.940000057      0.259948611    
  0.941000044      0.273853332    
  0.942000031      0.288220912    
  0.943000019      0.303063393    
  0.944000065      0.318371624    
  0.945000052      0.334152609    
  0.946000040      0.350396901    
  0.947000027      0.367112577    
  0.948000073      0.384287864    
  0.949000061      0.401930362    
  0.950000048      0.420024663    
  0.951000035      0.438577265    
  0.952000022      0.457569569    
  0.953000069      0.477013439    
  0.954000056      0.496883303    
  0.955000043      0.517189205    
  0.956000030      0.537906408    
  0.957000017      0.559044361    
  0.958000064      0.580576539    
  0.959000051      0.602509856    
  0.960000038      0.624816597    
  0.961000025      0.647506058    
  0.962000072      0.670545280    
  0.963000059      0.693943620    
  0.964000046      0.717667341    
  0.965000033      0.741725206    
  0.966000021      0.766082346    
  0.967000067      0.790749311    
  0.968000054      0.815686584    
  0.969000041      0.840903759    
  0.970000029      0.866360188    
  0.971000075      0.892073154    
  0.972000062      0.917991638    
  0.973000050      0.944134235    
  0.974000037      0.970450938    
  0.975000024      0.996962011    
  0.976000071       1.02361917    
  0.977000058       1.05043471    
  0.978000045       1.07736111    
  0.979000032       1.10441554    
  0.980000019       1.13154793    
  0.981000066       1.15877914    
  0.982000053       1.18605065    
  0.983000040       1.21338868    
  0.984000027       1.24073505    
  0.985000074       1.26811922    
  0.986000061       1.29547608    
  0.987000048       1.32283366    
  0.988000035       1.35013354    
  0.989000022       1.37740660    
  0.990000069       1.40459597    
  0.991000056       1.43171823    
  0.992000043       1.45872891    
  0.993000031       1.48564386    
  0.994000018       1.51241100    
  0.995000064       1.53906298    
  0.996000051       1.56553543    
  0.997000039       1.59186482    
  0.998000026       1.61798716    
  0.999000072       1.64393795    
   1.00000000       1.66965580    
   1.00100005       1.69517910    
   1.00200009       1.72044694    
   1.00300002       1.74549258    
   1.00400007       1.77025795    
   1.00500000       1.79478240    
   1.00600004       1.81900370    
   1.00700009       1.84296834    
   1.00800002       1.86660314    
   1.00900006       1.88995659    
   1.00999999       1.91296935    
   1.01100004       1.93569207    
   1.01200008       1.95804453    
   1.01300001       1.98008668    
   1.01400006       2.00175643    
   1.01500010       2.02309680    
   1.01600003       2.04404259    
   1.01700008       2.06465673    
   1.01800001       2.08485913    
   1.01900005       2.10472012    
   1.02000010       2.12416291    
   1.02100003       2.14324880    
   1.02200007       2.16190791    
   1.02300000       2.18019700    
   1.02400005       2.19805694    
   1.02500010       2.21555185    
   1.02600002       2.23258901    
   1.02700007       2.24926424    
   1.02800000       2.26548505    
   1.02900004       2.28132939    
   1.03000009       2.29672122    
   1.03100002       2.31173038    
   1.03200006       2.32628989    
   1.03299999       2.34045959    
   1.03400004       2.35417867    
   1.03500009       2.36751509    
   1.03600001       2.38039565    
   1.03700006       2.39289093    
   1.03800011       2.40493727    
   1.03900003       2.41659522    
   1.04000008       2.42781210    
   1.04100001       2.43864131    
   1.04200006       2.44902754    
   1.04300010       2.45903897    
   1.04400003       2.46860242    
   1.04500008       2.47779870    
   1.04600000       2.48655415    
   1.04700005       2.49495006    
   1.04800010       2.50290775    
   1.04900002       2.51050615    
   1.05000007       2.51767826    
   1.05100000       2.52449942    
   1.05200005       2.53090048    
   1.05300009       2.53696012    
   1.05400002       2.54259825    
   1.05500007       2.54790950    
   1.05599999       2.55280781    
   1.05700004       2.55738211    
   1.05800009       2.56155872    
   1.05900002       2.56541800    
   1.06000006       2.56888890    
   1.06100011       2.57204938    
   1.06200004       2.57483053    
   1.06300008       2.57731342    
   1.06400001       2.57942867    
   1.06500006       2.58124757    
   1.06600010       2.58271003    
   1.06700003       2.58389473    
   1.06800008       2.58472991    
   1.06900001       2.58529043    
   1.07000005       2.58551264    
   1.07100010       2.58547902    
   1.07200003       2.58511162    
   1.07300007       2.58449578    
   1.07400000       2.58356094    
   1.07500005       2.58238840    
   1.07600009       2.58090663    
   1.07700002       2.57919717    
   1.07800007       2.57718897    
   1.07900000       2.57496285    
   1.08000004       2.57245016    
   1.08100009       2.56972909    
   1.08200002       2.56673145    
   1.08300006       2.56353617    
   1.08400011       2.56007266    
   1.08500004       2.55642390    
   1.08600008       2.55251837    
   1.08700001       2.54843593    
   1.08800006       2.54410505    
   1.08900011       2.53960943    
   1.09000003       2.53487849    
   1.09100008       2.52998805    
   1.09200001       2.52487206    
   1.09300005       2.51960874    
   1.09400010       2.51412892    
   1.09500003       2.50851011    
   1.09600008       2.50268483    
   1.09700000       2.49673080    
   1.09800005       2.49057889    
   1.09900010       2.48430920    
   1.10000002       2.47785020    
   1.10100007       2.47127867    
   1.10200000       2.46452904    
   1.10300004       2.45767641    
   1.10400009       2.45065403    
   1.10500002       2.44353747    
   1.10600007       2.43625855    
   1.10699999       2.42889404    
   1.10800004       2.42137623    
   1.10900009       2.41378093    
   1.11000001       2.40603971    
   1.11100006       2.39822817    
   1.11200011       2.39027977    
   1.11300004       2.38226819    
   1.11400008       2.37412667    
   1.11500001       2.36592913    
   1.11600006       2.35760927    
   1.11700010       2.34924126    
   1.11800003       2.34075761    
   1.11900008       2.33223271    
   1.12000000       2.32359862    
   1.12100005       2.31492925    
   1.12200010       2.30615854    
   1.12300003       2.29735851    
   1.12400007       2.28846312    
   1.12500000       2.27954435    
   1.12600005       2.27053714    
   1.12700009       2.26151180    
   1.12800002       2.25240445    
   1.12900007       2.24328423    
   1.13000000       2.23408771    
   1.13100004       2.22488332    
   1.13200009       2.21560836    
   1.13300002       2.20633125    
   1.13400006       2.19698787    
   1.13500011       2.18764710    
   1.13600004       2.17824602    
   1.13700008       2.16885233    
   1.13800001       2.15940285    
   1.13900006       2.14996481    
   1.14000010       2.14047599    
   1.14100003       2.13100266    
   1.14200008       2.12148309    
   1.14300001       2.11198330    
   1.14400005       2.10244060    
   1.14500010       2.09292221    
   1.14600003       2.08336568    
   1.14700007       2.07383609    
   1.14800000       2.06427264    
   1.14900005       2.05473948    
   1.15000010       2.04517555    
   1.15100002       2.03564596    
   1.15200007       2.02608919    
   1.15300000       2.01656938    
   1.15400004       2.00702643    
   1.15500009       1.99752235    
   1.15600002       1.98799932    
   1.15700006       1.97851741    
   1.15800011       1.96901941    
   1.15900004       1.95956492    
   1.16000009       1.95009780    
   1.16100001       1.94067645    
   1.16200006       1.93124449    
   1.16300011       1.92186177    
   1.16400003       1.91247129    
   1.16500008       1.90313029    
   1.16600001       1.89378500    
   1.16700006       1.88449168    
   1.16800010       1.87519670    
   1.16900003       1.86595380    
   1.17000008       1.85671282    
   1.17100000       1.84752631    
   1.17200005       1.83834076    
   1.17300010       1.82921135    
   1.17400002       1.82008803    
   1.17500007       1.81102276    
   1.17600000       1.80196440    
   1.17700005       1.79296446    
   1.17800009       1.78397036    
   1.17900002       1.77504110    
   1.18000007       1.76611924    
   1.18100011       1.75725746    
   1.18200004       1.74840879    
   1.18300009       1.73962319    
   1.18400002       1.73084986    
   1.18500006       1.72213852    
   1.18600011       1.71344268    
   1.18700004       1.70481074    
   1.18800008       1.69619513    
   1.18900001       1.68764377    
   1.19000006       1.67910850    
   1.19100010       1.67063951    
   1.19200003       1.66218722    
   1.19300008       1.65380216    
   1.19400001       1.64543605    
   1.19500005       1.63713729    
   1.19600010       1.62885547    
   1.19700003       1.62064457    
   1.19800007       1.61244988    
   1.19900000       1.60432661    
   1.20000005       1.59622359    
   1.20100009       1.58818650    
   1.20200002       1.58017349    
   1.20300007       1.57222688    
   1.20400012       1.56430471    
   1.20500004       1.55645037    
   1.20600009       1.54861796    
   1.20700002       1.54085612    
   1.20800006       1.53311718    
   1.20900011       1.52544641    
   1.21000004       1.51779902    
   1.21100008       1.51022267    
   1.21200001       1.50267065    
   1.21300006       1.49518669    
   1.21400011       1.48772752    
   1.21500003       1.48033595    
   1.21600008       1.47297323    
   1.21700001       1.46567392    
   1.21800005       1.45840263    
   1.21900010       1.45120037    
   1.22000003       1.44402683    
   1.22100008       1.43691659    
   1.22200000       1.42983532    
   1.22300005       1.42281735    
   1.22400010       1.41583407    
   1.22500002       1.40891051    
   1.22600007       1.40201867    
   1.22700012       1.39519191    
   1.22800004       1.38839483    
   1.22900009       1.38166118    
   1.23000002       1.37495744    
   1.23100007       1.36831677    
   1.23200011       1.36170590    
   1.23300004       1.35515928    
   1.23400009       1.34864140    
   1.23500001       1.34218860    
   1.23600006       1.33576357    
   1.23700011       1.32940650    
   1.23800004       1.32307208    
   1.23900008       1.31680441    
   1.24000001       1.31056678    
   1.24100006       1.30439198    
   1.24200010       1.29824173    
   1.24300003       1.29215527    
   1.24400008       1.28610182    
   1.24500000       1.28010774    
   1.24600005       1.27413714    
   1.24700010       1.26823461    
   1.24800003       1.26235652    
   1.24900007       1.25654614    
   1.25000000       1.25075459    
   1.25100005       1.24503028    
   1.25200009       1.23933029    
   1.25300002       1.23369777    
   1.25400007       1.22808361    
   1.25500011       1.22253656    
   1.25600004       1.21701360    
   1.25700009       1.21154654    
   1.25800002       1.20611370    
   1.25900006       1.20073664    
   1.26000011       1.19538319    
   1.26100004       1.19009101    
   1.26200008       1.18482697    
   1.26300001       1.17961884    
   1.26400006       1.17443883    
   1.26500010       1.16931391    
   1.26600003       1.16421771    
   1.26700008       1.15917575    
   1.26800001       1.15416241    
   1.26900005       1.14920294    
   1.27000010       1.14426661    
   1.27100003       1.13939059    
   1.27200007       1.13454032    
   1.27300000       1.12974501    
   1.27400005       1.12497199    
   1.27500010       1.12025285    
   1.27600002       1.11556017    
   1.27700007       1.11092603    
   1.27800012       1.10630918    
   1.27900004       1.10175014    
   1.28000009       1.09721291    
   1.28100002       1.09273326    
   1.28200006       1.08827007    
   1.28300011       1.08386433    
   1.28400004       1.07947981    
   1.28500009       1.07515216    
   1.28600001       1.07084095    
   1.28700006       1.06658602    
   1.28800011       1.06235194    
   1.28900003       1.05816925    
   1.29000008       1.05400729    
   1.29100001       1.04989660    
   1.29200006       1.04581034    
   1.29300010       1.04177034    
   1.29400003       1.03775537    
   1.29500008       1.03379047    
   1.29600000       1.02984107    
   1.29700005       1.02594602    
   1.29800010       1.02207088    
   1.29900002       1.01824105    
   1.30000007       1.01443446    
   1.30100012       1.01067758    
   1.30200005       1.00694013    
   1.30300009       1.00324667    
   1.30400002      0.999577045    
   1.30500007      0.995951176    
   1.30600011      0.992348790    
   1.30700004      0.988789916    
   1.30800009      0.985249698    
   1.30900002      0.981757283    
   1.31000006      0.978283286    
   1.31100011      0.974852502    
   1.31200004      0.971443653    
   1.31300008      0.968077600    
   1.31400001      0.964729786    
   1.31500006      0.961428404    
   1.31600010      0.958145142    
   1.31700003      0.954903364    
   1.31800008      0.951679170    
   1.31900001      0.948501170    
   1.32000005      0.945335627    
   1.32100010      0.942216277    
   1.32200003      0.939113498    
   1.32300007      0.936056495    
   1.32400012      0.933011532    
   1.32500005      0.930008888    
   1.32600009      0.927024007    
   1.32700002      0.924081206    
   1.32800007      0.921151161    
   1.32900012      0.918268085    
   1.33000004      0.915393054    
   1.33100009      0.912562907    
   1.33200002      0.909747660    
   1.33300006      0.906972706    
   1.33400011      0.904212356    
   1.33500004      0.901496410    
   1.33600008      0.898786545    
   1.33700001      0.896123827    
   1.33800006      0.893469274    
   1.33900011      0.890856981    
   1.34000003      0.888259351    
   1.34100008      0.885699987    
   1.34200001      0.883151174    
   1.34300005      0.880644619    
   1.34400010      0.878148377    
   1.34500003      0.875690162    
   1.34600008      0.873245716    
   1.34700012      0.870839059    
   1.34800005      0.868446767    
   1.34900010      0.866087317    
   1.35000002      0.863745868    
   1.35100007      0.861436844    
   1.35200012      0.859137356    
   1.35300004      0.856879294    
   1.35400009      0.854630113    
   1.35500002      0.852417886    
   1.35600007      0.850218296    
   1.35700011      0.848051965    
   1.35800004      0.845900238    
   1.35900009      0.843778551    
   1.36000001      0.841673076    
   1.36100006      0.839598894    
   1.36200011      0.837537825    
   1.36300004      0.835507691    
   1.36400008      0.833490491    
   1.36500001      0.831504583    
   1.36600006      0.829531670    
   1.36700010      0.827590942    
   1.36800003      0.825659811    
   1.36900008      0.823763609    
   1.37000012      0.821879268    
   1.37100005      0.820021749    
   1.37200010      0.818178892    
   1.37300003      0.816366613    
   1.37400007      0.814562261    
   1.37500012      0.812791526    
   1.37600005      0.811028540    
   1.37700009      0.809299052    
   1.37800002      0.807577133    
   1.37900007      0.805888414    
   1.38000011      0.804202676    
   1.38100004      0.802554607    
   1.38200009      0.800913274    
   1.38300002      0.799301326    
   1.38400006      0.797695935    
   1.38500011      0.796123326    
   1.38600004      0.794557631    
   1.38700008      0.793024361    
   1.38800001      0.791495979    
   1.38900006      0.789999604    
   1.39000010      0.788507819    
   1.39100003      0.787048161    
   1.39200008      0.785595000    
   1.39300001      0.784169614    
   1.39400005      0.782750428    
   1.39500010      0.781363010    
   1.39600003      0.779982030    
   1.39700007      0.778628111    
   1.39800012      0.777280390    
   1.39900005      0.775964141    
   1.40000010      0.774653256    
   1.40100002      0.773367107    
   1.40200007      0.772088647    
   1.40300012      0.770842135    
   1.40400004      0.769597292    
   1.40500009      0.768378973    
   1.40600002      0.767170370    
   1.40700006      0.765984178    
   1.40800011      0.764807582    
   1.40900004      0.763657331    
   1.41000009      0.762508273    
   1.41100001      0.761390030    
   1.41200006      0.760276198    
   1.41300011      0.759188771    
   1.41400003      0.758106589    
   1.41500008      0.757050216    
   1.41600001      0.755998969    
   1.41700006      0.754973173    
   1.41800010      0.753952563    
   1.41900003      0.752957582    
   1.42000008      0.751965880    
   1.42100012      0.750998795    
   1.42200005      0.750038207    
   1.42300010      0.749103308    
   1.42400002      0.748169184    
   1.42500007      0.747264028    
   1.42600012      0.746359468    
   1.42700005      0.745480180    
   1.42800009      0.744604707    
   1.42900002      0.743754983    
   1.43000007      0.742908537    
   1.43100011      0.742087185    
   1.43200004      0.741266370    
   1.43300009      0.740473926    
   1.43400002      0.739681840    
   1.43500006      0.738913953    
   1.43600011      0.738146186    
   1.43700004      0.737406909    
   1.43800008      0.736667514    
   1.43900001      0.735952497    
   1.44000006      0.735241175    
   1.44100010      0.734550476    
   1.44200003      0.733866572    
   1.44300008      0.733203232    
   1.44400012      0.732539535    
   1.44500005      0.731903791    
   1.44600010      0.731267631    
   1.44700003      0.730654597    
   1.44800007      0.730042577    
   1.44900012      0.729453266    
   1.45000005      0.728867710    
   1.45100009      0.728301466    
   1.45200002      0.727738976    
   1.45300007      0.727199554    
   1.45400012      0.726659656    
   1.45500004      0.726143003    
   1.45600009      0.725625753    
   1.45700002      0.725132167    
   1.45800006      0.724640906    
   1.45900011      0.724169075    
   1.46000004      0.723700523    
   1.46100008      0.723250985    
   1.46200001      0.722804487    
   1.46300006      0.722380638    
   1.46400011      0.721952319    
   1.46500003      0.721550465    
   1.46600008      0.721147776    
   1.46700013      0.720763803    
   1.46800005      0.720382690    
   1.46900010      0.720022619    
   1.47000003      0.719660580    
   1.47100008      0.719323337    
   1.47200012      0.718981266    
   1.47300005      0.718665242    
   1.47400010      0.718344331    
   1.47500002      0.718046188    
   1.47600007      0.717749655    
   1.47700012      0.717471778    
   1.47800004      0.717192888    
   1.47900009      0.716935813    
   1.48000002      0.716677785    
   1.48100007      0.716438055    
   1.48200011      0.716199994    
   1.48300004      0.715980887    
   1.48400009      0.715763330    
   1.48500001      0.715564191    
   1.48600006      0.715363622    
   1.48700011      0.715184629    
   1.48800004      0.715000629    
   1.48900008      0.714841723    
   1.49000013      0.714677751    
   1.49100006      0.714535236    
   1.49200010      0.714391291    
   1.49300003      0.714265049    
   1.49400008      0.714140713    
   1.49500012      0.714033902    
   1.49600005      0.713925064    
   1.49700010      0.713835001    
   1.49800003      0.713745236    
   1.49900007      0.713675082    
   1.50000012      0.713598371    
   1.50100005      0.713546634    
   1.50200009      0.713489354    
   1.50300002      0.713453114    
   1.50400007      0.713415027    
   1.50500011      0.713394284    
   1.50600004      0.713371873    
   1.50700009      0.713366807    
   1.50800002      0.713362992    
   1.50900006      0.713376284    
   1.51000011      0.713384390    
   1.51100004      0.713413596    
   1.51200008      0.713439941    
   1.51300013      0.713487327    
   1.51400006      0.713529289    
   1.51500010      0.713591516    
   1.51600003      0.713648617    
   1.51700008      0.713725746    
   1.51800013      0.713797450    
   1.51900005      0.713889718    
   1.52000010      0.713979721    
   1.52100003      0.714086473    
   1.52200007      0.714191258    
   1.52300012      0.714312732    
   1.52400005      0.714432001    
   1.52500010      0.714568138    
   1.52600002      0.714701772    
   1.52700007      0.714855731    
   1.52800012      0.715004027    
   1.52900004      0.715168655    
   1.53000009      0.715331316    
   1.53100002      0.715511262    
   1.53200006      0.715686977    
   1.53300011      0.715883791    
   1.53400004      0.716074944    
   1.53500009      0.716282189    
   1.53600001      0.716487229    
   1.53700006      0.716708660    
   1.53800011      0.716927588    
   1.53900003      0.717163026    
   1.54000008      0.717396021    
   1.54100013      0.717645049    
   1.54200006      0.717888415    
   1.54300010      0.718151271    
   1.54400003      0.718408406    
   1.54500008      0.718685150    
   1.54600012      0.718955934    
   1.54700005      0.719243228    
   1.54800010      0.719527125    
   1.54900002      0.719829857    
   1.55000007      0.720125675    
   1.55100012      0.720439553    
   1.55200005      0.720747530    
   1.55300009      0.721074879    
   1.55400002      0.721396446    
   1.55500007      0.721733987    
   1.55600011      0.722068369    
   1.55700004      0.722418904    
   1.55800009      0.722763538    
   1.55900002      0.723127365    
   1.56000006      0.723485231    
   1.56100011      0.723858654    
   1.56200004      0.724229753    
   1.56300008      0.724613309    
   1.56400013      0.724995852    
   1.56500006      0.725393057    
   1.56600010      0.725786805    
   1.56700003      0.726195693    
   1.56800008      0.726599276    
   1.56900012      0.727018118    
   1.57000005      0.727434099    
   1.57100010      0.727865577    
   1.57200003      0.728291273    
   1.57300007      0.728732646    
   1.57400012      0.729170501    
   1.57500005      0.729624212    
   1.57600009      0.730071843    
   1.57700002      0.730535150    
   1.57800007      0.730995357    
   1.57900012      0.731467962    
   1.58000004      0.731937170    
   1.58100009      0.732422352    
   1.58200002      0.732900679    
   1.58300006      0.733398139    
   1.58400011      0.733885944    
   1.58500004      0.734392762    
   1.58600008      0.734892845    
   1.58700013      0.735408545    
   1.58800006      0.735917747    
   1.58900011      0.736445665    
   1.59000003      0.736964166    
   1.59100008      0.737501025    
   1.59200013      0.738031685    
   1.59300005      0.738577485    
   1.59400010      0.739115953    
   1.59500003      0.739671767    
   1.59600008      0.740220249    
   1.59700012      0.740784049    
   1.59800005      0.741344512    
   1.59900010      0.741916835    
   1.60000002      0.742486179    
   1.60100007      0.743070602    
   1.60200012      0.743645370    
   1.60300004      0.744238675    
   1.60400009      0.744825304    
   1.60500002      0.745427191    
   1.60600007      0.746022761    
   1.60700011      0.746633232    
   1.60800004      0.747237384    
   1.60900009      0.747856796    
   1.61000013      0.748469114    
   1.61100006      0.749099851    
   1.61200011      0.749721229    
   1.61300004      0.750359833    
   1.61400008      0.750990570    
   1.61500013      0.751635015    
   1.61600006      0.752273321    
   1.61700010      0.752929628    
   1.61800003      0.753576398    
   1.61900008      0.754240751    
   1.62000012      0.754896343    
   1.62100005      0.755566239    
   1.62200010      0.756229639    
   1.62300003      0.756911099    
   1.62400007      0.757582963    
   1.62500012      0.758269608    
   1.62600005      0.758949637    
   1.62700009      0.759647608    
   1.62800002      0.760332763    
   1.62900007      0.761039078    
   1.63000011      0.761735201    
   1.63100004      0.762447059    
   1.63200009      0.763148665    
   1.63300014      0.763868451    
   1.63400006      0.764581144    
   1.63500011      0.765308738    
   1.63600004      0.766026735    
   1.63700008      0.766762495    
   1.63800013      0.767488539    
   1.63900006      0.768232346    
   1.64000010      0.768966675    
   1.64100003      0.769715250    
   1.64200008      0.770457447    
   1.64300013      0.771214008    
   1.64400005      0.771964490    
   1.64500010      0.772729039    
   1.64600003      0.773484170    
   1.64700007      0.774256766    
   1.64800012      0.775019825    
   1.64900005      0.775797248    
   1.65000010      0.776568115    
   1.65100002      0.777353704    
   1.65200007      0.778132439    
   1.65300012      0.778925538    
   1.65400004      0.779709220    
   1.65500009      0.780510247    
   1.65600014      0.781298399    
   1.65700006      0.782107472    
   1.65800011      0.782903492    
   1.65900004      0.783717275    
   1.66000009      0.784520864    
   1.66100013      0.785342276    
   1.66200006      0.786154151    
   1.66300011      0.786980152    
   1.66400003      0.787799656    
   1.66500008      0.788633168    
   1.66600013      0.789457321    
   1.66700006      0.790295482    
   1.66800010      0.791127324    
   1.66900003      0.791973174    
   1.67000008      0.792809427    
   1.67100012      0.793663085    
   1.67200005      0.794507146    
   1.67300010      0.795365155    
   1.67400002      0.796213567    
   1.67500007      0.797079384    
   1.67600012      0.797935367    
   1.67700005      0.798805892    
   1.67800009      0.799669385    
   1.67900014      0.800547063    
   1.68000007      0.801414430    
   1.68100011      0.802297354    
   1.68200004      0.803169847    
   1.68300009      0.804059863    
   1.68400013      0.804939747    
   1.68500006      0.805836856    
   1.68600011      0.806721509    
   1.68700004      0.807623148    
   1.68800008      0.808514357    
   1.68900013      0.809421003    
   1.69000006      0.810317338    
   1.69100010      0.811230779    
   1.69200003      0.812134743    
   1.69300008      0.813052356    
   1.69400012      0.813960373    
   1.69500005      0.814885557    
   1.69600010      0.815797925    
   1.69700003      0.816727459    
   1.69800007      0.817647278    
   1.69900012      0.818581402    
   1.70000005      0.819508314    
   1.70100009      0.820449293    
   1.70200002      0.821377695    
   1.70300007      0.822323263    
   1.70400012      0.823258579    
   1.70500004      0.824211419    
   1.70600009      0.825151265    
   1.70700014      0.826108396    
   1.70800006      0.827055335    
   1.70900011      0.828016579    
   1.71000004      0.828967869    
   1.71100008      0.829936326    
   1.71200013      0.830891848    
   1.71300006      0.831864476    
   1.71400011      0.832827330    
   1.71500003      0.833804011    
   1.71600008      0.834771037    
   1.71700013      0.835752010    
   1.71800005      0.836724102    
   1.71900010      0.837711275    
   1.72000003      0.838689506    
   1.72100008      0.839681625    
   1.72200012      0.840662479    
   1.72300005      0.841659844    
   1.72400010      0.842646241    
   1.72500002      0.843648553    
   1.72600007      0.844638884    
   1.72700012      0.845646620    
   1.72800004      0.846642733    
   1.72900009      0.847654581    
   1.73000014      0.848654687    
   1.73100007      0.849672139    
   1.73200011      0.850677073    
   1.73300004      0.851699114    
   1.73400009      0.852709055    
   1.73500013      0.853734493    
   1.73600006      0.854748428    
   1.73700011      0.855779529    
   1.73800004      0.856798887    
   1.73900008      0.857833982    
   1.74000013      0.858857214    
   1.74100006      0.859897673    
   1.74200010      0.860925257    
   1.74300003      0.861969769    
   1.74400008      0.863002717    
   1.74500012      0.864051104    
   1.74600005      0.865088165    
   1.74700010      0.866140604    
   1.74800003      0.867181480    
   1.74900007      0.868239462    
   1.75000012      0.869284809    
   1.75100005      0.870347559    
   1.75200009      0.871396542    
   1.75300014      0.872462630    
   1.75400007      0.873516619    
   1.75500011      0.874587715    
   1.75600004      0.875646114    
   1.75700009      0.876719952    
   1.75800014      0.877782881    
   1.75900006      0.878861368    
   1.76000011      0.879928529    
   1.76100004      0.881011307    
   1.76200008      0.882081389    
   1.76300013      0.883168876    
   1.76400006      0.884243667    
   1.76500010      0.885334432    
   1.76600003      0.886413574    
   1.76700008      0.887508452    
   1.76800013      0.888591230    
   1.76900005      0.889691114    
   1.77000010      0.890778184    
   1.77100003      0.891880453    
   1.77200007      0.892971277    
   1.77300012      0.894078851    
   1.77400005      0.895173609    
   1.77500010      0.896284580    
   1.77600014      0.897382021    
   1.77700007      0.898497462    
   1.77800012      0.899599791    
   1.77900004      0.900718808    
   1.78000009      0.901825011    
   1.78100014      0.902947783    
   1.78200006      0.904057980    
   1.78300011      0.905184507    
   1.78400004      0.906297028    
   1.78500009      0.907427490    
   1.78600013      0.908545077    
   1.78700006      0.909679294    
   1.78800011      0.910800695    
   1.78900003      0.911937475    
   1.79000008      0.913062394    
   1.79100013      0.914204061    
   1.79200006      0.915331662    
   1.79300010      0.916477263    
   1.79400003      0.917609990    
   1.79500008      0.918757796    
   1.79600012      0.919893026    
   1.79700005      0.921045780    
   1.79800010      0.922184527    
   1.79900014      0.923340142    
   1.80000007      0.924483895    
   1.80100012      0.925642848    
   1.80200005      0.926789165    
   1.80300009      0.927951813    
   1.80400014      0.929101884    
   1.80500007      0.930267274    
   1.80600011      0.931420445    
   1.80700004      0.932590723    
   1.80800009      0.933746517    
   1.80900013      0.934920371    
   1.81000006      0.936080098    
   1.81100011      0.937256336    
   1.81200004      0.938419521    
   1.81300008      0.939600408    
   1.81400013      0.940766275    
   1.81500006      0.941949964    
   1.81600010      0.943120480    
   1.81700003      0.944306910    
   1.81800008      0.945480585    
   1.81900012      0.946669996    
   1.82000005      0.947846413    
   1.82100010      0.949039936    
   1.82200015      0.950219631    
   1.82300007      0.951416731    
   1.82400012      0.952599943    
   1.82500005      0.953799605    
   1.82600009      0.954985857    
   1.82700014      0.956188798    
   1.82800007      0.957378447    
   1.82900012      0.958584607    
   1.83000004      0.959777296    
   1.83100009      0.960986495    
   1.83200014      0.962182522    
   1.83300006      0.963394701    
   1.83400011      0.964593589    
   1.83500004      0.965809226    
   1.83600008      0.967011154    
   1.83700013      0.968229711    
   1.83800006      0.969435096    
   1.83900011      0.970656574    
   1.84000003      0.971864998    
   1.84100008      0.973089278    
   1.84200013      0.974300563    
   1.84300005      0.975527823    
   1.84400010      0.976741850    
   1.84500003      0.977972507    
   1.84600008      0.979189456    
   1.84700012      0.980422854    
   1.84800005      0.981642902    
   1.84900010      0.982879043    
   1.85000014      0.984101951    
   1.85100007      0.985340953    
   1.85200012      0.986566544    
   1.85300004      0.987808049    
   1.85400009      0.989036381    
   1.85500014      0.990281105    
   1.85600007      0.991512239    
   1.85700011      0.992759347    
   1.85800004      0.993993342    
   1.85900009      0.995243073    
   1.86000013      0.996479571    
   1.86100006      0.997732103    
   1.86200011      0.998971105    
   1.86300004       1.00022590    
   1.86400008       1.00146747    
   1.86500013       1.00272489    
   1.86600006       1.00396848    
   1.86700010       1.00522876    
   1.86800003       1.00647509    
   1.86900008       1.00773728    
   1.87000012       1.00898576    
   1.87100005       1.01025045    
   1.87200010       1.01150107    
   1.87300014       1.01276791    
   1.87400007       1.01402068    
   1.87500012       1.01528966    
   1.87600005       1.01654458    
   1.87700009       1.01781547    
   1.87800014       1.01907218    
   1.87900007       1.02034509    
   1.88000011       1.02160382    
   1.88100004       1.02287853    
   1.88200009       1.02413881    
   1.88300014       1.02541518    
   1.88400006       1.02667737    
   1.88500011       1.02795529    
   1.88600004       1.02921891    
   1.88700008       1.03049839    
   1.88800013       1.03176332    
   1.88900006       1.03304398    
   1.89000010       1.03431034    
   1.89100003       1.03559208    
   1.89200008       1.03685951    
   1.89300013       1.03814220    
   1.89400005       1.03941071    
   1.89500010       1.04069436    
   1.89600015       1.04196334    
   1.89700007       1.04324794    
   1.89800012       1.04451752    
   1.89900005       1.04580247    
   1.90000010       1.04707253    
   1.90100014       1.04835784    
   1.90200007       1.04962826    
   1.90300012       1.05091345    
   1.90400004       1.05218387    
   1.90500009       1.05346918    
   1.90600014       1.05473936    
   1.90700006       1.05602431    
   1.90800011       1.05729401    
   1.90900004       1.05857849    
   1.91000009       1.05984747    
   1.91100013       1.06113112    
   1.91200006       1.06239939    
   1.91300011       1.06368184    
   1.91400003       1.06494880    
   1.91500008       1.06623018    
   1.91600013       1.06749558    
   1.91700006       1.06877530    
   1.91800010       1.07003903    
   1.91900015       1.07131696    
   1.92000008       1.07257855    
   1.92100012       1.07385421    
   1.92200005       1.07511365    
   1.92300010       1.07638669    
   1.92400014       1.07764351    
   1.92500007       1.07891381    
   1.92600012       1.08016753    
   1.92700005       1.08143449    
   1.92800009       1.08268487    
   1.92900014       1.08394849    
   1.93000007       1.08519506    
   1.93100011       1.08645487    
   1.93200004       1.08769751    
   1.93300009       1.08895278    
   1.93400013       1.09019089    
   1.93500006       1.09144187    
   1.93600011       1.09267497    
   1.93700004       1.09392095    
   1.93800008       1.09514904    
   1.93900013       1.09638929    
   1.94000006       1.09761167    
   1.94100010       1.09884620    
   1.94200015       1.10006249    
   1.94300008       1.10129070    
   1.94400012       1.10250044    
   1.94500005       1.10372186    
   1.94600010       1.10492468    
   1.94700015       1.10613906    
   1.94800007       1.10733461    
   1.94900012       1.10854113    
   1.95000005       1.10972869    
   1.95100009       1.11092722    
   1.95200014       1.11210668    
   1.95300007       1.11329663    
   1.95400012       1.11446702    
   1.95500004       1.11564803    
   1.95600009       1.11680913    
   1.95700014       1.11798048    
   1.95800006       1.11913204    
   1.95900011       1.12029338    
   1.96000004       1.12143445    
   1.96100008       1.12258530    
   1.96200013       1.12371552    
   1.96300006       1.12485540    
   1.96400011       1.12597430    
   1.96500015       1.12710285    
   1.96600008       1.12821031    
   1.96700013       1.12932646    
   1.96800005       1.13042140    
   1.96900010       1.13152492    
   1.97000015       1.13260746    
   1.97100008       1.13369799    
   1.97200012       1.13476646    
   1.97300005       1.13584375    
   1.97400010       1.13689852    
   1.97500014       1.13796151    
   1.97600007       1.13900208    
   1.97700012       1.14005029    
   1.97800004       1.14107585    
   1.97900009       1.14210927    
   1.98000014       1.14311922    
   1.98100007       1.14413726    
   1.98200011       1.14513171    
   1.98300004       1.14613283    
   1.98400009       1.14711070    
   1.98500013       1.14809525    
   1.98600006       1.14905620    
   1.98700011       1.15002382    
   1.98800004       1.15096748    
   1.98900008       1.15191710    
   1.99000013       1.15284264    
   1.99100006       1.15377438    
   1.99200010       1.15468168    
   1.99300015       1.15559459    
   1.99400008       1.15648270    
   1.99500012       1.15737653    
   1.99600005       1.15824533    
   1.99700010       1.15911937    
   1.99800014       1.15996873    
   1.99900007       1.16082239    
   2.00000000       1.16165137    
   2.00100017       1.16248453    
   2.00200009       1.16329277    
   2.00300002       1.16410494    
   2.00400019       1.16489184    
   2.00500011       1.16568255    
   2.00600004       1.16644764    
   2.00700021       1.16721678    
   2.00800014       1.16795993    
   2.00900006       1.16870654    
   2.00999999       1.16942751    
   2.01100016       1.17015123    
   2.01200008       1.17084932    
   2.01300001       1.17155015    
   2.01400018       1.17222440    
   2.01500010       1.17290211    
   2.01600003       1.17355299    
   2.01700020       1.17420685    
   2.01800013       1.17483377    
   2.01900005       1.17546344    
   2.01999998       1.17606604    
   2.02100015       1.17667115    
   2.02200007       1.17724884    
   2.02300000       1.17782927    
   2.02400017       1.17838252    
   2.02500010       1.17893755    
   2.02600002       1.17946565    
   2.02700019       1.17999518    
   2.02800012       1.18049693    
   2.02900004       1.18100202    
   2.03000021       1.18147826    
   2.03100014       1.18195617    
   2.03200006       1.18240654    
   2.03299999       1.18285871    
   2.03400016       1.18328333    
   2.03500009       1.18370938    
   2.03600001       1.18410695    
   2.03700018       1.18450618    
   2.03800011       1.18487787    
   2.03900003       1.18524969    
   2.04000020       1.18559408    
   2.04100013       1.18594027    
   2.04200006       1.18625760    
   2.04299998       1.18657517    
   2.04400015       1.18686640    
   2.04500008       1.18715692    
   2.04600000       1.18742108    
   2.04700017       1.18768418    
   2.04800010       1.18792081    
   2.04900002       1.18815732    
   2.05000019       1.18836558    
   2.05100012       1.18857455    
   2.05200005       1.18875563    
   2.05300021       1.18893743    
   2.05400014       1.18909144    
   2.05500007       1.18924582    
   2.05599999       1.18937147    
   2.05700016       1.18949878    
   2.05800009       1.18959713    
   2.05900002       1.18969595    
   2.06000018       1.18976712    
   2.06100011       1.18983877    
   2.06200004       1.18988287    
   2.06300020       1.18992603    
   2.06400013       1.18994319    
   2.06500006       1.18995905    
   2.06599998       1.18994749    
   2.06700015       1.18993771    
   2.06800008       1.18989897    
   2.06900001       1.18986118    
   2.07000017       1.18979514    
   2.07100010       1.18973029    
   2.07200003       1.18963647    
   2.07300019       1.18954432    
   2.07400012       1.18942475    
   2.07500005       1.18930566    
   2.07600021       1.18915904    
   2.07700014       1.18901300    
   2.07800007       1.18884087    
   2.07900000       1.18866789    
   2.08000016       1.18846774    
   2.08100009       1.18826878    
   2.08200002       1.18804276    
   2.08300018       1.18781865    
   2.08400011       1.18756592    
   2.08500004       1.18731511    
   2.08600020       1.18703687    
   2.08700013       1.18676054    
   2.08800006       1.18645704    
   2.08899999       1.18615389    
   2.09000015       1.18582475    
   2.09100008       1.18549776    
   2.09200001       1.18514347    
   2.09300017       1.18479097    
   2.09400010       1.18441296    
   2.09500003       1.18403518    
   2.09600019       1.18363166    
   2.09700012       1.18323016    
   2.09800005       1.18280244    
   2.09900022       1.18237615    
   2.10000014       1.18192506    
   2.10100007       1.18147564    
   2.10200000       1.18099964    
   2.10300016       1.18052673    
   2.10400009       1.18002820    
   2.10500002       1.17953157    
   2.10600019       1.17901087    
   2.10700011       1.17849195    
   2.10800004       1.17794740    
   2.10900021       1.17740655    
   2.11000013       1.17683971    
   2.11100006       1.17627656    
   2.11199999       1.17568910    
   2.11300015       1.17510366    
   2.11400008       1.17449415    
   2.11500001       1.17388809    
   2.11600018       1.17325652    
   2.11700010       1.17262983    
   2.11800003       1.17197895    
   2.11900020       1.17133009    
   2.12000012       1.17065871    
   2.12100005       1.16999090    
   2.12200022       1.16929913    
   2.12300014       1.16861176    
   2.12400007       1.16790044    
   2.12500000       1.16719449    
   2.12600017       1.16646421    
   2.12700009       1.16573763    
   2.12800002       1.16498947    
   2.12900019       1.16424537    
   2.13000011       1.16347921    
   2.13100004       1.16271663    
   2.13200021       1.16193247    
   2.13300014       1.16115236    
   2.13400006       1.16035056    
   2.13499999       1.15955365    
   2.13600016       1.15873516    
   2.13700008       1.15792167    
   2.13800001       1.15708649    
   2.13900018       1.15625679    
   2.14000010       1.15540588    
   2.14100003       1.15456033    
   2.14200020       1.15369356    
   2.14300013       1.15283298    
   2.14400005       1.15195131    
   2.14500022       1.15107560    
   2.14600015       1.15017939    
   2.14700007       1.14928901    
   2.14800000       1.14837921    
   2.14900017       1.14747488    
   2.15000010       1.14655101    
   2.15100002       1.14563334    
   2.15200019       1.14469635    
   2.15300012       1.14376521    
   2.15400004       1.14281583    
   2.15500021       1.14187229    
   2.15600014       1.14091039    
   2.15700006       1.13995481    
   2.15799999       1.13898063    
   2.15900016       1.13801360    
   2.16000009       1.13702810    
   2.16100001       1.13604975    
   2.16200018       1.13505292    
   2.16300011       1.13406408    
   2.16400003       1.13305736    
   2.16500020       1.13205779    
   2.16600013       1.13104081    
   2.16700006       1.13003135    
   2.16800022       1.12900496    
   2.16900015       1.12798655    
   2.17000008       1.12695110    
   2.17100000       1.12592304    
   2.17200017       1.12487924    
   2.17300010       1.12384284    
   2.17400002       1.12278986    
   2.17500019       1.12174594    
   2.17600012       1.12068570    
   2.17700005       1.11963403    
   2.17800021       1.11856627    
   2.17900014       1.11750710    
   2.18000007       1.11643243    
   2.18099999       1.11536658    
   2.18200016       1.11428523    
   2.18300009       1.11321330    
   2.18400002       1.11212587    
   2.18500018       1.11104810    
   2.18600011       1.10995543    
   2.18700004       1.10887158    
   2.18800020       1.10777354    
   2.18900013       1.10668504    
   2.19000006       1.10558200    
   2.19100022       1.10448897    
   2.19200015       1.10338151    
   2.19300008       1.10228407    
   2.19400001       1.10117269    
   2.19500017       1.10007143    
   2.19600010       1.09895658    
   2.19700003       1.09785211    
   2.19800019       1.09673405    
   2.19900012       1.09562612    
   2.20000005       1.09450519    
   2.20100021       1.09339440    
   2.20200014       1.09227121    
   2.20300007       1.09115851    
   2.20400000       1.09003329    
   2.20500016       1.08891845    
   2.20600009       1.08779156    
   2.20700002       1.08667517    
   2.20800018       1.08554685    
   2.20900011       1.08442962    
   2.21000004       1.08330035    
   2.21100020       1.08218217    
   2.21200013       1.08105230    
   2.21300006       1.07993388    
   2.21399999       1.07880366    
   2.21500015       1.07768500    
   2.21600008       1.07655513    
   2.21700001       1.07543671    
   2.21800017       1.07430732    
   2.21900010       1.07318926    
   2.22000003       1.07206070    
   2.22100019       1.07094371    
   2.22200012       1.06981623    
   2.22300005       1.06870055    
   2.22400022       1.06757462    
   2.22500014       1.06646049    
   2.22600007       1.06533623    
   2.22700000       1.06422400    
   2.22800016       1.06310177    
   2.22900009       1.06199181    
   2.23000002       1.06087208    
   2.23100019       1.05976462    
   2.23200011       1.05864739    
   2.23300004       1.05754268    
   2.23400021       1.05642855    
   2.23500013       1.05532706    
   2.23600006       1.05421627    
   2.23699999       1.05311775    
   2.23800015       1.05201066    
   2.23900008       1.05091596    
   2.24000001       1.04981267    
   2.24100018       1.04872191    
   2.24200010       1.04762256    
   2.24300003       1.04653597    
   2.24400020       1.04544115    
   2.24500012       1.04435897    
   2.24600005       1.04326868    
   2.24700022       1.04219127    
   2.24800014       1.04110587    
   2.24900007       1.04003346    
   2.25000000       1.03895319    
   2.25100017       1.03788590    
   2.25200009       1.03681099    
   2.25300002       1.03574908    
   2.25400019       1.03467989    
   2.25500011       1.03362358    
   2.25600004       1.03256011    
   2.25700021       1.03150976    
   2.25800014       1.03045237    
   2.25900006       1.02940810    
   2.25999999       1.02835691    
   2.26100016       1.02731895    
   2.26200008       1.02627420    
   2.26300001       1.02524281    
   2.26400018       1.02420473    
   2.26500010       1.02318001    
   2.26600003       1.02214897    
   2.26700020       1.02113104    
   2.26800013       1.02010703    
   2.26900005       1.01909637    
   2.27000022       1.01807952    
   2.27100015       1.01707613    
   2.27200007       1.01606655    
   2.27300000       1.01507068    
   2.27400017       1.01406884    
   2.27500010       1.01308048    
   2.27600002       1.01208639    
   2.27700019       1.01110590    
   2.27800012       1.01011980    
   2.27900004       1.00914717    
   2.28000021       1.00816917    
   2.28100014       1.00720477    
   2.28200006       1.00623488    
   2.28299999       1.00527883    
   2.28400016       1.00431752    
   2.28500009       1.00336969    
   2.28600001       1.00241685    
   2.28700018       1.00147760    
   2.28800011       1.00053346    
   2.28900003      0.999602914    
   2.29000020      0.998667479    
   2.29100013      0.997745931    
   2.29200006      0.996819496    
   2.29300022      0.995906591    
   2.29400015      0.994989336    
   2.29500008      0.994085550    
   2.29600000      0.993177474    
   2.29700017      0.992282927    
   2.29800010      0.991384029    
   2.29900002      0.990498722    
   2.30000019      0.989609361    
   2.30100012      0.988733411    
   2.30200005      0.987853467    
   2.30300021      0.986987054    
   2.30400014      0.986116707    
   2.30500007      0.985260010    
   2.30599999      0.984399140    
   2.30700016      0.983552217    
   2.30800009      0.982701361    
   2.30900002      0.981863976    
   2.31000018      0.981023073    
   2.31100011      0.980195642    
   2.31200004      0.979364395    
   2.31300020      0.978546977    
   2.31400013      0.977726042    
   2.31500006      0.976918519    
   2.31600022      0.976107538    
   2.31700015      0.975310087    
   2.31800008      0.974509418    
   2.31900001      0.973722160    
   2.32000017      0.972931623    
   2.32100010      0.972154617    
   2.32200003      0.971374273    
   2.32300019      0.970607579    
   2.32400012      0.969837725    
   2.32500005      0.969081342    
   2.32600021      0.968321860    
   2.32700014      0.967575729    
   2.32800007      0.966826737    
   2.32900000      0.966091096    
   2.33000016      0.965352595    
   2.33100009      0.964627504    
   2.33200002      0.963899434    
   2.33300018      0.963185012    
   2.33400011      0.962467492    
   2.33500004      0.961763442    
   2.33600020      0.961056590    
   2.33700013      0.960363150    
   2.33800006      0.959666848    
   2.33900023      0.958983958    
   2.34000015      0.958298624    
   2.34100008      0.957626283    
   2.34200001      0.956951499    
   2.34300017      0.956289887    
   2.34400010      0.955625832    
   2.34500003      0.954975009    
   2.34600019      0.954321384    
   2.34700012      0.953681350    
   2.34800005      0.953038752    
   2.34900022      0.952409327    
   2.35000014      0.951777577    
   2.35100007      0.951158822    
   2.35200000      0.950537980    
   2.35300016      0.949930072    
   2.35400009      0.949319601    
   2.35500002      0.948722482    
   2.35600019      0.948122680    
   2.35700011      0.947536528    
   2.35800004      0.946947515    
   2.35900021      0.946371675    
   2.36000013      0.945794165    
   2.36100006      0.945228934    
   2.36200023      0.944662213    
   2.36300015      0.944107771    
   2.36400008      0.943551540    
   2.36500001      0.943008065    
   2.36600018      0.942462027    
   2.36700010      0.941929519    
   2.36800003      0.941394389    
   2.36900020      0.940872848    
   2.37000012      0.940348685    
   2.37100005      0.939837337    
   2.37200022      0.939323664    
   2.37300014      0.938823104    
   2.37400007      0.938320279    
   2.37500000      0.937830627    
   2.37600017      0.937338531    
   2.37700009      0.936859250    
   2.37800002      0.936377585    
   2.37900019      0.935909092    
   2.38000011      0.935438156    
   2.38100004      0.934980154    
   2.38200021      0.934520066    
   2.38300014      0.934072435    
   2.38400006      0.933623016    
   2.38500023      0.933185995    
   2.38600016      0.932747066    
   2.38700008      0.932320297    
   2.38800001      0.931892157    
   2.38900018      0.931476235    
   2.39000010      0.931057811    
   2.39100003      0.930652618    
   2.39200020      0.930244863    
   2.39300013      0.929849863    
   2.39400005      0.929452360    
   2.39500022      0.929067671    
   2.39600015      0.928680956    
   2.39700007      0.928306401    
   2.39800000      0.927929878    
   2.39900017      0.927565932    
   2.40000010      0.927199721    
   2.40100002      0.926845551    
   2.40200019      0.926489830    
   2.40300012      0.926146090    
   2.40400004      0.925800383    
   2.40500021      0.925466895    
   2.40600014      0.925131559    
   2.40700006      0.924807608    
   2.40800023      0.924482465    
   2.40900016      0.924168587    
   2.41000009      0.923853517    
   2.41100001      0.923549771    
   2.41200018      0.923244715    
   2.41300011      0.922951162    
   2.41400003      0.922655523    
   2.41500020      0.922371924    
   2.41600013      0.922086418    
   2.41700006      0.921812892    
   2.41800022      0.921537042    
   2.41900015      0.921273053    
   2.42000008      0.921007276    
   2.42100000      0.920752883    
   2.42200017      0.920496821    
   2.42300010      0.920252085    
   2.42400002      0.920005739    
   2.42500019      0.919770420    
   2.42600012      0.919533670    
   2.42700005      0.919308364    
   2.42800021      0.919081032    
   2.42900014      0.918865085    
   2.43000007      0.918647349    
   2.43100023      0.918440700    
   2.43200016      0.918232441    
   2.43300009      0.918035150    
   2.43400002      0.917836368    
   2.43500018      0.917648256    
   2.43600011      0.917459011    
   2.43700004      0.917280138    
   2.43800020      0.917100132    
   2.43900013      0.916930377    
   2.44000006      0.916759074    
   2.44100022      0.916598856    
   2.44200015      0.916436732    
   2.44300008      0.916285098    
   2.44400001      0.916132152    
   2.44500017      0.915989816    
   2.44600010      0.915846109    
   2.44700003      0.915712357    
   2.44800019      0.915577233    
   2.44900012      0.915452659    
   2.45000005      0.915326774    
   2.45100021      0.915210724    
   2.45200014      0.915093362    
   2.45300007      0.914985895    
   2.45400023      0.914877057    
   2.45500016      0.914778709    
   2.45600009      0.914678514    
   2.45700002      0.914588630    
   2.45800018      0.914496958    
   2.45900011      0.914415538    
   2.46000004      0.914332330    
   2.46100020      0.914259136    
   2.46200013      0.914184868    
   2.46300006      0.914119840    
   2.46400023      0.914053559    
   2.46500015      0.913997054    
   2.46600008      0.913939238    
   2.46700001      0.913890600    
   2.46800017      0.913841188    
   2.46900010      0.913800895    
   2.47000003      0.913759351    
   2.47100019      0.913726926    
   2.47200012      0.913693726    
   2.47300005      0.913669407    
   2.47400022      0.913643599    
   2.47500014      0.913627326    
   2.47600007      0.913609684    
   2.47700024      0.913601041    
   2.47800016      0.913591385    
   2.47900009      0.913590789    
   2.48000002      0.913588881    
   2.48100019      0.913595736    
   2.48200011      0.913601339    
   2.48300004      0.913615823    
   2.48400021      0.913629115    
   2.48500013      0.913651168    
   2.48600006      0.913671613    
   2.48700023      0.913701594    
   2.48800015      0.913729608    
   2.48900008      0.913766503    
   2.49000001      0.913802207    
   2.49100018      0.913846076    
   2.49200010      0.913889050    
   2.49300003      0.913940310    
   2.49400020      0.913990557    
   2.49500012      0.914049149    
   2.49600005      0.914106369    
   2.49700022      0.914171815    
   2.49800014      0.914236069    
   2.49900007      0.914308548    
   2.50000000      0.914380431    
   2.50100017      0.914459646    
   2.50200009      0.914537907    
   2.50300002      0.914624155    
   2.50400019      0.914709210    
   2.50500011      0.914802313    
   2.50600004      0.914893806    
   2.50700021      0.914993942    
   2.50800014      0.915092051    
   2.50900006      0.915198445    
   2.51000023      0.915303469    
   2.51100016      0.915416658    
   2.51200008      0.915528059    
   2.51300001      0.915647507    
   2.51400018      0.915765643    
   2.51500010      0.915891349    
   2.51600003      0.916015685    
   2.51700020      0.916147590    
   2.51800013      0.916278005    
   2.51900005      0.916416585    
   2.52000022      0.916553378    
   2.52100015      0.916697621    
   2.52200007      0.916840494    
   2.52300000      0.916990817    
   2.52400017      0.917140543    
   2.52500010      0.917296290    
   2.52600002      0.917451441    
   2.52700019      0.917614043    
   2.52800012      0.917774677    
   2.52900004      0.917942762    
   2.53000021      0.918109536    
   2.53100014      0.918283641    
   2.53200006      0.918455839    
   2.53300023      0.918635428    
   2.53400016      0.918813705    
   2.53500009      0.918998778    
   2.53600001      0.919182599    
   2.53700018      0.919373572    
   2.53800011      0.919562697    
   2.53900003      0.919758499    
   2.54000020      0.919953704    
   2.54100013      0.920154929    
   2.54200006      0.920354843    
   2.54300022      0.920561969    
   2.54400015      0.920767367    
   2.54500008      0.920979381    
   2.54600000      0.921189487    
   2.54700017      0.921406746    
   2.54800010      0.921622336    
   2.54900002      0.921844840    
   2.55000019      0.922065496    
   2.55100012      0.922292233    
   2.55200005      0.922518134    
   2.55300021      0.922750235    
   2.55400014      0.922980964    
   2.55500007      0.923217654    
   2.55600023      0.923452973    
   2.55700016      0.923694909    
   2.55800009      0.923934937    
   2.55900002      0.924180984    
   2.56000018      0.924426258    
   2.56100011      0.924676836    
   2.56200004      0.924926221    
   2.56300020      0.925181925    
   2.56400013      0.925435722    
   2.56500006      0.925695598    
   2.56600022      0.925953984    
   2.56700015      0.926218510    
   2.56800008      0.926481187    
   2.56900001      0.926749945    
   2.57000017      0.927016854    
   2.57100010      0.927289784    
   2.57200003      0.927561283    
   2.57300019      0.927838087    
   2.57400012      0.928113520    
   2.57500005      0.928394735    
   2.57600021      0.928674221    
   2.57700014      0.928959429    
   2.57800007      0.929242730    
   2.57900023      0.929531813    
   2.58000016      0.929818869    
   2.58100009      0.930111885    
   2.58200002      0.930403531    
   2.58300018      0.930700243    
   2.58400011      0.930995047    
   2.58500004      0.931295812    
   2.58600020      0.931594431    
   2.58700013      0.931898534    
   2.58800006      0.932200730    
   2.58900023      0.932508469    
   2.59000015      0.932814717    
   2.59100008      0.933125675    
   2.59200001      0.933434904    
   2.59300017      0.933749855    
   2.59400010      0.934062779    
   2.59500003      0.934380651    
   2.59600019      0.934696913    
   2.59700012      0.935018420    
   2.59800005      0.935338020    
   2.59900022      0.935662031    
   2.60000014      0.935985208    
   2.60100007      0.936312318    
   2.60200024      0.936638713    
   2.60300016      0.936969280    
   2.60400009      0.937298417    
   2.60500002      0.937631786    
   2.60600019      0.937964261    
   2.60700011      0.938300610    
   2.60800004      0.938635528    
   2.60900021      0.938975036    
   2.61000013      0.939312994    
   2.61100006      0.939655244    
   2.61200023      0.939995885    
   2.61300015      0.940340817    
   2.61400008      0.940684319    
   2.61500001      0.941031754    
   2.61600018      0.941378057    
   2.61700010      0.941728413    
   2.61800003      0.942076564    
   2.61900020      0.942429841    
   2.62000012      0.942780435    
   2.62100005      0.943136096    
   2.62200022      0.943489671    
   2.62300014      0.943847060    
   2.62400007      0.944202960    
   2.62500024      0.944563448    
   2.62600017      0.944921672    
   2.62700009      0.945283651    
   2.62800002      0.945644140    
   2.62900019      0.946008861    
   2.63000011      0.946371615    
   2.63100004      0.946738243    
   2.63200021      0.947103143    
   2.63300014      0.947471857    
   2.63400006      0.947838724    
   2.63500023      0.948209345    
   2.63600016      0.948578298    
   2.63700008      0.948950887    
   2.63800001      0.949322045    
   2.63900018      0.949696183    
   2.64000010      0.950069189    
   2.64100003      0.950445235    
   2.64200020      0.950819910    
   2.64300013      0.951197982    
   2.64400005      0.951574206    
   2.64500022      0.951953828    
   2.64600015      0.952331960    
   2.64700007      0.952713132    
   2.64800024      0.953092933    
   2.64900017      0.953475654    
   2.65000010      0.953856707    
   2.65100002      0.954241037    
   2.65200019      0.954623818    
   2.65300012      0.955009341    
   2.65400004      0.955393493    
   2.65500021      0.955780625    
   2.65600014      0.956166267    
   2.65700006      0.956554592    
   2.65800023      0.956941485    
   2.65900016      0.957330883    
   2.66000009      0.957719028    
   2.66100001      0.958109677    
   2.66200018      0.958499074    
   2.66300011      0.958890855    
   2.66400003      0.959281325    
   2.66500020      0.959674239    
   2.66600013      0.960065782    
   2.66700006      0.960459650    
   2.66800022      0.960852146    
   2.66900015      0.961246848    
   2.67000008      0.961640239    
   2.67100024      0.962036073    
   2.67200017      0.962430358    
   2.67300010      0.962827027    
   2.67400002      0.963221908    
   2.67500019      0.963619471    
   2.67600012      0.964015245    
   2.67700005      0.964413226    
   2.67800021      0.964809835    
   2.67900014      0.965208590    
   2.68000007      0.965605617    
   2.68100023      0.966005266    
   2.68200016      0.966402829    
   2.68300009      0.966802776    
   2.68400002      0.967201114    
   2.68500018      0.967601538    
   2.68600011      0.968000352    
   2.68700004      0.968400955    
   2.68800020      0.968800068    
   2.68900013      0.969201386    
   2.69000006      0.969600677    
   2.69100022      0.970002294    
   2.69200015      0.970402122    
   2.69300008      0.970803797    
   2.69400024      0.971203744    
   2.69500017      0.971605778    
   2.69600010      0.972005963    
   2.69700003      0.972408235    
   2.69800019      0.972808540    
   2.69900012      0.973210633    
   2.70000005      0.973611236    
   2.70100021      0.974013388    
   2.70200014      0.974413753    
   2.70300007      0.974816024    
   2.70400023      0.975216448    
   2.70500016      0.975618660    
   2.70600009      0.976019144    
   2.70700002      0.976420999    
   2.70800018      0.976821363    
   2.70900011      0.977223158    
   2.71000004      0.977623284    
   2.71100020      0.978024781    
   2.71200013      0.978424668    
   2.71300006      0.978825927    
   2.71400023      0.979225576    
   2.71500015      0.979626417    
   2.71600008      0.980025709    
   2.71700025      0.980426252    
   2.71800017      0.980824947    
   2.71900010      0.981225133    
   2.72000003      0.981623530    
   2.72100019      0.982023180    
   2.72200012      0.982421041    
   2.72300005      0.982820094    
   2.72400022      0.983217537    
   2.72500014      0.983616054    
   2.72600007      0.984012604    
   2.72700024      0.984410584    
   2.72800016      0.984806538    
   2.72900009      0.985203862    
   2.73000002      0.985599160    
   2.73100019      0.985995591    
   2.73200011      0.986390173    
   2.73300004      0.986785829    
   2.73400021      0.987179637    
   2.73500013      0.987574399    
   2.73600006      0.987967491    
   2.73700023      0.988361299    
   2.73800015      0.988753438    
   2.73900008      0.989146352    
   2.74000025      0.989537477    
   2.74100018      0.989929378    
   2.74200010      0.990319669    
   2.74300003      0.990710557    
   2.74400020      0.991099656    
   2.74500012      0.991489470    
   2.74600005      0.991877615    
   2.74700022      0.992266238    
   2.74800014      0.992653131    
   2.74900007      0.993040681    
   2.75000024      0.993426442    
   2.75100017      0.993812799    
   2.75200009      0.994197190    
   2.75300002      0.994582295    
   2.75400019      0.994965553    
   2.75500011      0.995349288    
   2.75600004      0.995731115    
   2.75700021      0.996113479    
   2.75800014      0.996493995    
   2.75900006      0.996874988    
   2.76000023      0.997254074    
   2.76100016      0.997633576    
   2.76200008      0.998011231    
   2.76300025      0.998389363    
   2.76400018      0.998765528    
   2.76500010      0.999141991    
   2.76600003      0.999516547    
   2.76700020      0.999891520    
   2.76800013       1.00026441    
   2.76900005       1.00063777    
   2.77000022       1.00100911    
   2.77100015       1.00138080    
   2.77200007       1.00175047    
   2.77300024       1.00212038    
   2.77400017       1.00248837    
   2.77500010       1.00285649    
   2.77600002       1.00322270    
   2.77700019       1.00358903    
   2.77800012       1.00395334    
   2.77900004       1.00431800    
   2.78000021       1.00468051    
   2.78100014       1.00504303    
   2.78200006       1.00540376    
   2.78300023       1.00576448    
   2.78400016       1.00612319    
   2.78500009       1.00648189    
   2.78600001       1.00683868    
   2.78700018       1.00719535    
   2.78800011       1.00755000    
   2.78900003       1.00790465    
   2.79000020       1.00825739    
   2.79100013       1.00861001    
   2.79200006       1.00896072    
   2.79300022       1.00931108    
   2.79400015       1.00965953    
   2.79500008       1.01000774    
   2.79600024       1.01035404    
   2.79700017       1.01070011    
   2.79800010       1.01104414    
   2.79900002       1.01138783    
   2.80000019       1.01172984    
   2.80100012       1.01207125    
   2.80200005       1.01241076    
   2.80300021       1.01274991    
   2.80400014       1.01308703    
   2.80500007       1.01342380    
   2.80600023       1.01375866    
   2.80700016       1.01409304    
   2.80800009       1.01442552    
   2.80900002       1.01475751    
   2.81000018       1.01508737    
   2.81100011       1.01541674    
   2.81200004       1.01574421    
   2.81300020       1.01607120    
   2.81400013       1.01639616    
   2.81500006       1.01672053    
   2.81600022       1.01704288    
   2.81700015       1.01736462    
   2.81800008       1.01768434    
   2.81900024       1.01800346    
   2.82000017       1.01832068    
   2.82100010       1.01863730    
   2.82200003       1.01895154    
   2.82300019       1.01926541    
   2.82400012       1.01957703    
   2.82500005       1.01988816    
   2.82600021       1.02019703    
   2.82700014       1.02050531    
   2.82800007       1.02081168    
   2.82900023       1.02111709    
   2.83000016       1.02142036    
   2.83100009       1.02172303    
   2.83200002       1.02202344    
   2.83300018       1.02232325    
   2.83400011       1.02262080    
   2.83500004       1.02291775    
   2.83600020       1.02321243    
   2.83700013       1.02350616    
   2.83800006       1.02379787    
   2.83900023       1.02408898    
   2.84000015       1.02437758    
   2.84100008       1.02466536    
   2.84200025       1.02495122    
   2.84300017       1.02523601    
   2.84400010       1.02551866    
   2.84500003       1.02580035    
   2.84600019       1.02607989    
   2.84700012       1.02635837    
   2.84800005       1.02663493    
   2.84900022       1.02691042    
   2.85000014       1.02718365    
   2.85100007       1.02745593    
   2.85200024       1.02772605    
   2.85300016       1.02799511    
   2.85400009       1.02826190    
   2.85500002       1.02852762    
   2.85600019       1.02879143    
   2.85700011       1.02905381    
   2.85800004       1.02931416    
   2.85900021       1.02957332    
   2.86000013       1.02983046    
   2.86100006       1.03008616    
   2.86200023       1.03033996    
   2.86300015       1.03059232    
   2.86400008       1.03084266    
   2.86500025       1.03109169    
   2.86600018       1.03133857    
   2.86700010       1.03158414    
   2.86800003       1.03182769    
   2.86900020       1.03206968    
   2.87000012       1.03230977    
   2.87100005       1.03254843    
   2.87200022       1.03278494    
   2.87300014       1.03302002    
   2.87400007       1.03325295    
   2.87500024       1.03348446    
   2.87600017       1.03371406    
   2.87700009       1.03394198    
   2.87800002       1.03416777    
   2.87900019       1.03439200    
   2.88000011       1.03461432    
   2.88100004       1.03483510    
   2.88200021       1.03505361    
   2.88300014       1.03527069    
   2.88400006       1.03548551    
   2.88500023       1.03569889    
   2.88600016       1.03591001    
   2.88700008       1.03611982    
   2.88800025       1.03632724    
   2.88900018       1.03653312    
   2.89000010       1.03673685    
   2.89100003       1.03693891    
   2.89200020       1.03713882    
   2.89300013       1.03733718    
   2.89400005       1.03753304    
   2.89500022       1.03772795    
   2.89600015       1.03792000    
   2.89700007       1.03811073    
   2.89800024       1.03829896    
   2.89900017       1.03848600    
   2.90000010       1.03867042    
   2.90100002       1.03885317    
   2.90200019       1.03903389    
   2.90300012       1.03921294    
   2.90400004       1.03938961    
   2.90500021       1.03956461    
   2.90600014       1.03973770    
   2.90700006       1.03990853    
   2.90800023       1.04007721    
   2.90900016       1.04024434    
   2.91000009       1.04040921    
   2.91100025       1.04057193    
   2.91200018       1.04073262    
   2.91300011       1.04089189    
   2.91400003       1.04104841    
   2.91500020       1.04120350    
   2.91600013       1.04135609    
   2.91700006       1.04150677    
   2.91800022       1.04165554    
   2.91900015       1.04180205    
   2.92000008       1.04194653    
   2.92100024       1.04208899    
   2.92200017       1.04222965    
   2.92300010       1.04236794    
   2.92400002       1.04250395    
   2.92500019       1.04263842    
   2.92600012       1.04277050    
   2.92700005       1.04290032    
   2.92800021       1.04302859    
   2.92900014       1.04315424    
   2.93000007       1.04327798    
   2.93100023       1.04339945    
   2.93200016       1.04351902    
   2.93300009       1.04363632    
   2.93400025       1.04375148    
   2.93500018       1.04386473    
   2.93600011       1.04397583    
   2.93700004       1.04408443    
   2.93800020       1.04419124    
   2.93900013       1.04429579    
   2.94000006       1.04439807    
   2.94100022       1.04449832    
   2.94200015       1.04459643    
   2.94300008       1.04469252    
   2.94400024       1.04478621    
   2.94500017       1.04487789    
   2.94600010       1.04496729    
   2.94700003       1.04505455    
   2.94800019       1.04513967    
   2.94900012       1.04522252    
   2.95000005       1.04530346    
   2.95100021       1.04538190    
   2.95200014       1.04545832    
   2.95300007       1.04553235    
   2.95400023       1.04560435    
   2.95500016       1.04567432    
   2.95600009       1.04574203    
   2.95700026       1.04580712    
   2.95800018       1.04587042    
   2.95900011       1.04593134    
   2.96000004       1.04599011    
   2.96100020       1.04604661    
   2.96200013       1.04610109    
   2.96300006       1.04615331    
   2.96400023       1.04620361    
   2.96500015       1.04625082    
   2.96600008       1.04629672    
   2.96700025       1.04633975    
   2.96800017       1.04638088    
   2.96900010       1.04641974    
   2.97000003       1.04645622    
   2.97100019       1.04649067    
   2.97200012       1.04652309    
   2.97300005       1.04655266    
   2.97400022       1.04658067    
   2.97500014       1.04660594    
   2.97600007       1.04662943    
   2.97700024       1.04665041    
   2.97800016       1.04666913    
   2.97900009       1.04668570    
   2.98000026       1.04670012    
   2.98100019       1.04671216    
   2.98200011       1.04672217    
   2.98300004       1.04672968    
   2.98400021       1.04673517    
   2.98500013       1.04673815    
   2.98600006       1.04673934    
   2.98700023       1.04673779    
   2.98800015       1.04673469    
   2.98900008       1.04672873    
   2.99000025       1.04672086    
   2.99100018       1.04671073    
   2.99200010       1.04669833    
   2.99300003       1.04668343    
   2.99400020       1.04666698    
   2.99500012       1.04664767    
   2.99600005       1.04662645    
   2.99700022       1.04660285    
   2.99800014       1.04657710    
   2.99900007       1.04654884    
   3.00000024       1.04651928    
   3.00100017       1.04648662    
   3.00200009       1.04645228    
   3.00300026       1.04641521    
   3.00400019       1.04637647    
   3.00500011       1.04633522    
   3.00600004       1.04629207    
   3.00700021       1.04624605    
   3.00800014       1.04619861    
   3.00900006       1.04614854    
   3.01000023       1.04609632    
   3.01100016       1.04604208    
   3.01200008       1.04598582    
   3.01300025       1.04592681    
   3.01400018       1.04586625    
   3.01500010       1.04580307    
   3.01600003       1.04573810    
   3.01700020       1.04567063    
   3.01800013       1.04560125    
   3.01900005       1.04552960    
   3.02000022       1.04545581    
   3.02100015       1.04537976    
   3.02200007       1.04530203    
   3.02300024       1.04522169    
   3.02400017       1.04513979    
   3.02500010       1.04505467    
   3.02600026       1.04496872    
   3.02700019       1.04487967    
   3.02800012       1.04478908    
   3.02900004       1.04469609    
   3.03000021       1.04460144    
   3.03100014       1.04450393    
   3.03200006       1.04440522    
   3.03300023       1.04430377    
   3.03400016       1.04420090    
   3.03500009       1.04409516    
   3.03600025       1.04398799    
   3.03700018       1.04387820    
   3.03800011       1.04376721    
   3.03900003       1.04365349    
   3.04000020       1.04353821    
   3.04100013       1.04342031    
   3.04200006       1.04330099    
   3.04300022       1.04317904    
   3.04400015       1.04305589    
   3.04500008       1.04293001    
   3.04600024       1.04280317    
   3.04700017       1.04267287    
   3.04800010       1.04254198    
   3.04900026       1.04240823    
   3.05000019       1.04227304    
   3.05100012       1.04213536    
   3.05200005       1.04199624    
   3.05300021       1.04185474    
   3.05400014       1.04171205    
   3.05500007       1.04156673    
   3.05600023       1.04142046    
   3.05700016       1.04127097    
   3.05800009       1.04112089    
   3.05900025       1.04096782    
   3.06000018       1.04081404    
   3.06100011       1.04065728    
   3.06200004       1.04049969    
   3.06300020       1.04033923    
   3.06400013       1.04017806    
   3.06500006       1.04001403    
   3.06600022       1.03984904    
   3.06700015       1.03968155    
   3.06800008       1.03951299    
   3.06900024       1.03934205    
   3.07000017       1.03917015    
   3.07100010       1.03899539    
   3.07200003       1.03882015    
   3.07300019       1.03864193    
   3.07400012       1.03846312    
   3.07500005       1.03828168    
   3.07600021       1.03809941    
   3.07700014       1.03791475    
   3.07800007       1.03772902    
   3.07900023       1.03754079    
   3.08000016       1.03735185    
   3.08100009       1.03716052    
   3.08200026       1.03696847    
   3.08300018       1.03677368    
   3.08400011       1.03657854    
   3.08500004       1.03638065    
   3.08600020       1.03618205    
   3.08700013       1.03598130    
   3.08800006       1.03577995    
   3.08900023       1.03557575    
   3.09000015       1.03537130    
   3.09100008       1.03516400    
   3.09200025       1.03495669    
   3.09300017       1.03474665    
   3.09400010       1.03453624    
   3.09500003       1.03432322    
   3.09600019       1.03410995    
   3.09700012       1.03389418    
   3.09800005       1.03367805    
   3.09900022       1.03345942    
   3.10000014       1.03324080    
   3.10100007       1.03301919    
   3.10200024       1.03279781    
   3.10300016       1.03257358    
   3.10400009       1.03234959    
   3.10500026       1.03212285    
   3.10600019       1.03189623    
   3.10700011       1.03166676    
   3.10800004       1.03143764    
   3.10900021       1.03120577    
   3.11000013       1.03097415    
   3.11100006       1.03073978    
   3.11200023       1.03050566    
   3.11300015       1.03026903    
   3.11400008       1.03003252    
   3.11500025       1.02979350    
   3.11600018       1.02955461    
   3.11700010       1.02931345    
   3.11800003       1.02907240    
   3.11900020       1.02882886    
   3.12000012       1.02858579    
   3.12100005       1.02833998    
   3.12200022       1.02809477    
   3.12300014       1.02784717    
   3.12400007       1.02759981    
   3.12500024       1.02735007    
   3.12600017       1.02710080    
   3.12700009       1.02684903    
   3.12800026       1.02659786    
   3.12900019       1.02634418    
   3.13000011       1.02609110    
   3.13100004       1.02583563    
   3.13200021       1.02558076    
   3.13300014       1.02532363    
   3.13400006       1.02506709    
   3.13500023       1.02480805    
   3.13600016       1.02454984    
   3.13700008       1.02428925    
   3.13800025       1.02402949    
   3.13900018       1.02376735    
   3.14000010       1.02350593    
   3.14100003       1.02324235    
   3.14200020       1.02297938    
   3.14300013       1.02271438    
   3.14400005       1.02245009    
   3.14500022       1.02218366    
   3.14600015       1.02191806    
   3.14700007       1.02165031    
   3.14800024       1.02138352    
   3.14900017       1.02111447    
   3.15000010       1.02084625    
   3.15100026       1.02057612    
   3.15200019       1.02030694    
   3.15300012       1.02003562    
   3.15400004       1.01976538    
   3.15500021       1.01949298    
   3.15600014       1.01922166    
   3.15700006       1.01894832    
   3.15800023       1.01867616    
   3.15900016       1.01840174    
   3.16000009       1.01812875    
   3.16100025       1.01785362    
   3.16200018       1.01757967    
   3.16300011       1.01730371    
   3.16400003       1.01702905    
   3.16500020       1.01675236    
   3.16600013       1.01647723    
   3.16700006       1.01619983    
   3.16800022       1.01592398    
   3.16900015       1.01564598    
   3.17000008       1.01536942    
   3.17100024       1.01509106    
   3.17200017       1.01481414    
   3.17300010       1.01453519    
   3.17400026       1.01425791    
   3.17500019       1.01397860    
   3.17600012       1.01370084    
   3.17700005       1.01342118    
   3.17800021       1.01314342    
   3.17900014       1.01286328    
   3.18000007       1.01258516    
   3.18100023       1.01230502    
   3.18200016       1.01202691    
   3.18300009       1.01174653    
   3.18400025       1.01146805    
   3.18500018       1.01118779    
   3.18600011       1.01090932    
   3.18700004       1.01062906    
   3.18800020       1.01035058    
   3.18900013       1.01007020    
   3.19000006       1.00979197    
   3.19100022       1.00951171    
   3.19200015       1.00923371    
   3.19300008       1.00895369    
   3.19400024       1.00867581    
   3.19500017       1.00839615    
   3.19600010       1.00811827    
   3.19700027       1.00783896    
   3.19800019       1.00756168    
   3.19900012       1.00728261    
   3.20000005       1.00700581    
   3.20100021       1.00672722    
   3.20200014       1.00645077    
   3.20300007       1.00617278    
   3.20400023       1.00589693    
   3.20500016       1.00561929    
   3.20600009       1.00534403    
   3.20700026       1.00506699    
   3.20800018       1.00479257    
   3.20900011       1.00451624    
   3.21000004       1.00424230    
   3.21100020       1.00396681    
   3.21200013       1.00369358    
   3.21300006       1.00341880    
   3.21400023       1.00314665    
   3.21500015       1.00287259    
   3.21600008       1.00260139    
   3.21700025       1.00232828    
   3.21800017       1.00205803    
   3.21900010       1.00178587    
   3.22000027       1.00151646    
   3.22100019       1.00124550    
   3.22200012       1.00097716    
   3.22300005       1.00070715    
   3.22400022       1.00044000    
   3.22500014       1.00017118    
   3.22600007      0.999905229    
   3.22700024      0.999637604    
   3.22800016      0.999372721    
   3.22900009      0.999106348    
   3.23000026      0.998842835    
   3.23100019      0.998577833    
   3.23200011      0.998315573    
   3.23300004      0.998051941    
   3.23400021      0.997791171    
   3.23500013      0.997528911    
   3.23600006      0.997269511    
   3.23700023      0.997008681    
   3.23800015      0.996750891    
   3.23900008      0.996491492    
   3.24000025      0.996235192    
   3.24100018      0.995977402    
   3.24200010      0.995722830    
   3.24300027      0.995466769    
   3.24400020      0.995213628    
   3.24500012      0.994959116    
   3.24600005      0.994707823    
   3.24700022      0.994455159    
   3.24800014      0.994205415    
   3.24900007      0.993954539    
   3.25000024      0.993706644    
   3.25100017      0.993457556    
   3.25200009      0.993211567    
   3.25300026      0.992964208    
   3.25400019      0.992720127    
   3.25500011      0.992474675    
   3.25600004      0.992232621    
   3.25700021      0.991989076    
   3.25800014      0.991748929    
   3.25900006      0.991507530    
   3.26000023      0.991269290    
   3.26100016      0.991029918    
   3.26200008      0.990793824    
   3.26300025      0.990556479    
   3.26400018      0.990322530    
   3.26500010      0.990087271    
   3.26600027      0.989855528    
   3.26700020      0.989622474    
   3.26800013      0.989392936    
   3.26900005      0.989161968    
   3.27000022      0.988934636    
   3.27100015      0.988705993    
   3.27200007      0.988480806    
   3.27300024      0.988254607    
   3.27400017      0.988031805    
   3.27500010      0.987807810    
   3.27600026      0.987587333    
   3.27700019      0.987365842    
   3.27800012      0.987147689    
   3.27900004      0.986928463    
   3.28000021      0.986712933    
   3.28100014      0.986496031    
   3.28200006      0.986282945    
   3.28300023      0.986068547    
   3.28400016      0.985857964    
   3.28500009      0.985646009    
   3.28600025      0.985437870    
   3.28700018      0.985228777    
   3.28800011      0.985023260    
   3.28900027      0.984816432    
   3.29000020      0.984613478    
   3.29100013      0.984409392    
   3.29200006      0.984209001    
   3.29300022      0.984007597    
   3.29400015      0.983809948    
   3.29500008      0.983611047    
   3.29600024      0.983416200    
   3.29700017      0.983219981    
   3.29800010      0.983027875    
   3.29900026      0.982834399    
   3.30000019      0.982644856    
   3.30100012      0.982454181    
   3.30200005      0.982267499    
   3.30300021      0.982079685    
   3.30400014      0.981895745    
   3.30500007      0.981710732    
   3.30600023      0.981529593    
   3.30700016      0.981347382    
   3.30800009      0.981169164    
   3.30900025      0.980989873    
   3.31000018      0.980814517    
   3.31100011      0.980638027    
   3.31200027      0.980465591    
   3.31300020      0.980291963    
   3.31400013      0.980122387    
   3.31500006      0.979951739    
   3.31600022      0.979785204    
   3.31700015      0.979617476    
   3.31800008      0.979453921    
   3.31900024      0.979289174    
   3.32000017      0.979128540    
   3.32100010      0.978966892    
   3.32200027      0.978809237    
   3.32300019      0.978650570    
   3.32400012      0.978495955    
   3.32500005      0.978340268    
   3.32600021      0.978188694    
   3.32700014      0.978036046    
   3.32800007      0.977887571    
   3.32900023      0.977738023    
   3.33000016      0.977592528    
   3.33100009      0.977446079    
   3.33200026      0.977303803    
   3.33300018      0.977160335    
   3.33400011      0.977021098    
   3.33500028      0.976880908    
   3.33600020      0.976744771    
   3.33700013      0.976607561    
   3.33800006      0.976474583    
   3.33900023      0.976340592    
   3.34000015      0.976210713    
   3.34100008      0.976079822    
   3.34200025      0.975953281    
   3.34300017      0.975825489    
   3.34400010      0.975701988    
   3.34500027      0.975577354    
   3.34600019      0.975457132    
   3.34700012      0.975335777    
   3.34800005      0.975218534    
   3.34900022      0.975100338    
   3.35000014      0.974986434    
   3.35100007      0.974871397    
   3.35200024      0.974760652    
   3.35300016      0.974648833    
   3.35400009      0.974541306    
   3.35500026      0.974432766    
   3.35600019      0.974328518    
   3.35700011      0.974222958    
   3.35800028      0.974121988    
   3.35900021      0.974019766    
   3.36000013      0.973922074    
   3.36100006      0.973823011    
   3.36200023      0.973728538    
   3.36300015      0.973632574    
   3.36400008      0.973541379    
   3.36500025      0.973448753    
   3.36600018      0.973360658    
   3.36700010      0.973271370    
   3.36800027      0.973186672    
   3.36900020      0.973100483    
   3.37000012      0.973018825    
   3.37100005      0.972936034    
   3.37200022      0.972857654    
   3.37300014      0.972778022    
   3.37400007      0.972702920    
   3.37500024      0.972626567    
   3.37600017      0.972554624    
   3.37700009      0.972481430    
   3.37800026      0.972412825    
   3.37900019      0.972342849    
   3.38000011      0.972277462    
   3.38100004      0.972210765    
   3.38200021      0.972148657    
   3.38300014      0.972085059    
   3.38400006      0.972026229    
   3.38500023      0.971965849    
   3.38600016      0.971910179    
   3.38700008      0.971853077    
   3.38800025      0.971800566    
   3.38900018      0.971746743    
   3.39000010      0.971697330    
   3.39100027      0.971646726    
   3.39200020      0.971600771    
   3.39300013      0.971553266    
   3.39400005      0.971510410    
   3.39500022      0.971466124    
   3.39600015      0.971426487    
   3.39700007      0.971385300    
   3.39800024      0.971348763    
   3.39900017      0.971310854    
   3.40000010      0.971277535    
   3.40100026      0.971242785    
   3.40200019      0.971212626    
   3.40300012      0.971181035    
   3.40400004      0.971153915    
   3.40500021      0.971125603    
   3.40600014      0.971101701    
   3.40700006      0.971076429    
   3.40800023      0.971055567    
   3.40900016      0.971033454    
   3.41000009      0.971015751    
   3.41100025      0.970996797    
   3.41200018      0.970982134    
   3.41300011      0.970966220    
   3.41400027      0.970954776    
   3.41500020      0.970941842    
   3.41600013      0.970933437    
   3.41700006      0.970923662    
   3.41800022      0.970918357    
   3.41900015      0.970911682    
   3.42000008      0.970909357    
   3.42100024      0.970905602    
   3.42200017      0.970906377    
   3.42300010      0.970905721    
   3.42400026      0.970909595    
   3.42500019      0.970911860    
   3.42600012      0.970918655    
   3.42700005      0.970923960    
   3.42800021      0.970933795    
   3.42900014      0.970942020    
   3.43000007      0.970954895    
   3.43100023      0.970966101    
   3.43200016      0.970981896    
   3.43300009      0.970995903    
   3.43400025      0.971014738    
   3.43500018      0.971031725    
   3.43600011      0.971053362    
   3.43700027      0.971073329    
   3.43800020      0.971097946    
   3.43900013      0.971120775    
   3.44000006      0.971148133    
   3.44100022      0.971173942    
   3.44200015      0.971204102    
   3.44300008      0.971232653    
   3.44400024      0.971265733    
   3.44500017      0.971297204    
   3.44600010      0.971333027    
   3.44700027      0.971367300    
   3.44800019      0.971406102    
   3.44900012      0.971443057    
   3.45000005      0.971484423    
   3.45100021      0.971524239    
   3.45200014      0.971568465    
   3.45300007      0.971610963    
   3.45400023      0.971657932    
   3.45500016      0.971703112    
   3.45600009      0.971752703    
   3.45700026      0.971800566    
   3.45800018      0.971853018    
   3.45900011      0.971903563    
   3.46000028      0.971958637    
   3.46100020      0.972011864    
   3.46200013      0.972069383    
   3.46300006      0.972125292    
   3.46400023      0.972185493    
   3.46500015      0.972244024    
   3.46600008      0.972306788    
   3.46700025      0.972367764    
   3.46800017      0.972433090    
   3.46900010      0.972496748    
   3.47000027      0.972564578    
   3.47100019      0.972630680    
   3.47200012      0.972701192    
   3.47300005      0.972769678    
   3.47400022      0.972842634    
   3.47500014      0.972913742    
   3.47600007      0.972988963    
   3.47700024      0.973062515    
   3.47800016      0.973140299    
   3.47900009      0.973216295    
   3.48000026      0.973296463    
   3.48100019      0.973374844    
   3.48200011      0.973457277    
   3.48300028      0.973538041    
   3.48400021      0.973622859    
   3.48500013      0.973705888    
   3.48600006      0.973793030    
   3.48700023      0.973878384    
   3.48800015      0.973967910    
   3.48900008      0.974055529    
   3.49000025      0.974147141    
   3.49100018      0.974237144    
   3.49200010      0.974331021    
   3.49300027      0.974423110    
   3.49400020      0.974519432    
   3.49500012      0.974613667    
   3.49600005      0.974711895    
   3.49700022      0.974808455    
   3.49800014      0.974908948    
   3.49900007      0.975007415    
   3.50000024      0.975110054    
   3.50100017      0.975210786    
   3.50200009      0.975315511    
   3.50300026      0.975418270    
   3.50400019      0.975524962    
   3.50500011      0.975629807    
   3.50600028      0.975738585    
   3.50700021      0.975845337    
   3.50800014      0.975956261    
   3.50900006      0.976064920    
   3.51000023      0.976177692    
   3.51100016      0.976288378    
   3.51200008      0.976402998    
   3.51300025      0.976515770    
   3.51400018      0.976632297    
   3.51500010      0.976746798    
   3.51600027      0.976865232    
   3.51700020      0.976981699    
   3.51800013      0.977102041    
   3.51900005      0.977220178    
   3.52000022      0.977342248    
   3.52100015      0.977462292    
   3.52200007      0.977586091    
   3.52300024      0.977707982    
   3.52400017      0.977833569    
   3.52500010      0.977957129    
   3.52600026      0.978084385    
   3.52700019      0.978209615    
   3.52800012      0.978338540    
   3.52900028      0.978465497    
   3.53000021      0.978596151    
   3.53100014      0.978724599    
   3.53200006      0.978856921    
   3.53300023      0.978986919    
   3.53400016      0.979120791    
   3.53500009      0.979252517    
   3.53600025      0.979387820    
   3.53700018      0.979521036    
   3.53800011      0.979657948    
   3.53900027      0.979792595    
   3.54000020      0.979930997    
   3.54100013      0.980067194    
   3.54200006      0.980207026    
   3.54300022      0.980344594    
   3.54400015      0.980485916    
   3.54500008      0.980624855    
   3.54600024      0.980767548    
   3.54700017      0.980908036    
   3.54800010      0.981051981    
   3.54900026      0.981193602    
   3.55000019      0.981338859    
   3.55100012      0.981481969    
   3.55200028      0.981628478    
   3.55300021      0.981772780    
   3.55400014      0.981920660    
   3.55500007      0.982066095    
   3.55600023      0.982215106    
   3.55700016      0.982361913    
   3.55800009      0.982512116    
   3.55900025      0.982659996    
   3.56000018      0.982811451    
   3.56100011      0.982960403    
   3.56200027      0.983112872    
   3.56300020      0.983262956    
   3.56400013      0.983416617    
   3.56500006      0.983567774    
   3.56600022      0.983722448    
   3.56700015      0.983874619    
   3.56800008      0.984030187    
   3.56900024      0.984183371    
   3.57000017      0.984340072    
   3.57100010      0.984494328    
   3.57200027      0.984651864    
   3.57300019      0.984806895    
   3.57400012      0.984965444    
   3.57500029      0.985121429    
   3.57600021      0.985280752    
   3.57700014      0.985437632    
   3.57800007      0.985597730    
   3.57900023      0.985755622    
   3.58000016      0.985916615    
   3.58100009      0.986075103    
   3.58200026      0.986236811    
   3.58300018      0.986396253    
   3.58400011      0.986558557    
   3.58500028      0.986718655    
   3.58600020      0.986881852    
   3.58700013      0.987042606    
   3.58800006      0.987206459    
   3.58900023      0.987367809    
   3.59000015      0.987532377    
   3.59100008      0.987694383    
   3.59200025      0.987859488    
   3.59300017      0.988022029    
   3.59400010      0.988187671    
   3.59500027      0.988350868    
   3.59600019      0.988517284    
   3.59700012      0.988680840    
   3.59800029      0.988847554    
   3.59900022      0.989011824    
   3.60000014      0.989179015    
   3.60100007      0.989343703    
   3.60200024      0.989511311    
   3.60300016      0.989676476    
   3.60400009      0.989844441    
   3.60500026      0.990009904    
   3.60600019      0.990178287    
   3.60700011      0.990344167    
   3.60800028      0.990512967    
   3.60900021      0.990679145    
   3.61000013      0.990848124    
   3.61100006      0.991014600    
   3.61200023      0.991184056    
   3.61300015      0.991350710    
   3.61400008      0.991520345    
   3.61500025      0.991687238    
   3.61600018      0.991857111    
   3.61700010      0.992024183    
   3.61800027      0.992194235    
   3.61900020      0.992361605    
   3.62000012      0.992531717    
   3.62100029      0.992699087    
   3.62200022      0.992869437    
   3.62300014      0.993036926    
   3.62400007      0.993207335    
   3.62500024      0.993374765    
   3.62600017      0.993545294    
   3.62700009      0.993712842    
   3.62800026      0.993883312    
   3.62900019      0.994050801    
   3.63000011      0.994221389    
   3.63100028      0.994388878    
   3.63200021      0.994559228    
   3.63300014      0.994726837    
   3.63400006      0.994897127    
   3.63500023      0.995064497    
   3.63600016      0.995234668    
   3.63700008      0.995402038    
   3.63800025      0.995572090    
   3.63900018      0.995739222    
   3.64000010      0.995909035    
   3.64100027      0.996076047    
   3.64200020      0.996245623    
   3.64300013      0.996412456    
   3.64400029      0.996581793    
   3.64500022      0.996748328    
   3.64600015      0.996917486    
   3.64700007      0.997083724    
   3.64800024      0.997252584    
   3.64900017      0.997418582    
   3.65000010      0.997586966    
   3.65100026      0.997752607    
   3.65200019      0.997920632    
   3.65300012      0.998085916    
   3.65400028      0.998253644    
   3.65500021      0.998418510    
   3.65600014      0.998585880    
   3.65700006      0.998750269    
   3.65800023      0.998917162    
   3.65900016      0.999081194    
   3.66000009      0.999247432    
   3.66100025      0.999411047    
   3.66200018      0.999576867    
   3.66300011      0.999739826    
   3.66400027      0.999905109    
   3.66500020       1.00006759    
   3.66600013       1.00023234    
   3.66700006       1.00039423    
   3.66800022       1.00055838    
   3.66900015       1.00071967    
   3.67000008       1.00088322    
   3.67100024       1.00104392    
   3.67200017       1.00120664    
   3.67300010       1.00136673    
   3.67400026       1.00152874    
   3.67500019       1.00168812    
   3.67600012       1.00184965    
   3.67700028       1.00200832    
   3.67800021       1.00216889    
   3.67900014       1.00232685    
   3.68000007       1.00248682    
   3.68100023       1.00264394    
   3.68200016       1.00280309    
   3.68300009       1.00295937    
   3.68400025       1.00311780    
   3.68500018       1.00327325    
   3.68600011       1.00343072    
   3.68700027       1.00358546    
   3.68800020       1.00374198    
   3.68900013       1.00389576    
   3.69000006       1.00405157    
   3.69100022       1.00420439    
   3.69200015       1.00435925    
   3.69300008       1.00451100    
   3.69400024       1.00466502    
   3.69500017       1.00481594    
   3.69600010       1.00496876    
   3.69700027       1.00511897    
   3.69800019       1.00527072    
   3.69900012       1.00541985    
   3.70000029       1.00557065    
   3.70100021       1.00571859    
   3.70200014       1.00586832    
   3.70300007       1.00601530    
   3.70400023       1.00616395    
   3.70500016       1.00630987    
   3.70600009       1.00645757    
   3.70700026       1.00660229    
   3.70800018       1.00674880    
   3.70900011       1.00689232    
   3.71000028       1.00703776    
   3.71100020       1.00718021    
   3.71200013       1.00732446    
   3.71300006       1.00746572    
   3.71400023       1.00760865    
   3.71500015       1.00774884    
   3.71600008       1.00789058    
   3.71700025       1.00802946    
   3.71800017       1.00817001    
   3.71900010       1.00830770    
   3.72000027       1.00844693    
   3.72100019       1.00858331    
   3.72200012       1.00872135    
   3.72300029       1.00885642    
   3.72400022       1.00899315    
   3.72500014       1.00912690    
   3.72600007       1.00926220    
   3.72700024       1.00939465    
   3.72800016       1.00952864    
   3.72900009       1.00965977    
   3.73000026       1.00979257    
   3.73100019       1.00992227    
   3.73200011       1.01005340    
   3.73300028       1.01018178    
   3.73400021       1.01031160    
   3.73500013       1.01043844    
   3.73600006       1.01056707    
   3.73700023       1.01069248    
   3.73800015       1.01081944    
   3.73900008       1.01094353    
   3.74000025       1.01106906    
   3.74100018       1.01119149    
   3.74200010       1.01131546    
   3.74300027       1.01143670    
   3.74400020       1.01155913    
   3.74500012       1.01167858    
   3.74600029       1.01179969    
   3.74700022       1.01191771    
   3.74800014       1.01203716    
   3.74900007       1.01215363    
   3.75000024       1.01227152    
   3.75100017       1.01238644    
   3.75200009       1.01250279    
   3.75300026       1.01261616    
   3.75400019       1.01273084    
   3.75500011       1.01284266    
   3.75600028       1.01295578    
   3.75700021       1.01306581    
   3.75800014       1.01317728    
   3.75900006       1.01328588    
   3.76000023       1.01339555    
   3.76100016       1.01350248    
   3.76200008       1.01361072    
   3.76300025       1.01371586    
   3.76400018       1.01382232    
   3.76500010       1.01392579    
   3.76600027       1.01403058    
   3.76700020       1.01413238    
   3.76800013       1.01423550    
   3.76900029       1.01433563    
   3.77000022       1.01443696    
   3.77100015       1.01453531    
   3.77200007       1.01463497    
   3.77300024       1.01473165    
   3.77400017       1.01482940    
   3.77500010       1.01492429    
   3.77600026       1.01502049    
   3.77700019       1.01511347    
   3.77800012       1.01520789    
   3.77900028       1.01529932    
   3.78000021       1.01539171    
   3.78100014       1.01548123    
   3.78200006       1.01557219    
   3.78300023       1.01565981    
   3.78400016       1.01574874    
   3.78500009       1.01583469    
   3.78600025       1.01592171    
   3.78700018       1.01600587    
   3.78800011       1.01609111    
   3.78900027       1.01617348    
   3.79000020       1.01625669    
   3.79100013       1.01633728    
   3.79200029       1.01641870    
   3.79300022       1.01649725    
   3.79400015       1.01657689    
   3.79500008       1.01665366    
   3.79600024       1.01673150    
   3.79700017       1.01680613    
   3.79800010       1.01688206    
   3.79900026       1.01695502    
   3.80000019       1.01702893    
   3.80100012       1.01709998    
   3.80200028       1.01717210    
   3.80300021       1.01724100    
   3.80400014       1.01731133    
   3.80500007       1.01737845    
   3.80600023       1.01744676    
   3.80700016       1.01751196    
   3.80800009       1.01757812    
   3.80900025       1.01764154    
   3.81000018       1.01770592    
   3.81100011       1.01776719    
   3.81200027       1.01782966    
   3.81300020       1.01788902    
   3.81400013       1.01794934    
   3.81500030       1.01800704    
   3.81600022       1.01806533    
   3.81700015       1.01812088    
   3.81800008       1.01817727    
   3.81900024       1.01823092    
   3.82000017       1.01828539    
   3.82100010       1.01833701    
   3.82200027       1.01838934    
   3.82300019       1.01843917    
   3.82400012       1.01848948    
   3.82500029       1.01853728    
   3.82600021       1.01858568    
   3.82700014       1.01863134    
   3.82800007       1.01867795    
   3.82900023       1.01872146    
   3.83000016       1.01876593    
   3.83100009       1.01880765    
   3.83200026       1.01884997    
   3.83300018       1.01888967    
   3.83400011       1.01893008    
   3.83500028       1.01896787    
   3.83600020       1.01900625    
   3.83700013       1.01904190    
   3.83800030       1.01907825    
   3.83900023       1.01911199    
   3.84000015       1.01914632    
   3.84100008       1.01917791    
   3.84200025       1.01921034    
   3.84300017       1.01923990    
   3.84400010       1.01927018    
   3.84500027       1.01929784    
   3.84600019       1.01932609    
   3.84700012       1.01935172    
   3.84800029       1.01937795    
   3.84900022       1.01940155    
   3.85000014       1.01942575    
   3.85100007       1.01944733    
   3.85200024       1.01946950    
   3.85300016       1.01948917    
   3.85400009       1.01950920    
   3.85500026       1.01952684    
   3.85600019       1.01954496    
   3.85700011       1.01956046    
   3.85800028       1.01957643    
   3.85900021       1.01959014    
   3.86000013       1.01960421    
   3.86100030       1.01961565    
   3.86200023       1.01962769    
   3.86300015       1.01963723    
   3.86400008       1.01964724    
   3.86500025       1.01965463    
   3.86600018       1.01966274    
   3.86700010       1.01966810    
   3.86800027       1.01967418    
   3.86900020       1.01967752    
   3.87000012       1.01968169    
   3.87100029       1.01968300    
   3.87200022       1.01968491    
   3.87300014       1.01968443    
   3.87400007       1.01968455    
   3.87500024       1.01968181    
   3.87600017       1.01967978    
   3.87700009       1.01967537    
   3.87800026       1.01967120    
   3.87900019       1.01966465    
   3.88000011       1.01965868    
   3.88100028       1.01965022    
   3.88200021       1.01964223    
   3.88300014       1.01963174    
   3.88400030       1.01962173    
   3.88500023       1.01960933    
   3.88600016       1.01959717    
   3.88700008       1.01958275    
   3.88800025       1.01956904    
   3.88900018       1.01955247    
   3.89000010       1.01953661    
   3.89100027       1.01951849    
   3.89200020       1.01950037    
   3.89300013       1.01948035    
   3.89400029       1.01946044    
   3.89500022       1.01943827    
   3.89600015       1.01941645    
   3.89700007       1.01939237    
   3.89800024       1.01936865    
   3.89900017       1.01934254    
   3.90000010       1.01931703    
   3.90100026       1.01928890    
   3.90200019       1.01926148    
   3.90300012       1.01923168    
   3.90400028       1.01920211    
   3.90500021       1.01917040    
   3.90600014       1.01913905    
   3.90700030       1.01910532    
   3.90800023       1.01907218    
   3.90900016       1.01903653    
   3.91000009       1.01900148    
   3.91100025       1.01896417    
   3.91200018       1.01892722    
   3.91300011       1.01888788    
   3.91400027       1.01884925    
   3.91500020       1.01880801    
   3.91600013       1.01876736    
   3.91700029       1.01872432    
   3.91800022       1.01868176    
   3.91900015       1.01863718    
   3.92000008       1.01859272    
   3.92100024       1.01854622    
   3.92200017       1.01850021    
   3.92300010       1.01845169    
   3.92400026       1.01840377    
   3.92500019       1.01835370    
   3.92600012       1.01830399    
   3.92700028       1.01825213    
   3.92800021       1.01820064    
   3.92900014       1.01814687    
   3.93000031       1.01809359    
   3.93100023       1.01803827    
   3.93200016       1.01798320    
   3.93300009       1.01792622    
   3.93400025       1.01786923    
   3.93500018       1.01781046    
   3.93600011       1.01775193    
   3.93700027       1.01769149    
   3.93800020       1.01763129    
   3.93900013       1.01756907    
   3.94000030       1.01750708    
   3.94100022       1.01744330    
   3.94200015       1.01737964    
   3.94300008       1.01731420    
   3.94400024       1.01724899    
   3.94500017       1.01718163    
   3.94600010       1.01711488    
   3.94700027       1.01704597    
   3.94800019       1.01697743    
   3.94900012       1.01690710    
   3.95000029       1.01683688    
   3.95100021       1.01676500    
   3.95200014       1.01669323    
   3.95300007       1.01661956    
   3.95400023       1.01654637    
   3.95500016       1.01647127    
   3.95600009       1.01639628    
   3.95700026       1.01631963    
   3.95800018       1.01624322    
   3.95900011       1.01616514    
   3.96000028       1.01608706    
   3.96100020       1.01600730    
   3.96200013       1.01592803    
   3.96300030       1.01584673    
   3.96400023       1.01576579    
   3.96500015       1.01568329    
   3.96600008       1.01560080    
   3.96700025       1.01551664    
   3.96800017       1.01543272    
   3.96900010       1.01534736    
   3.97000027       1.01526189    
   3.97100019       1.01517498    
   3.97200012       1.01508844    
   3.97300029       1.01499999    
   3.97400022       1.01491177    
   3.97500014       1.01482213    
   3.97600007       1.01473272    
   3.97700024       1.01464152    
   3.97800016       1.01455069    
   3.97900009       1.01445830    
   3.98000026       1.01436615    
   3.98100019       1.01427245    
   3.98200011       1.01417887    
   3.98300028       1.01408386    
   3.98400021       1.01398909    
   3.98500013       1.01389289    
   3.98600030       1.01379681    
   3.98700023       1.01369929    
   3.98800015       1.01360190    
   3.98900008       1.01350331    
   3.99000025       1.01340461    
   3.99100018       1.01330471    
   3.99200010       1.01320481    
   3.99300027       1.01310384    
   3.99400020       1.01300287    
   3.99500012       1.01290059    
   3.99600029       1.01279843    
   3.99700022       1.01269495    
   3.99800014       1.01259172    
   3.99900007       1.01248717    
   4.00000000       1.01238275    
   4.00100040       1.01227713    
   4.00200033       1.01217151    
   4.00300026       1.01206493    
   4.00400019       1.01195836    
   4.00500011       1.01185060    
   4.00600004       1.01174295    
   4.00699997       1.01163411    
   4.00800037       1.01152551    
   4.00900030       1.01141584    
   4.01000023       1.01130605    
   4.01100016       1.01119518    
   4.01200008       1.01108468    
   4.01300001       1.01097298    
   4.01400042       1.01086140    
   4.01500034       1.01074862    
   4.01600027       1.01063621    
   4.01700020       1.01052260    
   4.01800013       1.01040924    
   4.01900005       1.01029480    
   4.01999998       1.01018035    
   4.02100039       1.01006508    
   4.02200031       1.00994980    
   4.02300024       1.00983369    
   4.02400017       1.00971770    
   4.02500010       1.00960076    
   4.02600002       1.00948393    
   4.02700043       1.00936615    
   4.02800035       1.00924850    
   4.02900028       1.00913000    
   4.03000021       1.00901163    
   4.03100014       1.00889242    
   4.03200006       1.00877333    
   4.03299999       1.00865328    
   4.03400040       1.00853360    
   4.03500032       1.00841296    
   4.03600025       1.00829232    
   4.03700018       1.00817096    
   4.03800011       1.00804985    
   4.03900003       1.00792789    
   4.03999996       1.00780630    
   4.04100037       1.00768352    
   4.04200029       1.00756121    
   4.04300022       1.00743794    
   4.04400015       1.00731504    
   4.04500008       1.00719142    
   4.04600000       1.00706780    
   4.04700041       1.00694358    
   4.04800034       1.00681949    
   4.04900026       1.00669467    
   4.05000019       1.00657034    
   4.05100012       1.00644493    
   4.05200005       1.00631988    
   4.05299997       1.00619423    
   4.05400038       1.00606871    
   4.05500031       1.00594258    
   4.05600023       1.00581670    
   4.05700016       1.00569010    
   4.05800009       1.00556374    
   4.05900002       1.00543678    
   4.06000042       1.00531030    
   4.06100035       1.00518286    
   4.06200027       1.00505602    
   4.06300020       1.00492835    
   4.06400013       1.00480092    
   4.06500006       1.00467312    
   4.06599998       1.00454545    
   4.06700039       1.00441730    
   4.06800032       1.00428939    
   4.06900024       1.00416100    
   4.07000017       1.00403297    
   4.07100010       1.00390434    
   4.07200003       1.00377584    
   4.07300043       1.00364697    
   4.07400036       1.00351858    
   4.07500029       1.00338960    
   4.07600021       1.00326085    
   4.07700014       1.00313175    
   4.07800007       1.00300276    
   4.07900000       1.00287378    
   4.08000040       1.00274467    
   4.08100033       1.00261545    
   4.08200026       1.00248623    
   4.08300018       1.00235713    
   4.08400011       1.00222790    
   4.08500004       1.00209856    
   4.08599997       1.00196934    
   4.08700037       1.00184011    
   4.08800030       1.00171077    
   4.08900023       1.00158155    
   4.09000015       1.00145221    
   4.09100008       1.00132310    
   4.09200001       1.00119388    
   4.09300041       1.00106478    
   4.09400034       1.00093567    
   4.09500027       1.00080657    
