   1.00000005E-03   8.82148743E-06
   2.00000009E-03   8.82148743E-06
   3.00000003E-03   3.03983688E-06
   4.00000019E-03   8.82148743E-06
   5.00000035E-03   5.42402267E-06
   6.00000005E-03   3.03983688E-06
   7.00000022E-03   1.37090683E-06
   8.00000038E-03   8.82148743E-06
   9.00000054E-03   1.78813934E-06
   1.00000007E-02   5.42402267E-06
   1.10000009E-02  -1.19209290E-07
   1.20000001E-02   3.03983688E-06
   1.30000003E-02   5.72204590E-06
   1.40000004E-02   1.37090683E-06
   1.50000006E-02   3.87430191E-06
   1.60000008E-02   8.82148743E-06
   1.70000009E-02   5.12599945E-06
   1.80000011E-02   1.78813934E-06
   1.90000013E-02   8.64267349E-06
   2.00000014E-02   5.42402267E-06
   2.10000016E-02   2.56299973E-06
   2.20000017E-02  -1.19209290E-07
   2.30000019E-02   5.66244125E-06
   2.40000002E-02   3.03983688E-06
   2.50000004E-02   7.15255737E-07
   2.60000005E-02   5.72204590E-06
   2.70000007E-02   3.51667404E-06
   2.80000009E-02   1.37090683E-06
   2.90000010E-02  -4.76837158E-07
   3.00000012E-02   3.87430191E-06
   3.10000014E-02   1.96695328E-06
   3.20000015E-02   8.82148743E-06
   3.29999998E-02   1.25169754E-06
   3.40000018E-02   5.12599945E-06
   3.50000001E-02   8.70227814E-06
   3.60000022E-02   1.78813934E-06
   3.70000005E-02   5.24520874E-06
   3.80000025E-02   8.64267349E-06
   3.90000008E-02   2.20537186E-06
   4.00000028E-02   5.42402267E-06
   4.10000011E-02  -5.96046448E-07
   4.20000032E-02   2.56299973E-06
   4.30000015E-02   5.48362732E-06
   4.40000035E-02  -1.19209290E-07
   4.50000018E-02   2.80141830E-06
   4.60000038E-02   5.66244125E-06
   4.70000021E-02   2.98023224E-07
   4.80000004E-02   3.03983688E-06
   4.90000024E-02   5.72204590E-06
   5.00000007E-02   7.15255737E-07
   5.10000028E-02   3.27825546E-06
   5.20000011E-02   5.72204590E-06
   5.30000031E-02   1.13248825E-06
   5.40000014E-02   3.51667404E-06
   5.50000034E-02   5.78165054E-06
   5.60000017E-02   1.37090683E-06
   5.70000038E-02   3.69548798E-06
   5.80000021E-02  -4.76837158E-07
   5.90000041E-02   1.72853470E-06
   6.00000024E-02   3.87430191E-06
   6.10000044E-02  -1.19209290E-07
   6.20000027E-02   1.96695328E-06
   6.30000010E-02   3.87430191E-06
   6.40000030E-02   8.82148743E-06
   6.50000051E-02  -7.15255737E-07
   6.59999996E-02   1.25169754E-06
   6.70000017E-02   3.21865082E-06
   6.80000037E-02   5.12599945E-06
   6.90000057E-02   7.03334808E-06
   7.00000003E-02   8.70227814E-06
   7.10000023E-02  -1.19209290E-07
   7.20000044E-02   1.78813934E-06
   7.30000064E-02   3.57627869E-06
   7.40000010E-02   5.24520874E-06
   7.50000030E-02   6.97374344E-06
   7.60000050E-02   8.64267349E-06
   7.70000070E-02   5.96046448E-07
   7.80000016E-02   2.20537186E-06
   7.90000036E-02   3.75509262E-06
   8.00000057E-02   5.42402267E-06
   8.10000002E-02   6.91413879E-06
   8.20000023E-02  -5.96046448E-07
   8.30000043E-02   1.01327896E-06
   8.40000063E-02   2.56299973E-06
   8.50000009E-02   4.05311584E-06
   8.60000029E-02   5.48362732E-06
   8.70000049E-02   6.91413879E-06
   8.80000070E-02  -1.19209290E-07
   8.90000015E-02   1.31130219E-06
   9.00000036E-02   2.80141830E-06
   9.10000056E-02   4.23192978E-06
   9.20000076E-02   5.66244125E-06
   9.30000022E-02   6.97374344E-06
   9.40000042E-02   2.98023224E-07
   9.50000063E-02   1.72853470E-06
   9.60000008E-02   3.03983688E-06
   9.70000029E-02   4.35113907E-06
   9.80000049E-02   5.72204590E-06
   9.90000069E-02  -4.76837158E-07
  0.100000001       7.15255737E-07
  0.101000004       2.08616257E-06
  0.102000006       3.27825546E-06
  0.103000008       4.52995300E-06
  0.104000002       5.72204590E-06
  0.105000004      -1.19209290E-07
  0.106000006       1.13248825E-06
  0.107000008       2.38418579E-06
  0.108000003       3.51667404E-06
  0.109000005       4.70876694E-06
  0.110000007       5.78165054E-06
  0.111000009       2.98023224E-07
  0.112000003       1.37090683E-06
  0.113000005       2.56299973E-06
  0.114000008       3.69548798E-06
  0.115000002       4.76837158E-06
  0.116000004      -4.76837158E-07
  0.117000006       6.55651093E-07
  0.118000008       1.72853470E-06
  0.119000003       2.74181366E-06
  0.120000005       3.87430191E-06
  0.121000007       4.94718552E-06
  0.122000009      -1.19209290E-07
  0.123000003       8.94069672E-07
  0.124000005       1.96695328E-06
  0.125000000       2.98023224E-06
  0.126000002       3.87430191E-06
  0.127000004       7.86781311E-06
  0.128000006       8.82148743E-06
  0.129000008       9.83476639E-06
  0.130000010      -7.15255737E-07
  0.131000012       3.57627869E-07
  0.131999999       1.25169754E-06
  0.133000001       2.26497650E-06
  0.134000003       3.21865082E-06
  0.135000005       4.17232513E-06
  0.136000007       5.12599945E-06
  0.137000009       6.07967377E-06
  0.138000011       7.03334808E-06
  0.139000013       7.92741776E-06
  0.140000001       8.70227814E-06
  0.141000003       9.53674316E-06
  0.142000005      -1.19209290E-07
  0.143000007       8.34465027E-07
  0.144000009       1.78813934E-06
  0.145000011       2.68220901E-06
  0.146000013       3.57627869E-06
  0.147000000       4.35113907E-06
  0.148000002       5.24520874E-06
  0.149000004       6.07967377E-06
  0.150000006       6.97374344E-06
  0.151000008       7.80820847E-06
  0.152000010       8.64267349E-06
  0.153000012      -2.38418579E-07
  0.154000014       5.96046448E-07
  0.155000001       1.37090683E-06
  0.156000003       2.20537186E-06
  0.157000005       2.92062759E-06
  0.158000007       3.75509262E-06
  0.159000009       4.58955765E-06
  0.160000011       5.42402267E-06
  0.161000013       6.19888306E-06
  0.162000000       6.91413879E-06
  0.163000003       7.68899918E-06
  0.164000005      -5.96046448E-07
  0.165000007       1.78813934E-07
  0.166000009       1.01327896E-06
  0.167000011       1.78813934E-06
  0.168000013       2.56299973E-06
  0.169000015       3.33786011E-06
  0.170000002       4.05311584E-06
  0.171000004       4.76837158E-06
  0.172000006       5.48362732E-06
  0.173000008       6.19888306E-06
  0.174000010       6.91413879E-06
  0.175000012      -8.34465027E-07
  0.176000014      -1.19209290E-07
  0.177000001       5.96046448E-07
  0.178000003       1.31130219E-06
  0.179000005       2.08616257E-06
  0.180000007       2.80141830E-06
  0.181000009       3.51667404E-06
  0.182000011       4.23192978E-06
  0.183000013       4.94718552E-06
  0.184000015       5.66244125E-06
  0.185000002       6.25848770E-06
  0.186000004       6.97374344E-06
  0.187000006      -3.57627869E-07
  0.188000008       2.98023224E-07
  0.189000010       1.01327896E-06
  0.190000013       1.72853470E-06
  0.191000015       2.44379044E-06
  0.192000002       3.03983688E-06
  0.193000004       3.69548798E-06
  0.194000006       4.35113907E-06
  0.195000008       5.06639481E-06
  0.196000010       5.72204590E-06
  0.197000012       6.37769699E-06
  0.198000014      -4.76837158E-07
  0.199000016       1.78813934E-07
  0.200000003       7.15255737E-07
  0.201000005       1.43051147E-06
  0.202000007       2.08616257E-06
  0.203000009       2.74181366E-06
  0.204000011       3.27825546E-06
  0.205000013       3.93390656E-06
  0.206000015       4.52995300E-06
  0.207000017       5.18560410E-06
  0.208000004       5.72204590E-06
  0.209000006      -8.34465027E-07
  0.210000008      -1.19209290E-07
  0.211000010       4.76837158E-07
  0.212000012       1.13248825E-06
  0.213000014       1.72853470E-06
  0.214000016       2.38418579E-06
  0.215000004       2.92062759E-06
  0.216000006       3.51667404E-06
  0.217000008       4.11272049E-06
  0.218000010       4.70876694E-06
  0.219000012       5.24520874E-06
  0.220000014       5.78165054E-06
  0.221000016      -3.57627869E-07
  0.222000018       2.98023224E-07
  0.223000005       7.74860382E-07
  0.224000007       1.37090683E-06
  0.225000009       1.96695328E-06
  0.226000011       2.56299973E-06
  0.227000013       3.15904617E-06
  0.228000015       3.69548798E-06
  0.229000017       4.29153442E-06
  0.230000004       4.76837158E-06
  0.231000006       5.36441803E-06
  0.232000008      -4.76837158E-07
  0.233000010       5.96046448E-08
  0.234000012       6.55651093E-07
  0.235000014       1.13248825E-06
  0.236000016       1.72853470E-06
  0.237000018       2.26497650E-06
  0.238000005       2.74181366E-06
  0.239000008       3.27825546E-06
  0.240000010       3.87430191E-06
  0.241000012       4.41074371E-06
  0.242000014       4.94718552E-06
  0.243000016      -7.15255737E-07
  0.244000018      -1.19209290E-07
  0.245000005       3.57627869E-07
  0.246000007       8.94069672E-07
  0.247000009       1.43051147E-06
  0.248000011       1.96695328E-06
  0.249000013       2.50339508E-06
  0.250000000       2.98023224E-06
  0.251000017       3.45706940E-06
  0.252000004       3.87430191E-06
  0.253000021       1.54972076E-06
  0.254000008       7.86781311E-06
  0.255000025       2.56299973E-06
  0.256000012       8.82148743E-06
  0.256999999       3.45706940E-06
  0.258000016       9.83476639E-06
  0.259000003       4.47034836E-06
  0.260000020      -7.15255737E-07
  0.261000007       5.48362732E-06
  0.262000024       3.57627869E-07
  0.263000011       6.43730164E-06
  0.263999999       1.25169754E-06
  0.265000015       7.45058060E-06
  0.266000003       2.26497650E-06
  0.267000020       8.34465027E-06
  0.268000007       3.21865082E-06
  0.269000024       9.29832458E-06
  0.270000011       4.17232513E-06
  0.271000028      -7.15255737E-07
  0.272000015       5.12599945E-06
  0.273000002       1.19209290E-07
  0.274000019       6.07967377E-06
  0.275000006       1.07288361E-06
  0.276000023       7.03334808E-06
  0.277000010       2.02655792E-06
  0.278000027       7.92741776E-06
  0.279000014       2.98023224E-06
  0.280000001       8.70227814E-06
  0.281000018       3.93390656E-06
  0.282000005       9.53674316E-06
  0.283000022       4.76837158E-06
  0.284000009      -1.19209290E-07
  0.285000026       5.66244125E-06
  0.286000013       8.34465027E-07
  0.287000000       6.43730164E-06
  0.288000017       1.78813934E-06
  0.289000005       7.33137131E-06
  0.290000021       2.68220901E-06
  0.291000009       8.16583633E-06
  0.292000026       3.57627869E-06
  0.293000013       9.05990601E-06
  0.294000000       4.35113907E-06
  0.295000017      -2.38418579E-07
  0.296000004       5.24520874E-06
  0.297000021       7.15255737E-07
  0.298000008       6.07967377E-06
  0.299000025       1.60932541E-06
  0.300000012       6.97374344E-06
  0.301000029       2.50339508E-06
  0.302000016       7.80820847E-06
  0.303000003       3.21865082E-06
  0.304000020       8.64267349E-06
  0.305000007       4.11272049E-06
  0.306000024      -2.38418579E-07
  0.307000011       4.94718552E-06
  0.308000028       5.96046448E-07
  0.309000015       5.78165054E-06
  0.310000002       1.37090683E-06
  0.311000019       6.61611557E-06
  0.312000006       2.20537186E-06
  0.313000023       7.33137131E-06
  0.314000010       2.92062759E-06
  0.315000027       8.16583633E-06
  0.316000015       3.75509262E-06
  0.317000002      -5.96046448E-07
  0.318000019       4.58955765E-06
  0.319000006       2.98023224E-07
  0.320000023       5.42402267E-06
  0.321000010       1.13248825E-06
  0.322000027       6.19888306E-06
  0.323000014       1.96695328E-06
  0.324000001       6.91413879E-06
  0.325000018       2.74181366E-06
  0.326000005       7.68899918E-06
  0.327000022       3.57627869E-06
  0.328000009      -5.96046448E-07
  0.329000026       4.35113907E-06
  0.330000013       1.78813934E-07
  0.331000030       5.12599945E-06
  0.332000017       1.01327896E-06
  0.333000004       5.84125519E-06
  0.334000021       1.78813934E-06
  0.335000008       6.55651093E-06
  0.336000025       2.56299973E-06
  0.337000012       7.33137131E-06
  0.338000029       3.33786011E-06
  0.339000016      -7.15255737E-07
  0.340000004       4.05311584E-06
  0.341000021       5.96046448E-08
  0.342000008       4.76837158E-06
  0.343000025       8.94069672E-07
  0.344000012       5.48362732E-06
  0.345000029       1.54972076E-06
  0.346000016       6.19888306E-06
  0.347000003       2.20537186E-06
  0.348000020       6.91413879E-06
  0.349000007       2.98023224E-06
  0.350000024      -8.34465027E-07
  0.351000011       3.75509262E-06
  0.352000028      -1.19209290E-07
  0.353000015       4.47034836E-06
  0.354000002       5.96046448E-07
  0.355000019       5.18560410E-06
  0.356000006       1.31130219E-06
  0.357000023       5.90085983E-06
  0.358000010       2.08616257E-06
  0.359000027       6.61611557E-06
  0.360000014       2.80141830E-06
  0.361000031      -9.53674316E-07
  0.362000018       3.51667404E-06
  0.363000005      -2.38418579E-07
  0.364000022       4.23192978E-06
  0.365000010       4.76837158E-07
  0.366000026       4.94718552E-06
  0.367000014       1.19209290E-06
  0.368000031       5.66244125E-06
  0.369000018       1.96695328E-06
  0.370000005       6.25848770E-06
  0.371000022       2.62260437E-06
  0.372000009       6.97374344E-06
  0.373000026       3.33786011E-06
  0.374000013      -3.57627869E-07
  0.375000030       4.05311584E-06
  0.376000017       2.98023224E-07
  0.377000004       4.58955765E-06
  0.378000021       1.01327896E-06
  0.379000008       5.24520874E-06
  0.380000025       1.72853470E-06
  0.381000012       5.96046448E-06
  0.382000029       2.44379044E-06
  0.383000016       6.61611557E-06
  0.384000003       3.03983688E-06
  0.385000020      -4.76837158E-07
  0.386000007       3.69548798E-06
  0.387000024       2.38418579E-07
  0.388000011       4.35113907E-06
  0.389000028       8.94069672E-07
  0.390000015       5.06639481E-06
  0.391000032       1.60932541E-06
  0.392000020       5.72204590E-06
  0.393000007       2.20537186E-06
  0.394000024       6.37769699E-06
  0.395000011       2.86102295E-06
  0.396000028      -4.76837158E-07
  0.397000015       3.51667404E-06
  0.398000032       1.78813934E-07
  0.399000019       4.17232513E-06
  0.400000006       7.15255737E-07
  0.401000023       4.82797623E-06
  0.402000010       1.43051147E-06
  0.403000027       5.48362732E-06
  0.404000014       2.08616257E-06
  0.405000031       6.07967377E-06
  0.406000018       2.74181366E-06
  0.407000005      -7.15255737E-07
  0.408000022       3.27825546E-06
  0.409000009      -1.19209290E-07
  0.410000026       3.93390656E-06
  0.411000013       5.96046448E-07
  0.412000030       4.52995300E-06
  0.413000017       1.25169754E-06
  0.414000034       5.18560410E-06
  0.415000021       1.84774399E-06
  0.416000009       5.72204590E-06
  0.417000026       2.50339508E-06
  0.418000013      -8.34465027E-07
  0.419000030       3.15904617E-06
  0.420000017      -1.19209290E-07
  0.421000034       3.75509262E-06
  0.422000021       4.76837158E-07
  0.423000008       4.29153442E-06
  0.424000025       1.13248825E-06
  0.425000012       4.88758087E-06
  0.426000029       1.72853470E-06
  0.427000016       5.54323196E-06
  0.428000033       2.38418579E-06
  0.429000020      -8.34465027E-07
  0.430000007       2.92062759E-06
  0.431000024      -2.38418579E-07
  0.432000011       3.51667404E-06
  0.433000028       4.17232513E-07
  0.434000015       4.11272049E-06
  0.435000032       1.01327896E-06
  0.436000019       4.70876694E-06
  0.437000006       1.54972076E-06
  0.438000023       5.24520874E-06
  0.439000010       2.08616257E-06
  0.440000027       5.78165054E-06
  0.441000015       2.68220901E-06
  0.442000031      -3.57627869E-07
  0.443000019       3.27825546E-06
  0.444000036       2.98023224E-07
  0.445000023       3.87430191E-06
  0.446000010       7.74860382E-07
  0.447000027       4.47034836E-06
  0.448000014       1.37090683E-06
  0.449000031       5.06639481E-06
  0.450000018       1.96695328E-06
  0.451000035       5.54323196E-06
  0.452000022       2.56299973E-06
  0.453000009      -4.76837158E-07
  0.454000026       3.15904617E-06
  0.455000013       1.19209290E-07
  0.456000030       3.69548798E-06
  0.457000017       7.15255737E-07
  0.458000034       4.29153442E-06
  0.459000021       1.31130219E-06
  0.460000008       4.76837158E-06
  0.461000025       1.84774399E-06
  0.462000012       5.36441803E-06
  0.463000029       2.44379044E-06
  0.464000016      -4.76837158E-07
  0.465000033       3.03983688E-06
  0.466000021       5.96046448E-08
  0.467000008       3.51667404E-06
  0.468000025       6.55651093E-07
  0.469000012       3.99351120E-06
  0.470000029       1.13248825E-06
  0.471000016       4.52995300E-06
  0.472000033       1.72853470E-06
  0.473000020       5.12599945E-06
  0.474000037       2.26497650E-06
  0.475000024      -5.96046448E-07
  0.476000011       2.74181366E-06
  0.477000028      -1.19209290E-07
  0.478000015       3.27825546E-06
  0.479000032       4.76837158E-07
  0.480000019       3.87430191E-06
  0.481000036       1.07288361E-06
  0.482000023       4.41074371E-06
  0.483000010       1.54972076E-06
  0.484000027       4.94718552E-06
  0.485000014       2.08616257E-06
  0.486000031      -7.15255737E-07
  0.487000018       2.62260437E-06
  0.488000035      -1.19209290E-07
  0.489000022       3.15904617E-06
  0.490000010       3.57627869E-07
  0.491000026       3.69548798E-06
  0.492000014       8.94069672E-07
  0.493000031       4.23192978E-06
  0.494000018       1.43051147E-06
  0.495000035       4.76837158E-06
  0.496000022       1.96695328E-06
  0.497000009      -8.34465027E-07
  0.498000026       2.50339508E-06
  0.499000013      -2.38418579E-07
  0.500000000       2.98023224E-06
  0.501000047       6.19888306E-06
  0.502000034       3.45706940E-06
  0.503000021       6.61611557E-06
  0.504000008       3.87430191E-06
  0.504999995       7.09295273E-06
  0.506000042       1.54972076E-06
  0.507000029       1.06096268E-05
  0.508000016       7.86781311E-06
  0.509000003       5.12599945E-06
  0.510000050       2.56299973E-06
  0.511000037      -1.19209290E-07
  0.512000024       8.82148743E-06
  0.513000011       6.13927841E-06
  0.513999999       3.45706940E-06
  0.515000045       9.53674316E-07
  0.516000032       9.83476639E-06
  0.517000020       7.15255737E-06
  0.518000007       4.47034836E-06
  0.519000053       1.96695328E-06
  0.520000041      -7.15255737E-07
  0.521000028       8.10623169E-06
  0.522000015       5.48362732E-06
  0.523000002       2.86102295E-06
  0.524000049       3.57627869E-07
  0.525000036       9.05990601E-06
  0.526000023       6.43730164E-06
  0.527000010       3.87430191E-06
  0.527999997       1.25169754E-06
  0.529000044       1.00135803E-05
  0.530000031       7.45058060E-06
  0.531000018       4.82797623E-06
  0.532000005       2.26497650E-06
  0.533000052      -2.38418579E-07
  0.534000039       8.34465027E-06
  0.535000026       5.78165054E-06
  0.536000013       3.21865082E-06
  0.537000000       6.55651093E-07
  0.538000047       9.29832458E-06
  0.539000034       6.73532486E-06
  0.540000021       4.17232513E-06
  0.541000009       1.66893005E-06
  0.542000055      -7.15255737E-07
  0.543000042       7.68899918E-06
  0.544000030       5.12599945E-06
  0.545000017       2.62260437E-06
  0.546000004       1.19209290E-07
  0.547000051       8.58306885E-06
  0.548000038       6.07967377E-06
  0.549000025       3.57627869E-06
  0.550000012       1.07288361E-06
  0.550999999       9.41753387E-06
  0.552000046       7.03334808E-06
  0.553000033       4.52995300E-06
  0.554000020       2.02655792E-06
  0.555000007      -4.76837158E-07
  0.556000054       7.92741776E-06
  0.557000041       5.48362732E-06
  0.558000028       2.98023224E-06
  0.559000015       5.36441803E-07
  0.560000002       8.70227814E-06
  0.561000049       6.37769699E-06
  0.562000036       3.93390656E-06
  0.563000023       1.37090683E-06
  0.564000010       9.53674316E-06
  0.564999998       7.09295273E-06
  0.566000044       4.76837158E-06
  0.567000031       2.32458115E-06
  0.568000019      -1.19209290E-07
  0.569000006       7.98702240E-06
  0.570000052       5.66244125E-06
  0.571000040       3.21865082E-06
  0.572000027       8.34465027E-07
  0.573000014       8.82148743E-06
  0.574000001       6.43730164E-06
  0.575000048       4.17232513E-06
  0.576000035       1.78813934E-06
  0.577000022      -5.96046448E-07
  0.578000009       7.33137131E-06
  0.579000056       5.06639481E-06
  0.580000043       2.68220901E-06
  0.581000030       2.98023224E-07
  0.582000017       8.16583633E-06
  0.583000004       5.84125519E-06
  0.584000051       3.57627869E-06
  0.585000038       1.25169754E-06
  0.586000025       9.05990601E-06
  0.587000012       6.67572021E-06
  0.588000000       4.35113907E-06
  0.589000046       2.14576721E-06
  0.590000033      -2.38418579E-07
  0.591000021       7.56978989E-06
  0.592000008       5.24520874E-06
  0.593000054       3.03983688E-06
  0.594000041       7.15255737E-07
  0.595000029       8.40425491E-06
  0.596000016       6.07967377E-06
  0.597000003       3.81469727E-06
  0.598000050       1.60932541E-06
  0.599000037      -7.15255737E-07
  0.600000024       6.97374344E-06
  0.601000011       4.64916229E-06
  0.602000058       2.50339508E-06
  0.603000045       1.78813934E-07
  0.604000032       7.80820847E-06
  0.605000019       5.54323196E-06
  0.606000006       3.21865082E-06
  0.607000053       1.07288361E-06
  0.608000040       8.64267349E-06
  0.609000027       6.37769699E-06
  0.610000014       4.11272049E-06
  0.611000001       1.84774399E-06
  0.612000048      -2.38418579E-07
  0.613000035       7.21216202E-06
  0.614000022       4.94718552E-06
  0.615000010       2.74181366E-06
  0.616000056       5.96046448E-07
  0.617000043       8.04662704E-06
  0.618000031       5.78165054E-06
  0.619000018       3.57627869E-06
  0.620000005       1.37090683E-06
  0.621000051      -7.15255737E-07
  0.622000039       6.61611557E-06
  0.623000026       4.41074371E-06
  0.624000013       2.20537186E-06
  0.625000000       0.00000000    
  0.626000047       7.33137131E-06
  0.627000034       5.12599945E-06
  0.628000021       2.92062759E-06
  0.629000008       7.74860382E-07
  0.630000055       8.16583633E-06
  0.631000042       5.96046448E-06
  0.632000029       3.75509262E-06
  0.633000016       1.60932541E-06
  0.634000003      -5.96046448E-07
  0.635000050       6.73532486E-06
  0.636000037       4.58955765E-06
  0.637000024       2.44379044E-06
  0.638000011       2.98023224E-07
  0.639000058       7.56978989E-06
  0.640000045       5.42402267E-06
  0.641000032       3.27825546E-06
  0.642000020       1.13248825E-06
  0.643000007       8.16583633E-06
  0.644000053       6.19888306E-06
  0.645000041       4.05311584E-06
  0.646000028       1.96695328E-06
  0.647000015      -2.38418579E-07
  0.648000002       6.91413879E-06
  0.649000049       4.88758087E-06
  0.650000036       2.74181366E-06
  0.651000023       6.55651093E-07
  0.652000010       7.68899918E-06
  0.653000057       5.66244125E-06
  0.654000044       3.57627869E-06
  0.655000031       1.43051147E-06
  0.656000018      -5.96046448E-07
  0.657000005       6.37769699E-06
  0.658000052       4.35113907E-06
  0.659000039       2.26497650E-06
  0.660000026       1.78813934E-07
  0.661000013       7.15255737E-06
  0.662000060       5.12599945E-06
  0.663000047       3.03983688E-06
  0.664000034       1.01327896E-06
  0.665000021       7.86781311E-06
  0.666000009       5.84125519E-06
  0.667000055       3.81469727E-06
  0.668000042       1.78813934E-06
  0.669000030      -2.38418579E-07
  0.670000017       6.55651093E-06
  0.671000004       4.52995300E-06
  0.672000051       2.56299973E-06
  0.673000038       5.36441803E-07
  0.674000025       7.33137131E-06
  0.675000012       5.30481339E-06
  0.676000059       3.33786011E-06
  0.677000046       1.31130219E-06
  0.678000033      -7.15255737E-07
  0.679000020       6.07967377E-06
  0.680000007       4.05311584E-06
  0.681000054       2.08616257E-06
  0.682000041       5.96046448E-08
  0.683000028       6.79492950E-06
  0.684000015       4.76837158E-06
  0.685000062       2.86102295E-06
  0.686000049       8.94069672E-07
  0.687000036       7.56978989E-06
  0.688000023       5.48362732E-06
  0.689000010       3.45706940E-06
  0.690000057       1.54972076E-06
  0.691000044      -4.76837158E-07
  0.692000031       6.19888306E-06
  0.693000019       4.23192978E-06
  0.694000006       2.20537186E-06
  0.695000052       3.57627869E-07
  0.696000040       6.91413879E-06
  0.697000027       4.94718552E-06
  0.698000014       2.98023224E-06
  0.699000061       1.13248825E-06
  0.700000048      -8.34465027E-07
  0.701000035       5.72204590E-06
  0.702000022       3.75509262E-06
  0.703000009       1.78813934E-06
  0.704000056      -1.19209290E-07
  0.705000043       6.43730164E-06
  0.706000030       4.47034836E-06
  0.707000017       2.50339508E-06
  0.708000004       5.96046448E-07
  0.709000051       7.15255737E-06
  0.710000038       5.18560410E-06
  0.711000025       3.27825546E-06
  0.712000012       1.31130219E-06
  0.713000059      -4.76837158E-07
  0.714000046       5.90085983E-06
  0.715000033       3.99351120E-06
  0.716000021       2.08616257E-06
  0.717000008       1.78813934E-07
  0.718000054       6.61611557E-06
  0.719000041       4.70876694E-06
  0.720000029       2.80141830E-06
  0.721000016       8.94069672E-07
  0.722000062      -9.53674316E-07
  0.723000050       5.42402267E-06
  0.724000037       3.51667404E-06
  0.725000024       1.66893005E-06
  0.726000011      -2.38418579E-07
  0.727000058       6.13927841E-06
  0.728000045       4.23192978E-06
  0.729000032       2.38418579E-06
  0.730000019       4.76837158E-07
  0.731000006       6.79492950E-06
  0.732000053       4.94718552E-06
  0.733000040       3.09944153E-06
  0.734000027       1.19209290E-06
  0.735000014      -5.96046448E-07
  0.736000061       5.66244125E-06
  0.737000048       3.81469727E-06
  0.738000035       1.96695328E-06
  0.739000022       5.96046448E-08
  0.740000010       6.25848770E-06
  0.741000056       4.52995300E-06
  0.742000043       2.62260437E-06
  0.743000031       7.74860382E-07
  0.744000018       6.97374344E-06
  0.745000064       5.18560410E-06
  0.746000051       3.33786011E-06
  0.747000039       1.49011612E-06
  0.748000026      -3.57627869E-07
  0.749000013       5.78165054E-06
  0.750000060       4.05311584E-06
  0.751000047       2.14576721E-06
  0.752000034       2.98023224E-07
  0.753000021       6.43730164E-06
  0.754000008       4.58955765E-06
  0.755000055       2.86102295E-06
  0.756000042       1.01327896E-06
  0.757000029      -8.34465027E-07
  0.758000016       5.24520874E-06
  0.759000063       3.51667404E-06
  0.760000050       1.72853470E-06
  0.761000037      -1.19209290E-07
  0.762000024       5.96046448E-06
  0.763000011       4.11272049E-06
  0.764000058       2.44379044E-06
  0.765000045       5.96046448E-07
  0.766000032       6.61611557E-06
  0.767000020       4.82797623E-06
  0.768000007       3.03983688E-06
  0.769000053       1.31130219E-06
  0.770000041      -4.76837158E-07
  0.771000028       5.48362732E-06
  0.772000015       3.69548798E-06
  0.773000062       2.02655792E-06
  0.774000049       2.38418579E-07
  0.775000036       6.13927841E-06
  0.776000023       4.35113907E-06
  0.777000010       2.62260437E-06
  0.778000057       8.94069672E-07
  0.779000044      -8.34465027E-07
  0.780000031       5.06639481E-06
  0.781000018       3.27825546E-06
  0.782000065       1.60932541E-06
  0.783000052      -1.19209290E-07
  0.784000039       5.72204590E-06
  0.785000026       3.93390656E-06
  0.786000013       2.20537186E-06
  0.787000060       5.36441803E-07
  0.788000047       6.37769699E-06
  0.789000034       4.58955765E-06
  0.790000021       2.86102295E-06
  0.791000009       1.13248825E-06
  0.792000055      -4.76837158E-07
  0.793000042       5.24520874E-06
  0.794000030       3.51667404E-06
  0.795000017       1.78813934E-06
  0.796000063       1.78813934E-07
  0.797000051       5.90085983E-06
  0.798000038       4.17232513E-06
  0.799000025       2.44379044E-06
  0.800000012       7.15255737E-07
  0.801000059       6.49690628E-06
  0.802000046       4.82797623E-06
  0.803000033       3.09944153E-06
  0.804000020       1.43051147E-06
  0.805000067      -2.38418579E-07
  0.806000054       5.48362732E-06
  0.807000041       3.75509262E-06
  0.808000028       2.08616257E-06
  0.809000015       3.57627869E-07
  0.810000062       6.07967377E-06
  0.811000049       4.41074371E-06
  0.812000036       2.74181366E-06
  0.813000023       9.53674316E-07
  0.814000010      -7.15255737E-07
  0.815000057       4.94718552E-06
  0.816000044       3.27825546E-06
  0.817000031       1.60932541E-06
  0.818000019      -1.19209290E-07
  0.819000065       5.60283661E-06
  0.820000052       3.93390656E-06
  0.821000040       2.26497650E-06
  0.822000027       5.96046448E-07
  0.823000014       6.13927841E-06
  0.824000061       4.52995300E-06
  0.825000048       2.86102295E-06
  0.826000035       1.25169754E-06
  0.827000022      -4.76837158E-07
  0.828000069       5.18560410E-06
  0.829000056       3.51667404E-06
  0.830000043       1.84774399E-06
  0.831000030       2.38418579E-07
  0.832000017       5.72204590E-06
  0.833000064       4.17232513E-06
  0.834000051       2.50339508E-06
  0.835000038       8.34465027E-07
  0.836000025       6.31809235E-06
  0.837000012       4.70876694E-06
  0.838000059       3.15904617E-06
  0.839000046       1.49011612E-06
  0.840000033      -1.19209290E-07
  0.841000021       5.30481339E-06
  0.842000067       3.75509262E-06
  0.843000054       2.14576721E-06
  0.844000041       4.76837158E-07
  0.845000029       5.90085983E-06
  0.846000016       4.29153442E-06
  0.847000062       2.74181366E-06
  0.848000050       8.16583633E-06
  0.849000037       6.55651093E-06
  0.850000024       4.88758087E-06
  0.851000011       1.03116035E-05
  0.852000058       8.76188278E-06
  0.853000045       1.41263008E-05
  0.854000032       1.25169754E-05
  0.855000019       1.78217888E-05
  0.856000066       2.32458115E-05
  0.857000053       2.86102295E-05
  0.858000040       3.39150429E-05
  0.859000027       3.92198563E-05
  0.860000014       5.14388084E-05
  0.861000061       6.37173653E-05
  0.862000048       7.58767128E-05
  0.863000035       9.48905945E-05
  0.864000022       1.13904476E-04
  0.865000069       1.32918358E-04
  0.866000056       1.65581703E-04
  0.867000043       1.98185444E-04
  0.868000031       2.37584114E-04
  0.869000018       2.76923180E-04
  0.870000064       3.29852104E-04
  0.871000051       3.96370888E-04
  0.872000039       4.69505787E-04
  0.873000026       5.56170940E-04
  0.874000013       6.49452209E-04
  0.875000060       7.62999058E-04
  0.876000047       8.96573067E-04
  0.877000034       1.04349852E-03
  0.878000021       1.21730566E-03
  0.879000068       1.41781569E-03
  0.880000055       1.63817406E-03
  0.881000042       1.89864635E-03
  0.882000029       2.18552351E-03
  0.883000016       2.51221657E-03
  0.884000063       2.88552046E-03
  0.885000050       3.30489874E-03
  0.886000037       3.77064943E-03
  0.887000024       4.29570675E-03
  0.888000071       4.88007069E-03
  0.889000058       5.53679466E-03
  0.890000045       6.25902414E-03
  0.891000032       7.07328320E-03
  0.892000020       7.96592236E-03
  0.893000066       8.95673037E-03
  0.894000053       1.00452304E-02
  0.895000041       1.12445951E-02
  0.896000028       1.25675797E-02
  0.897000015       1.40139461E-02
  0.898000062       1.55965090E-02
  0.899000049       1.73279643E-02
  0.900000036       1.92079544E-02
  0.901000023       2.12602615E-02
  0.902000070       2.34840512E-02
  0.903000057       2.58987546E-02
  0.904000044       2.85059810E-02
  0.905000031       3.13248038E-02
  0.906000018       3.43676805E-02
  0.907000065       3.76338959E-02
  0.908000052       4.11487818E-02
  0.909000039       4.49248552E-02
  0.910000026       4.89611626E-02
  0.911000073       5.32765388E-02
  0.912000060       5.78895807E-02
  0.913000047       6.27993345E-02
  0.914000034       6.80309534E-02
  0.915000021       7.35894442E-02
  0.916000068       7.94815421E-02
  0.917000055       8.57308507E-02
  0.918000042       9.23430920E-02
  0.919000030       9.93292332E-02
  0.920000017      0.106697142    
  0.921000063      0.114462435    
  0.922000051      0.122631133    
  0.923000038      0.131219089    
  0.924000025      0.140224755    
  0.925000072      0.149672925    
  0.926000059      0.159557641    
  0.927000046      0.169896841    
  0.928000033      0.180689037    
  0.929000020      0.191945612    
  0.930000067      0.203671634    
  0.931000054      0.215875030    
  0.932000041      0.228550792    
  0.933000028      0.241720259    
  0.934000015      0.255368650    
  0.935000062      0.269511640    
  0.936000049      0.284141839    
  0.937000036      0.299269438    
  0.938000023      0.314877629    
  0.939000070      0.330989599    
  0.940000057      0.347577572    
  0.941000044      0.364664257    
  0.942000031      0.382221282    
  0.943000019      0.400271177    
  0.944000065      0.418787897    
  0.945000052      0.437782645    
  0.946000040      0.457228601    
  0.947000027      0.477145016    
  0.948000073      0.497492969    
  0.949000061      0.518299460    
  0.950000048      0.539514780    
  0.951000035      0.561173677    
  0.952000022      0.583217502    
  0.953000069      0.605684876    
  0.954000056      0.628512383    
  0.955000043      0.651738644    
  0.956000030      0.675299168    
  0.957000017      0.699232519    
  0.958000064      0.723473907    
  0.959000051      0.748057663    
  0.960000038      0.772915363    
  0.961000025      0.798090100    
  0.962000072      0.823506355    
  0.963000059      0.849207580    
  0.964000046      0.875112534    
  0.965000033      0.901272953    
  0.966000021      0.927601933    
  0.967000067      0.954155147    
  0.968000054      0.980838299    
  0.969000041       1.00770915    
  0.970000029       1.03467441    
  0.971000075       1.06179667    
  0.972000062       1.08897400    
  0.973000050       1.11627138    
  0.974000037       1.14358723    
  0.975000024       1.17098904    
  0.976000071       1.19837523    
  0.977000058       1.22581029    
  0.978000045       1.25319076    
  0.979000032       1.28058887    
  0.980000019       1.30789506    
  0.981000066       1.33518863    
  0.982000053       1.36235452    
  0.983000040       1.38947129    
  0.984000027       1.41642809    
  0.985000074       1.44330740    
  0.986000061       1.46999180    
  0.987000048       1.49656653    
  0.988000035       1.52291870    
  0.989000022       1.54912901    
  0.990000069       1.57509112    
  0.991000056       1.60088110    
  0.992000043       1.62639260    
  0.993000031       1.65170968    
  0.994000018       1.67671895    
  0.995000064       1.70151269    
  0.996000051       1.72597122    
  0.997000039       1.75019336    
  0.998000026       1.77405679    
  0.999000072       1.79766452    
   1.00000000       1.82088852    
   1.00100005       1.84383917    
   1.00200009       1.86639333    
   1.00300002       1.88864565    
   1.00400007       1.91048789    
   1.00500000       1.93201935    
   1.00600004       1.95311999    
   1.00700009       1.97389901    
   1.00800002       1.99422979    
   1.00900006       2.01422548    
   1.00999999       2.03376770    
   1.01100004       2.05296373    
   1.01200008       2.07169747    
   1.01300001       2.09006858    
   1.01400006       2.10797071    
   1.01500010       2.12550807    
   1.01600003       2.14257097    
   1.01700008       2.15926313    
   1.01800001       2.17547083    
   1.01900005       2.19130635    
   1.02000010       2.20666075    
   1.02100003       2.22163177    
   1.02200007       2.23612070    
   1.02300000       2.25023127    
   1.02400005       2.26385641    
   1.02500010       2.27710533    
   1.02600002       2.28986049    
   1.02700007       2.30224729    
   1.02800000       2.31414890    
   1.02900004       2.32567763    
   1.03000009       2.33672428    
   1.03100002       2.34740257    
   1.03200006       2.35760617    
   1.03299999       2.36744356    
   1.03400004       2.37681055    
   1.03500009       2.38582039    
   1.03600001       2.39436364    
   1.03700006       2.40255618    
   1.03800011       2.41029119    
   1.03900003       2.41767836    
   1.04000008       2.42461753    
   1.04100001       2.43121815    
   1.04200006       2.43738055    
   1.04300010       2.44321370    
   1.04400003       2.44860888    
   1.04500008       2.45369005    
   1.04600000       2.45834732    
   1.04700005       2.46269560    
   1.04800010       2.46663070    
   1.04900002       2.47026300    
   1.05000007       2.47349548    
   1.05100000       2.47643542    
   1.05200005       2.47898602    
   1.05300009       2.48125935    
   1.05400002       2.48314476    
   1.05500007       2.48476791    
   1.05599999       2.48601961    
   1.05700004       2.48701119    
   1.05800009       2.48764658    
   1.05900002       2.48803473    
   1.06000006       2.48807597    
   1.06100011       2.48788357    
   1.06200004       2.48735213    
   1.06300008       2.48659945    
   1.06400001       2.48552179    
   1.06500006       2.48422933    
   1.06600010       2.48262882    
   1.06700003       2.48081779    
   1.06800008       2.47871494    
   1.06900001       2.47641611    
   1.07000005       2.47383165    
   1.07100010       2.47105980    
   1.07200003       2.46801567    
   1.07300007       2.46479845    
   1.07400000       2.46131873    
   1.07500005       2.45767498    
   1.07600009       2.45378137    
   1.07700002       2.44973230    
   1.07800007       2.44544435    
   1.07900000       2.44100952    
   1.08000004       2.43634653    
   1.08100009       2.43155527    
   1.08200002       2.42654061    
   1.08300006       2.42140436    
   1.08400011       2.41605663    
   1.08500004       2.41059780    
   1.08600008       2.40493965    
   1.08700001       2.39917517    
   1.08800006       2.39322138    
   1.08900011       2.38717127    
   1.09000003       2.38094282    
   1.09100008       2.37462926    
   1.09200001       2.36814523    
   1.09300005       2.36157870    
   1.09400010       2.35485554    
   1.09500003       2.34805822    
   1.09600008       2.34111071    
   1.09700000       2.33409762    
   1.09800005       2.32694292    
   1.09900010       2.31973362    
   1.10000002       2.31239080    
   1.10100007       2.30499434    
   1.10200000       2.29747295    
   1.10300004       2.28991032    
   1.10400009       2.28222942    
   1.10500002       2.27451110    
   1.10600007       2.26668501    
   1.10699999       2.25882292    
   1.10800004       2.25086403    
   1.10900009       2.24287558    
   1.11000001       2.23479748    
   1.11100006       2.22669339    
   1.11200011       2.21850324    
   1.11300004       2.21030021    
   1.11400008       2.20201731    
   1.11500001       2.19372082    
   1.11600006       2.18534851    
   1.11700010       2.17697740    
   1.11800003       2.16853428    
   1.11900008       2.16009164    
   1.12000000       2.15158749    
   1.12100005       2.14308262    
   1.12200010       2.13452387    
   1.12300003       2.12597275    
   1.12400007       2.11737061    
   1.12500000       2.10878038    
   1.12600005       2.10014057    
   1.12700009       2.09151793    
   1.12800002       2.08285570    
   1.12900007       2.07421017    
   1.13000000       2.06552625    
   1.13100004       2.05686951    
   1.13200009       2.04817390    
   1.13300002       2.03950810    
   1.13400006       2.03080893    
   1.13500011       2.02214432    
   1.13600004       2.01345301    
   1.13700008       2.00479269    
   1.13800001       1.99610567    
   1.13900006       1.98746002    
   1.14000010       1.97879648    
   1.14100003       1.97016501    
   1.14200008       1.96151972    
   1.14300001       1.95291448    
   1.14400005       1.94430053    
   1.14500010       1.93572140    
   1.14600003       1.92713404    
   1.14700007       1.91859460    
   1.14800000       1.91004634    
   1.14900005       1.90154624    
   1.15000010       1.89303899    
   1.15100002       1.88458002    
   1.15200007       1.87611973    
   1.15300000       1.86771035    
   1.15400004       1.85929942    
   1.15500009       1.85093939    
   1.15600002       1.84258199    
   1.15700006       1.83427668    
   1.15800011       1.82597518    
   1.15900004       1.81772900    
   1.16000009       1.80948758    
   1.16100001       1.80130172    
   1.16200006       1.79312336    
   1.16300011       1.78500080    
   1.16400003       1.77688646    
   1.16500008       1.76883173    
   1.16600001       1.76078534    
   1.16700006       1.75279927    
   1.16800010       1.74482417    
   1.16900003       1.73690760    
   1.17000008       1.72900343    
   1.17100000       1.72115993    
   1.17200005       1.71333122    
   1.17300010       1.70556211    
   1.17400002       1.69780886    
   1.17500007       1.69011545    
   1.17600000       1.68244064    
   1.17700005       1.67482424    
   1.17800009       1.66722703    
   1.17900002       1.65969074    
   1.18000007       1.65217376    
   1.18100011       1.64471745    
   1.18200004       1.63728237    
   1.18300009       1.62990522    
   1.18400002       1.62255263    
   1.18500006       1.61525846    
   1.18600011       1.60798538    
   1.18700004       1.60077572    
   1.18800008       1.59358907    
   1.18900001       1.58646059    
   1.19000006       1.57935810    
   1.19100010       1.57231331    
   1.19200003       1.56529546    
   1.19300008       1.55833447    
   1.19400001       1.55140078    
   1.19500005       1.54452622    
   1.19600010       1.53767872    
   1.19700003       1.53088844    
   1.19800007       1.52412558    
   1.19900000       1.51742065    
   1.20000005       1.51074362    
   1.20100009       1.50412345    
   1.20200002       1.49753237    
   1.20300007       1.49099708    
   1.20400012       1.48449075    
   1.20500004       1.47804260    
   1.20600009       1.47162080    
   1.20700002       1.46525729    
   1.20800006       1.45892227    
   1.20900011       1.45264328    
   1.21000004       1.44639230    
   1.21100008       1.44019723    
   1.21200001       1.43403196    
   1.21300006       1.42792261    
   1.21400011       1.42184043    
   1.21500003       1.41581404    
   1.21600008       1.40981650    
   1.21700001       1.40387511    
   1.21800005       1.39796019    
   1.21900010       1.39210188    
   1.22000003       1.38627028    
   1.22100008       1.38049471    
   1.22200000       1.37474573    
   1.22300005       1.36905181    
   1.22400010       1.36338508    
   1.22500002       1.35777330    
   1.22600007       1.35218775    
   1.22700012       1.34665632    
   1.22800004       1.34115195    
   1.22900009       1.33570123    
   1.23000002       1.33027732    
   1.23100007       1.32490563    
   1.23200011       1.31956100    
   1.23300004       1.31426930    
   1.23400009       1.30900347    
   1.23500001       1.30378997    
   1.23600006       1.29860246    
   1.23700011       1.29346633    
   1.23800004       1.28835666    
   1.23900008       1.28329718    
   1.24000001       1.27826428    
   1.24100006       1.27328062    
   1.24200010       1.26832402    
   1.24300003       1.26341605    
   1.24400008       1.25853455    
   1.24500000       1.25370145    
   1.24600005       1.24889362    
   1.24700010       1.24413455    
   1.24800003       1.23940098    
   1.24900007       1.23471475    
   1.25000000       1.23005378    
   1.25100005       1.22543955    
   1.25200009       1.22085106    
   1.25300002       1.21630836    
   1.25400007       1.21179080    
   1.25500011       1.20731878    
   1.25600004       1.20287180    
   1.25700009       1.19846964    
   1.25800002       1.19409204    
   1.25900006       1.18975902    
   1.26000011       1.18544984    
   1.26100004       1.18118525    
   1.26200008       1.17694402    
   1.26300001       1.17274678    
   1.26400006       1.16857266    
   1.26500010       1.16444170    
   1.26600003       1.16033399    
   1.26700008       1.15626872    
   1.26800001       1.15222669    
   1.26900005       1.14822614    
   1.27000010       1.14424825    
   1.27100003       1.14031231    
   1.27200007       1.13639832    
   1.27300000       1.13252544    
   1.27400005       1.12867427    
   1.27500010       1.12486351    
   1.27600002       1.12107480    
   1.27700007       1.11732590    
   1.27800012       1.11359823    
   1.27900004       1.10991001    
   1.28000009       1.10624313    
   1.28100002       1.10261488    
   1.28200006       1.09900773    
   1.28300011       1.09543848    
   1.28400004       1.09189010    
   1.28500009       1.08837950    
   1.28600001       1.08488929    
   1.28700006       1.08143616    
   1.28800011       1.07800317    
   1.28900003       1.07460701    
   1.29000008       1.07123053    
   1.29100001       1.06789017    
   1.29200006       1.06456959    
   1.29300010       1.06128454    
   1.29400003       1.05801916    
   1.29500008       1.05478847    
   1.29600000       1.05157733    
   1.29700005       1.04840040    
   1.29800010       1.04524255    
   1.29900002       1.04211867    
   1.30000007       1.03901339    
   1.30100012       1.03594196    
   1.30200005       1.03288901    
   1.30300009       1.02986884    
   1.30400002       1.02686703    
   1.30500007       1.02389765    
   1.30600011       1.02094638    
   1.30700004       1.01802731    
   1.30800009       1.01512575    
   1.30900002       1.01225615    
   1.31000006       1.00940371    
   1.31100011       1.00658250    
   1.31200004       1.00377870    
   1.31300008       1.00100541    
   1.31400001      0.998249471    
   1.31500006      0.995523453    
   1.31600010      0.992814362    
   1.31700003      0.990135193    
   1.31800008      0.987472534    
   1.31900001      0.984839141    
   1.32000005      0.982222259    
   1.32100010      0.979634047    
   1.32200003      0.977062464    
   1.32300007      0.974518836    
   1.32400012      0.971991420    
   1.32500005      0.969492078    
   1.32600009      0.967008531    
   1.32700002      0.964552522    
   1.32800007      0.962112069    
   1.32900012      0.959698677    
   1.33000004      0.957300901    
   1.33100009      0.954929650    
   1.33200002      0.952574015    
   1.33300006      0.950244129    
   1.33400011      0.947929740    
   1.33500004      0.945640922    
   1.33600008      0.943367243    
   1.33700001      0.941118836    
   1.33800006      0.938885272    
   1.33900011      0.936676502    
   1.34000003      0.934482634    
   1.34100008      0.932313204    
   1.34200001      0.930158377    
   1.34300005      0.928027511    
   1.34400010      0.925910950    
   1.34500003      0.923818290    
   1.34600008      0.921739757    
   1.34700012      0.919684529    
   1.34800005      0.917643487    
   1.34900010      0.915625274    
   1.35000002      0.913621068    
   1.35100007      0.911639333    
   1.35200012      0.909671128    
   1.35300004      0.907725692    
   1.35400009      0.905793428    
   1.35500002      0.903883159    
   1.35600007      0.901986420    
   1.35700011      0.900110900    
   1.35800004      0.898248851    
   1.35900009      0.896407962    
   1.36000001      0.894580245    
   1.36100006      0.892773509    
   1.36200011      0.890979469    
   1.36300004      0.889206052    
   1.36400008      0.887445211    
   1.36500001      0.885704935    
   1.36600006      0.883977294    
   1.36700010      0.882269382    
   1.36800003      0.880574226    
   1.36900008      0.878898382    
   1.37000012      0.877235174    
   1.37100005      0.875590861    
   1.37200010      0.873959184    
   1.37300003      0.872346461    
   1.37400007      0.870745480    
   1.37500012      0.869163215    
   1.37600005      0.867593229    
   1.37700009      0.866041541    
   1.37800002      0.864501655    
   1.37900007      0.862980008    
   1.38000011      0.861469507    
   1.38100004      0.859977067    
   1.38200009      0.858496487    
   1.38300002      0.857033372    
   1.38400006      0.855581641    
   1.38500011      0.854147375    
   1.38600004      0.852723956    
   1.38700008      0.851317644    
   1.38800001      0.849922717    
   1.38900006      0.848544955    
   1.39000010      0.847177505    
   1.39100003      0.845826626    
   1.39200008      0.844487071    
   1.39300001      0.843163848    
   1.39400005      0.841850936    
   1.39500010      0.840553999    
   1.39600003      0.839268208    
   1.39700007      0.837998033    
   1.39800012      0.836738229    
   1.39900005      0.835494339    
   1.40000010      0.834260404    
   1.40100002      0.833042383    
   1.40200007      0.831833899    
   1.40300012      0.830641150    
   1.40400004      0.829458237    
   1.40500009      0.828290224    
   1.40600002      0.827132583    
   1.40700006      0.825989366    
   1.40800011      0.824856281    
   1.40900004      0.823737323    
   1.41000009      0.822628558    
   1.41100001      0.821533859    
   1.41200006      0.820449173    
   1.41300011      0.819378197    
   1.41400003      0.818316936    
   1.41500008      0.817269504    
   1.41600001      0.816231847    
   1.41700006      0.815207541    
   1.41800010      0.814192414    
   1.41900003      0.813191354    
   1.42000008      0.812199473    
   1.42100012      0.811220646    
   1.42200005      0.810250878    
   1.42300010      0.809294581    
   1.42400002      0.808347106    
   1.42500007      0.807412982    
   1.42600012      0.806487024    
   1.42700005      0.805573881    
   1.42800009      0.804670334    
   1.42900002      0.803778946    
   1.43000007      0.802896857    
   1.43100011      0.802026629    
   1.43200004      0.801165223    
   1.43300009      0.800315559    
   1.43400002      0.799475193    
   1.43500006      0.798647046    
   1.43600011      0.797826469    
   1.43700004      0.797018766    
   1.43800008      0.796218991    
   1.43900001      0.795431137    
   1.44000006      0.794651270    
   1.44100010      0.793882966    
   1.44200003      0.793123186    
   1.44300008      0.792374492    
   1.44400012      0.791634202    
   1.44500005      0.790905833    
   1.44600010      0.790184677    
   1.44700003      0.789475024    
   1.44800007      0.788772702    
   1.44900012      0.788081467    
   1.45000005      0.787399173    
   1.45100009      0.786726296    
   1.45200002      0.786062360    
   1.45300007      0.785409272    
   1.45400012      0.784763217    
   1.45500004      0.784127474    
   1.45600009      0.783499956    
   1.45700002      0.782883167    
   1.45800006      0.782273412    
   1.45900011      0.781673729    
   1.46000004      0.781082153    
   1.46100008      0.780499816    
   1.46200001      0.779926181    
   1.46300006      0.779361665    
   1.46400011      0.778804839    
   1.46500003      0.778257251    
   1.46600008      0.777718067    
   1.46700013      0.777188063    
   1.46800005      0.776665509    
   1.46900010      0.776152253    
   1.47000003      0.775646031    
   1.47100008      0.775149882    
   1.47200012      0.774660647    
   1.47300005      0.774180651    
   1.47400010      0.773707330    
   1.47500002      0.773244143    
   1.47600007      0.772787452    
   1.47700012      0.772339165    
   1.47800004      0.771899223    
   1.47900009      0.771467507    
   1.48000002      0.771042526    
   1.48100007      0.770626962    
   1.48200011      0.770217896    
   1.48300004      0.769817472    
   1.48400009      0.769424319    
   1.48500001      0.769039392    
   1.48600006      0.768661439    
   1.48700011      0.768291712    
   1.48800004      0.767929018    
   1.48900008      0.767574191    
   1.49000013      0.767226517    
   1.49100006      0.766886830    
   1.49200010      0.766553819    
   1.49300003      0.766228974    
   1.49400008      0.765910864    
   1.49500012      0.765600681    
   1.49600005      0.765297294    
   1.49700010      0.765001178    
   1.49800003      0.764712334    
   1.49900007      0.764430761    
   1.50000012      0.764155924    
   1.50100005      0.763888657    
   1.50200009      0.763627768    
   1.50300002      0.763374448    
   1.50400007      0.763127685    
   1.50500011      0.762888491    
   1.50600004      0.762655854    
   1.50700009      0.762430072    
   1.50800002      0.762210608    
   1.50900006      0.761998594    
   1.51000011      0.761793256    
   1.51100004      0.761594057    
   1.51200008      0.761402607    
   1.51300013      0.761217177    
   1.51400006      0.761038661    
   1.51500010      0.760866106    
   1.51600003      0.760700941    
   1.51700008      0.760541260    
   1.51800013      0.760389209    
   1.51900005      0.760242939    
   1.52000010      0.760103703    
   1.52100003      0.759969771    
   1.52200007      0.759843349    
   1.52300012      0.759722829    
   1.52400005      0.759608984    
   1.52500010      0.759500742    
   1.52600002      0.759399533    
   1.52700007      0.759303987    
   1.52800012      0.759214580    
   1.52900004      0.759131670    
   1.53000009      0.759055018    
   1.53100002      0.758983493    
   1.53200006      0.758919299    
   1.53300011      0.758860409    
   1.53400004      0.758808017    
   1.53500009      0.758761108    
   1.53600001      0.758721232    
   1.53700006      0.758685887    
   1.53800011      0.758657813    
   1.53900003      0.758634508    
   1.54000008      0.758617640    
   1.54100013      0.758605957    
   1.54200006      0.758601606    
   1.54300010      0.758601606    
   1.54400003      0.758607984    
   1.54500008      0.758619308    
   1.54600012      0.758638024    
   1.54700005      0.758660972    
   1.54800010      0.758690417    
   1.54900002      0.758724689    
   1.55000007      0.758765340    
   1.55100012      0.758810937    
   1.55200005      0.758862972    
   1.55300009      0.758919537    
   1.55400002      0.758982718    
   1.55500007      0.759050131    
   1.55600011      0.759124339    
   1.55700004      0.759202719    
   1.55800009      0.759287775    
   1.55900002      0.759377062    
   1.56000006      0.759472966    
   1.56100011      0.759572923    
   1.56200004      0.759679675    
   1.56300008      0.759789765    
   1.56400013      0.759907126    
   1.56500006      0.760028243    
   1.56600010      0.760156572    
   1.56700003      0.760288298    
   1.56800008      0.760426462    
   1.56900012      0.760568261    
   1.57000005      0.760717154    
   1.57100010      0.760869503    
   1.57200003      0.761028528    
   1.57300007      0.761191428    
   1.57400012      0.761360526    
   1.57500005      0.761533082    
   1.57600009      0.761712551    
   1.57700002      0.761895657    
   1.57800007      0.762085199    
   1.57900012      0.762278199    
   1.58000004      0.762477756    
   1.58100009      0.762680650    
   1.58200002      0.762889624    
   1.58300006      0.763102770    
   1.58400011      0.763322115    
   1.58500004      0.763544619    
   1.58600008      0.763773143    
   1.58700013      0.764005840    
   1.58800006      0.764244556    
   1.58900011      0.764486432    
   1.59000003      0.764734745    
   1.59100008      0.764986038    
   1.59200013      0.765243948    
   1.59300005      0.765505075    
   1.59400010      0.765772820    
   1.59500003      0.766043186    
   1.59600008      0.766320109    
   1.59700012      0.766599834    
   1.59800005      0.766886115    
   1.59900010      0.767175198    
   1.60000002      0.767471015    
   1.60100007      0.767769337    
   1.60200012      0.768074393    
   1.60300004      0.768381655    
   1.60400009      0.768696010    
   1.60500002      0.769012690    
   1.60600007      0.769335687    
   1.60700011      0.769661546    
   1.60800004      0.769993901    
   1.60900009      0.770328343    
   1.61000013      0.770669818    
   1.61100006      0.771013081    
   1.61200011      0.771363914    
   1.61300004      0.771716237    
   1.61400008      0.772075653    
   1.61500013      0.772436619    
   1.61600006      0.772805035    
   1.61700010      0.773174942    
   1.61800003      0.773551941    
   1.61900008      0.773930788    
   1.62000012      0.774316192    
   1.62100005      0.774703622    
   1.62200010      0.775097907    
   1.62300003      0.775494456    
   1.62400007      0.775897384    
   1.62500012      0.776301682    
   1.62600005      0.776713550    
   1.62700009      0.777126431    
   1.62800002      0.777546823    
   1.62900007      0.777968407    
   1.63000011      0.778396904    
   1.63100004      0.778827190    
   1.63200009      0.779264033    
   1.63300014      0.779702306    
   1.63400006      0.780147433    
   1.63500011      0.780594587    
   1.63600004      0.781048298    
   1.63700008      0.781503201    
   1.63800013      0.781965196    
   1.63900006      0.782428682    
   1.64000010      0.782898605    
   1.64100003      0.783369899    
   1.64200008      0.783848524    
   1.64300013      0.784328103    
   1.64400005      0.784814835    
   1.64500010      0.785302341    
   1.64600003      0.785796881    
   1.64700007      0.786292553    
   1.64800012      0.786795497    
   1.64900005      0.787299514    
   1.65000010      0.787809968    
   1.65100002      0.788321853    
   1.65200007      0.788840771    
   1.65300012      0.789360166    
   1.65400004      0.789887071    
   1.65500009      0.790414512    
   1.65600014      0.790948927    
   1.65700006      0.791484773    
   1.65800011      0.792027056    
   1.65900004      0.792569995    
   1.66000009      0.793120503    
   1.66100013      0.793671727    
   1.66200006      0.794229984    
   1.66300011      0.794788539    
   1.66400003      0.795354366    
   1.66500008      0.795920670    
   1.66600013      0.796494424    
   1.66700006      0.797068477    
   1.66800010      0.797649741    
   1.66900003      0.798231483    
   1.67000008      0.798820615    
   1.67100012      0.799409866    
   1.67200005      0.800006032    
   1.67300010      0.800603032    
   1.67400002      0.801207304    
   1.67500007      0.801811814    
   1.67600012      0.802423358    
   1.67700005      0.803035140    
   1.67800009      0.803654492    
   1.67900014      0.804274082    
   1.68000007      0.804900467    
   1.68100011      0.805527270    
   1.68200004      0.806161523    
   1.68300009      0.806795537    
   1.68400013      0.807437479    
   1.68500006      0.808078945    
   1.68600011      0.808727920    
   1.68700004      0.809376895    
   1.68800008      0.810033143    
   1.68900013      0.810689449    
   1.69000006      0.811353147    
   1.69100010      0.812016606    
   1.69200003      0.812687576    
   1.69300008      0.813358307    
   1.69400012      0.814036667    
   1.69500005      0.814714551    
   1.69600010      0.815400243    
   1.69700003      0.816085100    
   1.69800007      0.816777825    
   1.69900012      0.817470431    
   1.70000005      0.818170428    
   1.70100009      0.818870187    
   1.70200002      0.819577277    
   1.70300007      0.820283711    
   1.70400012      0.820997894    
   1.70500004      0.821711659    
   1.70600009      0.822433174    
   1.70700014      0.823154211    
   1.70800006      0.823882580    
   1.70900011      0.824610233    
   1.71000004      0.825346053    
   1.71100008      0.826081097    
   1.71200013      0.826823413    
   1.71300006      0.827565670    
   1.71400011      0.828315377    
   1.71500003      0.829063952    
   1.71600008      0.829820752    
   1.71700013      0.830576777    
   1.71800005      0.831340015    
   1.71900010      0.832103431    
   1.72000003      0.832873762    
   1.72100008      0.833643734    
   1.72200012      0.834421277    
   1.72300005      0.835197866    
   1.72400010      0.835982442    
   1.72500002      0.836765885    
   1.72600007      0.837557316    
   1.72700012      0.838347793    
   1.72800004      0.839145780    
   1.72900009      0.839943469    
   1.73000014      0.840747952    
   1.73100007      0.841552496    
   1.73200011      0.842364728    
   1.73300004      0.843175173    
   1.73400009      0.843993962    
   1.73500013      0.844812036    
   1.73600006      0.845637798    
   1.73700011      0.846461952    
   1.73800004      0.847294152    
   1.73900008      0.848125398    
   1.74000013      0.848964572    
   1.74100006      0.849802792    
   1.74200010      0.850648642    
   1.74300003      0.851493478    
   1.74400008      0.852345943    
   1.74500012      0.853197396    
   1.74600005      0.854056954    
   1.74700010      0.854915261    
   1.74800003      0.855781198    
   1.74900007      0.856646001    
   1.75000012      0.857518792    
   1.75100005      0.858390450    
   1.75200009      0.859270096    
   1.75300014      0.860147953    
   1.75400007      0.861034393    
   1.75500011      0.861919045    
   1.75600004      0.862812042    
   1.75700009      0.863703310    
   1.75800014      0.864603043    
   1.75900006      0.865500927    
   1.76000011      0.866407156    
   1.76100004      0.867311835    
   1.76200008      0.868224740    
   1.76300013      0.869135857    
   1.76400006      0.870055199    
   1.76500010      0.870972991    
   1.76600003      0.871899188    
   1.76700008      0.872823358    
   1.76800013      0.873755932    
   1.76900005      0.874687076    
   1.77000010      0.875626087    
   1.77100003      0.876563668    
   1.77200007      0.877509415    
   1.77300012      0.878453553    
   1.77400005      0.879405856    
   1.77500010      0.880356312    
   1.77600014      0.881315410    
   1.77700007      0.882272422    
   1.77800012      0.883237481    
   1.77900004      0.884201467    
   1.78000009      0.885173321    
   1.78100014      0.886143267    
   1.78200006      0.887121916    
   1.78300011      0.888098538    
   1.78400004      0.889083564    
   1.78500009      0.890066504    
   1.78600013      0.891058087    
   1.78700006      0.892047763    
   1.78800011      0.893045485    
   1.78900003      0.894041896    
   1.79000008      0.895046234    
   1.79100013      0.896048963    
   1.79200006      0.897059858    
   1.79300010      0.898068905    
   1.79400003      0.899086237    
   1.79500008      0.900101840    
   1.79600012      0.901125848    
   1.79700005      0.902147710    
   1.79800010      0.903178155    
   1.79900014      0.904206574    
   1.80000007      0.905243337    
   1.80100012      0.906278431    
   1.80200005      0.907321513    
   1.80300009      0.908362925    
   1.80400014      0.909412622    
   1.80500007      0.910460472    
   1.80600011      0.911516786    
   1.80700004      0.912570834    
   1.80800009      0.913633525    
   1.80900013      0.914694071    
   1.81000006      0.915763259    
   1.81100011      0.916830242    
   1.81200004      0.917905927    
   1.81300008      0.918979228    
   1.81400013      0.920061350    
   1.81500006      0.921141207    
   1.81600010      0.922229588    
   1.81700003      0.923315763    
   1.81800008      0.924410582    
   1.81900012      0.925503373    
   1.82000005      0.926604450    
   1.82100010      0.927703738    
   1.82200015      0.928811193    
   1.82300007      0.929916620    
   1.82400012      0.931030750    
   1.82500005      0.932142496    
   1.82600009      0.933263004    
   1.82700014      0.934381127    
   1.82800007      0.935507953    
   1.82900012      0.936632454    
   1.83000004      0.937765718    
   1.83100009      0.938896477    
   1.83200014      0.940036178    
   1.83300006      0.941173315    
   1.83400011      0.942319334    
   1.83500004      0.943462670    
   1.83600008      0.944615126    
   1.83700013      0.945764899    
   1.83800006      0.946923554    
   1.83900011      0.948079467    
   1.84000003      0.949244559    
   1.84100008      0.950406849    
   1.84200013      0.951578140    
   1.84300005      0.952746630    
   1.84400010      0.953924239    
   1.84500003      0.955098987    
   1.84600008      0.956282794    
   1.84700012      0.957463682    
   1.84800005      0.958653808    
   1.84900010      0.959840775    
   1.85000014      0.961037099    
   1.85100007      0.962230384    
   1.85200012      0.963432670    
   1.85300004      0.964631975    
   1.85400009      0.965840518    
   1.85500014      0.967045844    
   1.85600007      0.968260407    
   1.85700011      0.969471753    
   1.85800004      0.970692396    
   1.85900009      0.971909702    
   1.86000013      0.973136246    
   1.86100006      0.974359512    
   1.86200011      0.975591958    
   1.86300004      0.976821065    
   1.86400008      0.978059292    
   1.86500013      0.979294181    
   1.86600006      0.980538130    
   1.86700010      0.981778741    
   1.86800003      0.983028471    
   1.86900008      0.984274685    
   1.87000012      0.985529900    
   1.87100005      0.986781657    
   1.87200010      0.988042474    
   1.87300014      0.989299595    
   1.87400007      0.990565836    
   1.87500012      0.991828322    
   1.87600005      0.993099868    
   1.87700009      0.994367540    
   1.87800014      0.995644212    
   1.87900007      0.996916950    
   1.88000011      0.998198688    
   1.88100004      0.999476433    
   1.88200009       1.00076306    
   1.88300014       1.00204551    
   1.88400006       1.00333703    
   1.88500011       1.00462413    
   1.88600004       1.00592017    
   1.88700008       1.00721180    
   1.88800013       1.00851226    
   1.88900006       1.00980818    
   1.89000010       1.01111281    
   1.89100003       1.01241291    
   1.89200008       1.01372170    
   1.89300013       1.01502562    
   1.89400005       1.01633823    
   1.89500010       1.01764584    
   1.89600015       1.01896203    
   1.89700007       1.02027321    
   1.89800012       1.02159274    
   1.89900005       1.02290714    
   1.90000010       1.02422988    
   1.90100014       1.02554727    
   1.90200007       1.02687275    
   1.90300012       1.02819276    
   1.90400004       1.02952099    
   1.90500009       1.03084350    
   1.90600014       1.03217387    
   1.90700006       1.03349853    
   1.90800011       1.03483093    
   1.90900004       1.03615737    
   1.91000009       1.03749144    
   1.91100013       1.03881931    
   1.91200006       1.04015481    
   1.91300011       1.04148388    
   1.91400003       1.04282033    
   1.91500008       1.04415011    
   1.91600013       1.04548717    
   1.91700006       1.04681730    
   1.91800010       1.04815459    
   1.91900015       1.04948485    
   1.92000008       1.05082202    
   1.92100012       1.05215180    
   1.92200005       1.05348825    
   1.92300010       1.05481732    
   1.92400014       1.05615282    
   1.92500007       1.05748069    
   1.92600012       1.05881476    
   1.92700005       1.06014085    
   1.92800009       1.06147301    
   1.92900014       1.06279683    
   1.93000007       1.06412673    
   1.93100011       1.06544805    
   1.93200004       1.06677496    
   1.93300009       1.06809318    
   1.93400013       1.06941652    
   1.93500006       1.07073128    
   1.93600011       1.07205081    
   1.93700004       1.07336128    
   1.93800008       1.07467651    
   1.93900013       1.07598221    
   1.94000006       1.07729256    
   1.94100010       1.07859302    
   1.94200015       1.07989788    
   1.94300008       1.08119249    
   1.94400012       1.08249152    
   1.94500005       1.08377981    
   1.94600010       1.08507204    
   1.94700015       1.08635342    
   1.94800007       1.08763850    
   1.94900012       1.08891249    
   1.95000005       1.09018970    
   1.95100009       1.09145546    
   1.95200014       1.09272432    
   1.95300007       1.09398150    
   1.95400012       1.09524143    
   1.95500004       1.09648919    
   1.95600009       1.09773958    
   1.95700014       1.09897757    
   1.95800006       1.10021758    
   1.95900011       1.10144484    
   1.96000004       1.10267437    
   1.96100008       1.10389054    
   1.96200013       1.10510838    
   1.96300006       1.10631263    
   1.96400011       1.10751855    
   1.96500015       1.10871065    
   1.96600008       1.10990369    
   1.96700013       1.11108267    
   1.96800005       1.11226237    
   1.96900010       1.11342764    
   1.97000015       1.11459351    
   1.97100008       1.11574423    
   1.97200012       1.11689568    
   1.97300005       1.11803162    
   1.97400010       1.11916769    
   1.97500014       1.12028801    
   1.97600007       1.12140834    
   1.97700012       1.12251258    
   1.97800004       1.12361634    
   1.97900009       1.12470388    
   1.98000014       1.12579048    
   1.98100007       1.12686050    
   1.98200011       1.12792945    
   1.98300004       1.12898195    
   1.98400009       1.13003230    
   1.98500013       1.13106561    
   1.98600006       1.13209760    
   1.98700011       1.13311195    
   1.98800004       1.13412428    
   1.98900008       1.13511872    
   1.99000013       1.13611114    
   1.99100006       1.13708556    
   1.99200010       1.13805711    
   1.99300015       1.13901031    
   1.99400008       1.13996124    
   1.99500012       1.14089334    
   1.99600005       1.14182210    
   1.99700010       1.14273226    
   1.99800014       1.14363885    
   1.99900007       1.14452648    
   2.00000000       1.14541054    
   2.00100017       1.14627504    
   2.00200009       1.14713609    
   2.00300002       1.14797711    
   2.00400019       1.14881456    
   2.00500011       1.14963222    
   2.00600004       1.15044498    
   2.00700021       1.15123832    
   2.00800014       1.15202653    
   2.00900006       1.15279520    
   2.00999999       1.15355849    
   2.01100016       1.15430164    
   2.01200008       1.15503979    
   2.01300001       1.15575767    
   2.01400018       1.15646982    
   2.01500010       1.15716171    
   2.01600003       1.15784788    
   2.01700020       1.15851319    
   2.01800013       1.15917325    
   2.01900005       1.15981174    
   2.01999998       1.16044521    
   2.02100015       1.16105723    
   2.02200007       1.16166329    
   2.02300000       1.16224790    
   2.02400017       1.16282690    
   2.02500010       1.16338384    
   2.02600002       1.16393554    
   2.02700019       1.16446495    
   2.02800012       1.16498864    
   2.02900004       1.16549027    
   2.03000021       1.16598582    
   2.03100014       1.16645956    
   2.03200006       1.16692686    
   2.03299999       1.16737211    
   2.03400016       1.16781139    
   2.03500009       1.16822827    
   2.03600001       1.16863906    
   2.03700018       1.16902733    
   2.03800011       1.16940975    
   2.03900003       1.16976953    
   2.04000020       1.17012310    
   2.04100013       1.17045403    
   2.04200006       1.17077911    
   2.04299998       1.17108178    
   2.04400015       1.17137754    
   2.04500008       1.17165136    
   2.04600000       1.17191851    
   2.04700017       1.17216349    
   2.04800010       1.17240202    
   2.04900002       1.17261851    
   2.05000019       1.17282820    
   2.05100012       1.17301571    
   2.05200005       1.17319679    
   2.05300021       1.17335594    
   2.05400014       1.17350829    
   2.05500007       1.17363894    
   2.05599999       1.17376280    
   2.05700016       1.17386496    
   2.05800009       1.17396057    
   2.05900002       1.17403400    
   2.06000018       1.17410171    
   2.06100011       1.17414713    
   2.06200004       1.17418659    
   2.06300020       1.17420399    
   2.06400013       1.17421556    
   2.06500006       1.17420518    
   2.06599998       1.17418921    
   2.06700015       1.17415142    
   2.06800008       1.17410755    
   2.06900001       1.17404270    
   2.07000017       1.17397165    
   2.07100010       1.17387903    
   2.07200003       1.17378128    
   2.07300019       1.17366230    
   2.07400012       1.17353749    
   2.07500005       1.17339158    
   2.07600021       1.17324066    
   2.07700014       1.17306876    
   2.07800007       1.17289162    
   2.07900000       1.17269373    
   2.08000016       1.17249060    
   2.08100009       1.17226720    
   2.08200002       1.17203856    
   2.08300018       1.17178988    
   2.08400011       1.17153609    
   2.08500004       1.17126215    
   2.08600020       1.17098379    
   2.08700013       1.17068529    
   2.08800006       1.17038274    
   2.08899999       1.17006028    
   2.09000015       1.16973352    
   2.09100008       1.16938686    
   2.09200001       1.16903675    
   2.09300017       1.16866684    
   2.09400010       1.16829348    
   2.09500003       1.16790104    
   2.09600019       1.16750443    
   2.09700012       1.16708910    
   2.09800005       1.16667044    
   2.09900022       1.16623330    
   2.10000014       1.16579258    
   2.10100007       1.16533351    
   2.10200000       1.16487145    
   2.10300016       1.16439116    
   2.10400009       1.16390812    
   2.10500002       1.16340685    
   2.10600019       1.16290331    
   2.10700011       1.16238177    
   2.10800004       1.16185832    
   2.10900021       1.16131747    
   2.11000013       1.16077387    
   2.11100006       1.16021335    
   2.11199999       1.15965080    
   2.11300015       1.15907156    
   2.11400008       1.15849030    
   2.11500001       1.15789258    
   2.11600018       1.15729308    
   2.11700010       1.15667772    
   2.11800003       1.15606034    
   2.11900020       1.15542722    
   2.12000012       1.15479302    
   2.12100005       1.15414286    
   2.12200022       1.15349197    
   2.12300014       1.15282524    
   2.12400007       1.15215838    
   2.12500000       1.15147626    
   2.12600017       1.15079308    
   2.12700009       1.15009534    
   2.12800002       1.14939702    
   2.12900019       1.14868450    
   2.13000011       1.14797139    
   2.13100004       1.14724445    
   2.13200021       1.14651692    
   2.13300014       1.14577579    
   2.13400006       1.14503479    
   2.13499999       1.14428031    
   2.13600016       1.14352596    
   2.13700008       1.14275861    
   2.13800001       1.14199150    
   2.13900018       1.14121127    
   2.14000010       1.14043212    
   2.14100003       1.13964009    
   2.14200020       1.13884890    
   2.14300013       1.13804543    
   2.14400005       1.13724303    
   2.14500022       1.13642848    
   2.14600015       1.13561523    
   2.14700007       1.13478994    
   2.14800000       1.13396633    
   2.14900017       1.13313079    
   2.15000010       1.13229752    
   2.15100002       1.13145244    
   2.15200019       1.13060975    
   2.15300012       1.12975562    
   2.15400004       1.12890375    
   2.15500021       1.12804127    
   2.15600014       1.12718070    
   2.15700006       1.12630975    
   2.15799999       1.12544131    
   2.15900016       1.12456262    
   2.16000009       1.12368631    
   2.16100001       1.12279987    
   2.16200018       1.12191701    
   2.16300011       1.12102413    
   2.16400003       1.12013400    
   2.16500020       1.11923456    
   2.16600013       1.11833811    
   2.16700006       1.11743283    
   2.16800022       1.11653042    
   2.16900015       1.11561906    
   2.17000008       1.11471164    
   2.17100000       1.11379492    
   2.17200017       1.11288249    
   2.17300010       1.11196089    
   2.17400002       1.11104381    
   2.17500019       1.11011791    
   2.17600012       1.10919654    
   2.17700005       1.10826659    
   2.17800021       1.10734141    
   2.17900014       1.10640788    
   2.18000007       1.10547900    
   2.18099999       1.10454226    
   2.18200016       1.10361028    
   2.18300009       1.10267055    
   2.18400002       1.10173595    
   2.18500018       1.10079372    
   2.18600011       1.09985673    
   2.18700004       1.09891224    
   2.18800020       1.09797311    
   2.18900013       1.09702682    
   2.19000006       1.09608626    
   2.19100022       1.09513855    
   2.19200015       1.09419644    
   2.19300008       1.09324765    
   2.19400001       1.09230447    
   2.19500017       1.09135485    
   2.19600010       1.09041095    
   2.19700003       1.08946085    
   2.19800019       1.08851659    
   2.19900012       1.08756626    
   2.20000005       1.08662200    
   2.20100021       1.08567166    
   2.20200014       1.08472776    
   2.20300007       1.08377790    
   2.20400000       1.08283448    
   2.20500016       1.08188534    
   2.20600009       1.08094263    
   2.20700002       1.07999456    
   2.20800018       1.07905293    
   2.20900011       1.07810616    
   2.21000004       1.07716596    
   2.21100020       1.07622063    
   2.21200013       1.07528198    
   2.21300006       1.07433856    
   2.21399999       1.07340193    
   2.21500015       1.07246041    
   2.21600008       1.07152593    
   2.21700001       1.07058680    
   2.21800017       1.06965458    
   2.21900010       1.06871796    
   2.22000003       1.06778848    
   2.22100019       1.06685460    
   2.22200012       1.06592798    
   2.22300005       1.06499720    
   2.22400022       1.06407368    
   2.22500014       1.06314600    
   2.22600007       1.06222582    
   2.22700000       1.06130159    
   2.22800016       1.06038487    
   2.22900009       1.05946434    
   2.23000002       1.05855131    
   2.23100019       1.05763459    
   2.23200011       1.05672550    
   2.23300004       1.05581284    
   2.23400021       1.05490792    
   2.23500013       1.05399942    
   2.23600006       1.05309880    
   2.23699999       1.05219471    
   2.23800015       1.05129850    
   2.23900008       1.05039907    
   2.24000001       1.04950750    
   2.24100018       1.04861271    
   2.24200010       1.04772604    
   2.24300003       1.04683626    
   2.24400020       1.04595447    
   2.24500012       1.04506969    
   2.24600005       1.04419303    
   2.24700022       1.04331362    
   2.24800014       1.04244220    
   2.24900007       1.04156816    
   2.25000000       1.04070210    
   2.25100017       1.03983355    
   2.25200009       1.03897309    
   2.25300002       1.03811026    
   2.25400019       1.03725553    
   2.25500011       1.03639829    
   2.25600004       1.03554940    
   2.25700021       1.03469825    
   2.25800014       1.03385520    
   2.25900006       1.03301001    
   2.25999999       1.03217316    
   2.26100016       1.03133404    
   2.26200008       1.03050327    
   2.26300001       1.02967048    
   2.26400018       1.02884603    
   2.26500010       1.02801955    
   2.26600003       1.02720153    
   2.26700020       1.02638149    
   2.26800013       1.02556992    
   2.26900005       1.02475643    
   2.27000022       1.02395141    
   2.27100015       1.02314460    
   2.27200007       1.02234626    
   2.27300000       1.02154624    
   2.27400017       1.02075469    
   2.27500010       1.01996136    
   2.27600002       1.01917660    
   2.27700019       1.01839030    
   2.27800012       1.01761234    
   2.27900004       1.01683307    
   2.28000021       1.01606214    
   2.28100014       1.01528990    
   2.28200006       1.01452601    
   2.28299999       1.01376081    
   2.28400016       1.01300406    
   2.28500009       1.01224613    
   2.28600001       1.01149654    
   2.28700018       1.01074576    
   2.28800011       1.01000345    
   2.28900003       1.00925994    
   2.29000020       1.00852489    
   2.29100013       1.00778878    
   2.29200006       1.00706112    
   2.29300022       1.00633228    
   2.29400015       1.00561202    
   2.29500008       1.00489068    
   2.29600000       1.00417793    
   2.29700017       1.00346398    
   2.29800010       1.00275862    
   2.29900002       1.00205231    
   2.30000019       1.00135446    
   2.30100012       1.00065577    
   2.30200005      0.999965429    
   2.30300021      0.999274254    
   2.30400014      0.998591542    
   2.30500007      0.997908056    
   2.30599999      0.997232914    
   2.30700016      0.996557057    
   2.30800009      0.995889544    
   2.30900002      0.995221376    
   2.31000018      0.994561553    
   2.31100011      0.993901074    
   2.31200004      0.993248940    
   2.31300020      0.992596209    
   2.31400013      0.991951704    
   2.31500006      0.991306782    
   2.31600022      0.990670025    
   2.31700015      0.990032792    
   2.31800008      0.989403784    
   2.31900001      0.988774359    
   2.32000017      0.988153100    
   2.32100010      0.987531424    
   2.32200003      0.986917913    
   2.32300019      0.986304045    
   2.32400012      0.985698283    
   2.32500005      0.985092282    
   2.32600021      0.984494269    
   2.32700014      0.983896017    
   2.32800007      0.983305812    
   2.32900000      0.982715368    
   2.33000016      0.982132971    
   2.33100009      0.981550276    
   2.33200002      0.980975628    
   2.33300018      0.980400860    
   2.33400011      0.979833961    
   2.33500004      0.979266942    
   2.33600020      0.978707790    
   2.33700013      0.978148580    
   2.33800006      0.977597296    
   2.33900023      0.977045834    
   2.34000015      0.976502299    
   2.34100008      0.975958645    
   2.34200001      0.975422800    
   2.34300017      0.974886954    
   2.34400010      0.974358857    
   2.34500003      0.973830819    
   2.34600019      0.973310411    
   2.34700012      0.972790122    
   2.34800005      0.972277462    
   2.34900022      0.971764863    
   2.35000014      0.971259952    
   2.35100007      0.970755100    
   2.35200000      0.970257759    
   2.35300016      0.969760716    
   2.35400009      0.969271123    
   2.35500002      0.968781650    
   2.35600019      0.968299747    
   2.35700011      0.967817962    
   2.35800004      0.967343688    
   2.35900021      0.966869593    
   2.36000013      0.966402829    
   2.36100006      0.965936422    
   2.36200023      0.965477347    
   2.36300015      0.965018511    
   2.36400008      0.964567006    
   2.36500001      0.964115739    
   2.36600018      0.963671803    
   2.36700010      0.963228106    
   2.36800003      0.962791622    
   2.36900020      0.962355494    
   2.37000012      0.961926520    
   2.37100005      0.961497903    
   2.37200022      0.961076498    
   2.37300014      0.960655272    
   2.37400007      0.960241199    
   2.37500000      0.959827602    
   2.37600017      0.959421098    
   2.37700009      0.959014773    
   2.37800002      0.958615541    
   2.37900019      0.958216727    
   2.38000011      0.957824826    
   2.38100004      0.957433462    
   2.38200021      0.957048893    
   2.38300014      0.956664801    
   2.38400006      0.956287622    
   2.38500023      0.955910802    
   2.38600016      0.955540836    
   2.38700008      0.955171347    
   2.38800001      0.954808652    
   2.38900018      0.954446375    
   2.39000010      0.954090834    
   2.39100003      0.953735888    
   2.39200020      0.953387558    
   2.39300013      0.953039646    
   2.39400005      0.952698588    
   2.39500022      0.952357769    
   2.39600015      0.952023804    
   2.39700007      0.951690137    
   2.39800000      0.951363146    
   2.39900017      0.951036632    
   2.40000010      0.950716674    
   2.40100002      0.950397193    
   2.40200019      0.950084329    
   2.40300012      0.949771762    
   2.40400004      0.949465871    
   2.40500021      0.949160337    
   2.40600014      0.948861361    
   2.40700006      0.948562741    
   2.40800023      0.948270559    
   2.40900016      0.947978973    
   2.41000009      0.947693646    
   2.41100001      0.947408855    
   2.41200018      0.947130442    
   2.41300011      0.946852446    
   2.41400003      0.946580768    
   2.41500020      0.946309566    
   2.41600013      0.946044624    
   2.41700006      0.945780158    
   2.41800022      0.945522010    
   2.41900015      0.945264220    
   2.42000008      0.945012689    
   2.42100000      0.944761634    
   2.42200017      0.944516659    
   2.42300010      0.944272280    
   2.42400002      0.944034040    
   2.42500019      0.943796098    
   2.42600012      0.943564415    
   2.42700005      0.943333030    
   2.42800021      0.943107784    
   2.42900014      0.942883015    
   2.43000007      0.942664325    
   2.43100023      0.942445934    
   2.43200016      0.942233741    
   2.43300009      0.942021728    
   2.43400002      0.941815913    
   2.43500018      0.941610336    
   2.43600011      0.941410840    
   2.43700004      0.941211700    
   2.43800020      0.941018403    
   2.43900013      0.940825582    
   2.44000006      0.940638661    
   2.44100022      0.940452039    
   2.44200015      0.940271139    
   2.44300008      0.940091014    
   2.44400001      0.939916372    
   2.44500017      0.939742267    
   2.44600010      0.939573765    
   2.44700003      0.939405918    
   2.44800019      0.939243615    
   2.44900012      0.939081788    
   2.45000005      0.938925564    
   2.45100021      0.938769698    
   2.45200014      0.938619554    
   2.45300007      0.938469768    
   2.45400023      0.938325584    
   2.45500016      0.938181818    
   2.45600009      0.938043535    
   2.45700002      0.937905729    
   2.45800018      0.937773466    
   2.45900011      0.937641442    
   2.46000004      0.937515020    
   2.46100020      0.937388957    
   2.46200013      0.937268257    
   2.46300006      0.937148035    
   2.46400023      0.937033176    
   2.46500015      0.936918736    
   2.46600008      0.936809599    
   2.46700001      0.936700821    
   2.46800017      0.936597466    
   2.46900010      0.936494410    
   2.47000003      0.936396718    
   2.47100019      0.936299384    
   2.47200012      0.936207235    
   2.47300005      0.936115503    
   2.47400022      0.936028838    
   2.47500014      0.935942769    
   2.47600007      0.935861766    
   2.47700024      0.935781121    
   2.47800016      0.935705602    
   2.47900009      0.935630500    
   2.48000002      0.935560465    
   2.48100019      0.935490727    
   2.48200011      0.935426116    
   2.48300004      0.935361803    
   2.48400021      0.935302556    
   2.48500013      0.935243607    
   2.48600006      0.935189724    
   2.48700023      0.935136139    
   2.48800015      0.935087383    
   2.48900008      0.935039222    
   2.49000001      0.934995830    
   2.49100018      0.934952736    
   2.49200010      0.934914649    
   2.49300003      0.934876800    
   2.49400020      0.934843779    
   2.49500012      0.934811175    
   2.49600005      0.934783161    
   2.49700022      0.934755683    
   2.49800014      0.934732795    
   2.49900007      0.934710443    
   2.50000000      0.934692621    
   2.50100017      0.934675276    
   2.50200009      0.934662580    
   2.50300002      0.934650183    
   2.50400019      0.934642196    
   2.50500011      0.934634924    
   2.50600004      0.934631944    
   2.50700021      0.934629619    
   2.50800014      0.934631586    
   2.50900006      0.934633970    
   2.51000023      0.934640765    
   2.51100016      0.934648037    
   2.51200008      0.934659719    
   2.51300001      0.934671760    
   2.51400018      0.934688151    
   2.51500010      0.934705019    
   2.51600003      0.934726059    
   2.51700020      0.934747636    
   2.51800013      0.934773445    
   2.51900005      0.934799731    
   2.52000022      0.934830129    
   2.52100015      0.934861064    
   2.52200007      0.934895992    
   2.52300000      0.934931576    
   2.52400017      0.934971154    
   2.52500010      0.935011208    
   2.52600002      0.935055256    
   2.52700019      0.935099959    
   2.52800012      0.935148358    
   2.52900004      0.935197532    
   2.53000021      0.935250640    
   2.53100014      0.935304105    
   2.53200006      0.935361445    
   2.53300023      0.935419500    
   2.53400016      0.935481250    
   2.53500009      0.935543597    
   2.53600001      0.935609698    
   2.53700018      0.935676336    
   2.53800011      0.935746729    
   2.53900003      0.935817599    
   2.54000020      0.935892344    
   2.54100013      0.935967386    
   2.54200006      0.936046183    
   2.54300022      0.936125636    
   2.54400015      0.936208606    
   2.54500008      0.936292171    
   2.54600000      0.936379313    
   2.54700017      0.936466932    
   2.54800010      0.936558068    
   2.54900002      0.936649978    
   2.55000019      0.936745107    
   2.55100012      0.936841011    
   2.55200005      0.936940312    
   2.55300021      0.937040150    
   2.55400014      0.937143445    
   2.55500007      0.937247217    
   2.55600023      0.937354326    
   2.55700016      0.937462151    
   2.55800009      0.937573195    
   2.55900002      0.937684894    
   2.56000018      0.937799692    
   2.56100011      0.937915266    
   2.56200004      0.938034117    
   2.56300020      0.938153327    
   2.56400013      0.938275933    
   2.56500006      0.938398957    
   2.56600022      0.938525081    
   2.56700015      0.938652039    
   2.56800008      0.938781857    
   2.56900001      0.938912511    
   2.57000017      0.939046264    
   2.57100010      0.939180374    
   2.57200003      0.939317584    
   2.57300019      0.939455450    
   2.57400012      0.939596176    
   2.57500005      0.939737737    
   2.57600021      0.939881921    
   2.57700014      0.940027058    
   2.57800007      0.940174818    
   2.57900023      0.940323412    
   2.58000016      0.940474749    
   2.58100009      0.940626740    
   2.58200002      0.940781653    
   2.58300018      0.940936923    
   2.58400011      0.941095114    
   2.58500004      0.941253901    
   2.58600020      0.941415489    
   2.58700013      0.941577554    
   2.58800006      0.941742361    
   2.58900023      0.941907942    
   2.59000015      0.942076147    
   2.59100008      0.942244828    
   2.59200001      0.942416310    
   2.59300017      0.942588210    
   2.59400010      0.942762911    
   2.59500003      0.942937970    
   2.59600019      0.943115830    
   2.59700012      0.943294108    
   2.59800005      0.943475068    
   2.59900022      0.943656504    
   2.60000014      0.943840623    
   2.60100007      0.944025099    
   2.60200024      0.944212139    
   2.60300016      0.944399834    
   2.60400009      0.944590092    
   2.60500002      0.944780529    
   2.60600019      0.944973469    
   2.60700011      0.945167303    
   2.60800004      0.945363164    
   2.60900021      0.945559800    
   2.61000013      0.945758879    
   2.61100006      0.945958197    
   2.61200023      0.946159899    
   2.61300015      0.946362376    
   2.61400008      0.946566999    
   2.61500001      0.946772158    
   2.61600018      0.946979582    
   2.61700010      0.947187483    
   2.61800003      0.947397649    
   2.61900020      0.947608352    
   2.62000012      0.947821140    
   2.62100005      0.948034704    
   2.62200022      0.948250234    
   2.62300014      0.948466361    
   2.62400007      0.948684394    
   2.62500024      0.948903263    
   2.62600017      0.949124098    
   2.62700009      0.949345410    
   2.62800002      0.949568748    
   2.62900019      0.949792743    
   2.63000011      0.950018525    
   2.63100004      0.950245142    
   2.63200021      0.950473607    
   2.63300014      0.950702429    
   2.63400006      0.950933337    
   2.63500023      0.951164722    
   2.63600016      0.951397955    
   2.63700008      0.951631784    
   2.63800001      0.951867461    
   2.63900018      0.952103615    
   2.64000010      0.952341616    
   2.64100003      0.952580154    
   2.64200020      0.952820420    
   2.64300013      0.953061283    
   2.64400005      0.953303874    
   2.64500022      0.953547001    
   2.64600015      0.953791857    
   2.64700007      0.954037130    
   2.64800024      0.954284132    
   2.64900017      0.954531670    
   2.65000010      0.954780817    
   2.65100002      0.955030501    
   2.65200019      0.955281794    
   2.65300012      0.955533564    
   2.65400004      0.955787003    
   2.65500021      0.956040800    
   2.65600014      0.956296265    
   2.65700006      0.956552148    
   2.65800023      0.956809640    
   2.65900016      0.957067490    
   2.66000009      0.957326889    
   2.66100001      0.957586765    
   2.66200018      0.957848132    
   2.66300011      0.958109915    
   2.66400003      0.958373129    
   2.66500020      0.958636761    
   2.66600013      0.958901942    
   2.66700006      0.959167421    
   2.66800022      0.959434390    
   2.66900015      0.959701717    
   2.67000008      0.959970474    
   2.67100024      0.960239530    
   2.67200017      0.960510015    
   2.67300010      0.960780859    
   2.67400002      0.961053014    
   2.67500019      0.961325526    
   2.67600012      0.961599410    
   2.67700005      0.961873591    
   2.67800021      0.962149143    
   2.67900014      0.962424934    
   2.68000007      0.962702036    
   2.68100023      0.962979436    
   2.68200016      0.963258088    
   2.68300009      0.963537037    
   2.68400002      0.963817179    
   2.68500018      0.964097679    
   2.68600011      0.964379311    
   2.68700004      0.964661300    
   2.68800020      0.964944363    
   2.68900013      0.965227783    
   2.69000006      0.965512216    
   2.69100022      0.965797067    
   2.69200015      0.966082931    
   2.69300008      0.966369033    
   2.69400024      0.966656268    
   2.69500017      0.966943741    
   2.69600010      0.967232227    
   2.69700003      0.967520952    
   2.69800019      0.967810690    
   2.69900012      0.968100727    
   2.70000005      0.968391716    
   2.70100021      0.968682885    
   2.70200014      0.968975008    
   2.70300007      0.969267428    
   2.70400023      0.969560623    
   2.70500016      0.969854236    
   2.70600009      0.970148563    
   2.70700002      0.970443189    
   2.70800018      0.970738590    
   2.70900011      0.971034288    
   2.71000004      0.971330702    
   2.71100020      0.971627414    
   2.71200013      0.971924841    
   2.71300006      0.972222507    
   2.71400023      0.972520888    
   2.71500015      0.972819507    
   2.71600008      0.973118782    
   2.71700025      0.973418236    
   2.71800017      0.973718464    
   2.71900010      0.974018812    
   2.72000003      0.974319816    
   2.72100019      0.974620998    
   2.72200012      0.974922776    
   2.72300005      0.975224793    
   2.72400022      0.975527346    
   2.72500014      0.975830078    
   2.72600007      0.976133287    
   2.72700024      0.976436794    
   2.72800016      0.976740718    
   2.72900009      0.977044761    
   2.73000002      0.977349401    
   2.73100019      0.977654099    
   2.73200011      0.977959275    
   2.73300004      0.978264570    
   2.73400021      0.978570342    
   2.73500013      0.978876173    
   2.73600006      0.979182482    
   2.73700023      0.979488790    
   2.73800015      0.979795575    
   2.73900008      0.980102360    
   2.74000025      0.980409622    
   2.74100018      0.980716825    
   2.74200010      0.981024504    
   2.74300003      0.981332123    
   2.74400020      0.981640160    
   2.74500012      0.981948078    
   2.74600005      0.982256472    
   2.74700022      0.982564688    
   2.74800014      0.982873380    
   2.74900007      0.983181894    
   2.75000024      0.983490825    
   2.75100017      0.983799577    
   2.75200009      0.984108686    
   2.75300002      0.984417617    
   2.75400019      0.984726906    
   2.75500011      0.985036075    
   2.75600004      0.985345423    
   2.75700021      0.985654652    
   2.75800014      0.985964119    
   2.75900006      0.986273468    
   2.76000023      0.986582994    
   2.76100016      0.986892343    
   2.76200008      0.987201869    
   2.76300025      0.987511218    
   2.76400018      0.987820745    
   2.76500010      0.988130033    
   2.76600003      0.988439441    
   2.76700020      0.988748670    
   2.76800013      0.989058018    
   2.76900005      0.989367068    
   2.77000022      0.989676237    
   2.77100015      0.989985168    
   2.77200007      0.990294158    
   2.77300024      0.990602851    
   2.77400017      0.990911603    
   2.77500010      0.991220057    
   2.77600002      0.991528511    
   2.77700019      0.991836727    
   2.77800012      0.992144883    
   2.77900004      0.992452741    
   2.78000021      0.992760539    
   2.78100014      0.993067980    
   2.78200006      0.993375361    
   2.78300023      0.993682444    
   2.78400016      0.993989408    
   2.78500009      0.994296074    
   2.78600001      0.994602501    
   2.78700018      0.994908690    
   2.78800011      0.995214641    
   2.78900003      0.995520234    
   2.79000020      0.995825589    
   2.79100013      0.996130645    
   2.79200006      0.996435463    
   2.79300022      0.996739805    
   2.79400015      0.997044027    
   2.79500008      0.997347713    
   2.79600024      0.997651219    
   2.79700017      0.997954190    
   2.79800010      0.998257041    
   2.79900002      0.998559296    
   2.80000019      0.998861313    
   2.80100012      0.999162793    
   2.80200005      0.999463975    
   2.80300021      0.999764681    
   2.80400014       1.00006497    
   2.80500007       1.00036478    
   2.80600023       1.00066423    
   2.80700016       1.00096321    
   2.80800009       1.00126171    
   2.80900002       1.00155962    
   2.81000018       1.00185716    
   2.81100011       1.00215423    
   2.81200004       1.00245070    
   2.81300020       1.00274658    
   2.81400013       1.00304210    
   2.81500006       1.00333703    
   2.81600022       1.00363135    
   2.81700015       1.00392509    
   2.81800008       1.00421834    
   2.81900024       1.00451088    
   2.82000017       1.00480294    
   2.82100010       1.00509429    
   2.82200003       1.00538504    
   2.82300019       1.00567520    
   2.82400012       1.00596476    
   2.82500005       1.00625360    
   2.82600021       1.00654185    
   2.82700014       1.00682926    
   2.82800007       1.00711620    
   2.82900023       1.00740230    
   2.83000016       1.00768781    
   2.83100009       1.00797248    
   2.83200002       1.00825655    
   2.83300018       1.00853980    
   2.83400011       1.00882244    
   2.83500004       1.00910413    
   2.83600020       1.00938523    
   2.83700013       1.00966537    
   2.83800006       1.00994492    
   2.83900023       1.01022351    
   2.84000015       1.01050138    
   2.84100008       1.01077831    
   2.84200025       1.01105452    
   2.84300017       1.01132989    
   2.84400010       1.01160443    
   2.84500003       1.01187801    
   2.84600019       1.01215076    
   2.84700012       1.01242256    
   2.84800005       1.01269364    
   2.84900022       1.01296365    
   2.85000014       1.01323283    
   2.85100007       1.01350093    
   2.85200024       1.01376832    
   2.85300016       1.01403451    
   2.85400009       1.01429999    
   2.85500002       1.01456439    
   2.85600019       1.01482785    
   2.85700011       1.01509023    
   2.85800004       1.01535165    
   2.85900021       1.01561201    
   2.86000013       1.01587152    
   2.86100006       1.01612973    
   2.86200023       1.01638710    
   2.86300015       1.01664329    
   2.86400008       1.01689851    
   2.86500025       1.01715255    
   2.86600018       1.01740563    
   2.86700010       1.01765752    
   2.86800003       1.01790833    
   2.86900020       1.01815796    
   2.87000012       1.01840663    
   2.87100005       1.01865387    
   2.87200022       1.01890028    
   2.87300014       1.01914525    
   2.87400007       1.01938927    
   2.87500024       1.01963186    
   2.87600017       1.01987350    
   2.87700009       1.02011371    
   2.87800002       1.02035296    
   2.87900019       1.02059078    
   2.88000011       1.02082753    
   2.88100004       1.02106285    
   2.88200021       1.02129698    
   2.88300014       1.02152979    
   2.88400006       1.02176154    
   2.88500023       1.02199161    
   2.88600016       1.02222073    
   2.88700008       1.02244830    
   2.88800025       1.02267480    
   2.88900018       1.02289975    
   2.89000010       1.02312350    
   2.89100003       1.02334571    
   2.89200020       1.02356684    
   2.89300013       1.02378631    
   2.89400005       1.02400470    
   2.89500022       1.02422130    
   2.89600015       1.02443683    
   2.89700007       1.02465069    
   2.89800024       1.02486348    
   2.89900017       1.02507448    
   2.90000010       1.02528429    
   2.90100002       1.02549243    
   2.90200019       1.02569926    
   2.90300012       1.02590442    
   2.90400004       1.02610838    
   2.90500021       1.02631056    
   2.90600014       1.02651155    
   2.90700006       1.02671063    
   2.90800023       1.02690864    
   2.90900016       1.02710462    
   2.91000009       1.02729952    
   2.91100025       1.02749252    
   2.91200018       1.02768421    
   2.91300011       1.02787399    
   2.91400003       1.02806258    
   2.91500020       1.02824926    
   2.91600013       1.02843463    
   2.91700006       1.02861810    
   2.91800022       1.02880025    
   2.91900015       1.02898049    
   2.92000008       1.02915931    
   2.92100024       1.02933621    
   2.92200017       1.02951181    
   2.92300010       1.02968550    
   2.92400002       1.02985764    
   2.92500019       1.03002787    
   2.92600012       1.03019667    
   2.92700005       1.03036356    
   2.92800021       1.03052902    
   2.92900014       1.03069234    
   2.93000007       1.03085434    
   2.93100023       1.03101432    
   2.93200016       1.03117287    
   2.93300009       1.03132927    
   2.93400025       1.03148425    
   2.93500018       1.03163707    
   2.93600011       1.03178859    
   2.93700004       1.03193796    
   2.93800020       1.03208578    
   2.93900013       1.03223145    
   2.94000006       1.03237581    
   2.94100022       1.03251791    
   2.94200015       1.03265858    
   2.94300008       1.03279698    
   2.94400024       1.03293395    
   2.94500017       1.03306866    
   2.94600010       1.03320193    
   2.94700003       1.03333294    
   2.94800019       1.03346241    
   2.94900012       1.03358972    
   2.95000005       1.03371549    
   2.95100021       1.03383899    
   2.95200014       1.03396094    
   2.95300007       1.03408062    
   2.95400023       1.03419876    
   2.95500016       1.03431463    
   2.95600009       1.03442895    
   2.95700026       1.03454101    
   2.95800018       1.03465140    
   2.95900011       1.03475952    
   2.96000004       1.03486621    
   2.96100020       1.03497040    
   2.96200013       1.03507304    
   2.96300006       1.03517330    
   2.96400023       1.03527212    
   2.96500015       1.03536844    
   2.96600008       1.03546321    
   2.96700025       1.03555560    
   2.96800017       1.03564632    
   2.96900010       1.03573477    
   2.97000003       1.03582156    
   2.97100019       1.03590596    
   2.97200012       1.03598881    
   2.97300005       1.03606915    
   2.97400022       1.03614795    
   2.97500014       1.03622413    
   2.97600007       1.03629899    
   2.97700024       1.03637123    
   2.97800016       1.03644192    
   2.97900009       1.03650999    
   2.98000026       1.03657675    
   2.98100019       1.03664076    
   2.98200011       1.03670335    
   2.98300004       1.03676331    
   2.98400021       1.03682172    
   2.98500013       1.03687763    
   2.98600006       1.03693187    
   2.98700023       1.03698361    
   2.98800015       1.03703392    
   2.98900008       1.03708148    
   2.99000025       1.03712761    
   2.99100018       1.03717113    
   2.99200010       1.03721309    
   2.99300003       1.03725243    
   2.99400020       1.03729022    
   2.99500012       1.03732538    
   2.99600005       1.03735912    
   2.99700022       1.03739011    
   2.99800014       1.03741968    
   2.99900007       1.03744662    
   3.00000024       1.03747201    
   3.00100017       1.03749466    
   3.00200009       1.03751588    
   3.00300026       1.03753448    
   3.00400019       1.03755164    
   3.00500011       1.03756607    
   3.00600004       1.03757894    
   3.00700021       1.03758919    
   3.00800014       1.03759813    
   3.00900006       1.03760421    
   3.01000023       1.03760886    
   3.01100016       1.03761077    
   3.01200008       1.03761137    
   3.01300025       1.03760922    
   3.01400018       1.03760564    
   3.01500010       1.03759933    
   3.01600003       1.03759170    
   3.01700020       1.03758121    
   3.01800013       1.03756940    
   3.01900005       1.03755486    
   3.02000022       1.03753901    
   3.02100015       1.03752029    
   3.02200007       1.03750038    
   3.02300024       1.03747761    
   3.02400017       1.03745353    
   3.02500010       1.03742683    
   3.02600026       1.03739870    
   3.02700019       1.03736782    
   3.02800012       1.03733575    
   3.02900004       1.03730083    
   3.03000021       1.03726470    
   3.03100014       1.03722572    
   3.03200006       1.03718555    
   3.03300023       1.03714263    
   3.03400016       1.03709853    
   3.03500009       1.03705156    
   3.03600025       1.03700352    
   3.03700018       1.03695261    
   3.03800011       1.03690064    
   3.03900003       1.03684580    
   3.04000020       1.03678989    
   3.04100013       1.03673124    
   3.04200006       1.03667140    
   3.04300022       1.03660882    
   3.04400015       1.03654504    
   3.04500008       1.03647864    
   3.04600024       1.03641105    
   3.04700017       1.03634083    
   3.04800010       1.03626955    
   3.04900026       1.03619540    
   3.05000019       1.03612030    
   3.05100012       1.03604245    
   3.05200005       1.03596365    
   3.05300021       1.03588212    
   3.05400014       1.03579950    
   3.05500007       1.03571427    
   3.05600023       1.03562796    
   3.05700016       1.03553903    
   3.05800009       1.03544927    
   3.05900025       1.03535664    
   3.06000018       1.03526318    
   3.06100011       1.03516698    
   3.06200004       1.03506994    
   3.06300020       1.03497028    
   3.06400013       1.03486979    
   3.06500006       1.03476655    
   3.06600022       1.03466249    
   3.06700015       1.03455567    
   3.06800008       1.03444839    
   3.06900024       1.03433812    
   3.07000017       1.03422725    
   3.07100010       1.03411376    
   3.07200003       1.03399956    
   3.07300019       1.03388262    
   3.07400012       1.03376508    
   3.07500005       1.03364491    
   3.07600021       1.03352416    
   3.07700014       1.03340065    
   3.07800007       1.03327668    
   3.07900023       1.03315008    
   3.08000016       1.03302288    
   3.08100009       1.03289306    
   3.08200026       1.03276277    
   3.08300018       1.03262985    
   3.08400011       1.03249645    
   3.08500004       1.03236043    
   3.08600020       1.03222406    
   3.08700013       1.03208506    
   3.08800006       1.03194571    
   3.08900023       1.03180373    
   3.09000015       1.03166139    
   3.09100008       1.03151655    
   3.09200025       1.03137136    
   3.09300017       1.03122365    
   3.09400010       1.03107572    
   3.09500003       1.03092515    
   3.09600019       1.03077447    
   3.09700012       1.03062117    
   3.09800005       1.03046763    
   3.09900022       1.03031170    
   3.10000014       1.03015566    
   3.10100007       1.02999699    
   3.10200024       1.02983832    
   3.10300016       1.02967715    
   3.10400009       1.02951598    
   3.10500026       1.02935219    
   3.10600019       1.02918851    
   3.10700011       1.02902222    
   3.10800004       1.02885616    
   3.10900021       1.02868760    
   3.11000013       1.02851903    
   3.11100006       1.02834809    
   3.11200023       1.02817726    
   3.11300015       1.02800405    
   3.11400008       1.02783108    
   3.11500025       1.02765560    
   3.11600018       1.02748036    
   3.11700010       1.02730274    
   3.11800003       1.02712536    
   3.11900020       1.02694571    
   3.12000012       1.02676606    
   3.12100005       1.02658439    
   3.12200022       1.02640295    
   3.12300014       1.02621913    
   3.12400007       1.02603579    
   3.12500024       1.02585018    
   3.12600017       1.02566469    
   3.12700009       1.02547717    
   3.12800026       1.02529001    
   3.12900019       1.02510071    
   3.13000011       1.02491176    
   3.13100004       1.02472067    
   3.13200021       1.02453005    
   3.13300014       1.02433729    
   3.13400006       1.02414501    
   3.13500023       1.02395058    
   3.13600016       1.02375674    
   3.13700008       1.02356076    
   3.13800025       1.02336550    
   3.13900018       1.02316797    
   3.14000010       1.02297115    
   3.14100003       1.02277231    
   3.14200020       1.02257419    
   3.14300013       1.02237380    
   3.14400005       1.02217424    
   3.14500022       1.02197266    
   3.14600015       1.02177191    
   3.14700007       1.02156901    
   3.14800024       1.02136707    
   3.14900017       1.02116299    
   3.15000010       1.02095985    
   3.15100026       1.02075469    
   3.15200019       1.02055049    
   3.15300012       1.02034426    
   3.15400004       1.02013886    
   3.15500021       1.01993167    
   3.15600014       1.01972544    
   3.15700006       1.01951718    
   3.15800023       1.01931012    
   3.15900016       1.01910090    
   3.16000009       1.01889300    
   3.16100025       1.01868308    
   3.16200018       1.01847434    
   3.16300011       1.01826358    
   3.16400003       1.01805413    
   3.16500020       1.01784277    
   3.16600013       1.01763248    
   3.16700006       1.01742041    
   3.16800022       1.01720965    
   3.16900015       1.01699710    
   3.17000008       1.01678574    
   3.17100024       1.01657248    
   3.17200017       1.01636064    
   3.17300010       1.01614702    
   3.17400026       1.01593482    
   3.17500019       1.01572073    
   3.17600012       1.01550806    
   3.17700005       1.01529360    
   3.17800021       1.01508069    
   3.17900014       1.01486588    
   3.18000007       1.01465261    
   3.18100023       1.01443768    
   3.18200016       1.01422429    
   3.18300009       1.01400912    
   3.18400025       1.01379550    
   3.18500018       1.01358020    
   3.18600011       1.01336646    
   3.18700004       1.01315105    
   3.18800020       1.01293731    
   3.18900013       1.01272190    
   3.19000006       1.01250815    
   3.19100022       1.01229274    
   3.19200015       1.01207900    
   3.19300008       1.01186371    
   3.19400024       1.01165020    
   3.19500017       1.01143491    
   3.19600010       1.01122153    
   3.19700027       1.01100659    
   3.19800019       1.01079333    
   3.19900012       1.01057851    
   3.20000005       1.01036561    
   3.20100021       1.01015115    
   3.20200014       1.00993848    
   3.20300007       1.00972438    
   3.20400023       1.00951207    
   3.20500016       1.00929832    
   3.20600009       1.00908637    
   3.20700026       1.00887311    
   3.20800018       1.00866175    
   3.20900011       1.00844884    
   3.21000004       1.00823796    
   3.21100020       1.00802565    
   3.21200013       1.00781536    
   3.21300006       1.00760353    
   3.21400023       1.00739384    
   3.21500015       1.00718272    
   3.21600008       1.00697362    
   3.21700025       1.00676310    
   3.21800017       1.00655484    
   3.21900010       1.00634503    
   3.22000027       1.00613737    
   3.22100019       1.00592840    
   3.22200012       1.00572157    
   3.22300005       1.00551331    
   3.22400022       1.00530732    
   3.22500014       1.00509989    
   3.22600007       1.00489473    
   3.22700024       1.00468826    
   3.22800016       1.00448406    
   3.22900009       1.00427854    
   3.23000026       1.00407529    
   3.23100019       1.00387061    
   3.23200011       1.00366831    
   3.23300004       1.00346482    
   3.23400021       1.00326347    
   3.23500013       1.00306094    
   3.23600006       1.00286078    
   3.23700023       1.00265932    
   3.23800015       1.00246024    
   3.23900008       1.00225985    
   3.24000025       1.00206196    
   3.24100018       1.00186276    
   3.24200010       1.00166607    
   3.24300027       1.00146806    
   3.24400020       1.00127256    
   3.24500012       1.00107586    
   3.24600005       1.00088155    
   3.24700022       1.00068605    
   3.24800014       1.00049317    
   3.24900007       1.00029898    
   3.25000024       1.00010729    
   3.25100017      0.999914467    
   3.25200009      0.999724209    
   3.25300026      0.999532759    
   3.25400019      0.999343812    
   3.25500011      0.999153793    
   3.25600004      0.998966277    
   3.25700021      0.998777688    
   3.25800014      0.998591661    
   3.25900006      0.998404503    
   3.26000023      0.998219967    
   3.26100016      0.998034298    
   3.26200008      0.997851312    
   3.26300025      0.997667134    
   3.26400018      0.997485697    
   3.26500010      0.997303069    
   3.26600027      0.997123241    
   3.26700020      0.996942163    
   3.26800013      0.996763945    
   3.26900005      0.996584475    
   3.27000022      0.996407866    
   3.27100015      0.996230066    
   3.27200007      0.996055126    
   3.27300024      0.995878935    
   3.27400017      0.995705664    
   3.27500010      0.995531201    
   3.27600026      0.995359659    
   3.27700019      0.995186865    
   3.27800012      0.995017052    
   3.27900004      0.994846046    
   3.28000021      0.994677961    
   3.28100014      0.994508684    
   3.28200006      0.994342446    
   3.28300023      0.994174957    
   3.28400016      0.994010448    
   3.28500009      0.993844748    
   3.28600025      0.993682086    
   3.28700018      0.993518233    
   3.28800011      0.993357420    
   3.28900027      0.993195415    
   3.29000020      0.993036449    
   3.29100013      0.992876291    
   3.29200006      0.992719233    
   3.29300022      0.992560983    
   3.29400015      0.992405832    
   3.29500008      0.992249429    
   3.29600024      0.992096186    
   3.29700017      0.991941750    
   3.29800010      0.991790473    
   3.29900026      0.991637945    
   3.30000019      0.991488636    
   3.30100012      0.991338015    
   3.30200005      0.991190672    
   3.30300021      0.991042078    
   3.30400014      0.990896761    
   3.30500007      0.990750134    
   3.30600023      0.990606785    
   3.30700016      0.990462124    
   3.30800009      0.990320802    
   3.30900025      0.990178227    
   3.31000018      0.990038872    
   3.31100011      0.989898324    
   3.31200027      0.989761114    
   3.31300020      0.989622593    
   3.31400013      0.989487350    
   3.31500006      0.989350915    
   3.31600022      0.989217758    
   3.31700015      0.989083350    
   3.31800008      0.988952339    
   3.31900024      0.988820016    
   3.32000017      0.988691032    
   3.32100010      0.988560796    
   3.32200027      0.988433957    
   3.32300019      0.988305867    
   3.32400012      0.988181114    
   3.32500005      0.988055110    
   3.32600021      0.987932444    
   3.32700014      0.987808585    
   3.32800007      0.987688065    
   3.32900023      0.987566352    
   3.33000016      0.987447977    
   3.33100009      0.987328351    
   3.33200026      0.987212181    
   3.33300018      0.987094641    
   3.33400011      0.986980617    
   3.33500028      0.986865282    
   3.33600020      0.986753404    
   3.33700013      0.986640215    
   3.33800006      0.986530483    
   3.33900023      0.986419439    
   3.34000015      0.986311972    
   3.34100008      0.986203074    
   3.34200025      0.986097753    
   3.34300017      0.985991001    
   3.34400010      0.985887885    
   3.34500027      0.985783339    
   3.34600019      0.985682428    
   3.34700012      0.985580027    
   3.34800005      0.985481322    
   3.34900022      0.985381067    
   3.35000014      0.985284567    
   3.35100007      0.985186517    
   3.35200024      0.985092223    
   3.35300016      0.984996319    
   3.35400009      0.984904230    
   3.35500026      0.984810591    
   3.35600019      0.984720647    
   3.35700011      0.984629214    
   3.35800028      0.984541476    
   3.35900021      0.984452248    
   3.36000013      0.984366715    
   3.36100006      0.984279633    
   3.36200023      0.984196365    
   3.36300015      0.984111428    
   3.36400008      0.984030366    
   3.36500025      0.983947694    
   3.36600018      0.983868778    
   3.36700010      0.983788311    
   3.36800027      0.983711600    
   3.36900020      0.983633280    
   3.37000012      0.983558774    
   3.37100005      0.983482718    
   3.37200022      0.983410418    
   3.37300014      0.983336508    
   3.37400007      0.983266413    
   3.37500024      0.983194709    
   3.37600017      0.983126760    
   3.37700009      0.983057261    
   3.37800026      0.982991576    
   3.37900019      0.982924223    
   3.38000011      0.982860684    
   3.38100004      0.982795537    
   3.38200021      0.982734203    
   3.38300014      0.982671142    
   3.38400006      0.982612014    
   3.38500023      0.982551217    
   3.38600016      0.982494235    
   3.38700008      0.982435524    
   3.38800025      0.982380748    
   3.38900018      0.982324243    
   3.39000010      0.982271612    
   3.39100027      0.982217252    
   3.39200020      0.982166767    
   3.39300013      0.982114613    
   3.39400005      0.982066274    
   3.39500022      0.982016265    
   3.39600015      0.981970072    
   3.39700007      0.981922150    
   3.39800024      0.981878102    
   3.39900017      0.981832385    
   3.40000010      0.981790483    
   3.40100026      0.981746793    
   3.40200019      0.981707036    
   3.40300012      0.981665492    
   3.40400004      0.981627882    
   3.40500021      0.981588483    
   3.40600014      0.981552899    
   3.40700006      0.981515646    
   3.40800023      0.981482208    
   3.40900016      0.981446981    
   3.41000009      0.981415689    
   3.41100025      0.981382549    
   3.41200018      0.981353283    
   3.41300011      0.981322229    
   3.41400027      0.981295109    
   3.41500020      0.981266081    
   3.41600013      0.981240988    
   3.41700006      0.981214046    
   3.41800022      0.981191039    
   3.41900015      0.981166184    
   3.42000008      0.981145203    
   3.42100024      0.981122375    
   3.42200017      0.981103480    
   3.42300010      0.981082618    
   3.42400026      0.981065750    
   3.42500019      0.981046975    
   3.42600012      0.981032073    
   3.42700005      0.981015325    
   3.42800021      0.981002450    
   3.42900014      0.980987668    
   3.43000007      0.980976820    
   3.43100023      0.980964005    
   3.43200016      0.980955184    
   3.43300009      0.980944335    
   3.43400025      0.980937421    
   3.43500018      0.980928600    
   3.43600011      0.980923653    
   3.43700027      0.980916798    
   3.43800020      0.980913758    
   3.43900013      0.980908871    
   3.44000006      0.980907798    
   3.44100022      0.980904818    
   3.44200015      0.980905652    
   3.44300008      0.980904579    
   3.44400024      0.980907321    
   3.44500017      0.980908155    
   3.44600010      0.980912864    
   3.44700027      0.980915546    
   3.44800019      0.980922103    
   3.44900012      0.980926752    
   3.45000005      0.980935156    
   3.45100021      0.980941594    
   3.45200014      0.980951905    
   3.45300007      0.980960250    
   3.45400023      0.980972350    
   3.45500016      0.980982542    
   3.45600009      0.980996549    
   3.45700026      0.981008470    
   3.45800018      0.981024325    
   3.45900011      0.981038034    
   3.46000028      0.981055677    
   3.46100020      0.981071234    
   3.46200013      0.981090665    
   3.46300006      0.981108010    
   3.46400023      0.981129229    
   3.46500015      0.981148303    
   3.46600008      0.981171310    
   3.46700025      0.981192112    
   3.46800017      0.981216848    
   3.46900010      0.981239438    
   3.47000027      0.981265903    
   3.47100019      0.981290162    
   3.47200012      0.981318355    
   3.47300005      0.981344402    
   3.47400022      0.981374264    
   3.47500014      0.981401920    
   3.47600007      0.981433511    
   3.47700024      0.981462896    
   3.47800016      0.981496155    
   3.47900009      0.981527150    
   3.48000026      0.981562078    
   3.48100019      0.981594741    
   3.48200011      0.981631279    
   3.48300028      0.981665552    
   3.48400021      0.981703758    
   3.48500013      0.981739640    
   3.48600006      0.981779397    
   3.48700023      0.981816888    
   3.48800015      0.981858313    
   3.48900008      0.981897354    
   3.49000025      0.981940329    
   3.49100018      0.981980920    
   3.49200010      0.982025445    
   3.49300027      0.982067585    
   3.49400020      0.982113719    
   3.49500012      0.982157350    
   3.49600005      0.982204974    
   3.49700022      0.982250154    
   3.49800014      0.982299268    
   3.49900007      0.982345939    
   3.50000024      0.982396483    
   3.50100017      0.982444704    
   3.50200009      0.982496798    
   3.50300026      0.982546329    
   3.50400019      0.982599914    
   3.50500011      0.982650936    
   3.50600028      0.982705951    
   3.50700021      0.982758403    
   3.50800014      0.982814789    
   3.50900006      0.982868671    
   3.51000023      0.982926488    
   3.51100016      0.982981741    
   3.51200008      0.983040929    
   3.51300025      0.983097553    
   3.51400018      0.983158171    
   3.51500010      0.983216107    
   3.51600027      0.983277977    
   3.51700020      0.983337343    
   3.51800013      0.983400583    
   3.51900005      0.983461201    
   3.52000022      0.983525753    
   3.52100015      0.983587682    
   3.52200007      0.983653545    
   3.52300024      0.983716786    
   3.52400017      0.983783901    
   3.52500010      0.983848393    
   3.52600026      0.983916759    
   3.52700019      0.983982503    
   3.52800012      0.984052062    
   3.52900028      0.984119058    
   3.53000021      0.984189928    
   3.53100014      0.984258056    
   3.53200006      0.984330058    
   3.53300023      0.984399438    
   3.53400016      0.984472632    
   3.53500009      0.984543204    
   3.53600025      0.984617531    
   3.53700018      0.984689236    
   3.53800011      0.984764755    
   3.53900027      0.984837592    
   3.54000020      0.984914184    
   3.54100013      0.984988153    
   3.54200006      0.985065877    
   3.54300022      0.985140920    
   3.54400015      0.985219717    
   3.54500008      0.985295832    
   3.54600024      0.985375702    
   3.54700017      0.985452890    
   3.54800010      0.985533834    
   3.54900026      0.985612035    
   3.55000019      0.985693991    
   3.55100012      0.985773206    
   3.55200028      0.985856175    
   3.55300021      0.985936403    
   3.55400014      0.986020386    
   3.55500007      0.986101568    
   3.55600023      0.986186504    
   3.55700016      0.986268699    
   3.55800009      0.986354589    
   3.55900025      0.986437678    
   3.56000018      0.986524522    
   3.56100011      0.986608505    
   3.56200027      0.986696303    
   3.56300020      0.986781180    
   3.56400013      0.986869812    
   3.56500006      0.986955583    
   3.56600022      0.987045109    
   3.56700015      0.987131774    
   3.56800008      0.987222135    
   3.56900024      0.987309635    
   3.57000017      0.987400830    
   3.57100010      0.987489164    
   3.57200027      0.987581193    
   3.57300019      0.987670302    
   3.57400012      0.987763107    
   3.57500029      0.987853050    
   3.57600021      0.987946630    
   3.57700014      0.988037288    
   3.57800007      0.988131642    
   3.57900023      0.988223016    
   3.58000016      0.988318086    
   3.58100009      0.988410175    
   3.58200026      0.988506079    
   3.58300018      0.988598824    
   3.58400011      0.988695383    
   3.58500028      0.988788843    
   3.58600020      0.988886058    
   3.58700013      0.988980234    
   3.58800006      0.989078045    
   3.58900023      0.989172876    
   3.59000015      0.989271343    
   3.59100008      0.989366770    
   3.59200025      0.989465892    
   3.59300017      0.989561975    
   3.59400010      0.989661634    
   3.59500027      0.989758253    
   3.59600019      0.989858508    
   3.59700012      0.989955723    
   3.59800029      0.990056515    
   3.59900022      0.990154266    
   3.60000014      0.990255594    
   3.60100007      0.990353882    
   3.60200024      0.990455747    
   3.60300016      0.990554512    
   3.60400009      0.990656853    
   3.60500026      0.990756154    
   3.60600019      0.990858972    
   3.60700011      0.990958691    
   3.60800028      0.991061926    
   3.60900021      0.991162121    
   3.61000013      0.991265833    
   3.61100006      0.991366446    
   3.61200023      0.991470575    
   3.61300015      0.991571546    
   3.61400008      0.991676092    
   3.61500025      0.991777480    
   3.61600018      0.991882384    
   3.61700010      0.991984129    
   3.61800027      0.992089391    
   3.61900020      0.992191434    
   3.62000012      0.992297053    
   3.62100029      0.992399454    
   3.62200022      0.992505431    
   3.62300014      0.992608130    
   3.62400007      0.992714345    
   3.62500024      0.992817342    
   3.62600017      0.992923856    
   3.62700009      0.993027091    
   3.62800026      0.993133843    
   3.62900019      0.993237376    
   3.63000011      0.993344367    
   3.63100028      0.993448079    
   3.63200021      0.993555307    
   3.63300014      0.993659198    
   3.63400006      0.993766606    
   3.63500023      0.993870735    
   3.63600016      0.993978322    
   3.63700008      0.994082630    
   3.63800025      0.994190335    
   3.63900018      0.994294822    
   3.64000010      0.994402647    
   3.64100027      0.994507253    
   3.64200020      0.994615197    
   3.64300013      0.994719923    
   3.64400029      0.994827926    
   3.64500022      0.994932771    
   3.64600015      0.995040894    
   3.64700007      0.995145798    
   3.64800024      0.995253980    
   3.64900017      0.995358884    
   3.65000010      0.995467126    
   3.65100026      0.995572031    
   3.65200019      0.995680273    
   3.65300012      0.995785236    
   3.65400028      0.995893478    
   3.65500021      0.995998442    
   3.65600014      0.996106625    
   3.65700006      0.996211588    
   3.65800023      0.996319771    
   3.65900016      0.996424615    
   3.66000009      0.996532738    
   3.66100025      0.996637583    
   3.66200018      0.996745586    
   3.66300011      0.996850312    
   3.66400027      0.996958256    
   3.66500020      0.997062862    
   3.66600013      0.997170687    
   3.66700006      0.997275174    
   3.66800022      0.997382879    
   3.66900015      0.997487247    
   3.67000008      0.997594774    
   3.67100024      0.997698963    
   3.67200017      0.997806311    
   3.67300010      0.997910321    
   3.67400026      0.998017490    
   3.67500019      0.998121321    
   3.67600012      0.998228312    
   3.67700028      0.998331904    
   3.67800021      0.998438597    
   3.67900014      0.998541951    
   3.68000007      0.998648405    
   3.68100023      0.998751521    
   3.68200016      0.998857737    
   3.68300009      0.998960555    
   3.68400025      0.999066472    
   3.68500018      0.999169052    
   3.68600011      0.999274671    
   3.68700027      0.999376893    
   3.68800020      0.999482155    
   3.68900013      0.999584079    
   3.69000006      0.999689043    
   3.69100022      0.999790609    
   3.69200015      0.999895155    
   3.69300008      0.999996364    
   3.69400024       1.00010061    
   3.69500017       1.00020134    
   3.69600010       1.00030518    
   3.69700027       1.00040555    
   3.69800019       1.00050902    
   3.69900012       1.00060904    
   3.70000029       1.00071192    
   3.70100021       1.00081158    
   3.70200014       1.00091398    
   3.70300007       1.00101316    
   3.70400023       1.00111520    
   3.70500016       1.00121379    
   3.70600009       1.00131536    
   3.70700026       1.00141358    
   3.70800018       1.00151455    
   3.70900011       1.00161219    
   3.71000028       1.00171280    
   3.71100020       1.00180984    
   3.71200013       1.00190985    
   3.71300006       1.00200641    
   3.71400023       1.00210595    
   3.71500015       1.00220191    
   3.71600008       1.00230074    
   3.71700025       1.00239623    
   3.71800017       1.00249445    
   3.71900010       1.00258934    
   3.72000027       1.00268698    
   3.72100019       1.00278127    
   3.72200012       1.00287831    
   3.72300029       1.00297189    
   3.72400022       1.00306833    
   3.72500014       1.00316131    
   3.72600007       1.00325716    
   3.72700024       1.00334942    
   3.72800016       1.00344455    
   3.72900009       1.00353611    
   3.73000026       1.00363052    
   3.73100019       1.00372148    
   3.73200011       1.00381517    
   3.73300028       1.00390542    
   3.73400021       1.00399852    
   3.73500013       1.00408792    
   3.73600006       1.00418031    
   3.73700023       1.00426900    
   3.73800015       1.00436056    
   3.73900008       1.00444853    
   3.74000025       1.00453925    
   3.74100018       1.00462651    
   3.74200010       1.00471652    
   3.74300027       1.00480294    
   3.74400020       1.00489211    
   3.74500012       1.00497782    
   3.74600029       1.00506616    
   3.74700022       1.00515103    
   3.74800014       1.00523853    
   3.74900007       1.00532258    
   3.75000024       1.00540924    
   3.75100017       1.00549245    
   3.75200009       1.00557828    
   3.75300026       1.00566065    
   3.75400019       1.00574565    
   3.75500011       1.00582707    
   3.75600028       1.00591111    
   3.75700021       1.00599170    
   3.75800014       1.00607491    
   3.75900006       1.00615454    
   3.76000023       1.00623679    
   3.76100016       1.00631559    
   3.76200008       1.00639689    
   3.76300025       1.00647473    
   3.76400018       1.00655508    
   3.76500010       1.00663197    
   3.76600027       1.00671148    
   3.76700020       1.00678730    
   3.76800013       1.00686586    
   3.76900029       1.00694084    
   3.77000022       1.00701833    
   3.77100015       1.00709224    
   3.77200007       1.00716877    
   3.77300024       1.00724173    
   3.77400017       1.00731719    
   3.77500010       1.00738919    
   3.77600026       1.00746369    
   3.77700019       1.00753462    
   3.77800012       1.00760806    
   3.77900028       1.00767803    
   3.78000021       1.00775039    
   3.78100014       1.00781929    
   3.78200006       1.00789058    
   3.78300023       1.00795841    
   3.78400016       1.00802875    
   3.78500009       1.00809550    
   3.78600025       1.00816464    
   3.78700018       1.00823033    
   3.78800011       1.00829840    
   3.78900027       1.00836301    
   3.79000020       1.00843000    
   3.79100013       1.00849354    
   3.79200029       1.00855935    
   3.79300022       1.00862169    
   3.79400015       1.00868642    
   3.79500008       1.00874770    
   3.79600024       1.00881135    
   3.79700017       1.00887144    
   3.79800010       1.00893390    
   3.79900026       1.00899291    
   3.80000019       1.00905418    
   3.80100012       1.00911200    
   3.80200028       1.00917220    
   3.80300021       1.00922883    
   3.80400014       1.00928771    
   3.80500007       1.00934327    
   3.80600023       1.00940108    
   3.80700016       1.00945532    
   3.80800009       1.00951183    
   3.80900025       1.00956500    
   3.81000018       1.00962043    
   3.81100011       1.00967228    
   3.81200027       1.00972641    
   3.81300020       1.00977719    
   3.81400013       1.00983000    
   3.81500030       1.00987959    
   3.81600022       1.00993121    
   3.81700015       1.00997949    
   3.81800008       1.01002991    
   3.81900024       1.01007700    
   3.82000017       1.01012611    
   3.82100010       1.01017201    
   3.82200027       1.01021993    
   3.82300019       1.01026452    
   3.82400012       1.01031113    
   3.82500029       1.01035440    
   3.82600021       1.01039970    
   3.82700014       1.01044178    
   3.82800007       1.01048589    
   3.82900023       1.01052666    
   3.83000016       1.01056945    
   3.83100009       1.01060891    
   3.83200026       1.01065052    
   3.83300018       1.01068866    
   3.83400011       1.01072884    
   3.83500028       1.01076579    
   3.83600020       1.01080465    
   3.83700013       1.01084030    
   3.83800030       1.01087785    
   3.83900023       1.01091218    
   3.84000015       1.01094842    
   3.84100008       1.01098144    
   3.84200025       1.01101637    
   3.84300017       1.01104808    
   3.84400010       1.01108170    
   3.84500027       1.01111209    
   3.84600019       1.01114440    
   3.84700012       1.01117337    
   3.84800029       1.01120436    
   3.84900022       1.01123202    
   3.85000014       1.01126170    
   3.85100007       1.01128805    
   3.85200024       1.01131630    
   3.85300016       1.01134133    
   3.85400009       1.01136827    
   3.85500026       1.01139200    
   3.85600019       1.01141751    
   3.85700011       1.01143992    
   3.85800028       1.01146400    
   3.85900021       1.01148510    
   3.86000013       1.01150787    
   3.86100030       1.01152754    
   3.86200023       1.01154900    
   3.86300015       1.01156735    
   3.86400008       1.01158750    
   3.86500025       1.01160443    
   3.86600018       1.01162314    
   3.86700010       1.01163876    
   3.86800027       1.01165605    
   3.86900020       1.01167035    
   3.87000012       1.01168633    
   3.87100029       1.01169920    
   3.87200022       1.01171386    
   3.87300014       1.01172531    
   3.87400007       1.01173854    
   3.87500024       1.01174879    
   3.87600017       1.01176059    
   3.87700009       1.01176941    
   3.87800026       1.01177990    
   3.87900019       1.01178730    
   3.88000011       1.01179647    
   3.88100028       1.01180255    
   3.88200021       1.01181018    
   3.88300014       1.01181495    
   3.88400030       1.01182127    
   3.88500023       1.01182461    
   3.88600016       1.01182961    
   3.88700008       1.01183164    
   3.88800025       1.01183522    
   3.88900018       1.01183581    
   3.89000010       1.01183808    
   3.89100027       1.01183736    
   3.89200020       1.01183820    
   3.89300013       1.01183605    
   3.89400029       1.01183558    
   3.89500022       1.01183212    
   3.89600015       1.01183021    
   3.89700007       1.01182544    
   3.89800024       1.01182222    
   3.89900017       1.01181614    
   3.90000010       1.01181138    
   3.90100026       1.01180387    
   3.90200019       1.01179790    
   3.90300012       1.01178920    
   3.90400028       1.01178181    
   3.90500021       1.01177156    
   3.90600014       1.01176286    
   3.90700030       1.01175141    
   3.90800023       1.01174128    
   3.90900016       1.01172853    
   3.91000009       1.01171708    
   3.91100025       1.01170290    
   3.91200018       1.01169014    
   3.91300011       1.01167464    
   3.91400027       1.01166058    
   3.91500020       1.01164377    
   3.91600013       1.01162839    
   3.91700029       1.01161027    
   3.91800022       1.01159346    
   3.91900015       1.01157403    
   3.92000008       1.01155591    
   3.92100024       1.01153517    
   3.92200017       1.01151586    
   3.92300010       1.01149380    
   3.92400026       1.01147306    
   3.92500019       1.01144969    
   3.92600012       1.01142776    
   3.92700028       1.01140320    
   3.92800021       1.01137984    
   3.92900014       1.01135397    
   3.93000031       1.01132929    
   3.93100023       1.01130223    
   3.93200016       1.01127625    
   3.93300009       1.01124787    
   3.93400025       1.01122069    
   3.93500018       1.01119113    
   3.93600011       1.01116264    
   3.93700027       1.01113176    
   3.93800020       1.01110196    
   3.93900013       1.01106989    
   3.94000030       1.01103890    
   3.94100022       1.01100552    
   3.94200015       1.01097333    
   3.94300008       1.01093876    
   3.94400024       1.01090539    
   3.94500017       1.01086950    
   3.94600010       1.01083493    
   3.94700027       1.01079786    
   3.94800019       1.01076198    
   3.94900012       1.01072383    
   3.95000029       1.01068676    
   3.95100021       1.01064742    
   3.95200014       1.01060915    
   3.95300007       1.01056850    
   3.95400023       1.01052904    
   3.95500016       1.01048744    
   3.95600009       1.01044679    
   3.95700026       1.01040387    
   3.95800018       1.01036215    
   3.95900011       1.01031816    
   3.96000028       1.01027524    
   3.96100020       1.01023006    
   3.96200013       1.01018596    
   3.96300030       1.01013982    
   3.96400023       1.01009452    
   3.96500015       1.01004720    
   3.96600008       1.01000082    
   3.96700025       1.00995243    
   3.96800017       1.00990498    
   3.96900010       1.00985551    
   3.97000027       1.00980699    
   3.97100019       1.00975645    
   3.97200012       1.00970685    
   3.97300029       1.00965512    
   3.97400022       1.00960445    
   3.97500014       1.00955188    
   3.97600007       1.00950015    
   3.97700024       1.00944650    
   3.97800016       1.00939369    
   3.97900009       1.00933909    
   3.98000026       1.00928521    
   3.98100019       1.00922954    
   3.98200011       1.00917470    
   3.98300028       1.00911808    
   3.98400021       1.00906229    
   3.98500013       1.00900471    
   3.98600030       1.00894785    
   3.98700023       1.00888932    
   3.98800015       1.00883162    
   3.98900008       1.00877202    
   3.99000025       1.00871336    
   3.99100018       1.00865293    
   3.99200010       1.00859332    
   3.99300027       1.00853193    
   3.99400020       1.00847137    
   3.99500012       1.00840914    
   3.99600029       1.00834775    
   3.99700022       1.00828457    
   3.99800014       1.00822222    
   3.99900007       1.00815833    
   4.00000000       1.00809503    
   4.00100040       1.00803018    
   4.00200033       1.00796616    
   4.00300026       1.00790060    
   4.00400019       1.00783563    
   4.00500011       1.00776911    
   4.00600004       1.00770342    
   4.00699997       1.00763619    
   4.00800037       1.00756979    
   4.00900030       1.00750172    
   4.01000023       1.00743437    
   4.01100016       1.00736558    
   4.01200008       1.00729752    
   4.01300001       1.00722802    
   4.01400042       1.00715923    
   4.01500034       1.00708890    
   4.01600027       1.00701940    
   4.01700020       1.00694847    
   4.01800013       1.00687814    
   4.01900005       1.00680661    
   4.01999998       1.00673556    
   4.02100039       1.00666320    
   4.02200031       1.00659156    
   4.02300024       1.00651860    
   4.02400017       1.00644636    
   4.02500010       1.00637269    
   4.02600002       1.00629973    
   4.02700043       1.00622559    
   4.02800035       1.00615203    
   4.02900028       1.00607717    
   4.03000021       1.00600302    
   4.03100014       1.00592768    
   4.03200006       1.00585294    
   4.03299999       1.00577700    
   4.03400040       1.00570166    
   4.03500032       1.00562525    
   4.03600025       1.00554943    
   4.03700018       1.00547242    
   4.03800011       1.00539601    
   4.03900003       1.00531852    
   4.03999996       1.00524175    
   4.04100037       1.00516367    
   4.04200029       1.00508630    
   4.04300022       1.00500786    
   4.04400015       1.00493014    
   4.04500008       1.00485122    
   4.04600000       1.00477290    
   4.04700041       1.00469363    
   4.04800034       1.00461495    
   4.04900026       1.00453532    
   4.05000019       1.00445616    
   4.05100012       1.00437617    
   4.05200005       1.00429678    
   4.05299997       1.00421607    
   4.05400038       1.00413632    
   4.05500031       1.00405562    
   4.05600023       1.00397551    
   4.05700016       1.00389433    
   4.05800009       1.00381386    
   4.05900002       1.00373244    
   4.06000042       1.00365174    
   4.06100035       1.00357008    
   4.06200027       1.00348890    
   4.06300020       1.00340700    
   4.06400013       1.00332570    
   4.06500006       1.00324357    
   4.06599998       1.00316203    
   4.06700039       1.00307977    
   4.06800032       1.00299799    
   4.06900024       1.00291526    
   4.07000017       1.00283325    
   4.07100010       1.00275052    
   4.07200003       1.00266862    
   4.07300043       1.00258553    
   4.07400036       1.00250316    
   4.07500029       1.00242007    
   4.07600021       1.00233793    
   4.07700014       1.00225472    
   4.07800007       1.00217211    
   4.07900000       1.00208879    
   4.08000040       1.00200629    
   4.08100033       1.00192285    
   4.08200026       1.00184035    
   4.08300018       1.00175703    
   4.08400011       1.00167453    
   4.08500004       1.00159025    
   4.08599997       1.00150788    
   4.08700037       1.00142443    
   4.08800030       1.00134230    
   4.08900023       1.00125790    
   4.09000015       1.00117564    
   4.09100008       1.00109172    
   4.09200001       1.00101078    
   4.09300041       1.00092614    
   4.09400034       1.00084436    
   4.09500027       1.00075781    
