   1.00000005E-03   0.00000000    
   2.00000009E-03   0.00000000    
   3.00000003E-03   0.00000000    
   4.00000019E-03   0.00000000    
   5.00000035E-03   0.00000000    
   6.00000005E-03   0.00000000    
   7.00000022E-03   0.00000000    
   8.00000038E-03   0.00000000    
   9.00000054E-03   0.00000000    
   1.00000007E-02   0.00000000    
   1.10000009E-02   0.00000000    
   1.20000001E-02   0.00000000    
   1.30000003E-02   0.00000000    
   1.40000004E-02   0.00000000    
   1.50000006E-02   0.00000000    
   1.60000008E-02   0.00000000    
   1.70000009E-02   0.00000000    
   1.80000011E-02   0.00000000    
   1.90000013E-02   0.00000000    
   2.00000014E-02   0.00000000    
   2.10000016E-02   0.00000000    
   2.20000017E-02   0.00000000    
   2.30000019E-02   0.00000000    
   2.40000002E-02   0.00000000    
   2.50000004E-02   0.00000000    
   2.60000005E-02   0.00000000    
   2.70000007E-02   0.00000000    
   2.80000009E-02   0.00000000    
   2.90000010E-02   0.00000000    
   3.00000012E-02   0.00000000    
   3.10000014E-02   0.00000000    
   3.20000015E-02   0.00000000    
   3.29999998E-02   0.00000000    
   3.40000018E-02   0.00000000    
   3.50000001E-02   0.00000000    
   3.60000022E-02   0.00000000    
   3.70000005E-02   0.00000000    
   3.80000025E-02   0.00000000    
   3.90000008E-02   0.00000000    
   4.00000028E-02   0.00000000    
   4.10000011E-02   0.00000000    
   4.20000032E-02   0.00000000    
   4.30000015E-02   0.00000000    
   4.40000035E-02   0.00000000    
   4.50000018E-02   0.00000000    
   4.60000038E-02   0.00000000    
   4.70000021E-02   0.00000000    
   4.80000004E-02   0.00000000    
   4.90000024E-02   0.00000000    
   5.00000007E-02   0.00000000    
   5.10000028E-02   0.00000000    
   5.20000011E-02   0.00000000    
   5.30000031E-02   0.00000000    
   5.40000014E-02   0.00000000    
   5.50000034E-02   0.00000000    
   5.60000017E-02   0.00000000    
   5.70000038E-02   0.00000000    
   5.80000021E-02   0.00000000    
   5.90000041E-02   0.00000000    
   6.00000024E-02   0.00000000    
   6.10000044E-02   0.00000000    
   6.20000027E-02   0.00000000    
   6.30000010E-02   0.00000000    
   6.40000030E-02   0.00000000    
   6.50000051E-02   0.00000000    
   6.59999996E-02   0.00000000    
   6.70000017E-02   0.00000000    
   6.80000037E-02   0.00000000    
   6.90000057E-02   0.00000000    
   7.00000003E-02   0.00000000    
   7.10000023E-02   0.00000000    
   7.20000044E-02   0.00000000    
   7.30000064E-02   0.00000000    
   7.40000010E-02   0.00000000    
   7.50000030E-02   0.00000000    
   7.60000050E-02   0.00000000    
   7.70000070E-02   0.00000000    
   7.80000016E-02   0.00000000    
   7.90000036E-02   0.00000000    
   8.00000057E-02   0.00000000    
   8.10000002E-02   0.00000000    
   8.20000023E-02   0.00000000    
   8.30000043E-02   0.00000000    
   8.40000063E-02   0.00000000    
   8.50000009E-02   0.00000000    
   8.60000029E-02   0.00000000    
   8.70000049E-02   0.00000000    
   8.80000070E-02   0.00000000    
   8.90000015E-02   0.00000000    
   9.00000036E-02   0.00000000    
   9.10000056E-02   0.00000000    
   9.20000076E-02   0.00000000    
   9.30000022E-02   0.00000000    
   9.40000042E-02   0.00000000    
   9.50000063E-02   0.00000000    
   9.60000008E-02   0.00000000    
   9.70000029E-02   0.00000000    
   9.80000049E-02   0.00000000    
   9.90000069E-02   0.00000000    
  0.100000001       0.00000000    
  0.101000004       0.00000000    
  0.102000006       0.00000000    
  0.103000008       0.00000000    
  0.104000002       0.00000000    
  0.105000004       0.00000000    
  0.106000006       0.00000000    
  0.107000008       0.00000000    
  0.108000003       0.00000000    
  0.109000005       0.00000000    
  0.110000007       0.00000000    
  0.111000009       0.00000000    
  0.112000003       0.00000000    
  0.113000005       0.00000000    
  0.114000008       0.00000000    
  0.115000002       0.00000000    
  0.116000004       0.00000000    
  0.117000006       0.00000000    
  0.118000008       0.00000000    
  0.119000003       0.00000000    
  0.120000005       0.00000000    
  0.121000007       0.00000000    
  0.122000009       0.00000000    
  0.123000003       0.00000000    
  0.124000005       0.00000000    
  0.125000000       0.00000000    
  0.126000002       0.00000000    
  0.127000004       0.00000000    
  0.128000006       0.00000000    
  0.129000008       0.00000000    
  0.130000010       0.00000000    
  0.131000012       0.00000000    
  0.131999999       0.00000000    
  0.133000001       0.00000000    
  0.134000003       0.00000000    
  0.135000005       0.00000000    
  0.136000007       0.00000000    
  0.137000009       0.00000000    
  0.138000011       0.00000000    
  0.139000013       0.00000000    
  0.140000001       0.00000000    
  0.141000003       0.00000000    
  0.142000005       0.00000000    
  0.143000007       0.00000000    
  0.144000009       0.00000000    
  0.145000011       0.00000000    
  0.146000013       0.00000000    
  0.147000000       0.00000000    
  0.148000002       0.00000000    
  0.149000004       0.00000000    
  0.150000006       0.00000000    
  0.151000008       0.00000000    
  0.152000010       0.00000000    
  0.153000012       0.00000000    
  0.154000014       0.00000000    
  0.155000001       0.00000000    
  0.156000003       0.00000000    
  0.157000005       0.00000000    
  0.158000007       0.00000000    
  0.159000009       0.00000000    
  0.160000011       0.00000000    
  0.161000013       0.00000000    
  0.162000000       0.00000000    
  0.163000003       0.00000000    
  0.164000005       0.00000000    
  0.165000007       0.00000000    
  0.166000009       0.00000000    
  0.167000011       0.00000000    
  0.168000013       0.00000000    
  0.169000015       0.00000000    
  0.170000002       0.00000000    
  0.171000004       0.00000000    
  0.172000006       0.00000000    
  0.173000008       0.00000000    
  0.174000010       0.00000000    
  0.175000012       0.00000000    
  0.176000014       0.00000000    
  0.177000001       0.00000000    
  0.178000003       0.00000000    
  0.179000005       0.00000000    
  0.180000007       0.00000000    
  0.181000009       0.00000000    
  0.182000011       0.00000000    
  0.183000013       0.00000000    
  0.184000015       0.00000000    
  0.185000002       0.00000000    
  0.186000004       0.00000000    
  0.187000006       0.00000000    
  0.188000008       0.00000000    
  0.189000010       0.00000000    
  0.190000013       0.00000000    
  0.191000015       0.00000000    
  0.192000002       0.00000000    
  0.193000004       0.00000000    
  0.194000006       0.00000000    
  0.195000008       0.00000000    
  0.196000010       0.00000000    
  0.197000012       0.00000000    
  0.198000014       0.00000000    
  0.199000016       0.00000000    
  0.200000003       0.00000000    
  0.201000005       0.00000000    
  0.202000007       0.00000000    
  0.203000009       0.00000000    
  0.204000011       0.00000000    
  0.205000013       0.00000000    
  0.206000015       0.00000000    
  0.207000017       0.00000000    
  0.208000004       0.00000000    
  0.209000006       0.00000000    
  0.210000008       0.00000000    
  0.211000010       0.00000000    
  0.212000012       0.00000000    
  0.213000014       0.00000000    
  0.214000016       0.00000000    
  0.215000004       0.00000000    
  0.216000006       0.00000000    
  0.217000008       0.00000000    
  0.218000010       0.00000000    
  0.219000012       0.00000000    
  0.220000014       0.00000000    
  0.221000016       0.00000000    
  0.222000018       0.00000000    
  0.223000005       0.00000000    
  0.224000007       0.00000000    
  0.225000009       0.00000000    
  0.226000011       0.00000000    
  0.227000013       0.00000000    
  0.228000015       0.00000000    
  0.229000017       0.00000000    
  0.230000004       0.00000000    
  0.231000006       0.00000000    
  0.232000008       0.00000000    
  0.233000010       0.00000000    
  0.234000012       0.00000000    
  0.235000014       0.00000000    
  0.236000016       0.00000000    
  0.237000018       0.00000000    
  0.238000005       0.00000000    
  0.239000008       0.00000000    
  0.240000010       0.00000000    
  0.241000012       0.00000000    
  0.242000014       0.00000000    
  0.243000016       0.00000000    
  0.244000018       0.00000000    
  0.245000005       0.00000000    
  0.246000007       0.00000000    
  0.247000009       0.00000000    
  0.248000011       0.00000000    
  0.249000013       0.00000000    
  0.250000000       0.00000000    
  0.251000017       0.00000000    
  0.252000004       0.00000000    
  0.253000021       0.00000000    
  0.254000008       0.00000000    
  0.255000025       0.00000000    
  0.256000012       0.00000000    
  0.256999999       0.00000000    
  0.258000016       0.00000000    
  0.259000003       0.00000000    
  0.260000020       0.00000000    
  0.261000007       0.00000000    
  0.262000024       0.00000000    
  0.263000011       0.00000000    
  0.263999999       0.00000000    
  0.265000015       0.00000000    
  0.266000003       0.00000000    
  0.267000020       0.00000000    
  0.268000007       0.00000000    
  0.269000024       0.00000000    
  0.270000011       0.00000000    
  0.271000028       0.00000000    
  0.272000015       0.00000000    
  0.273000002       0.00000000    
  0.274000019       0.00000000    
  0.275000006       0.00000000    
  0.276000023       0.00000000    
  0.277000010       0.00000000    
  0.278000027       0.00000000    
  0.279000014       0.00000000    
  0.280000001       0.00000000    
  0.281000018       0.00000000    
  0.282000005       0.00000000    
  0.283000022       0.00000000    
  0.284000009       0.00000000    
  0.285000026       0.00000000    
  0.286000013       0.00000000    
  0.287000000       0.00000000    
  0.288000017       0.00000000    
  0.289000005       0.00000000    
  0.290000021       0.00000000    
  0.291000009       0.00000000    
  0.292000026       0.00000000    
  0.293000013       0.00000000    
  0.294000000       0.00000000    
  0.295000017       0.00000000    
  0.296000004       0.00000000    
  0.297000021       0.00000000    
  0.298000008       0.00000000    
  0.299000025       0.00000000    
  0.300000012       0.00000000    
  0.301000029       0.00000000    
  0.302000016       0.00000000    
  0.303000003       0.00000000    
  0.304000020       0.00000000    
  0.305000007       0.00000000    
  0.306000024       0.00000000    
  0.307000011       0.00000000    
  0.308000028       0.00000000    
  0.309000015       0.00000000    
  0.310000002       0.00000000    
  0.311000019       0.00000000    
  0.312000006       0.00000000    
  0.313000023       0.00000000    
  0.314000010       0.00000000    
  0.315000027       0.00000000    
  0.316000015       0.00000000    
  0.317000002       0.00000000    
  0.318000019       0.00000000    
  0.319000006       0.00000000    
  0.320000023       0.00000000    
  0.321000010       0.00000000    
  0.322000027       0.00000000    
  0.323000014       0.00000000    
  0.324000001       0.00000000    
  0.325000018       0.00000000    
  0.326000005       0.00000000    
  0.327000022       0.00000000    
  0.328000009       0.00000000    
  0.329000026       0.00000000    
  0.330000013       0.00000000    
  0.331000030       0.00000000    
  0.332000017       0.00000000    
  0.333000004       0.00000000    
  0.334000021       0.00000000    
  0.335000008       0.00000000    
  0.336000025       0.00000000    
  0.337000012       0.00000000    
  0.338000029       0.00000000    
  0.339000016       0.00000000    
  0.340000004       0.00000000    
  0.341000021       0.00000000    
  0.342000008       0.00000000    
  0.343000025       0.00000000    
  0.344000012       0.00000000    
  0.345000029       0.00000000    
  0.346000016       0.00000000    
  0.347000003       0.00000000    
  0.348000020       0.00000000    
  0.349000007       0.00000000    
  0.350000024       0.00000000    
  0.351000011       0.00000000    
  0.352000028       0.00000000    
  0.353000015       0.00000000    
  0.354000002       0.00000000    
  0.355000019       0.00000000    
  0.356000006       0.00000000    
  0.357000023       0.00000000    
  0.358000010       0.00000000    
  0.359000027       0.00000000    
  0.360000014       0.00000000    
  0.361000031       0.00000000    
  0.362000018       0.00000000    
  0.363000005       0.00000000    
  0.364000022       0.00000000    
  0.365000010       0.00000000    
  0.366000026       0.00000000    
  0.367000014       0.00000000    
  0.368000031       0.00000000    
  0.369000018       0.00000000    
  0.370000005       0.00000000    
  0.371000022       0.00000000    
  0.372000009       0.00000000    
  0.373000026       0.00000000    
  0.374000013       0.00000000    
  0.375000030       0.00000000    
  0.376000017       0.00000000    
  0.377000004       0.00000000    
  0.378000021       0.00000000    
  0.379000008       0.00000000    
  0.380000025       0.00000000    
  0.381000012       0.00000000    
  0.382000029       0.00000000    
  0.383000016       0.00000000    
  0.384000003       0.00000000    
  0.385000020       0.00000000    
  0.386000007       0.00000000    
  0.387000024       0.00000000    
  0.388000011       0.00000000    
  0.389000028       0.00000000    
  0.390000015       0.00000000    
  0.391000032       0.00000000    
  0.392000020       0.00000000    
  0.393000007       0.00000000    
  0.394000024       0.00000000    
  0.395000011       0.00000000    
  0.396000028       0.00000000    
  0.397000015       0.00000000    
  0.398000032       0.00000000    
  0.399000019       0.00000000    
  0.400000006       0.00000000    
  0.401000023       0.00000000    
  0.402000010       0.00000000    
  0.403000027       0.00000000    
  0.404000014       0.00000000    
  0.405000031       0.00000000    
  0.406000018       0.00000000    
  0.407000005       0.00000000    
  0.408000022       0.00000000    
  0.409000009       0.00000000    
  0.410000026       0.00000000    
  0.411000013       0.00000000    
  0.412000030       0.00000000    
  0.413000017       0.00000000    
  0.414000034       0.00000000    
  0.415000021       0.00000000    
  0.416000009       0.00000000    
  0.417000026       0.00000000    
  0.418000013       0.00000000    
  0.419000030       0.00000000    
  0.420000017       0.00000000    
  0.421000034       0.00000000    
  0.422000021       0.00000000    
  0.423000008       0.00000000    
  0.424000025       0.00000000    
  0.425000012       0.00000000    
  0.426000029       0.00000000    
  0.427000016       0.00000000    
  0.428000033       0.00000000    
  0.429000020       0.00000000    
  0.430000007       0.00000000    
  0.431000024       0.00000000    
  0.432000011       0.00000000    
  0.433000028       0.00000000    
  0.434000015       0.00000000    
  0.435000032       0.00000000    
  0.436000019       0.00000000    
  0.437000006       0.00000000    
  0.438000023       0.00000000    
  0.439000010       0.00000000    
  0.440000027       0.00000000    
  0.441000015       0.00000000    
  0.442000031       0.00000000    
  0.443000019       0.00000000    
  0.444000036       0.00000000    
  0.445000023       0.00000000    
  0.446000010       0.00000000    
  0.447000027       0.00000000    
  0.448000014       0.00000000    
  0.449000031       0.00000000    
  0.450000018       0.00000000    
  0.451000035       0.00000000    
  0.452000022       0.00000000    
  0.453000009       0.00000000    
  0.454000026       0.00000000    
  0.455000013       0.00000000    
  0.456000030       0.00000000    
  0.457000017       0.00000000    
  0.458000034       0.00000000    
  0.459000021       0.00000000    
  0.460000008       0.00000000    
  0.461000025       0.00000000    
  0.462000012       0.00000000    
  0.463000029       0.00000000    
  0.464000016       0.00000000    
  0.465000033       0.00000000    
  0.466000021       0.00000000    
  0.467000008       0.00000000    
  0.468000025       0.00000000    
  0.469000012       0.00000000    
  0.470000029       0.00000000    
  0.471000016       0.00000000    
  0.472000033       0.00000000    
  0.473000020       0.00000000    
  0.474000037       0.00000000    
  0.475000024       0.00000000    
  0.476000011       0.00000000    
  0.477000028       0.00000000    
  0.478000015       0.00000000    
  0.479000032       0.00000000    
  0.480000019       0.00000000    
  0.481000036       0.00000000    
  0.482000023       0.00000000    
  0.483000010       0.00000000    
  0.484000027       0.00000000    
  0.485000014       0.00000000    
  0.486000031       0.00000000    
  0.487000018       0.00000000    
  0.488000035       0.00000000    
  0.489000022       0.00000000    
  0.490000010       0.00000000    
  0.491000026       0.00000000    
  0.492000014       0.00000000    
  0.493000031       0.00000000    
  0.494000018       0.00000000    
  0.495000035       0.00000000    
  0.496000022       0.00000000    
  0.497000009       0.00000000    
  0.498000026       0.00000000    
  0.499000013       0.00000000    
  0.500000000       0.00000000    
  0.501000047       0.00000000    
  0.502000034       0.00000000    
  0.503000021       0.00000000    
  0.504000008       0.00000000    
  0.504999995       0.00000000    
  0.506000042       0.00000000    
  0.507000029       0.00000000    
  0.508000016       0.00000000    
  0.509000003       0.00000000    
  0.510000050       0.00000000    
  0.511000037       0.00000000    
  0.512000024       0.00000000    
  0.513000011       0.00000000    
  0.513999999       0.00000000    
  0.515000045       0.00000000    
  0.516000032       0.00000000    
  0.517000020       0.00000000    
  0.518000007       0.00000000    
  0.519000053       0.00000000    
  0.520000041       0.00000000    
  0.521000028       0.00000000    
  0.522000015       0.00000000    
  0.523000002       0.00000000    
  0.524000049       0.00000000    
  0.525000036       0.00000000    
  0.526000023       0.00000000    
  0.527000010       0.00000000    
  0.527999997       0.00000000    
  0.529000044       0.00000000    
  0.530000031       0.00000000    
  0.531000018       0.00000000    
  0.532000005       0.00000000    
  0.533000052       0.00000000    
  0.534000039       0.00000000    
  0.535000026       0.00000000    
  0.536000013       0.00000000    
  0.537000000       0.00000000    
  0.538000047       0.00000000    
  0.539000034       0.00000000    
  0.540000021       0.00000000    
  0.541000009       0.00000000    
  0.542000055       0.00000000    
  0.543000042       0.00000000    
  0.544000030       0.00000000    
  0.545000017       0.00000000    
  0.546000004       0.00000000    
  0.547000051       0.00000000    
  0.548000038       0.00000000    
  0.549000025       0.00000000    
  0.550000012       0.00000000    
  0.550999999       0.00000000    
  0.552000046       0.00000000    
  0.553000033       0.00000000    
  0.554000020       0.00000000    
  0.555000007       0.00000000    
  0.556000054       0.00000000    
  0.557000041       0.00000000    
  0.558000028       0.00000000    
  0.559000015       0.00000000    
  0.560000002       0.00000000    
  0.561000049       0.00000000    
  0.562000036       0.00000000    
  0.563000023       0.00000000    
  0.564000010       0.00000000    
  0.564999998       0.00000000    
  0.566000044       0.00000000    
  0.567000031       0.00000000    
  0.568000019       0.00000000    
  0.569000006       0.00000000    
  0.570000052       0.00000000    
  0.571000040       0.00000000    
  0.572000027       0.00000000    
  0.573000014       0.00000000    
  0.574000001       0.00000000    
  0.575000048       0.00000000    
  0.576000035       0.00000000    
  0.577000022       0.00000000    
  0.578000009       0.00000000    
  0.579000056       0.00000000    
  0.580000043       0.00000000    
  0.581000030       0.00000000    
  0.582000017       0.00000000    
  0.583000004       0.00000000    
  0.584000051       0.00000000    
  0.585000038       0.00000000    
  0.586000025       0.00000000    
  0.587000012       0.00000000    
  0.588000000       0.00000000    
  0.589000046       0.00000000    
  0.590000033       0.00000000    
  0.591000021       0.00000000    
  0.592000008       0.00000000    
  0.593000054       0.00000000    
  0.594000041       0.00000000    
  0.595000029       0.00000000    
  0.596000016       0.00000000    
  0.597000003       0.00000000    
  0.598000050       0.00000000    
  0.599000037       0.00000000    
  0.600000024       0.00000000    
  0.601000011       0.00000000    
  0.602000058       0.00000000    
  0.603000045       0.00000000    
  0.604000032       0.00000000    
  0.605000019       0.00000000    
  0.606000006       0.00000000    
  0.607000053       0.00000000    
  0.608000040       0.00000000    
  0.609000027       0.00000000    
  0.610000014       0.00000000    
  0.611000001       0.00000000    
  0.612000048       0.00000000    
  0.613000035       0.00000000    
  0.614000022       0.00000000    
  0.615000010       0.00000000    
  0.616000056       0.00000000    
  0.617000043       0.00000000    
  0.618000031       0.00000000    
  0.619000018       0.00000000    
  0.620000005       0.00000000    
  0.621000051       0.00000000    
  0.622000039       0.00000000    
  0.623000026       0.00000000    
  0.624000013       0.00000000    
  0.625000000       0.00000000    
  0.626000047       0.00000000    
  0.627000034       0.00000000    
  0.628000021       0.00000000    
  0.629000008       0.00000000    
  0.630000055       0.00000000    
  0.631000042       0.00000000    
  0.632000029       0.00000000    
  0.633000016       0.00000000    
  0.634000003       0.00000000    
  0.635000050       0.00000000    
  0.636000037       0.00000000    
  0.637000024       0.00000000    
  0.638000011       0.00000000    
  0.639000058       0.00000000    
  0.640000045       0.00000000    
  0.641000032       0.00000000    
  0.642000020       0.00000000    
  0.643000007       0.00000000    
  0.644000053       0.00000000    
  0.645000041       0.00000000    
  0.646000028       0.00000000    
  0.647000015       0.00000000    
  0.648000002       0.00000000    
  0.649000049       0.00000000    
  0.650000036       0.00000000    
  0.651000023       0.00000000    
  0.652000010       0.00000000    
  0.653000057       0.00000000    
  0.654000044       0.00000000    
  0.655000031       0.00000000    
  0.656000018       0.00000000    
  0.657000005       0.00000000    
  0.658000052       0.00000000    
  0.659000039       0.00000000    
  0.660000026       0.00000000    
  0.661000013       0.00000000    
  0.662000060       0.00000000    
  0.663000047       0.00000000    
  0.664000034       0.00000000    
  0.665000021       0.00000000    
  0.666000009       0.00000000    
  0.667000055       0.00000000    
  0.668000042       0.00000000    
  0.669000030       0.00000000    
  0.670000017       0.00000000    
  0.671000004       0.00000000    
  0.672000051       0.00000000    
  0.673000038       0.00000000    
  0.674000025       0.00000000    
  0.675000012       0.00000000    
  0.676000059       0.00000000    
  0.677000046       0.00000000    
  0.678000033       0.00000000    
  0.679000020       0.00000000    
  0.680000007       0.00000000    
  0.681000054       0.00000000    
  0.682000041       0.00000000    
  0.683000028       0.00000000    
  0.684000015       0.00000000    
  0.685000062       0.00000000    
  0.686000049       0.00000000    
  0.687000036       0.00000000    
  0.688000023       0.00000000    
  0.689000010       0.00000000    
  0.690000057       0.00000000    
  0.691000044       0.00000000    
  0.692000031       0.00000000    
  0.693000019       0.00000000    
  0.694000006       0.00000000    
  0.695000052       0.00000000    
  0.696000040       0.00000000    
  0.697000027       0.00000000    
  0.698000014       0.00000000    
  0.699000061       0.00000000    
  0.700000048       0.00000000    
  0.701000035       0.00000000    
  0.702000022       0.00000000    
  0.703000009       0.00000000    
  0.704000056       0.00000000    
  0.705000043       0.00000000    
  0.706000030       0.00000000    
  0.707000017       0.00000000    
  0.708000004       0.00000000    
  0.709000051       0.00000000    
  0.710000038       0.00000000    
  0.711000025       0.00000000    
  0.712000012       0.00000000    
  0.713000059       0.00000000    
  0.714000046       0.00000000    
  0.715000033       0.00000000    
  0.716000021       0.00000000    
  0.717000008       0.00000000    
  0.718000054       0.00000000    
  0.719000041       0.00000000    
  0.720000029       0.00000000    
  0.721000016       0.00000000    
  0.722000062       0.00000000    
  0.723000050       0.00000000    
  0.724000037       0.00000000    
  0.725000024       0.00000000    
  0.726000011       0.00000000    
  0.727000058       0.00000000    
  0.728000045       0.00000000    
  0.729000032       0.00000000    
  0.730000019       0.00000000    
  0.731000006       0.00000000    
  0.732000053       0.00000000    
  0.733000040       0.00000000    
  0.734000027       0.00000000    
  0.735000014       0.00000000    
  0.736000061       0.00000000    
  0.737000048       0.00000000    
  0.738000035       0.00000000    
  0.739000022       0.00000000    
  0.740000010       0.00000000    
  0.741000056       0.00000000    
  0.742000043       0.00000000    
  0.743000031       0.00000000    
  0.744000018       0.00000000    
  0.745000064       0.00000000    
  0.746000051       0.00000000    
  0.747000039       0.00000000    
  0.748000026       0.00000000    
  0.749000013       0.00000000    
  0.750000060       0.00000000    
  0.751000047       0.00000000    
  0.752000034       0.00000000    
  0.753000021       0.00000000    
  0.754000008       5.60519386E-45
  0.755000055       2.10194770E-44
  0.756000042       1.34524653E-43
  0.757000029       7.70714155E-43
  0.758000016       4.31179537E-42
  0.759000063       2.33470337E-41
  0.760000050       1.22664062E-40
  0.761000037       6.25696580E-40
  0.762000024       3.10035884E-39
  0.763000011       1.49305549E-38
  0.764000058       6.99203653E-38
  0.765000045       3.18596035E-37
  0.766000032       1.41298821E-36
  0.767000020       6.10331605E-36
  0.768000007       2.56875333E-35
  0.769000053       1.05395432E-34
  0.770000041       4.21801674E-34
  0.771000028       1.64694234E-33
  0.772000015       6.27807215E-33
  0.773000062       2.33719780E-32
  0.774000049       8.50198565E-32
  0.775000036       3.02290480E-31
  0.776000023       1.05102219E-30
  0.777000010       3.57497549E-30
  0.778000057       1.19014173E-29
  0.779000044       3.87940851E-29
  0.780000031       1.23850645E-28
  0.781000018       3.87403986E-28
  0.782000065       1.18783752E-27
  0.783000052       3.57135127E-27
  0.784000039       1.05322584E-26
  0.785000026       3.04779862E-26
  0.786000013       8.65740577E-26
  0.787000060       2.41457134E-25
  0.788000047       6.61553941E-25
  0.789000034       1.78079137E-24
  0.790000021       4.71158930E-24
  0.791000009       1.22561832E-23
  0.792000055       3.13566846E-23
  0.793000042       7.89217912E-23
  0.794000030       1.95472702E-22
  0.795000017       4.76561399E-22
  0.796000063       1.14400270E-21
  0.797000051       2.70496057E-21
  0.798000038       6.30082294E-21
  0.799000025       1.44628685E-20
  0.800000012       3.27242279E-20
  0.801000059       7.30026699E-20
  0.802000046       1.60617602E-19
  0.803000033       3.48590014E-19
  0.804000020       7.46470015E-19
  0.805000067       1.57756216E-18
  0.806000054       3.29147904E-18
  0.807000041       6.78033703E-18
  0.808000028       1.37944485E-17
  0.809000015       2.77226571E-17
  0.810000062       5.50499782E-17
  0.811000049       1.08031151E-16
  0.812000036       2.09557566E-16
  0.813000023       4.01878276E-16
  0.814000010       7.62123559E-16
  0.815000057       1.42947080E-15
  0.816000044       2.65258172E-15
  0.817000031       4.86990370E-15
  0.818000019       8.84819511E-15
  0.819000065       1.59122593E-14
  0.820000052       2.83315174E-14
  0.821000040       4.99436884E-14
  0.822000027       8.71964989E-14
  0.823000014       1.50783289E-13
  0.824000061       2.58312225E-13
  0.825000048       4.38485186E-13
  0.826000035       7.37591520E-13
  0.827000022       1.22975707E-12
  0.828000069       2.03250654E-12
  0.829000056       3.33063351E-12
  0.830000043       5.41185759E-12
  0.831000030       8.72108635E-12
  0.832000017       1.39399959E-11
  0.833000064       2.21041033E-11
  0.834000051       3.47767197E-11
  0.835000038       5.42923276E-11
  0.836000025       8.41178377E-11
  0.837000012       1.29359828E-10
  0.838000059       1.97486083E-10
  0.839000046       2.99325481E-10
  0.840000033       4.50479709E-10
  0.841000021       6.73260281E-10
  0.842000067       9.99357930E-10
  0.843000054       1.47350088E-09
  0.844000041       2.15827600E-09
  0.845000029       3.14082826E-09
  0.846000016       4.54164661E-09
  0.847000062       6.52616539E-09
  0.848000050       9.32060473E-09
  0.849000037       1.32307534E-08
  0.850000024       1.86699491E-08
  0.851000011       2.61913051E-08
  0.852000058       3.65330912E-08
  0.853000045       5.06714208E-08
  0.854000032       6.98917617E-08
  0.855000019       9.58747322E-08
  0.856000066       1.30817696E-07
  0.857000053       1.77555577E-07
  0.858000040       2.39747635E-07
  0.859000027       3.22074953E-07
  0.860000014       4.30511932E-07
  0.861000061       5.72619172E-07
  0.862000048       7.57992382E-07
  0.863000035       9.98573114E-07
  0.864000022       1.30939429E-06
  0.865000069       1.70905037E-06
  0.866000056       2.22072845E-06
  0.867000043       2.87269631E-06
  0.868000031       3.69992449E-06
  0.869000018       4.74484796E-06
  0.870000064       6.05935838E-06
  0.871000051       7.70594306E-06
  0.872000039       9.76000410E-06
  0.873000026       1.23120199E-05
  0.874000013       1.54703685E-05
  0.875000060       1.93632859E-05
  0.876000047       2.41442340E-05
  0.877000034       2.99921103E-05
  0.878000021       3.71197566E-05
  0.879000068       4.57743699E-05
  0.880000055       5.62476780E-05
  0.881000042       6.88736036E-05
  0.882000029       8.40439825E-05
  0.883000016       1.02208527E-04
  0.884000063       1.23886668E-04
  0.885000050       1.49670610E-04
  0.886000037       1.80239222E-04
  0.887000024       2.16364569E-04
  0.888000071       2.58921267E-04
  0.889000058       3.08902672E-04
  0.890000045       3.67424305E-04
  0.891000032       4.35732858E-04
  0.892000020       5.15246997E-04
  0.893000066       6.07514346E-04
  0.894000053       7.14313472E-04
  0.895000041       8.37537518E-04
  0.896000028       9.79360659E-04
  0.897000015       1.14211184E-03
  0.898000062       1.32843480E-03
  0.899000049       1.54113059E-03
  0.900000036       1.78335374E-03
  0.901000023       2.05843989E-03
  0.902000070       2.37013702E-03
  0.903000057       2.72241747E-03
  0.904000044       3.11963307E-03
  0.905000031       3.56635754E-03
  0.906000018       4.06771433E-03
  0.907000065       4.62896191E-03
  0.908000052       5.25605213E-03
  0.909000039       5.95483743E-03
  0.910000026       6.73207873E-03
  0.911000073       7.59451790E-03
  0.912000060       8.54975451E-03
  0.913000047       9.60517582E-03
  0.914000034       1.07692052E-02
  0.915000021       1.20501379E-02
  0.916000068       1.34573346E-02
  0.917000055       1.49998432E-02
  0.918000042       1.66876763E-02
  0.919000030       1.85305476E-02
  0.920000017       2.05397196E-02
  0.921000063       2.27254070E-02
  0.922000051       2.50996221E-02
  0.923000038       2.76730768E-02
  0.924000025       3.04585714E-02
  0.925000072       3.34674008E-02
  0.926000059       3.67134847E-02
  0.927000046       4.02076580E-02
  0.928000033       4.39645126E-02
  0.929000020       4.79957461E-02
  0.930000067       5.23159914E-02
  0.931000054       5.69373555E-02
  0.932000041       6.18748926E-02
  0.933000028       6.71399757E-02
  0.934000015       7.27481619E-02
  0.935000062       7.87110031E-02
  0.936000049       8.50439295E-02
  0.937000036       9.17578191E-02
  0.938000023       9.88681316E-02
  0.939000070      0.106385097    
  0.940000057      0.114324674    
  0.941000044      0.122694895    
  0.942000031      0.131511718    
  0.943000019      0.140783697    
  0.944000065      0.150525123    
  0.945000052      0.160743117    
  0.946000040      0.171450749    
  0.947000027      0.182654545    
  0.948000073      0.194367379    
  0.949000061      0.206594244    
  0.950000048      0.219345614    
  0.951000035      0.232624337    
  0.952000022      0.246443108    
  0.953000069      0.260800034    
  0.954000056      0.275707245    
  0.955000043      0.291161686    
  0.956000030      0.307173103    
  0.957000017      0.323736876    
  0.958000064      0.340862334    
  0.959000051      0.358541876    
  0.960000038      0.376782984    
  0.961000025      0.395575523    
  0.962000072      0.414928317    
  0.963000059      0.434827864    
  0.964000046      0.455278814    
  0.965000033      0.476266384    
  0.966000021      0.497798562    
  0.967000067      0.519851744    
  0.968000054      0.542439163    
  0.969000041      0.565529525    
  0.970000029      0.589133322    
  0.971000075      0.613225102    
  0.972000062      0.637811005    
  0.973000050      0.662860453    
  0.974000037      0.688378632    
  0.975000024      0.714332640    
  0.976000071      0.740731776    
  0.977000058      0.767539918    
  0.978000045      0.794762373    
  0.979000032      0.822362781    
  0.980000019      0.850345671    
  0.981000066      0.878668129    
  0.982000053      0.907345414    
  0.983000040      0.936325252    
  0.984000027      0.965620637    
  0.985000074      0.995186150    
  0.986000061       1.02502906    
  0.987000048       1.05509698    
  0.988000035       1.08540583    
  0.989000022       1.11590517    
  0.990000069       1.14660156    
  0.991000056       1.17744470    
  0.992000043       1.20844674    
  0.993000031       1.23955655    
  0.994000018       1.27078128    
  0.995000064       1.30207050    
  0.996000051       1.33343768    
  0.997000039       1.36482418    
  0.998000026       1.39625239    
  0.999000072       1.42765319    
   1.00000000       1.45905352    
   1.00100005       1.49038994    
   1.00200009       1.52168274    
   1.00300002       1.55287623    
   1.00400007       1.58397830    
   1.00500000       1.61494672    
   1.00600004       1.64578819    
   1.00700009       1.67645586    
   1.00800002       1.70696247    
   1.00900006       1.73725116    
   1.00999999       1.76734757    
   1.01100004       1.79718959    
   1.01200008       1.82680750    
   1.01300001       1.85614228    
   1.01400006       1.88521504    
   1.01500010       1.91397035    
   1.01600003       1.94243634    
   1.01700008       1.97055495    
   1.01800001       1.99835908    
   1.01900005       2.02578306    
   1.02000010       2.05286956    
   1.02100003       2.07955480    
   1.02200007       2.10587168    
   1.02300000       2.13176298    
   1.02400005       2.15726519    
   1.02500010       2.18232274    
   1.02600002       2.20697117    
   1.02700007       2.23115206    
   1.02800000       2.25490904    
   1.02900004       2.27817941    
   1.03000009       2.30101490    
   1.03100002       2.32334352    
   1.03200006       2.34521818    
   1.03299999       2.36658883    
   1.03400004       2.38748574    
   1.03500009       2.40785813    
   1.03600001       2.42776608    
   1.03700006       2.44712853    
   1.03800011       2.46601605    
   1.03900003       2.48436213    
   1.04000008       2.50221825    
   1.04100001       2.51953387    
   1.04200006       2.53635049    
   1.04300010       2.55262566    
   1.04400003       2.56840706    
   1.04500008       2.58362699    
   1.04600000       2.59836221    
   1.04700005       2.61254168    
   1.04800010       2.62623143    
   1.04900002       2.63937020    
   1.05000007       2.65201950    
   1.05100000       2.66412020    
   1.05200005       2.67573500    
   1.05300009       2.68680477    
   1.05400002       2.69740033    
   1.05500007       2.70744991    
   1.05599999       2.71702909    
   1.05700004       2.72607565    
   1.05800009       2.73465419    
   1.05900002       2.74271011    
   1.06000006       2.75030804    
   1.06100011       2.75738907    
   1.06200004       2.76402617    
   1.06300008       2.77014875    
   1.06400001       2.77583957    
   1.06500006       2.78102803    
   1.06600010       2.78579473    
   1.06700003       2.79007387    
   1.06800008       2.79393506    
   1.06900001       2.79732466    
   1.07000005       2.80031037    
   1.07100010       2.80283451    
   1.07200003       2.80496716    
   1.07300007       2.80664945    
   1.07400000       2.80795527    
   1.07500005       2.80882215    
   1.07600009       2.80932665    
   1.07700002       2.80940843    
   1.07800007       2.80913806    
   1.07900000       2.80845857    
   1.08000004       2.80744004    
   1.08100009       2.80602717    
   1.08200002       2.80429316    
   1.08300006       2.80217433    
   1.08400011       2.79974699    
   1.08500004       2.79695225    
   1.08600008       2.79386258    
   1.08700001       2.79041815    
   1.08800006       2.78669286    
   1.08900011       2.78262782    
   1.09000003       2.77829647    
   1.09100008       2.77363873    
   1.09200001       2.76872802    
   1.09300005       2.76350522    
   1.09400010       2.75804424    
   1.09500003       2.75228429    
   1.09600008       2.74629855    
   1.09700000       2.74003005    
   1.09800005       2.73354697    
   1.09900010       2.72679424    
   1.10000002       2.71984291    
   1.10100007       2.71263361    
   1.10200000       2.70523739    
   1.10300004       2.69759774    
   1.10400009       2.68978405    
   1.10500002       2.68174028    
   1.10600007       2.67353392    
   1.10699999       2.66510963    
   1.10800004       2.65653443    
   1.10900009       2.64775324    
   1.11000001       2.63883567    
   1.11100006       2.62972260    
   1.11200011       2.62048411    
   1.11300004       2.61106205    
   1.11400008       2.60152578    
   1.11500001       2.59181786    
   1.11600006       2.58200574    
   1.11700010       2.57203293    
   1.11800003       2.56196547    
   1.11900008       2.55174804    
   1.12000000       2.54144907    
   1.12100005       2.53100920    
   1.12200010       2.52049494    
   1.12300003       2.50985050    
   1.12400007       2.49914312    
   1.12500000       2.48831463    
   1.12600005       2.47743130    
   1.12700009       2.46643686    
   1.12800002       2.45539379    
   1.12900007       2.44425225    
   1.13000000       2.43306804    
   1.13100004       2.42179298    
   1.13200009       2.41048765    
   1.13300002       2.39909887    
   1.13400006       2.38768482    
   1.13500011       2.37619162    
   1.13600004       2.36468673    
   1.13700008       2.35311079    
   1.13800001       2.34152460    
   1.13900006       2.32987714    
   1.14000010       2.31822658    
   1.14100003       2.30652118    
   1.14200008       2.29482055    
   1.14300001       2.28307128    
   1.14400005       2.27133250    
   1.14500010       2.25955224    
   1.14600003       2.24778342    
   1.14700007       2.23598051    
   1.14800000       2.22419953    
   1.14900005       2.21238756    
   1.15000010       2.20060372    
   1.15100002       2.18879199    
   1.15200007       2.17701268    
   1.15300000       2.16521049    
   1.15400004       2.15344667    
   1.15500009       2.14166784    
   1.15600002       2.12992716    
   1.15700006       2.11817813    
   1.15800011       2.10647082    
   1.15900004       2.09475970    
   1.16000009       2.08309436    
   1.16100001       2.07142544    
   1.16200006       2.05981064    
   1.16300011       2.04819584    
   1.16400003       2.03663516    
   1.16500008       2.02508521    
   1.16600001       2.01358318    
   1.16700006       2.00209856    
   1.16800010       1.99067056    
   1.16900003       1.97926104    
   1.17000008       1.96790349    
   1.17100000       1.95656753    
   1.17200005       1.94529426    
   1.17300010       1.93404508    
   1.17400002       1.92285407    
   1.17500007       1.91169763    
   1.17600000       1.90060091    
   1.17700005       1.88952720    
   1.17800009       1.87852347    
   1.17900002       1.86755693    
   1.18000007       1.85665202    
   1.18100011       1.84577870    
   1.18200004       1.83497977    
   1.18300009       1.82421839    
   1.18400002       1.81351733    
   1.18500006       1.80286157    
   1.18600011       1.79227662    
   1.18700004       1.78173137    
   1.18800008       1.77125859    
   1.18900001       1.76082730    
   1.19000006       1.75046909    
   1.19100010       1.74014711    
   1.19200003       1.72990668    
   1.19300008       1.71971178    
   1.19400001       1.70959139    
   1.19500005       1.69951057    
   1.19600010       1.68950665    
   1.19700003       1.67955482    
   1.19800007       1.66967738    
   1.19900000       1.65983880    
   1.20000005       1.65008628    
   1.20100009       1.64038098    
   1.20200002       1.63075185    
   1.20300007       1.62117100    
   1.20400012       1.61166251    
   1.20500004       1.60221231    
   1.20600009       1.59283566    
   1.20700002       1.58351004    
   1.20800006       1.57425916    
   1.20900011       1.56505990    
   1.21000004       1.55594242    
   1.21100008       1.54687071    
   1.21200001       1.53788042    
   1.21300006       1.52893662    
   1.21400011       1.52007437    
   1.21500003       1.51126623    
   1.21600008       1.50253356    
   1.21700001       1.49384737    
   1.21800005       1.48524404    
   1.21900010       1.47669435    
   1.22000003       1.46822035    
   1.22100008       1.45979404    
   1.22200000       1.45145047    
   1.22300005       1.44315469    
   1.22400010       1.43493414    
   1.22500002       1.42676818    
   1.22600007       1.41867852    
   1.22700012       1.41064286    
   1.22800004       1.40268266    
   1.22900009       1.39477098    
   1.23000002       1.38693416    
   1.23100007       1.37915289    
   1.23200011       1.37143946    
   1.23300004       1.36378062    
   1.23400009       1.35619771    
   1.23500001       1.34866834    
   1.23600006       1.34120786    
   1.23700011       1.33380127    
   1.23800004       1.32646298    
   1.23900008       1.31917870    
   1.24000001       1.31196880    
   1.24100006       1.30480647    
   1.24200010       1.29771769    
   1.24300003       1.29067636    
   1.24400008       1.28370893    
   1.24500000       1.27678847    
   1.24600005       1.26994109    
   1.24700010       1.26314068    
   1.24800003       1.25640643    
   1.24900007       1.24972522    
   1.25000000       1.24311662    
   1.25100005       1.23654783    
   1.25200009       1.23005247    
   1.25300002       1.22360635    
   1.25400007       1.21722722    
   1.25500011       1.21089339    
   1.25600004       1.20462441    
   1.25700009       1.19840503    
   1.25800002       1.19224811    
   1.25900006       1.18614054    
   1.26000011       1.18010271    
   1.26100004       1.17410326    
   1.26200008       1.16817355    
   1.26300001       1.16228163    
   1.26400006       1.15645969    
   1.26500010       1.15068066    
   1.26600003       1.14496458    
   1.26700008       1.13929701    
   1.26800001       1.13368702    
   1.26900005       1.12811983    
   1.27000010       1.12261343    
   1.27100003       1.11715591    
   1.27200007       1.11175358    
   1.27300000       1.10639322    
   1.27400005       1.10109973    
   1.27500010       1.09584212    
   1.27600002       1.09064388    
   1.27700007       1.08548760    
   1.27800012       1.08039057    
   1.27900004       1.07533264    
   1.28000009       1.07033157    
   1.28100002       1.06537521    
   1.28200006       1.06047142    
   1.28300011       1.05560756    
   1.28400004       1.05080152    
   1.28500009       1.04602957    
   1.28600001       1.04132068    
   1.28700006       1.03664565    
   1.28800011       1.03202116    
   1.28900003       1.02744150    
   1.29000008       1.02291250    
   1.29100001       1.01842213    
   1.29200006       1.01398134    
   1.29300010       1.00957870    
   1.29400003       1.00523150    
   1.29500008       1.00091612    
   1.29600000      0.996655464    
   1.29700005      0.992426515    
   1.29800010      0.988251209    
   1.29900002      0.984113216    
   1.30000007      0.980017960    
   1.30100012      0.975968778    
   1.30200005      0.971957386    
   1.30300009      0.967987359    
   1.30400002      0.964055598    
   1.30500007      0.960168123    
   1.30600011      0.956321299    
   1.30700004      0.952515423    
   1.30800009      0.948750138    
   1.30900002      0.945013881    
   1.31000006      0.941329002    
   1.31100011      0.937683821    
   1.31200004      0.934067070    
   1.31300008      0.930489957    
   1.31400001      0.926963031    
   1.31500006      0.923464477    
   1.31600010      0.920004010    
   1.31700003      0.916582227    
   1.31800008      0.913188457    
   1.31900001      0.909843624    
   1.32000005      0.906525552    
   1.32100010      0.903245330    
   1.32200003      0.900002599    
   1.32300007      0.896797478    
   1.32400012      0.893629313    
   1.32500005      0.890487254    
   1.32600009      0.887382269    
   1.32700002      0.884313345    
   1.32800007      0.881281137    
   1.32900012      0.878284931    
   1.33000004      0.875313699    
   1.33100009      0.872378707    
   1.33200002      0.869479001    
   1.33300006      0.866604209    
   1.33400011      0.863775074    
   1.33500004      0.860970557    
   1.33600008      0.858190060    
   1.33700001      0.855454862    
   1.33800006      0.852743447    
   1.33900011      0.850063622    
   1.34000003      0.847412586    
   1.34100008      0.844793320    
   1.34200001      0.842207253    
   1.34300005      0.839644611    
   1.34400010      0.837115109    
   1.34500003      0.834618866    
   1.34600008      0.832145572    
   1.34700012      0.829709411    
   1.34800005      0.827296257    
   1.34900010      0.824910641    
   1.35000002      0.822556973    
   1.35100007      0.820235848    
   1.35200012      0.817935944    
   1.35300004      0.815657735    
   1.35400009      0.813411653    
   1.35500002      0.811196625    
   1.35600007      0.809005141    
   1.35700011      0.806840599    
   1.35800004      0.804708838    
   1.35900009      0.802598298    
   1.36000001      0.800508082    
   1.36100006      0.798448622    
   1.36200011      0.796419263    
   1.36300004      0.794410348    
   1.36400008      0.792431176    
   1.36500001      0.790472627    
   1.36600006      0.788533568    
   1.36700010      0.786624014    
   1.36800003      0.784744024    
   1.36900008      0.782883763    
   1.37000012      0.781042457    
   1.37100005      0.779230297    
   1.37200010      0.777447224    
   1.37300003      0.775683105    
   1.37400007      0.773937643    
   1.37500012      0.772220910    
   1.37600005      0.770522416    
   1.37700009      0.768842757    
   1.37800002      0.767190993    
   1.37900007      0.765567482    
   1.38000011      0.763952196    
   1.38100004      0.762374222    
   1.38200009      0.760804474    
   1.38300002      0.759262383    
   1.38400006      0.757737994    
   1.38500011      0.756240666    
   1.38600004      0.754760683    
   1.38700008      0.753308177    
   1.38800001      0.751862705    
   1.38900006      0.750444353    
   1.39000010      0.749052465    
   1.39100003      0.747677624    
   1.39200008      0.746319175    
   1.39300001      0.744978130    
   1.39400005      0.743663013    
   1.39500010      0.742364407    
   1.39600003      0.741081953    
   1.39700007      0.739825785    
   1.39800012      0.738582611    
   1.39900005      0.737361491    
   1.40000010      0.736153543    
   1.40100002      0.734970987    
   1.40200007      0.733804226    
   1.40300012      0.732653379    
   1.40400004      0.731527328    
   1.40500009      0.730413079    
   1.40600002      0.729313195    
   1.40700006      0.728243232    
   1.40800011      0.727179050    
   1.40900004      0.726139724    
   1.41000009      0.725115359    
   1.41100001      0.724106312    
   1.41200006      0.723112106    
   1.41300011      0.722142160    
   1.41400003      0.721177638    
   1.41500008      0.720237255    
   1.41600001      0.719311416    
   1.41700006      0.718407929    
   1.41800010      0.717512727    
   1.41900003      0.716638505    
   1.42000008      0.715771973    
   1.42100012      0.714927673    
   1.42200005      0.714097321    
   1.42300010      0.713281512    
   1.42400002      0.712488413    
   1.42500007      0.711700737    
   1.42600012      0.710935652    
   1.42700005      0.710184455    
   1.42800009      0.709438264    
   1.42900002      0.708714485    
   1.43000007      0.708004653    
   1.43100011      0.707317173    
   1.43200004      0.706634223    
   1.43300009      0.705964863    
   1.43400002      0.705309331    
   1.43500006      0.704675078    
   1.43600011      0.704054117    
   1.43700004      0.703438044    
   1.43800008      0.702843845    
   1.43900001      0.702262640    
   1.44000006      0.701694250    
   1.44100010      0.701139152    
   1.44200003      0.700588107    
   1.44300008      0.700067043    
   1.44400012      0.699541688    
   1.44500005      0.699045837    
   1.44600010      0.698554158    
   1.44700003      0.698075235    
   1.44800007      0.697608829    
   1.44900012      0.697154880    
   1.45000005      0.696713150    
   1.45100009      0.696284056    
   1.45200002      0.695867062    
   1.45300007      0.695471108    
   1.45400012      0.695071399    
   1.45500004      0.694698215    
   1.45600009      0.694329917    
   1.45700002      0.693973720    
   1.45800006      0.693629384    
   1.45900011      0.693297148    
   1.46000004      0.692976415    
   1.46100008      0.692667961    
   1.46200001      0.692362428    
   1.46300006      0.692077339    
   1.46400011      0.691803753    
   1.46500003      0.691541970    
   1.46600008      0.691283107    
   1.46700013      0.691044390    
   1.46800005      0.690808594    
   1.46900010      0.690592885    
   1.47000003      0.690379798    
   1.47100008      0.690178335    
   1.47200012      0.689988077    
   1.47300005      0.689809084    
   1.47400010      0.689641237    
   1.47500002      0.689484715    
   1.47600007      0.689330876    
   1.47700012      0.689196527    
   1.47800004      0.689064741    
   1.47900009      0.688952446    
   1.48000002      0.688842595    
   1.48100007      0.688743949    
   1.48200011      0.688655853    
   1.48300004      0.688578904    
   1.48400009      0.688504338    
   1.48500001      0.688448846    
   1.48600006      0.688395798    
   1.48700011      0.688353360    
   1.48800004      0.688321531    
   1.48900008      0.688300490    
   1.49000013      0.688289702    
   1.49100006      0.688281596    
   1.49200010      0.688284457    
   1.49300003      0.688304782    
   1.49400008      0.688325703    
   1.49500012      0.688357711    
   1.49600005      0.688395023    
   1.49700010      0.688445210    
   1.49800003      0.688501477    
   1.49900007      0.688571811    
   1.50000012      0.688644648    
   1.50100005      0.688727677    
   1.50200009      0.688816905    
   1.50300002      0.688916087    
   1.50400007      0.689025283    
   1.50500011      0.689140499    
   1.50600004      0.689265728    
   1.50700009      0.689397156    
   1.50800002      0.689538181    
   1.50900006      0.689689338    
   1.51000011      0.689842403    
   1.51100004      0.690009296    
   1.51200008      0.690178812    
   1.51300013      0.690360546    
   1.51400006      0.690548718    
   1.51500010      0.690742970    
   1.51600003      0.690943718    
   1.51700008      0.691156328    
   1.51800013      0.691371381    
   1.51900005      0.691596270    
   1.52000010      0.691830695    
   1.52100003      0.692070842    
   1.52200007      0.692316473    
   1.52300012      0.692571700    
   1.52400005      0.692832410    
   1.52500010      0.693098903    
   1.52600002      0.693374574    
   1.52700007      0.693655908    
   1.52800012      0.693946481    
   1.52900004      0.694242597    
   1.53000009      0.694544137    
   1.53100002      0.694855034    
   1.53200006      0.695171237    
   1.53300011      0.695492923    
   1.53400004      0.695823669    
   1.53500009      0.696159959    
   1.53600001      0.696501732    
   1.53700006      0.696852207    
   1.53800011      0.697208047    
   1.53900003      0.697569430    
   1.54000008      0.697939694    
   1.54100013      0.698315322    
   1.54200006      0.698695958    
   1.54300010      0.699082077    
   1.54400003      0.699476898    
   1.54500008      0.699877203    
   1.54600012      0.700282276    
   1.54700005      0.700692713    
   1.54800010      0.701112032    
   1.54900002      0.701536477    
   1.55000007      0.701965868    
   1.55100012      0.702400386    
   1.55200005      0.702843666    
   1.55300009      0.703292251    
   1.55400002      0.703745365    
   1.55500007      0.704203904    
   1.55600011      0.704667151    
   1.55700004      0.705139279    
   1.55800009      0.705612481    
   1.55900002      0.706094384    
   1.56000006      0.706581235    
   1.56100011      0.707073510    
   1.56200004      0.707573235    
   1.56300008      0.708074868    
   1.56400013      0.708584845    
   1.56500006      0.709100008    
   1.56600010      0.709617615    
   1.56700003      0.710144222    
   1.56800008      0.710673630    
   1.56900012      0.711207867    
   1.57000005      0.711746693    
   1.57100010      0.712294281    
   1.57200003      0.712842584    
   1.57300007      0.713399649    
   1.57400012      0.713961124    
   1.57500005      0.714526176    
   1.57600009      0.715094745    
   1.57700002      0.715670526    
   1.57800007      0.716250956    
   1.57900012      0.716835976    
   1.58000004      0.717425585    
   1.58100009      0.718023598    
   1.58200002      0.718622327    
   1.58300006      0.719226062    
   1.58400011      0.719834149    
   1.58500004      0.720450103    
   1.58600008      0.721067786    
   1.58700013      0.721689641    
   1.58800006      0.722316027    
   1.58900011      0.722950757    
   1.59000003      0.723586082    
   1.59100008      0.724226236    
   1.59200013      0.724874258    
   1.59300005      0.725523353    
   1.59400010      0.726176858    
   1.59500003      0.726834774    
   1.59600008      0.727497697    
   1.59700012      0.728167832    
   1.59800005      0.728838980    
   1.59900010      0.729514956    
   1.60000002      0.730194986    
   1.60100007      0.730879724    
   1.60200012      0.731568575    
   1.60300004      0.732261598    
   1.60400009      0.732956350    
   1.60500002      0.733658552    
   1.60600007      0.734361470    
   1.60700011      0.735072374    
   1.60800004      0.735783935    
   1.60900009      0.736503661    
   1.61000013      0.737223923    
   1.61100006      0.737948596    
   1.61200011      0.738677502    
   1.61300004      0.739410877    
   1.61400008      0.740148425    
   1.61500013      0.740886807    
   1.61600006      0.741632760    
   1.61700010      0.742379725    
   1.61800003      0.743130744    
   1.61900008      0.743889630    
   1.62000012      0.744645715    
   1.62100005      0.745409608    
   1.62200010      0.746177614    
   1.62300003      0.746946454    
   1.62400007      0.747722924    
   1.62500012      0.748500049    
   1.62600005      0.749281347    
   1.62700009      0.750067115    
   1.62800002      0.750853181    
   1.62900007      0.751647234    
   1.63000011      0.752441645    
   1.63100004      0.753240407    
   1.63200009      0.754043281    
   1.63300014      0.754850388    
   1.63400006      0.755657971    
   1.63500011      0.756469727    
   1.63600004      0.757285595    
   1.63700008      0.758105814    
   1.63800013      0.758929849    
   1.63900006      0.759754598    
   1.64000010      0.760583341    
   1.64100003      0.761416435    
   1.64200008      0.762253344    
   1.64300013      0.763091028    
   1.64400005      0.763932645    
   1.64500010      0.764778495    
   1.64600003      0.765628159    
   1.64700007      0.766480446    
   1.64800012      0.767333269    
   1.64900005      0.768194318    
   1.65000010      0.769053876    
   1.65100002      0.769919872    
   1.65200007      0.770784378    
   1.65300012      0.771655202    
   1.65400004      0.772530198    
   1.65500009      0.773405910    
   1.65600014      0.774285436    
   1.65700006      0.775169194    
   1.65800011      0.776053250    
   1.65900004      0.776941478    
   1.66000009      0.777833581    
   1.66100013      0.778726280    
   1.66200006      0.779622793    
   1.66300011      0.780523539    
   1.66400003      0.781427920    
   1.66500008      0.782333076    
   1.66600013      0.783241928    
   1.66700006      0.784151554    
   1.66800010      0.785065174    
   1.66900003      0.785984039    
   1.67000008      0.786903501    
   1.67100012      0.787825346    
   1.67200005      0.788750887    
   1.67300010      0.789679587    
   1.67400002      0.790607512    
   1.67500007      0.791541219    
   1.67600012      0.792479038    
   1.67700005      0.793417454    
   1.67800009      0.794356287    
   1.67900014      0.795302391    
   1.68000007      0.796248794    
   1.68100011      0.797198653    
   1.68200004      0.798147261    
   1.68300009      0.799104989    
   1.68400013      0.800060153    
   1.68500006      0.801019311    
   1.68600011      0.801980197    
   1.68700004      0.802945614    
   1.68800008      0.803912699    
   1.68900013      0.804880500    
   1.69000006      0.805851936    
   1.69100010      0.806827366    
   1.69200003      0.807803035    
   1.69300008      0.808782697    
   1.69400012      0.809763968    
   1.69500005      0.810749888    
   1.69600010      0.811734080    
   1.69700003      0.812725544    
   1.69800007      0.813714027    
   1.69900012      0.814709723    
   1.70000005      0.815702260    
   1.70100009      0.816702247    
   1.70200002      0.817702532    
   1.70300007      0.818706691    
   1.70400012      0.819710970    
   1.70500004      0.820719302    
   1.70600009      0.821727812    
   1.70700014      0.822740436    
   1.70800006      0.823753178    
   1.70900011      0.824769735    
   1.71000004      0.825786650    
   1.71100008      0.826810479    
   1.71200013      0.827831924    
   1.71300006      0.828856826    
   1.71400011      0.829885304    
   1.71500003      0.830914438    
   1.71600008      0.831943870    
   1.71700013      0.832980335    
   1.71800005      0.834013820    
   1.71900010      0.835054517    
   1.72000003      0.836091995    
   1.72100008      0.837136805    
   1.72200012      0.838178456    
   1.72300005      0.839227200    
   1.72400010      0.840274096    
   1.72500002      0.841325939    
   1.72600007      0.842379093    
   1.72700012      0.843432784    
   1.72800004      0.844489992    
   1.72900009      0.845547736    
   1.73000014      0.846609056    
   1.73100007      0.847670853    
   1.73200011      0.848736167    
   1.73300004      0.849802136    
   1.73400009      0.850871444    
   1.73500013      0.851943016    
   1.73600006      0.853014529    
   1.73700011      0.854089379    
   1.73800004      0.855165184    
   1.73900008      0.856244385    
   1.74000013      0.857324541    
   1.74100006      0.858406484    
   1.74200010      0.859490395    
   1.74300003      0.860576391    
   1.74400008      0.861664176    
   1.74500012      0.862753987    
   1.74600005      0.863845825    
   1.74700010      0.864939630    
   1.74800003      0.866034031    
   1.74900007      0.867131948    
   1.75000012      0.868230045    
   1.75100005      0.869331658    
   1.75200009      0.870433986    
   1.75300014      0.871538281    
   1.75400007      0.872644186    
   1.75500011      0.873752475    
   1.75600004      0.874862432    
   1.75700009      0.875972927    
   1.75800014      0.877086878    
   1.75900006      0.878201246    
   1.76000011      0.879317760    
   1.76100004      0.880437553    
   1.76200008      0.881557643    
   1.76300013      0.882678747    
   1.76400006      0.883802533    
   1.76500010      0.884928763    
   1.76600003      0.886055171    
   1.76700008      0.887183726    
   1.76800013      0.888314128    
   1.76900005      0.889446378    
   1.77000010      0.890580654    
   1.77100003      0.891715407    
   1.77200007      0.892853379    
   1.77300012      0.893992126    
   1.77400005      0.895132363    
   1.77500010      0.896274924    
   1.77600014      0.897417665    
   1.77700007      0.898563743    
   1.77800012      0.899710417    
   1.77900004      0.900859058    
   1.78000009      0.902008116    
   1.78100014      0.903160453    
   1.78200006      0.904313087    
   1.78300011      0.905469358    
   1.78400004      0.906624436    
   1.78500009      0.907783031    
   1.78600013      0.908943176    
   1.78700006      0.910104156    
   1.78800011      0.911266685    
   1.78900003      0.912431359    
   1.79000008      0.913596332    
   1.79100013      0.914764702    
   1.79200006      0.915933430    
   1.79300010      0.917103291    
   1.79400003      0.918275058    
   1.79500008      0.919448137    
   1.79600012      0.920622945    
   1.79700005      0.921799600    
   1.79800010      0.922978103    
   1.79900014      0.924157202    
   1.80000007      0.925337851    
   1.80100012      0.926520824    
   1.80200005      0.927703679    
   1.80300009      0.928889573    
   1.80400014      0.930075586    
   1.80500007      0.931264341    
   1.80600011      0.932453394    
   1.80700004      0.933645785    
   1.80800009      0.934837103    
   1.80900013      0.936031938    
   1.81000006      0.937226892    
   1.81100011      0.938423872    
   1.81200004      0.939621449    
   1.81300008      0.940821767    
   1.81400013      0.942022681    
   1.81500006      0.943225682    
   1.81600010      0.944428742    
   1.81700003      0.945633948    
   1.81800008      0.946840823    
   1.81900012      0.948048055    
   1.82000005      0.949258685    
   1.82100010      0.950468481    
   1.82200015      0.951681018    
   1.82300007      0.952894270    
   1.82400012      0.954109251    
   1.82500005      0.955326259    
   1.82600009      0.956543386    
   1.82700014      0.957762480    
   1.82800007      0.958982170    
   1.82900012      0.960203528    
   1.83000004      0.961426556    
   1.83100009      0.962650836    
   1.83200014      0.963876784    
   1.83300006      0.965103090    
   1.83400011      0.966331363    
   1.83500004      0.967561424    
   1.83600008      0.968791664    
   1.83700013      0.970023870    
   1.83800006      0.971257210    
   1.83900011      0.972492337    
   1.84000003      0.973728418    
   1.84100008      0.974965036    
   1.84200013      0.976204097    
   1.84300005      0.977443516    
   1.84400010      0.978684723    
   1.84500003      0.979927123    
   1.84600008      0.981171191    
   1.84700012      0.982415676    
   1.84800005      0.983661890    
   1.84900010      0.984909356    
   1.85000014      0.986158252    
   1.85100007      0.987408042    
   1.85200012      0.988659203    
   1.85300004      0.989911675    
   1.85400009      0.991165102    
   1.85500014      0.992420435    
   1.85600007      0.993675888    
   1.85700011      0.994933367    
   1.85800004      0.996191680    
   1.85900009      0.997451365    
   1.86000013      0.998712540    
   1.86100006      0.999974251    
   1.86200011       1.00123763    
   1.86300004       1.00250220    
   1.86400008       1.00376761    
   1.86500013       1.00503504    
   1.86600006       1.00630260    
   1.86700010       1.00757205    
   1.86800003       1.00884187    
   1.86900008       1.01011348    
   1.87000012       1.01138604    
   1.87100005       1.01265967    
   1.87200010       1.01393461    
   1.87300014       1.01521075    
   1.87400007       1.01648772    
   1.87500012       1.01776600    
   1.87600005       1.01904511    
   1.87700009       1.02032554    
   1.87800014       1.02160680    
   1.87900007       1.02288961    
   1.88000011       1.02417302    
   1.88100004       1.02545774    
   1.88200009       1.02674317    
   1.88300014       1.02802980    
   1.88400006       1.02931738    
   1.88500011       1.03060627    
   1.88600004       1.03189576    
   1.88700008       1.03318655    
   1.88800013       1.03447795    
   1.88900006       1.03577077    
   1.89000010       1.03706408    
   1.89100003       1.03835857    
   1.89200008       1.03965378    
   1.89300013       1.04095030    
   1.89400005       1.04224706    
   1.89500010       1.04354525    
   1.89600015       1.04484379    
   1.89700007       1.04614353    
   1.89800012       1.04744363    
   1.89900005       1.04874492    
   1.90000010       1.05004668    
   1.90100014       1.05134940    
   1.90200007       1.05265248    
   1.90300012       1.05395687    
   1.90400004       1.05526114    
   1.90500009       1.05656672    
   1.90600014       1.05787218    
   1.90700006       1.05917895    
   1.90800011       1.06048560    
   1.90900004       1.06179333    
   1.91000009       1.06310105    
   1.91100013       1.06440961    
   1.91200006       1.06571805    
   1.91300011       1.06702757    
   1.91400003       1.06833673    
   1.91500008       1.06964672    
   1.91600013       1.07095635    
   1.91700006       1.07226682    
   1.91800010       1.07357693    
   1.91900015       1.07488763    
   1.92000008       1.07619798    
   1.92100012       1.07750893    
   1.92200005       1.07881904    
   1.92300010       1.08012998    
   1.92400014       1.08143997    
   1.92500007       1.08275056    
   1.92600012       1.08406007    
   1.92700005       1.08537006    
   1.92800009       1.08667898    
   1.92900014       1.08798838    
   1.93000007       1.08929634    
   1.93100011       1.09060466    
   1.93200004       1.09191144    
   1.93300009       1.09321868    
   1.93400013       1.09452391    
   1.93500006       1.09582949    
   1.93600011       1.09713328    
   1.93700004       1.09843695    
   1.93800008       1.09973872    
   1.93900013       1.10104024    
   1.94000006       1.10233951    
   1.94100010       1.10363877    
   1.94200015       1.10493529    
   1.94300008       1.10623169    
   1.94400012       1.10752547    
   1.94500005       1.10881841    
   1.94600010       1.11010885    
   1.94700015       1.11139846    
   1.94800007       1.11268485    
   1.94900012       1.11397088    
   1.95000005       1.11525321    
   1.95100009       1.11653471    
   1.95200014       1.11781251    
   1.95300007       1.11908925    
   1.95400012       1.12036216    
   1.95500004       1.12163365    
   1.95600009       1.12290120    
   1.95700014       1.12416697    
   1.95800006       1.12542844    
   1.95900011       1.12668872    
   1.96000004       1.12794387    
   1.96100008       1.12919688    
   1.96200013       1.13044572    
   1.96300006       1.13169181    
   1.96400011       1.13293290    
   1.96500015       1.13417184    
   1.96600008       1.13540483    
   1.96700013       1.13663578    
   1.96800005       1.13786054    
   1.96900010       1.13908267    
   1.97000015       1.14029860    
   1.97100008       1.14151168    
   1.97200012       1.14271867    
   1.97300005       1.14392126    
   1.97400010       1.14511788    
   1.97500014       1.14631093    
   1.97600007       1.14749694    
   1.97700012       1.14867878    
   1.97800004       1.14985359    
   1.97900009       1.15102422    
   1.98000014       1.15218771    
   1.98100007       1.15334570    
   1.98200011       1.15449655    
   1.98300004       1.15564239    
   1.98400009       1.15678048    
   1.98500013       1.15791285    
   1.98600006       1.15903676    
   1.98700011       1.16015542    
   1.98800004       1.16126585    
   1.98900008       1.16236961    
   1.99000013       1.16346490    
   1.99100006       1.16455352    
   1.99200010       1.16563320    
   1.99300015       1.16670597    
   1.99400008       1.16776967    
   1.99500012       1.16882610    
   1.99600005       1.16987288    
   1.99700010       1.17091274    
   1.99800014       1.17194176    
   1.99900007       1.17296350    
   2.00000000       1.17397499    
   2.00100017       1.17497861    
   2.00200009       1.17597067    
   2.00300002       1.17695534    
   2.00400019       1.17792857    
   2.00500011       1.17889273    
   2.00600004       1.17984653    
   2.00700021       1.18079090    
   2.00800014       1.18172324    
   2.00900006       1.18264687    
   2.00999999       1.18355823    
   2.01100016       1.18446064    
   2.01200008       1.18534935    
   2.01300001       1.18622911    
   2.01400018       1.18709683    
   2.01500010       1.18795395    
   2.01600003       1.18879747    
   2.01700020       1.18963206    
   2.01800013       1.19045150    
   2.01900005       1.19126165    
   2.01999998       1.19205832    
   2.02100015       1.19284320    
   2.02200007       1.19361413    
   2.02300000       1.19437480    
   2.02400017       1.19512033    
   2.02500010       1.19585526    
   2.02600002       1.19657505    
   2.02700019       1.19728327    
   2.02800012       1.19797695    
   2.02900004       1.19865930    
   2.03000021       1.19932473    
   2.03100014       1.19997990    
   2.03200006       1.20061839    
   2.03299999       1.20124638    
   2.03400016       1.20185745    
   2.03500009       1.20245540    
   2.03600001       1.20303822    
   2.03700018       1.20360887    
   2.03800011       1.20416284    
   2.03900003       1.20470369    
   2.04000020       1.20522773    
   2.04100013       1.20573974    
   2.04200006       1.20623517    
   2.04299998       1.20671606    
   2.04400015       1.20718110    
   2.04500008       1.20763314    
   2.04600000       1.20806694    
   2.04700017       1.20848882    
   2.04800010       1.20889258    
   2.04900002       1.20928288    
   2.05000019       1.20965517    
   2.05100012       1.21001410    
   2.05200005       1.21035480    
   2.05300021       1.21068358    
   2.05400014       1.21099281    
   2.05500007       1.21128869    
   2.05599999       1.21156645    
   2.05700016       1.21183074    
   2.05800009       1.21207559    
   2.05900002       1.21230841    
   2.06000018       1.21252179    
   2.06100011       1.21272027    
   2.06200004       1.21290207    
   2.06300020       1.21306920    
   2.06400013       1.21321690    
   2.06500006       1.21335220    
   2.06599998       1.21346676    
   2.06700015       1.21356964    
   2.06800008       1.21365273    
   2.06900001       1.21372116    
   2.07000017       1.21377134    
   2.07100010       1.21380699    
   2.07200003       1.21382439    
   2.07300019       1.21382725    
   2.07400012       1.21381176    
   2.07500005       1.21378171    
   2.07600021       1.21373367    
   2.07700014       1.21367073    
   2.07800007       1.21358979    
   2.07900000       1.21349418    
   2.08000016       1.21337903    
   2.08100009       1.21325159    
   2.08200002       1.21310425    
   2.08300018       1.21294308    
   2.08400011       1.21276402    
   2.08500004       1.21257007    
   2.08600020       1.21235836    
   2.08700013       1.21213186    
   2.08800006       1.21188760    
   2.08899999       1.21162987    
   2.09000015       1.21135271    
   2.09100008       1.21106255    
   2.09200001       1.21075428    
   2.09300017       1.21043289    
   2.09400010       1.21009219    
   2.09500003       1.20973814    
   2.09600019       1.20936632    
   2.09700012       1.20898139    
   2.09800005       1.20857847    
   2.09900022       1.20816243    
   2.10000014       1.20772839    
   2.10100007       1.20728147    
   2.10200000       1.20681655    
   2.10300016       1.20633900    
   2.10400009       1.20584404    
   2.10500002       1.20533657    
   2.10600019       1.20481122    
   2.10700011       1.20427442    
   2.10800004       1.20371950    
   2.10900021       1.20315325    
   2.11000013       1.20256901    
   2.11100006       1.20197332    
   2.11199999       1.20135963    
   2.11300015       1.20073605    
   2.11400008       1.20009446    
   2.11500001       1.19944239    
   2.11600018       1.19877231    
   2.11700010       1.19809306    
   2.11800003       1.19739592    
   2.11900020       1.19668877    
   2.12000012       1.19596386    
   2.12100005       1.19523048    
   2.12200022       1.19447935    
   2.12300014       1.19371808    
   2.12400007       1.19294202    
   2.12500000       1.19215477    
   2.12600017       1.19135249    
   2.12700009       1.19054031    
   2.12800002       1.18971336    
   2.12900019       1.18887675    
   2.13000011       1.18802357    
   2.13100004       1.18716347    
   2.13200021       1.18628705    
   2.13300014       1.18540251    
   2.13400006       1.18450165    
   2.13499999       1.18359363    
   2.13600016       1.18267119    
   2.13700008       1.18174028    
   2.13800001       1.18079472    
   2.13900018       1.17984188    
   2.14000010       1.17887461    
   2.14100003       1.17790031    
   2.14200020       1.17691290    
   2.14300013       1.17591715    
   2.14400005       1.17490816    
   2.14500022       1.17389226    
   2.14600015       1.17286313    
   2.14700007       1.17182732    
   2.14800000       1.17077816    
   2.14900017       1.16972375    
   2.15000010       1.16865623    
   2.15100002       1.16758323    
   2.15200019       1.16649711    
   2.15300012       1.16540551    
   2.15400004       1.16430223    
   2.15500021       1.16319239    
   2.15600014       1.16207230    
   2.15700006       1.16094685    
   2.15799999       1.15980971    
   2.15900016       1.15866733    
   2.16000009       1.15751469    
   2.16100001       1.15635693    
   2.16200018       1.15518892    
   2.16300011       1.15401685    
   2.16400003       1.15283310    
   2.16500020       1.15164721    
   2.16600013       1.15044916    
   2.16700006       1.14924943    
   2.16800022       1.14803827    
   2.16900015       1.14682519    
   2.17000008       1.14560151    
   2.17100000       1.14437616    
   2.17200017       1.14313996    
   2.17300010       1.14190233    
   2.17400002       1.14065444    
   2.17500019       1.13940585    
   2.17600012       1.13814700    
   2.17700005       1.13688755    
   2.17800021       1.13561869    
   2.17900014       1.13434899    
   2.18000007       1.13306999    
   2.18099999       1.13179088    
   2.18200016       1.13050258    
   2.18300009       1.12921500    
   2.18400002       1.12791789    
   2.18500018       1.12662172    
   2.18600011       1.12531650    
   2.18700004       1.12401271    
   2.18800020       1.12269974    
   2.18900013       1.12138855    
   2.19000006       1.12006938    
   2.19100022       1.11875188    
   2.19200015       1.11742580    
   2.19300008       1.11610234    
   2.19400001       1.11477065    
   2.19500017       1.11344171    
   2.19600010       1.11210489    
   2.19700003       1.11077058    
   2.19800019       1.10942900    
   2.19900012       1.10809040    
   2.20000005       1.10674536    
   2.20100021       1.10540283    
   2.20200014       1.10405385    
   2.20300007       1.10270786    
   2.20400000       1.10135615    
   2.20500016       1.10000753    
   2.20600009       1.09865248    
   2.20700002       1.09730208    
   2.20800018       1.09594524    
   2.20900011       1.09459281    
   2.21000004       1.09323490    
   2.21100020       1.09188139    
   2.21200013       1.09052169    
   2.21300006       1.08916771    
   2.21399999       1.08780754    
   2.21500015       1.08645320    
   2.21600008       1.08509350    
   2.21700001       1.08373892    
   2.21800017       1.08237934    
   2.21900010       1.08102584    
   2.22000003       1.07966733    
   2.22100019       1.07831478    
   2.22200012       1.07695735    
   2.22300005       1.07560647    
   2.22400022       1.07425106    
   2.22500014       1.07290220    
   2.22600007       1.07154918    
   2.22700000       1.07020271    
   2.22800016       1.06885219    
   2.22900009       1.06750882    
   2.23000002       1.06616127    
   2.23100019       1.06482124    
   2.23200011       1.06347704    
   2.23300004       1.06214082    
   2.23400021       1.06080079    
   2.23500013       1.05946839    
   2.23600006       1.05813265    
   2.23699999       1.05680513    
   2.23800015       1.05547392    
   2.23900008       1.05415142    
   2.24000001       1.05282509    
   2.24100018       1.05150759    
   2.24200010       1.05018687    
   2.24300003       1.04887521    
   2.24400020       1.04756021    
   2.24500012       1.04625428    
   2.24600005       1.04494560    
   2.24700022       1.04364610    
   2.24800014       1.04234385    
   2.24900007       1.04105091    
   2.25000000       1.03975534    
   2.25100017       1.03846967    
   2.25200009       1.03718114    
   2.25300002       1.03590262    
   2.25400019       1.03462160    
   2.25500011       1.03335071    
   2.25600004       1.03207743    
   2.25700021       1.03081465    
   2.25800014       1.02954912    
   2.25900006       1.02829456    
   2.25999999       1.02703750    
   2.26100016       1.02579129    
   2.26200008       1.02454305    
   2.26300001       1.02330554    
   2.26400018       1.02206600    
   2.26500010       1.02083755    
   2.26600003       1.01960719    
   2.26700020       1.01838803    
   2.26800013       1.01716685    
   2.26900005       1.01595724    
   2.27000022       1.01474595    
   2.27100015       1.01354587    
   2.27200007       1.01234448    
   2.27300000       1.01115441    
   2.27400017       1.00996292    
   2.27500010       1.00878310    
   2.27600002       1.00760198    
   2.27700019       1.00643277    
   2.27800012       1.00526202    
   2.27900004       1.00410330    
   2.28000021       1.00294340    
   2.28100014       1.00179541    
   2.28200006       1.00064635    
   2.28299999      0.999509513    
   2.28400016      0.998371482    
   2.28500009      0.997245789    
   2.28600001      0.996118963    
   2.28700018      0.995004773    
   2.28800011      0.993889272    
   2.28900003      0.992786705    
   2.29000020      0.991682827    
   2.29100013      0.990591824    
   2.29200006      0.989499629    
   2.29300022      0.988420606    
   2.29400015      0.987340271    
   2.29500008      0.986273170    
   2.29600000      0.985205054    
   2.29700017      0.984149933    
   2.29800010      0.983093977    
   2.29900002      0.982051134    
   2.30000019      0.981007338    
   2.30100012      0.979976952    
   2.30200005      0.978945673    
   2.30300021      0.977927864    
   2.30400014      0.976908863    
   2.30500007      0.975903511    
   2.30599999      0.974897385    
   2.30700016      0.973904729    
   2.30800009      0.972911298    
   2.30900002      0.971931398    
   2.31000018      0.970950723    
   2.31100011      0.969983816    
   2.31200004      0.969016194    
   2.31300020      0.968062222    
   2.31400013      0.967107713    
   2.31500006      0.966166735    
   2.31600022      0.965224981    
   2.31700015      0.964297414    
   2.31800008      0.963368714    
   2.31900001      0.962454259    
   2.32000017      0.961538851    
   2.32100010      0.960637510    
   2.32200003      0.959735632    
   2.32300019      0.958847642    
   2.32400012      0.957958817    
   2.32500005      0.957084298    
   2.32600021      0.956208825    
   2.32700014      0.955347657    
   2.32800007      0.954485536    
   2.32900000      0.953637779    
   2.33000016      0.952789128    
   2.33100009      0.951954782    
   2.33200002      0.951119900    
   2.33300018      0.950299203    
   2.33400011      0.949477434    
   2.33500004      0.948670387    
   2.33600020      0.947862267    
   2.33700013      0.947068572    
   2.33800006      0.946273983    
   2.33900023      0.945494056    
   2.34000015      0.944712996    
   2.34100008      0.943946123    
   2.34200001      0.943178833    
   2.34300017      0.942426026    
   2.34400010      0.941672087    
   2.34500003      0.940933108    
   2.34600019      0.940192401    
   2.34700012      0.939466953    
   2.34800005      0.938740194    
   2.34900022      0.938028038    
   2.35000014      0.937315226    
   2.35100007      0.936616540    
   2.35200000      0.935917079    
   2.35300016      0.935231447    
   2.35400009      0.934546053    
   2.35500002      0.933874607    
   2.35600019      0.933201790    
   2.35700011      0.932543695    
   2.35800004      0.931884706    
   2.35900021      0.931240261    
   2.36000013      0.930594742    
   2.36100006      0.929963589    
   2.36200023      0.929332018    
   2.36300015      0.928714216    
   2.36400008      0.928095818    
   2.36500001      0.927491128    
   2.36600018      0.926886141    
   2.36700010      0.926295459    
   2.36800003      0.925703585    
   2.36900020      0.925126076    
   2.37000012      0.924547374    
   2.37100005      0.923983097    
   2.37200022      0.923418283    
   2.37300014      0.922867358    
   2.37400007      0.922315061    
   2.37500000      0.921777189    
   2.37600017      0.921238065    
   2.37700009      0.920713603    
   2.37800002      0.920188129    
   2.37900019      0.919676661    
   2.38000011      0.919163764    
   2.38100004      0.918664932    
   2.38200021      0.918165207    
   2.38300014      0.917679965    
   2.38400006      0.917192936    
   2.38500023      0.916720688    
   2.38600016      0.916246593    
   2.38700008      0.915787041    
   2.38800001      0.915325940    
   2.38900018      0.914878845    
   2.39000010      0.914430320    
   2.39100003      0.913996160    
   2.39200020      0.913560629    
   2.39300013      0.913138926    
   2.39400005      0.912715912    
   2.39500022      0.912307262    
   2.39600015      0.911896527    
   2.39700007      0.911499798    
   2.39800000      0.911101937    
   2.39900017      0.910718024    
   2.40000010      0.910331964    
   2.40100002      0.909960508    
   2.40200019      0.909587443    
   2.40300012      0.909227490    
   2.40400004      0.908866882    
   2.40500021      0.908519328    
   2.40600014      0.908170342    
   2.40700006      0.907835722    
   2.40800023      0.907498896    
   2.40900016      0.907176018    
   2.41000009      0.906850874    
   2.41100001      0.906539500    
   2.41200018      0.906226754    
   2.41300011      0.905927598    
   2.41400003      0.905626416    
   2.41500020      0.905339420    
   2.41600013      0.905049801    
   2.41700006      0.904773831    
   2.41800022      0.904496431    
   2.41900015      0.904232621    
   2.42000008      0.903966010    
   2.42100000      0.903713822    
   2.42200017      0.903458774    
   2.42300010      0.903218031    
   2.42400002      0.902974427    
   2.42500019      0.902744532    
   2.42600012      0.902512550    
   2.42700005      0.902294099    
   2.42800021      0.902072906    
   2.42900014      0.901866019    
   2.43000007      0.901656270    
   2.43100023      0.901460171    
   2.43200016      0.901261151    
   2.43300009      0.901075840    
   2.43400002      0.900887728    
   2.43500018      0.900713742    
   2.43600011      0.900536180    
   2.43700004      0.900373101    
   2.43800020      0.900206327    
   2.43900013      0.900053322    
   2.44000006      0.899897933    
   2.44100022      0.899755597    
   2.44200015      0.899610341    
   2.44300008      0.899478674    
   2.44400001      0.899343431    
   2.44500017      0.899222434    
   2.44600010      0.899097860    
   2.44700003      0.898986876    
   2.44800019      0.898872256    
   2.44900012      0.898771286    
   2.45000005      0.898667336    
   2.45100021      0.898576438    
   2.45200014      0.898482442    
   2.45300007      0.898401439    
   2.45400023      0.898317397    
   2.45500016      0.898246288    
   2.45600009      0.898171544    
   2.45700002      0.898110390    
   2.45800018      0.898045838    
   2.45900011      0.897994399    
   2.46000004      0.897939444    
   2.46100020      0.897897542    
   2.46200013      0.897851825    
   2.46300006      0.897819757    
   2.46400023      0.897783279    
   2.46500015      0.897760391    
   2.46600008      0.897733808    
   2.46700001      0.897720039    
   2.46800017      0.897702098    
   2.46900010      0.897697449    
   2.47000003      0.897689223    
   2.47100019      0.897693932    
   2.47200012      0.897694111    
   2.47300005      0.897707224    
   2.47400022      0.897717416    
   2.47500014      0.897739589    
   2.47600007      0.897757530    
   2.47700024      0.897788882    
   2.47800016      0.897815883    
   2.47900009      0.897855759    
   2.48000002      0.897891104    
   2.48100019      0.897939384    
   2.48200011      0.897983253    
   2.48300004      0.898039877    
   2.48400021      0.898092747    
   2.48500013      0.898157775    
   2.48600006      0.898218572    
   2.48700023      0.898291945    
   2.48800015      0.898361027    
   2.48900008      0.898442090    
   2.49000001      0.898519576    
   2.49100018      0.898609042    
   2.49200010      0.898694098    
   2.49300003      0.898791194    
   2.49400020      0.898884118    
   2.49500012      0.898989558    
   2.49600005      0.899090588    
   2.49700022      0.899203002    
   2.49800014      0.899311781    
   2.49900007      0.899432659    
   2.50000000      0.899548352    
   2.50100017      0.899676740    
   2.50200009      0.899836898    
   2.50300002      0.900009036    
   2.50400019      0.900177181    
   2.50500011      0.900356233    
   2.50600004      0.900531292    
   2.50700021      0.900717556    
   2.50800014      0.900899410    
   2.50900006      0.901093066    
   2.51000023      0.901281595    
   2.51100016      0.901481986    
   2.51200008      0.901677907    
   2.51300001      0.901884675    
   2.51400018      0.902086973    
   2.51500010      0.902300835    
   2.51600003      0.902509451    
   2.51700020      0.902729988    
   2.51800013      0.902945280    
   2.51900005      0.903171778    
   2.52000022      0.903393805    
   2.52100015      0.903627038    
   2.52200007      0.903855085    
   2.52300000      0.904094934    
   2.52400017      0.904328883    
   2.52500010      0.904574752    
   2.52600002      0.904815376    
   2.52700019      0.905067205    
   2.52800012      0.905313790    
   2.52900004      0.905571640    
   2.53000021      0.905824125    
   2.53100014      0.906087220    
   2.53200006      0.906345785    
   2.53300023      0.906615436    
   2.53400016      0.906879306    
   2.53500009      0.907154500    
   2.53600001      0.907424569    
   2.53700018      0.907705128    
   2.53800011      0.907980442    
   2.53900003      0.908266485    
   2.54000020      0.908548057    
   2.54100013      0.908839464    
   2.54200006      0.909125626    
   2.54300022      0.909422815    
   2.54400015      0.909714222    
   2.54500008      0.910016656    
   2.54600000      0.910313666    
   2.54700017      0.910620868    
   2.54800010      0.910922706    
   2.54900002      0.911235571    
   2.55000019      0.911542475    
   2.55100012      0.911859930    
   2.55200005      0.912172019    
   2.55300021      0.912493944    
   2.55400014      0.912810683    
   2.55500007      0.913137674    
   2.55600023      0.913459539    
   2.55700016      0.913791120    
   2.55800009      0.914117455    
   2.55900002      0.914453506    
   2.56000018      0.914784968    
   2.56100011      0.915125489    
   2.56200004      0.915460825    
   2.56300020      0.915806472    
   2.56400013      0.916146159    
   2.56500006      0.916495681    
   2.56600022      0.916839838    
   2.56700015      0.917193770    
   2.56800008      0.917541802    
   2.56900001      0.917900085    
   2.57000017      0.918252528    
   2.57100010      0.918614626    
   2.57200003      0.918971479    
   2.57300019      0.919337332    
   2.57400012      0.919697940    
   2.57500005      0.920068204    
   2.57600021      0.920432568    
   2.57700014      0.920806348    
   2.57800007      0.921174645    
   2.57900023      0.921552360    
   2.58000016      0.921924174    
   2.58100009      0.922305524    
   2.58200002      0.922681093    
   2.58300018      0.923065603    
   2.58400011      0.923444867    
   2.58500004      0.923833013    
   2.58600020      0.924215972    
   2.58700013      0.924607873    
   2.58800006      0.924993813    
   2.58900023      0.925388694    
   2.59000015      0.925778329    
   2.59100008      0.926176250    
   2.59200001      0.926568866    
   2.59300017      0.926970482    
   2.59400010      0.927366078    
   2.59500003      0.927770674    
   2.59600019      0.928169310    
   2.59700012      0.928576827    
   2.59800005      0.928979039    
   2.59900022      0.929389298    
   2.60000014      0.929794192    
   2.60100007      0.930207014    
   2.60200024      0.930614591    
   2.60300016      0.931031048    
   2.60400009      0.931441128    
   2.60500002      0.931859970    
   2.60600019      0.932273030    
   2.60700011      0.932694018    
   2.60800004      0.933109760    
   2.60900021      0.933533669    
   2.61000013      0.933951616    
   2.61100006      0.934377849    
   2.61200023      0.934798717    
   2.61300015      0.935227215    
   2.61400008      0.935650349    
   2.61500001      0.936081052    
   2.61600018      0.936506391    
   2.61700010      0.936939538    
   2.61800003      0.937366843    
   2.61900020      0.937802315    
   2.62000012      0.938231826    
   2.62100005      0.938669205    
   2.62200022      0.939100921    
   2.62300014      0.939540148    
   2.62400007      0.939973831    
   2.62500024      0.940415204    
   2.62600017      0.940850735    
   2.62700009      0.941294014    
   2.62800002      0.941731393    
   2.62900019      0.942176521    
   2.63000011      0.942615449    
   2.63100004      0.943062425    
   2.63200021      0.943503141    
   2.63300014      0.943951249    
   2.63400006      0.944393873    
   2.63500023      0.944843888    
   2.63600016      0.945287883    
   2.63700008      0.945739388    
   2.63800001      0.946184933    
   2.63900018      0.946637571    
   2.64000010      0.947084606    
   2.64100003      0.947538733    
   2.64200020      0.947986960    
   2.64300013      0.948442519    
   2.64400005      0.948892117    
   2.64500022      0.949348867    
   2.64600015      0.949799657    
   2.64700007      0.950257480    
   2.64800024      0.950709343    
   2.64900017      0.951168299    
   2.65000010      0.951621294    
   2.65100002      0.952081382    
   2.65200019      0.952535450    
   2.65300012      0.952996314    
   2.65400004      0.953451157    
   2.65500021      0.953913093    
   2.65600014      0.954368770    
   2.65700006      0.954831362    
   2.65800023      0.955288112    
   2.65900016      0.955751538    
   2.66000009      0.956208825    
   2.66100001      0.956673145    
   2.66200018      0.957130969    
   2.66300011      0.957595885    
   2.66400003      0.958054304    
   2.66500020      0.958519757    
   2.66600013      0.958978772    
   2.66700006      0.959444761    
   2.66800022      0.959904194    
   2.66900015      0.960370541    
   2.67000008      0.960830569    
   2.67100024      0.961297333    
   2.67200017      0.961757541    
   2.67300010      0.962224603    
   2.67400002      0.962685347    
   2.67500019      0.963152528    
   2.67600012      0.963613391    
   2.67700005      0.964080870    
   2.67800021      0.964541793    
   2.67900014      0.965009272    
   2.68000007      0.965470493    
   2.68100023      0.965938330    
   2.68200016      0.966399491    
   2.68300009      0.966867030    
   2.68400002      0.967328310    
   2.68500018      0.967795789    
   2.68600011      0.968257010    
   2.68700004      0.968724549    
   2.68800020      0.969185591    
   2.68900013      0.969652712    
   2.69000006      0.970113754    
   2.69100022      0.970580697    
   2.69200015      0.971041441    
   2.69300008      0.971508086    
   2.69400024      0.971968591    
   2.69500017      0.972434759    
   2.69600010      0.972894967    
   2.69700003      0.973360896    
   2.69800019      0.973820567    
   2.69900012      0.974285901    
   2.70000005      0.974745274    
   2.70100021      0.975209951    
   2.70200014      0.975668907    
   2.70300007      0.976133049    
   2.70400023      0.976591289    
   2.70500016      0.977054894    
   2.70600009      0.977512538    
   2.70700002      0.977975428    
   2.70800018      0.978432298    
   2.70900011      0.978894413    
   2.71000004      0.979350626    
   2.71100020      0.979811966    
   2.71200013      0.980267406    
   2.71300006      0.980727851    
   2.71400023      0.981182396    
   2.71500015      0.981642008    
   2.71600008      0.982095659    
   2.71700025      0.982554197    
   2.71800017      0.983006954    
   2.71900010      0.983464479    
   2.72000003      0.983916283    
   2.72100019      0.984372795    
   2.72200012      0.984823465    
   2.72300005      0.985278904    
   2.72400022      0.985728443    
   2.72500014      0.986182630    
   2.72600007      0.986631095    
   2.72700024      0.987084091    
   2.72800016      0.987531304    
   2.72900009      0.987983048    
   2.73000002      0.988429010    
   2.73100019      0.988879502    
   2.73200011      0.989324033    
   2.73300004      0.989773154    
   2.73400021      0.990216434    
   2.73500013      0.990664065    
   2.73600006      0.991105914    
   2.73700023      0.991552114    
   2.73800015      0.991992533    
   2.73900008      0.992437243    
   2.74000025      0.992876112    
   2.74100018      0.993319273    
   2.74200010      0.993756592    
   2.74300003      0.994198024    
   2.74400020      0.994633853    
   2.74500012      0.995073676    
   2.74600005      0.995507777    
   2.74700022      0.995945930    
   2.74800014      0.996378303    
   2.74900007      0.996814728    
   2.75000024      0.997245371    
   2.75100017      0.997679949    
   2.75200009      0.998108804    
   2.75300002      0.998541594    
   2.75400019      0.998968601    
   2.75500011      0.999399543    
   2.75600004      0.999824643    
   2.75700021       1.00025368    
   2.75800014       1.00067687    
   2.75900006       1.00110376    
   2.76000023       1.00152504    
   2.76100016       1.00195003    
   2.76200008       1.00236928    
   2.76300025       1.00279212    
   2.76400018       1.00320935    
   2.76500010       1.00363016    
   2.76600003       1.00404525    
   2.76700020       1.00446379    
   2.76800013       1.00487685    
   2.76900005       1.00529313    
   2.77000022       1.00570393    
   2.77100015       1.00611806    
   2.77200007       1.00652671    
   2.77300024       1.00693858    
   2.77400017       1.00734484    
   2.77500010       1.00775445    
   2.77600002       1.00815833    
   2.77700019       1.00856555    
   2.77800012       1.00896716    
   2.77900004       1.00937188    
   2.78000021       1.00977123    
   2.78100014       1.01017344    
   2.78200006       1.01057029    
   2.78300023       1.01097012    
   2.78400016       1.01136446    
   2.78500009       1.01176167    
   2.78600001       1.01215351    
   2.78700018       1.01254833    
   2.78800011       1.01293755    
   2.78900003       1.01332963    
   2.79000020       1.01371634    
   2.79100013       1.01410580    
   2.79200006       1.01448977    
   2.79300022       1.01487660    
   2.79400015       1.01525795    
   2.79500008       1.01564193    
   2.79600024       1.01602066    
   2.79700017       1.01640189    
   2.79800010       1.01677787    
   2.79900002       1.01715636    
   2.80000019       1.01752949    
   2.80100012       1.01790500    
   2.80200005       1.01827538    
   2.80300021       1.01864815    
   2.80400014       1.01901555    
   2.80500007       1.01938546    
   2.80600023       1.01975000    
   2.80700016       1.02011681    
   2.80800009       1.02047849    
   2.80900002       1.02084231    
   2.81000018       1.02120113    
   2.81100011       1.02156186    
   2.81200004       1.02191758    
   2.81300020       1.02227533    
   2.81400013       1.02262795    
   2.81500006       1.02298272    
   2.81600022       1.02333224    
   2.81700015       1.02368367    
   2.81800008       1.02403021    
   2.81900024       1.02437866    
   2.82000017       1.02472186    
   2.82100010       1.02506709    
   2.82200003       1.02540720    
   2.82300019       1.02574909    
   2.82400012       1.02608609    
   2.82500005       1.02642477    
   2.82600021       1.02675843    
   2.82700014       1.02709377    
   2.82800007       1.02742422    
   2.82900023       1.02775621    
   2.83000016       1.02808332    
   2.83100009       1.02841198    
   2.83200002       1.02873576    
   2.83300018       1.02906096    
   2.83400011       1.02938139    
   2.83500004       1.02970314    
   2.83600020       1.03002024    
   2.83700013       1.03033853    
   2.83800006       1.03065205    
   2.83900023       1.03096700    
   2.84000015       1.03127694    
   2.84100008       1.03158844    
   2.84200025       1.03189480    
   2.84300017       1.03220272    
   2.84400010       1.03250563    
   2.84500003       1.03280997    
   2.84600019       1.03310919    
   2.84700012       1.03340971    
   2.84800005       1.03370559    
   2.84900022       1.03400242    
   2.85000014       1.03429484    
   2.85100007       1.03458810    
   2.85200024       1.03487647    
   2.85300016       1.03516614    
   2.85400009       1.03545094    
   2.85500002       1.03573656    
   2.85600019       1.03601789    
   2.85700011       1.03629982    
   2.85800004       1.03657734    
   2.85900021       1.03685558    
   2.86000013       1.03712904    
   2.86100006       1.03740358    
   2.86200023       1.03767335    
   2.86300015       1.03794384    
   2.86400008       1.03820980    
   2.86500025       1.03847647    
   2.86600018       1.03873849    
   2.86700010       1.03900135    
   2.86800003       1.03925955    
   2.86900020       1.03951848    
   2.87000012       1.03977263    
   2.87100005       1.04002738    
   2.87200022       1.04027784    
   2.87300014       1.04052877    
   2.87400007       1.04077506    
   2.87500024       1.04102206    
   2.87600017       1.04126441    
   2.87700009       1.04150701    
   2.87800002       1.04174554    
   2.87900019       1.04198420    
   2.88000011       1.04221857    
   2.88100004       1.04245329    
   2.88200021       1.04268348    
   2.88300014       1.04291403    
   2.88400006       1.04314017    
   2.88500023       1.04336667    
   2.88600016       1.04358852    
   2.88700008       1.04381073    
   2.88800025       1.04402864    
   2.88900018       1.04424667    
   2.89000010       1.04446042    
   2.89100003       1.04467428    
   2.89200020       1.04488361    
   2.89300013       1.04509306    
   2.89400005       1.04529834    
   2.89500022       1.04550385    
   2.89600015       1.04570472    
   2.89700007       1.04590583    
   2.89800024       1.04610252    
   2.89900017       1.04629922    
   2.90000010       1.04649150    
   2.90100002       1.04668403    
   2.90200019       1.04687214    
   2.90300012       1.04706001    
   2.90400004       1.04724395    
   2.90500021       1.04742765    
   2.90600014       1.04760683    
   2.90700006       1.04778600    
   2.90800023       1.04796112    
   2.90900016       1.04813588    
   2.91000009       1.04830647    
   2.91100025       1.04847705    
   2.91200018       1.04864323    
   2.91300011       1.04880893    
   2.91400003       1.04897070    
   2.91500020       1.04913199    
   2.91600013       1.04928958    
   2.91700006       1.04944634    
   2.91800022       1.04959917    
   2.91900015       1.04975152    
   2.92000008       1.04989982    
   2.92100024       1.05004764    
   2.92200017       1.05019140    
   2.92300010       1.05033445    
   2.92400002       1.05047381    
   2.92500019       1.05061245    
   2.92600012       1.05074728    
   2.92700005       1.05088103    
   2.92800021       1.05101120    
   2.92900014       1.05114067    
   2.93000007       1.05126619    
   2.93100023       1.05139065    
   2.93200016       1.05151176    
   2.93300009       1.05163169    
   2.93400025       1.05174792    
   2.93500018       1.05186331    
   2.93600011       1.05197513    
   2.93700004       1.05208576    
   2.93800020       1.05219269    
   2.93900013       1.05229867    
   2.94000006       1.05240095    
   2.94100022       1.05250227    
   2.94200015       1.05259979    
   2.94300008       1.05269635    
   2.94400024       1.05278909    
   2.94500017       1.05288076    
   2.94600010       1.05296898    
   2.94700003       1.05305576    
   2.94800019       1.05313933    
   2.94900012       1.05322158    
   2.95000005       1.05330026    
   2.95100021       1.05337739    
   2.95200014       1.05345142    
   2.95300007       1.05352414    
   2.95400023       1.05359304    
   2.95500016       1.05366075    
   2.95600009       1.05372524    
   2.95700026       1.05378783    
   2.95800018       1.05384755    
   2.95900011       1.05390561    
   2.96000004       1.05396032    
   2.96100020       1.05401325    
   2.96200013       1.05406320    
   2.96300006       1.05411160    
   2.96400023       1.05415666    
   2.96500015       1.05419981    
   2.96600008       1.05424011    
   2.96700025       1.05427885    
   2.96800017       1.05431426    
   2.96900010       1.05434775    
   2.97000003       1.05437827    
   2.97100019       1.05440700    
   2.97200012       1.05443263    
   2.97300005       1.05445611    
   2.97400022       1.05447710    
   2.97500014       1.05449605    
   2.97600007       1.05451167    
   2.97700024       1.05452585    
   2.97800016       1.05453670    
   2.97900009       1.05454552    
   2.98000026       1.05455184    
   2.98100019       1.05455601    
   2.98200011       1.05455709    
   2.98300004       1.05455601    
   2.98400021       1.05455232    
   2.98500013       1.05454671    
   2.98600006       1.05453813    
   2.98700023       1.05452728    
   2.98800015       1.05451381    
   2.98900008       1.05449784    
   2.99000025       1.05447960    
   2.99100018       1.05445910    
   2.99200010       1.05443573    
   2.99300003       1.05440998    
   2.99400020       1.05438173    
   2.99500012       1.05435121    
   2.99600005       1.05431807    
   2.99700022       1.05428255    
   2.99800014       1.05424464    
   2.99900007       1.05420434    
   3.00000024       1.05416119    
   3.00100017       1.05411601    
   3.00200009       1.05406797    
   3.00300026       1.05401766    
   3.00400019       1.05396497    
   3.00500011       1.05390966    
   3.00600004       1.05385220    
   3.00700021       1.05379200    
   3.00800014       1.05372941    
   3.00900006       1.05366457    
   3.01000023       1.05359709    
   3.01100016       1.05352712    
   3.01200008       1.05345488    
   3.01300025       1.05338025    
   3.01400018       1.05330300    
   3.01500010       1.05322349    
   3.01600003       1.05314147    
   3.01700020       1.05305696    
   3.01800013       1.05297005    
   3.01900005       1.05288076    
   3.02000022       1.05278909    
   3.02100015       1.05269480    
   3.02200007       1.05259836    
   3.02300024       1.05249929    
   3.02400017       1.05239797    
   3.02500010       1.05229402    
   3.02600026       1.05218816    
   3.02700019       1.05207944    
   3.02800012       1.05196881    
   3.02900004       1.05185521    
   3.03000021       1.05173969    
   3.03100014       1.05162156    
   3.03200006       1.05150127    
   3.03300023       1.05137837    
   3.03400016       1.05125332    
   3.03500009       1.05112576    
   3.03600025       1.05099607    
   3.03700018       1.05086362    
   3.03800011       1.05072939    
   3.03900003       1.05059230    
   3.04000020       1.05045342    
   3.04100013       1.05031180    
   3.04200006       1.05016840    
   3.04300022       1.05002189    
   3.04400015       1.04987371    
   3.04500008       1.04972279    
   3.04600024       1.04957032    
   3.04700017       1.04941475    
   3.04800010       1.04925752    
   3.04900026       1.04909766    
   3.05000019       1.04893601    
   3.05100012       1.04877138    
   3.05200005       1.04860520    
   3.05300021       1.04843605    
   3.05400014       1.04826570    
   3.05500007       1.04809225    
   3.05600023       1.04791725    
   3.05700016       1.04773951    
   3.05800009       1.04755998    
   3.05900025       1.04737771    
   3.06000018       1.04719412    
   3.06100011       1.04700744    
   3.06200004       1.04681969    
   3.06300020       1.04662859    
   3.06400013       1.04643643    
   3.06500006       1.04624116    
   3.06600022       1.04604483    
   3.06700015       1.04584551    
   3.06800008       1.04564488    
   3.06900024       1.04544127    
   3.07000017       1.04523647    
   3.07100010       1.04502892    
   3.07200003       1.04482007    
   3.07300019       1.04460835    
   3.07400012       1.04439533    
   3.07500005       1.04417956    
   3.07600021       1.04396272    
   3.07700014       1.04374254    
   3.07800007       1.04352212    
   3.07900023       1.04329813    
   3.08000016       1.04307353    
   3.08100009       1.04284549    
   3.08200026       1.04261720    
   3.08300018       1.04238546    
   3.08400011       1.04215336    
   3.08500004       1.04191756    
   3.08600020       1.04168177    
   3.08700013       1.04144263    
   3.08800006       1.04120278    
   3.08900023       1.04095984    
   3.09000015       1.04071653    
   3.09100008       1.04046988    
   3.09200025       1.04022288    
   3.09300017       1.03997254    
   3.09400010       1.03972220    
   3.09500003       1.03946817    
   3.09600019       1.03921449    
   3.09700012       1.03895712    
   3.09800005       1.03869975    
   3.09900022       1.03843892    
   3.10000014       1.03817844    
   3.10100007       1.03791440    
   3.10200024       1.03765023    
   3.10300016       1.03738272    
   3.10400009       1.03711569    
   3.10500026       1.03684485    
   3.10600019       1.03657448    
   3.10700011       1.03630090    
   3.10800004       1.03602719    
   3.10900021       1.03575039    
   3.11000013       1.03547359    
   3.11100006       1.03519380    
   3.11200023       1.03491402    
   3.11300015       1.03463125    
   3.11400008       1.03434861    
   3.11500025       1.03406274    
   3.11600018       1.03377748    
   3.11700010       1.03348875    
   3.11800003       1.03320074    
   3.11900020       1.03290904    
   3.12000012       1.03261817    
   3.12100005       1.03232396    
   3.12200022       1.03203058    
   3.12300014       1.03173375    
   3.12400007       1.03143752    
   3.12500024       1.03113818    
   3.12600017       1.03083956    
   3.12700009       1.03053761    
   3.12800026       1.03023660    
   3.12900019       1.02993226    
   3.13000011       1.02962887    
   3.13100004       1.02932203    
   3.13200021       1.02901638    
   3.13300014       1.02870739    
   3.13400006       1.02839947    
   3.13500023       1.02808821    
   3.13600016       1.02777827    
   3.13700008       1.02746499    
   3.13800025       1.02715290    
   3.13900018       1.02683747    
   3.14000010       1.02652335    
   3.14100003       1.02620602    
   3.14200020       1.02588999    
   3.14300013       1.02557075    
   3.14400005       1.02525294    
   3.14500022       1.02493179    
   3.14600015       1.02461219    
   3.14700007       1.02428937    
   3.14800024       1.02396810    
   3.14900017       1.02364361    
   3.15000010       1.02332067    
   3.15100026       1.02299464    
   3.15200019       1.02267027    
   3.15300012       1.02234256    
   3.15400004       1.02201676    
   3.15500021       1.02168775    
   3.15600014       1.02136052    
   3.15700006       1.02103007    
   3.15800023       1.02070165    
   3.15900016       1.02037001    
   3.16000009       1.02004027    
   3.16100025       1.01970744    
   3.16200018       1.01937664    
   3.16300011       1.01904273    
   3.16400003       1.01871073    
   3.16500020       1.01837587    
   3.16600013       1.01804292    
   3.16700006       1.01770699    
   3.16800022       1.01737332    
   3.16900015       1.01703644    
   3.17000008       1.01670206    
   3.17100024       1.01636434    
   3.17200017       1.01602924    
   3.17300010       1.01569092    
   3.17400026       1.01535499    
   3.17500019       1.01501620    
   3.17600012       1.01467967    
   3.17700005       1.01434028    
   3.17800021       1.01400340    
   3.17900014       1.01366353    
   3.18000007       1.01332617    
   3.18100023       1.01298583    
   3.18200016       1.01264834    
   3.18300009       1.01230764    
   3.18400025       1.01196992    
   3.18500018       1.01162910    
   3.18600011       1.01129115    
   3.18700004       1.01095021    
   3.18800020       1.01061213    
   3.18900013       1.01027119    
   3.19000006       1.00993323    
   3.19100022       1.00959218    
   3.19200015       1.00925422    
   3.19300008       1.00891340    
   3.19400024       1.00857568    
   3.19500017       1.00823498    
   3.19600010       1.00789750    
   3.19700027       1.00755715    
   3.19800019       1.00721991    
   3.19900012       1.00687993    
   3.20000005       1.00654316    
   3.20100021       1.00620353    
   3.20200014       1.00586736    
   3.20300007       1.00552821    
   3.20400023       1.00519252    
   3.20500016       1.00485396    
   3.20600009       1.00451899    
   3.20700026       1.00418103    
   3.20800018       1.00384688    
   3.20900011       1.00350964    
   3.21000004       1.00317621    
   3.21100020       1.00283992    
   3.21200013       1.00250733    
   3.21300006       1.00217187    
   3.21400023       1.00184023    
   3.21500015       1.00150573    
   3.21600008       1.00117528    
   3.21700025       1.00084186    
   3.21800017       1.00051236    
   3.21900010       1.00018001    
   3.22000027      0.999851823    
   3.22100019      0.999520659    
   3.22200012      0.999193668    
   3.22300005      0.998863876    
   3.22400022      0.998538196    
   3.22500014      0.998209655    
   3.22600007      0.997885406    
   3.22700024      0.997558355    
   3.22800016      0.997235596    
   3.22900009      0.996910036    
   3.23000026      0.996588767    
   3.23100019      0.996264756    
   3.23200011      0.995945096    
   3.23300004      0.995622754    
   3.23400021      0.995304823    
   3.23500013      0.994984150    
   3.23600006      0.994668007    
   3.23700023      0.994349122    
   3.23800015      0.994034767    
   3.23900008      0.993717730    
   3.24000025      0.993405282    
   3.24100018      0.993090153    
   3.24200010      0.992779672    
   3.24300027      0.992466509    
   3.24400020      0.992158055    
   3.24500012      0.991846859    
   3.24600005      0.991540551    
   3.24700022      0.991231561    
   3.24800014      0.990927339    
   3.24900007      0.990620494    
   3.25000024      0.990318537    
   3.25100017      0.990013838    
   3.25200009      0.989714205    
   3.25300026      0.989411831    
   3.25400019      0.989114523    
   3.25500011      0.988814473    
   3.25600004      0.988519609    
   3.25700021      0.988222063    
   3.25800014      0.987929583    
   3.25900006      0.987634480    
   3.26000023      0.987344563    
   3.26100016      0.987051964    
   3.26200008      0.986764669    
   3.26300025      0.986474633    
   3.26400018      0.986189961    
   3.26500010      0.985902607    
   3.26600027      0.985620618    
   3.26700020      0.985336006    
   3.26800013      0.985056818    
   3.26900005      0.984774888    
   3.27000022      0.984498441    
   3.27100015      0.984219313    
   3.27200007      0.983945787    
   3.27300024      0.983669519    
   3.27400017      0.983398914    
   3.27500010      0.983125627    
   3.27600026      0.982857823    
   3.27700019      0.982587516    
   3.27800012      0.982322872    
   3.27900004      0.982055545    
   3.28000021      0.981793880    
   3.28100014      0.981529534    
   3.28200006      0.981271029    
   3.28300023      0.981009841    
   3.28400016      0.980754495    
   3.28500009      0.980496526    
   3.28600025      0.980244339    
   3.28700018      0.979989469    
   3.28800011      0.979740620    
   3.28900027      0.979488969    
   3.29000020      0.979243338    
   3.29100013      0.978995025    
   3.29200006      0.978752732    
   3.29300022      0.978507757    
   3.29400015      0.978268802    
   3.29500008      0.978027165    
   3.29600024      0.977791607    
   3.29700017      0.977553546    
   3.29800010      0.977321267    
   3.29900026      0.977086544    
   3.30000019      0.976857901    
   3.30100012      0.976626694    
   3.30200005      0.976401508    
   3.30300021      0.976173878    
   3.30400014      0.975952208    
   3.30500007      0.975728154    
   3.30600023      0.975510061    
   3.30700016      0.975289464    
   3.30800009      0.975075126    
   3.30900025      0.974858284    
   3.31000018      0.974647462    
   3.31100011      0.974434137    
   3.31200027      0.974227071    
   3.31300020      0.974017501    
   3.31400013      0.973814130    
   3.31500006      0.973608255    
   3.31600022      0.973408639    
   3.31700015      0.973206460    
   3.31800008      0.973010719    
   3.31900024      0.972812355    
   3.32000017      0.972620249    
   3.32100010      0.972425640    
   3.32200027      0.972237349    
   3.32300019      0.972046614    
   3.32400012      0.971862197    
   3.32500005      0.971675396    
   3.32600021      0.971494794    
   3.32700014      0.971311808    
   3.32800007      0.971135080    
   3.32900023      0.970955968    
   3.33000016      0.970783174    
   3.33100009      0.970607877    
   3.33200026      0.970439136    
   3.33300018      0.970267773    
   3.33400011      0.970102966    
   3.33500028      0.969935656    
   3.33600020      0.969774723    
   3.33700013      0.969611228    
   3.33800006      0.969454348    
   3.33900023      0.969294906    
   3.34000015      0.969142020    
   3.34100008      0.968986511    
   3.34200025      0.968837678    
   3.34300017      0.968686223    
   3.34400010      0.968541324    
   3.34500027      0.968394041    
   3.34600019      0.968252957    
   3.34700012      0.968109787    
   3.34800005      0.967972755    
   3.34900022      0.967833459    
   3.35000014      0.967700779    
   3.35100007      0.967565536    
   3.35200024      0.967437029    
   3.35300016      0.967305541    
   3.35400009      0.967181087    
   3.35500026      0.967054069    
   3.35600019      0.966933370    
   3.35700011      0.966810405    
   3.35800028      0.966693878    
   3.35900021      0.966574967    
   3.36000013      0.966462672    
   3.36100006      0.966347754    
   3.36200023      0.966239691    
   3.36300015      0.966128707    
   3.36400008      0.966024756    
   3.36500025      0.965917826    
   3.36600018      0.965817988    
   3.36700010      0.965715170    
   3.36800027      0.965619445    
   3.36900020      0.965520740    
   3.37000012      0.965429127    
   3.37100005      0.965334773    
   3.37200022      0.965246975    
   3.37300014      0.965156794    
   3.37400007      0.965073049    
   3.37500024      0.964986920    
   3.37600017      0.964907527    
   3.37700009      0.964825213    
   3.37800026      0.964749992    
   3.37900019      0.964671731    
   3.38000011      0.964600563    
   3.38100004      0.964526653    
   3.38200021      0.964459419    
   3.38300014      0.964389741    
   3.38400006      0.964326441    
   3.38500023      0.964260817    
   3.38600016      0.964201629    
   3.38700008      0.964139760    
   3.38800025      0.964084983    
   3.38900018      0.964027286    
   3.39000010      0.963976502    
   3.39100027      0.963922620    
   3.39200020      0.963876009    
   3.39300013      0.963826478    
   3.39400005      0.963783622    
   3.39500022      0.963737786    
   3.39600015      0.963699400    
   3.39700007      0.963657737    
   3.39800024      0.963623047    
   3.39900017      0.963585436    
   3.40000010      0.963554740    
   3.40100026      0.963521004    
   3.40200019      0.963494539    
   3.40300012      0.963464737    
   3.40400004      0.963442028    
   3.40500021      0.963416338    
   3.40600014      0.963397682    
   3.40700006      0.963376045    
   3.40800023      0.963361204    
   3.40900016      0.963343322    
   3.41000009      0.963332534    
   3.41100025      0.963318706    
   3.41200018      0.963311672    
   3.41300011      0.963301957    
   3.41400027      0.963298917    
   3.41500020      0.963292658    
   3.41600013      0.963293433    
   3.41700006      0.963291526    
   3.41800022      0.963295996    
   3.41900015      0.963297844    
   3.42000008      0.963306248    
   3.42100024      0.963311613    
   3.42200017      0.963323951    
   3.42300010      0.963333249    
   3.42400026      0.963349640    
   3.42500019      0.963362694    
   3.42600012      0.963382423    
   3.42700005      0.963399172    
   3.42800021      0.963423014    
   3.42900014      0.963443518    
   3.43000007      0.963471055    
   3.43100023      0.963495255    
   3.43200016      0.963526249    
   3.43300009      0.963554144    
   3.43400025      0.963589191    
   3.43500018      0.963620842    
   3.43600011      0.963659227    
   3.43700027      0.963694572    
   3.43800020      0.963736653    
   3.43900013      0.963775456    
   3.44000006      0.963821232    
   3.44100022      0.963863730    
   3.44200015      0.963912904    
   3.44300008      0.963958919    
   3.44400024      0.964011967    
   3.44500017      0.964061141    
   3.44600010      0.964117765    
   3.44700027      0.964170694    
   3.44800019      0.964230657    
   3.44900012      0.964287281    
   3.45000005      0.964350581    
   3.45100021      0.964410603    
   3.45200014      0.964477301    
   3.45300007      0.964540601    
   3.45400023      0.964610994    
   3.45500016      0.964677691    
   3.45600009      0.964751184    
   3.45700026      0.964821458    
   3.45800018      0.964898229    
   3.45900011      0.964971602    
   3.46000028      0.965052068    
   3.46100020      0.965128839    
   3.46200013      0.965212286    
   3.46300006      0.965292394    
   3.46400023      0.965379179    
   3.46500015      0.965462267    
   3.46600008      0.965552390    
   3.46700025      0.965638816    
   3.46800017      0.965731978    
   3.46900010      0.965821743    
   3.47000027      0.965917885    
   3.47100019      0.966010630    
   3.47200012      0.966110110    
   3.47300005      0.966205835    
   3.47400022      0.966308653    
   3.47500014      0.966407359    
   3.47600007      0.966513157    
   3.47700024      0.966614842    
   3.47800016      0.966723621    
   3.47900009      0.966828346    
   3.48000026      0.966940105    
   3.48100019      0.967048109    
   3.48200011      0.967162490    
   3.48300028      0.967273116    
   3.48400021      0.967390835    
   3.48500013      0.967504442    
   3.48600006      0.967624784    
   3.48700023      0.967741370    
   3.48800015      0.967864335    
   3.48900008      0.967983603    
   3.49000025      0.968109787    
   3.49100018      0.968231618    
   3.49200010      0.968360543    
   3.49300027      0.968485236    
   3.49400020      0.968616724    
   3.49500012      0.968744278    
   3.49600005      0.968878448    
   3.49700022      0.969008446    
   3.49800014      0.969145358    
   3.49900007      0.969277978    
   3.50000024      0.969417453    
   3.50100017      0.969552696    
   3.50200009      0.969694674    
   3.50300026      0.969832659    
   3.50400019      0.969977021    
   3.50500011      0.970117450    
   3.50600028      0.970264435    
   3.50700021      0.970407128    
   3.50800014      0.970556676    
   3.50900006      0.970701754    
   3.51000023      0.970853627    
   3.51100016      0.971001267    
   3.51200008      0.971155405    
   3.51300025      0.971305251    
   3.51400018      0.971461892    
   3.51500010      0.971614122    
   3.51600027      0.971772790    
   3.51700020      0.971927285    
   3.51800013      0.972088337    
   3.51900005      0.972244978    
   3.52000022      0.972408235    
   3.52100015      0.972567022    
   3.52200007      0.972732425    
   3.52300024      0.972893357    
   3.52400017      0.973060966    
   3.52500010      0.973223984    
   3.52600026      0.973393500    
   3.52700019      0.973558545    
   3.52800012      0.973730266    
   3.52900028      0.973897338    
   3.53000021      0.974070787    
   3.53100014      0.974239886    
   3.53200006      0.974415362    
   3.53300023      0.974586308    
   3.53400016      0.974763691    
   3.53500009      0.974936664    
   3.53600025      0.975115895    
   3.53700018      0.975290596    
   3.53800011      0.975471497    
   3.53900027      0.975648046    
   3.54000020      0.975830793    
   3.54100013      0.976009011    
   3.54200006      0.976193607    
   3.54300022      0.976373553    
   3.54400015      0.976559758    
   3.54500008      0.976741195    
   3.54600024      0.976929128    
   3.54700017      0.977112234    
   3.54800010      0.977301717    
   3.54900026      0.977486491    
   3.55000019      0.977677405    
   3.55100012      0.977863669    
   3.55200028      0.978056252    
   3.55300021      0.978244007    
   3.55400014      0.978437901    
   3.55500007      0.978627145    
   3.55600023      0.978822351    
   3.55700016      0.979013085    
   3.55800009      0.979209781    
   3.55900025      0.979401648    
   3.56000018      0.979599655    
   3.56100011      0.979792953    
   3.56200027      0.979992270    
   3.56300020      0.980186760    
   3.56400013      0.980387330    
   3.56500006      0.980583131    
   3.56600022      0.980784833    
   3.56700015      0.980981708    
   3.56800008      0.981184602    
   3.56900024      0.981382728    
   3.57000017      0.981586695    
   3.57100010      0.981785834    
   3.57200027      0.981990874    
   3.57300019      0.982191145    
   3.57400012      0.982397139    
   3.57500029      0.982598305    
   3.57600021      0.982805252    
   3.57700014      0.983007550    
   3.57800007      0.983215392    
   3.57900023      0.983418465    
   3.58000016      0.983627260    
   3.58100009      0.983831227    
   3.58200026      0.984040916    
   3.58300018      0.984245658    
   3.58400011      0.984456182    
   3.58500028      0.984661698    
   3.58600020      0.984872937    
   3.58700013      0.985079110    
   3.58800006      0.985291123    
   3.58900023      0.985498011    
   3.59000015      0.985710680    
   3.59100008      0.985918343    
   3.59200025      0.986131549    
   3.59300017      0.986339688    
   3.59400010      0.986553490    
   3.59500027      0.986762285    
   3.59600019      0.986976624    
   3.59700012      0.987185955    
   3.59800029      0.987400830    
   3.59900022      0.987610579    
   3.60000014      0.987825871    
   3.60100007      0.988036096    
   3.60200024      0.988251805    
   3.60300016      0.988462448    
   3.60400009      0.988678455    
   3.60500026      0.988889456    
   3.60600019      0.989105821    
   3.60700011      0.989317119    
   3.60800028      0.989533722    
   3.60900021      0.989745259    
   3.61000013      0.989962161    
   3.61100006      0.990173936    
   3.61200023      0.990391016    
   3.61300015      0.990602970    
   3.61400008      0.990820289    
   3.61500025      0.991032362    
   3.61600018      0.991249800    
   3.61700010      0.991461933    
   3.61800027      0.991679311    
   3.61900020      0.991891563    
   3.62000012      0.992109060    
   3.62100029      0.992321312    
   3.62200022      0.992538810    
   3.62300014      0.992751002    
   3.62400007      0.992968440    
   3.62500024      0.993180633    
   3.62600017      0.993397951    
   3.62700009      0.993609965    
   3.62800026      0.993827164    
   3.62900019      0.994039059    
   3.63000011      0.994256139    
   3.63100028      0.994467854    
   3.63200021      0.994684696    
   3.63300014      0.994896173    
   3.63400006      0.995112777    
   3.63500023      0.995323956    
   3.63600016      0.995540261    
   3.63700008      0.995751202    
   3.63800025      0.995967150    
   3.63900018      0.996177673    
   3.64000010      0.996393323    
   3.64100027      0.996603489    
   3.64200020      0.996818721    
   3.64300013      0.997028410    
   3.64400029      0.997243226    
   3.64500022      0.997452497    
   3.64600015      0.997666836    
   3.64700007      0.997875571    
   3.64800024      0.998089373    
   3.64900017      0.998297572    
   3.65000010      0.998510778    
   3.65100026      0.998718441    
   3.65200019      0.998931110    
   3.65300012      0.999138057    
   3.65400028      0.999350131    
   3.65500021      0.999556482    
   3.65600014      0.999767840    
   3.65700006      0.999973536    
   3.65800023       1.00018418    
   3.65900016       1.00038910    
   3.66000009       1.00059903    
   3.66100025       1.00080323    
   3.66200018       1.00101233    
   3.66300011       1.00121570    
   3.66400027       1.00142395    
   3.66500020       1.00162661    
   3.66600013       1.00183403    
   3.66700006       1.00203574    
   3.66800022       1.00224233    
   3.66900015       1.00244308    
   3.67000008       1.00264871    
   3.67100024       1.00284863    
   3.67200017       1.00305331    
   3.67300010       1.00325227    
   3.67400026       1.00345588    
   3.67500019       1.00365376    
   3.67600012       1.00385642    
   3.67700028       1.00405335    
   3.67800021       1.00425494    
   3.67900014       1.00445080    
   3.68000007       1.00465131    
   3.68100023       1.00484598    
   3.68200016       1.00504529    
   3.68300009       1.00523889    
   3.68400025       1.00543714    
   3.68500018       1.00562954    
   3.68600011       1.00582647    
   3.68700027       1.00601768    
   3.68800020       1.00621355    
   3.68900013       1.00640345    
   3.69000006       1.00659800    
   3.69100022       1.00678670    
   3.69200015       1.00698006    
   3.69300008       1.00716734    
   3.69400024       1.00735939    
   3.69500017       1.00754535    
   3.69600010       1.00773597    
   3.69700027       1.00792062    
   3.69800019       1.00810993    
   3.69900012       1.00829327    
   3.70000029       1.00848103    
   3.70100021       1.00866306    
   3.70200014       1.00884938    
   3.70300007       1.00902975    
   3.70400023       1.00921476    
   3.70500016       1.00939369    
   3.70600009       1.00957716    
   3.70700026       1.00975454    
   3.70800018       1.00993645    
   3.70900011       1.01011240    
   3.71000028       1.01029265    
   3.71100020       1.01046705    
   3.71200013       1.01064587    
   3.71300006       1.01081860    
   3.71400023       1.01099575    
   3.71500015       1.01116693    
   3.71600008       1.01134241    
   3.71700025       1.01151180    
   3.71800017       1.01168561    
   3.71900010       1.01185358    
   3.72000027       1.01202571    
   3.72100019       1.01219177    
   3.72200012       1.01236224    
   3.72300029       1.01252675    
   3.72400022       1.01269531    
   3.72500014       1.01285803    
   3.72600007       1.01302493    
   3.72700024       1.01318586    
   3.72800016       1.01335096    
   3.72900009       1.01350999    
   3.73000026       1.01367331    
   3.73100019       1.01383054    
   3.73200011       1.01399207    
   3.73300028       1.01414752    
   3.73400021       1.01430702    
   3.73500013       1.01446056    
   3.73600006       1.01461828    
   3.73700023       1.01477003    
   3.73800015       1.01492572    
   3.73900008       1.01507545    
   3.74000025       1.01522923    
   3.74100018       1.01537716    
   3.74200010       1.01552892    
   3.74300027       1.01567483    
   3.74400020       1.01582479    
   3.74500012       1.01596856    
   3.74600029       1.01611650    
   3.74700022       1.01625836    
   3.74800014       1.01640427    
   3.74900007       1.01654410    
   3.75000024       1.01668787    
   3.75100017       1.01682568    
   3.75200009       1.01696730    
   3.75300026       1.01710320    
   3.75400019       1.01724279    
   3.75500011       1.01737654    
   3.75600028       1.01751399    
   3.75700021       1.01764548    
   3.75800014       1.01778090    
   3.75900006       1.01791036    
   3.76000023       1.01804364    
   3.76100016       1.01817095    
   3.76200008       1.01830208    
   3.76300025       1.01842725    
   3.76400018       1.01855612    
   3.76500010       1.01867914    
   3.76600027       1.01880574    
   3.76700020       1.01892662    
   3.76800013       1.01905107    
   3.76900029       1.01916969    
   3.77000022       1.01929188    
   3.77100015       1.01940835    
   3.77200007       1.01952827    
   3.77300024       1.01964247    
   3.77400017       1.01976013    
   3.77500010       1.01987195    
   3.77600026       1.01998746    
   3.77700019       1.02009714    
   3.77800012       1.02021015    
   3.77900028       1.02031744    
   3.78000021       1.02042830    
   3.78100014       1.02053332    
   3.78200006       1.02064180    
   3.78300023       1.02074456    
   3.78400016       1.02085078    
   3.78500009       1.02095115    
   3.78600025       1.02105486    
   3.78700018       1.02115285    
   3.78800011       1.02125442    
   3.78900027       1.02135015    
   3.79000020       1.02144909    
   3.79100013       1.02154255    
   3.79200029       1.02163911    
   3.79300022       1.02173007    
   3.79400015       1.02182436    
   3.79500008       1.02191281    
   3.79600024       1.02200472    
   3.79700017       1.02209091    
   3.79800010       1.02218032    
   3.79900026       1.02226412    
   3.80000019       1.02235115    
   3.80100012       1.02243257    
   3.80200028       1.02251697    
   3.80300021       1.02259588    
   3.80400014       1.02267802    
   3.80500007       1.02275455    
   3.80600023       1.02283406    
   3.80700016       1.02290821    
   3.80800009       1.02298534    
   3.80900025       1.02305686    
   3.81000018       1.02313161    
   3.81100011       1.02320063    
   3.81200027       1.02327287    
   3.81300020       1.02333939    
   3.81400013       1.02340913    
   3.81500030       1.02347338    
   3.81600022       1.02354062    
   3.81700015       1.02360225    
   3.81800008       1.02366686    
   3.81900024       1.02372611    
   3.82000017       1.02378833    
   3.82100010       1.02384496    
   3.82200027       1.02390456    
   3.82300019       1.02395892    
   3.82400012       1.02401590    
   3.82500029       1.02406776    
   3.82600021       1.02412236    
   3.82700014       1.02417147    
   3.82800007       1.02422357    
   3.82900023       1.02427042    
   3.83000016       1.02431977    
   3.83100009       1.02436411    
   3.83200026       1.02441096    
   3.83300018       1.02445269    
   3.83400011       1.02449703    
   3.83500028       1.02453613    
   3.83600020       1.02457809    
   3.83700013       1.02461481    
   3.83800030       1.02465403    
   3.83900023       1.02468812    
   3.84000015       1.02472508    
   3.84100008       1.02475655    
   3.84200025       1.02479076    
   3.84300017       1.02481985    
   3.84400010       1.02485156    
   3.84500027       1.02487814    
   3.84600019       1.02490723    
   3.84700012       1.02493119    
   3.84800029       1.02495790    
   3.84900022       1.02497935    
   3.85000014       1.02500331    
   3.85100007       1.02502239    
   3.85200024       1.02504373    
   3.85300016       1.02506030    
   3.85400009       1.02507913    
   3.85500026       1.02509308    
   3.85600019       1.02510953    
   3.85700011       1.02512085    
   3.85800028       1.02513480    
   3.85900021       1.02514362    
   3.86000013       1.02515495    
   3.86100030       1.02516127    
   3.86200023       1.02517009    
   3.86300015       1.02517390    
   3.86400008       1.02518022    
   3.86500025       1.02518153    
   3.86600018       1.02518535    
   3.86700010       1.02518415    
   3.86800027       1.02518535    
   3.86900020       1.02518177    
   3.87000012       1.02518034    
   3.87100029       1.02517438    
   3.87200022       1.02517045    
   3.87300014       1.02516186    
   3.87400007       1.02515554    
   3.87500024       1.02514434    
   3.87600017       1.02513552    
   3.87700009       1.02512193    
   3.87800026       1.02511060    
   3.87900019       1.02509463    
   3.88000011       1.02508080    
   3.88100028       1.02506232    
   3.88200021       1.02504599    
   3.88300014       1.02502513    
   3.88400030       1.02500629    
   3.88500023       1.02498293    
   3.88600016       1.02496183    
   3.88700008       1.02493596    
   3.88800025       1.02491224    
   3.88900018       1.02488399    
   3.89000010       1.02485788    
   3.89100027       1.02482712    
   3.89200020       1.02479863    
   3.89300013       1.02476561    
   3.89400029       1.02473474    
   3.89500022       1.02469921    
   3.89600015       1.02466583    
   3.89700007       1.02462804    
   3.89800024       1.02459228    
   3.89900017       1.02455199    
   3.90000010       1.02451384    
   3.90100026       1.02447116    
   3.90200019       1.02443075    
   3.90300012       1.02438569    
   3.90400028       1.02434289    
   3.90500021       1.02429557    
   3.90600014       1.02425027    
   3.90700030       1.02420068    
   3.90800023       1.02415311    
   3.90900016       1.02410126    
   3.91000009       1.02405131    
   3.91100025       1.02399695    
   3.91200018       1.02394485    
   3.91300011       1.02388835    
   3.91400027       1.02383375    
   3.91500020       1.02377498    
   3.91600013       1.02371824    
   3.91700029       1.02365720    
   3.91800022       1.02359819    
   3.91900015       1.02353477    
   3.92000008       1.02347350    
   3.92100024       1.02340794    
   3.92200017       1.02334440    
   3.92300010       1.02327681    
   3.92400026       1.02321088    
   3.92500019       1.02314103    
   3.92600012       1.02307308    
   3.92700028       1.02300096    
   3.92800021       1.02293074    
   3.92900014       1.02285659    
   3.93000031       1.02278423    
   3.93100023       1.02270782    
   3.93200016       1.02263331    
   3.93300009       1.02255487    
   3.93400025       1.02247810    
   3.93500018       1.02239764    
   3.93600011       1.02231884    
   3.93700027       1.02223623    
   3.93800020       1.02215528    
   3.93900013       1.02207065    
   3.94000030       1.02198756    
   3.94100022       1.02190089    
   3.94200015       1.02181578    
   3.94300008       1.02172697    
   3.94400024       1.02163982    
   3.94500017       1.02154911    
   3.94600010       1.02145994    
   3.94700027       1.02136731    
   3.94800019       1.02127600    
   3.94900012       1.02118134    
   3.95000029       1.02108824    
   3.95100021       1.02099156    
   3.95200014       1.02089643    
   3.95300007       1.02079785    
   3.95400023       1.02070081    
   3.95500016       1.02060020    
   3.95600009       1.02050138    
   3.95700026       1.02039897    
   3.95800018       1.02029812    
   3.95900011       1.02019382    
   3.96000028       1.02009118    
   3.96100020       1.01998508    
   3.96200013       1.01988053    
   3.96300030       1.01977265    
   3.96400023       1.01966631    
   3.96500015       1.01955652    
   3.96600008       1.01944840    
   3.96700025       1.01933682    
   3.96800017       1.01922691    
   3.96900010       1.01911366    
   3.97000027       1.01900184    
   3.97100019       1.01888692    
   3.97200012       1.01877356    
   3.97300029       1.01865697    
   3.97400022       1.01854157    
   3.97500014       1.01842332    
   3.97600007       1.01830649    
   3.97700024       1.01818657    
   3.97800016       1.01806796    
   3.97900009       1.01794648    
   3.98000026       1.01782632    
   3.98100019       1.01770306    
   3.98200011       1.01758134    
   3.98300028       1.01745665    
   3.98400021       1.01733327    
   3.98500013       1.01720703    
   3.98600030       1.01708210    
   3.98700023       1.01695430    
   3.98800015       1.01682782    
   3.98900008       1.01669848    
   3.99000025       1.01657057    
   3.99100018       1.01643980    
   3.99200010       1.01631033    
   3.99300027       1.01617813    
   3.99400020       1.01604712    
   3.99500012       1.01591361    
   3.99600029       1.01578116    
   3.99700022       1.01564634    
   3.99800014       1.01551259    
   3.99900007       1.01537621    
   4.00000000       1.01524103    
   4.00100040       1.01510346    
   4.00200033       1.01496696    
   4.00300026       1.01482797    
   4.00400019       1.01469016    
   4.00500011       1.01454997    
   4.00600004       1.01441085    
   4.00699997       1.01426947    
   4.00800037       1.01412904    
   4.00900030       1.01398647    
   4.01000023       1.01384485    
   4.01100016       1.01370108    
   4.01200008       1.01355815    
   4.01300001       1.01341319    
   4.01400042       1.01326919    
   4.01500034       1.01312304    
   4.01600027       1.01297796    
   4.01700020       1.01283073    
   4.01800013       1.01268446    
   4.01900005       1.01253617    
   4.01999998       1.01238883    
   4.02100039       1.01223958    
   4.02200031       1.01209116    
   4.02300024       1.01194084    
   4.02400017       1.01179147    
   4.02500010       1.01164007    
   4.02600002       1.01148963    
   4.02700043       1.01133740    
   4.02800035       1.01118600    
   4.02900028       1.01103282    
   4.03000021       1.01088047    
   4.03100014       1.01072645    
   4.03200006       1.01057327    
   4.03299999       1.01041830    
   4.03400040       1.01026416    
   4.03500032       1.01010847    
   4.03600025       1.00995350    
   4.03700018       1.00979686    
   4.03800011       1.00964117    
   4.03900003       1.00948381    
   4.03999996       1.00932729    
   4.04100037       1.00916922    
   4.04200029       1.00901198    
   4.04300022       1.00885308    
   4.04400015       1.00869513    
   4.04500008       1.00853574    
   4.04600000       1.00837708    
   4.04700041       1.00821698    
   4.04800034       1.00805759    
   4.04900026       1.00789678    
   4.05000019       1.00773692    
   4.05100012       1.00757563    
   4.05200005       1.00741506    
   4.05299997       1.00725317    
   4.05400038       1.00709212    
   4.05500031       1.00692976    
   4.05600023       1.00676811    
   4.05700016       1.00660515    
   4.05800009       1.00644314    
   4.05900002       1.00627983    
   4.06000042       1.00611722    
   4.06100035       1.00595343    
   4.06200027       1.00579047    
   4.06300020       1.00562632    
   4.06400013       1.00546288    
   4.06500006       1.00529838    
   4.06599998       1.00513458    
   4.06700039       1.00496972    
   4.06800032       1.00480556    
   4.06900024       1.00464046    
   4.07000017       1.00447607    
   4.07100010       1.00431061    
   4.07200003       1.00414586    
   4.07300043       1.00398028    
   4.07400036       1.00381529    
   4.07500029       1.00364947    
   4.07600021       1.00348437    
   4.07700014       1.00331831    
   4.07800007       1.00315297    
   4.07900000       1.00298691    
   4.08000040       1.00282133    
   4.08100033       1.00265515    
   4.08200026       1.00248945    
   4.08300018       1.00232327    
   4.08400011       1.00215745    
   4.08500004       1.00199115    
   4.08599997       1.00182545    
   4.08700037       1.00165904    
   4.08800030       1.00149333    
   4.08900023       1.00132704    
   4.09000015       1.00116122    
   4.09100008       1.00099504    
   4.09200001       1.00082922    
   4.09300041       1.00066316    
   4.09400034       1.00049746    
   4.09500027       1.00033140    
   4.09600019       1.00016582    
