   1.00000005E-03   0.00000000    
   2.00000009E-03   0.00000000    
   3.00000003E-03   0.00000000    
   4.00000019E-03   0.00000000    
   5.00000035E-03   0.00000000    
   6.00000005E-03   0.00000000    
   7.00000022E-03   0.00000000    
   8.00000038E-03   0.00000000    
   9.00000054E-03   0.00000000    
   1.00000007E-02   0.00000000    
   1.10000009E-02   0.00000000    
   1.20000001E-02   0.00000000    
   1.30000003E-02   0.00000000    
   1.40000004E-02   0.00000000    
   1.50000006E-02   0.00000000    
   1.60000008E-02   0.00000000    
   1.70000009E-02   0.00000000    
   1.80000011E-02   0.00000000    
   1.90000013E-02   0.00000000    
   2.00000014E-02   0.00000000    
   2.10000016E-02   0.00000000    
   2.20000017E-02   0.00000000    
   2.30000019E-02   0.00000000    
   2.40000002E-02   0.00000000    
   2.50000004E-02   0.00000000    
   2.60000005E-02   0.00000000    
   2.70000007E-02   0.00000000    
   2.80000009E-02   0.00000000    
   2.90000010E-02   0.00000000    
   3.00000012E-02   0.00000000    
   3.10000014E-02   0.00000000    
   3.20000015E-02   0.00000000    
   3.29999998E-02   0.00000000    
   3.40000018E-02   0.00000000    
   3.50000001E-02   0.00000000    
   3.60000022E-02   0.00000000    
   3.70000005E-02   0.00000000    
   3.80000025E-02   0.00000000    
   3.90000008E-02   0.00000000    
   4.00000028E-02   0.00000000    
   4.10000011E-02   0.00000000    
   4.20000032E-02   0.00000000    
   4.30000015E-02   0.00000000    
   4.40000035E-02   0.00000000    
   4.50000018E-02   0.00000000    
   4.60000038E-02   0.00000000    
   4.70000021E-02   0.00000000    
   4.80000004E-02   0.00000000    
   4.90000024E-02   0.00000000    
   5.00000007E-02   0.00000000    
   5.10000028E-02   0.00000000    
   5.20000011E-02   0.00000000    
   5.30000031E-02   0.00000000    
   5.40000014E-02   0.00000000    
   5.50000034E-02   0.00000000    
   5.60000017E-02   0.00000000    
   5.70000038E-02   0.00000000    
   5.80000021E-02   0.00000000    
   5.90000041E-02   0.00000000    
   6.00000024E-02   0.00000000    
   6.10000044E-02   0.00000000    
   6.20000027E-02   0.00000000    
   6.30000010E-02   0.00000000    
   6.40000030E-02   0.00000000    
   6.50000051E-02   0.00000000    
   6.59999996E-02   0.00000000    
   6.70000017E-02   0.00000000    
   6.80000037E-02   0.00000000    
   6.90000057E-02   0.00000000    
   7.00000003E-02   0.00000000    
   7.10000023E-02   0.00000000    
   7.20000044E-02   0.00000000    
   7.30000064E-02   0.00000000    
   7.40000010E-02   0.00000000    
   7.50000030E-02   0.00000000    
   7.60000050E-02   0.00000000    
   7.70000070E-02   0.00000000    
   7.80000016E-02   0.00000000    
   7.90000036E-02   0.00000000    
   8.00000057E-02   0.00000000    
   8.10000002E-02   0.00000000    
   8.20000023E-02   0.00000000    
   8.30000043E-02   0.00000000    
   8.40000063E-02   0.00000000    
   8.50000009E-02   0.00000000    
   8.60000029E-02   0.00000000    
   8.70000049E-02   0.00000000    
   8.80000070E-02   0.00000000    
   8.90000015E-02   0.00000000    
   9.00000036E-02   0.00000000    
   9.10000056E-02   0.00000000    
   9.20000076E-02   0.00000000    
   9.30000022E-02   0.00000000    
   9.40000042E-02   0.00000000    
   9.50000063E-02   0.00000000    
   9.60000008E-02   0.00000000    
   9.70000029E-02   0.00000000    
   9.80000049E-02   0.00000000    
   9.90000069E-02   0.00000000    
  0.100000001       0.00000000    
  0.101000004       0.00000000    
  0.102000006       0.00000000    
  0.103000008       0.00000000    
  0.104000002       0.00000000    
  0.105000004       0.00000000    
  0.106000006       0.00000000    
  0.107000008       0.00000000    
  0.108000003       0.00000000    
  0.109000005       0.00000000    
  0.110000007       0.00000000    
  0.111000009       0.00000000    
  0.112000003       0.00000000    
  0.113000005       0.00000000    
  0.114000008       0.00000000    
  0.115000002       0.00000000    
  0.116000004       0.00000000    
  0.117000006       0.00000000    
  0.118000008       0.00000000    
  0.119000003       0.00000000    
  0.120000005       0.00000000    
  0.121000007       0.00000000    
  0.122000009       0.00000000    
  0.123000003       0.00000000    
  0.124000005       0.00000000    
  0.125000000       0.00000000    
  0.126000002       0.00000000    
  0.127000004       0.00000000    
  0.128000006       0.00000000    
  0.129000008       0.00000000    
  0.130000010       0.00000000    
  0.131000012       0.00000000    
  0.131999999       0.00000000    
  0.133000001       0.00000000    
  0.134000003       0.00000000    
  0.135000005       0.00000000    
  0.136000007       0.00000000    
  0.137000009       0.00000000    
  0.138000011       0.00000000    
  0.139000013       0.00000000    
  0.140000001       0.00000000    
  0.141000003       0.00000000    
  0.142000005       0.00000000    
  0.143000007       0.00000000    
  0.144000009       0.00000000    
  0.145000011       0.00000000    
  0.146000013       0.00000000    
  0.147000000       0.00000000    
  0.148000002       0.00000000    
  0.149000004       0.00000000    
  0.150000006       0.00000000    
  0.151000008       0.00000000    
  0.152000010       0.00000000    
  0.153000012       0.00000000    
  0.154000014       0.00000000    
  0.155000001       0.00000000    
  0.156000003       0.00000000    
  0.157000005       0.00000000    
  0.158000007       0.00000000    
  0.159000009       0.00000000    
  0.160000011       0.00000000    
  0.161000013       0.00000000    
  0.162000000       0.00000000    
  0.163000003       0.00000000    
  0.164000005       0.00000000    
  0.165000007       0.00000000    
  0.166000009       0.00000000    
  0.167000011       0.00000000    
  0.168000013       0.00000000    
  0.169000015       0.00000000    
  0.170000002       0.00000000    
  0.171000004       0.00000000    
  0.172000006       0.00000000    
  0.173000008       0.00000000    
  0.174000010       0.00000000    
  0.175000012       0.00000000    
  0.176000014       0.00000000    
  0.177000001       0.00000000    
  0.178000003       0.00000000    
  0.179000005       0.00000000    
  0.180000007       0.00000000    
  0.181000009       0.00000000    
  0.182000011       0.00000000    
  0.183000013       0.00000000    
  0.184000015       0.00000000    
  0.185000002       0.00000000    
  0.186000004       0.00000000    
  0.187000006       0.00000000    
  0.188000008       0.00000000    
  0.189000010       0.00000000    
  0.190000013       0.00000000    
  0.191000015       0.00000000    
  0.192000002       0.00000000    
  0.193000004       0.00000000    
  0.194000006       0.00000000    
  0.195000008       0.00000000    
  0.196000010       0.00000000    
  0.197000012       0.00000000    
  0.198000014       0.00000000    
  0.199000016       0.00000000    
  0.200000003       0.00000000    
  0.201000005       0.00000000    
  0.202000007       0.00000000    
  0.203000009       0.00000000    
  0.204000011       0.00000000    
  0.205000013       0.00000000    
  0.206000015       0.00000000    
  0.207000017       0.00000000    
  0.208000004       0.00000000    
  0.209000006       0.00000000    
  0.210000008       0.00000000    
  0.211000010       0.00000000    
  0.212000012       0.00000000    
  0.213000014       0.00000000    
  0.214000016       0.00000000    
  0.215000004       0.00000000    
  0.216000006       0.00000000    
  0.217000008       0.00000000    
  0.218000010       0.00000000    
  0.219000012       0.00000000    
  0.220000014       0.00000000    
  0.221000016       0.00000000    
  0.222000018       0.00000000    
  0.223000005       0.00000000    
  0.224000007       0.00000000    
  0.225000009       0.00000000    
  0.226000011       0.00000000    
  0.227000013       0.00000000    
  0.228000015       0.00000000    
  0.229000017       0.00000000    
  0.230000004       0.00000000    
  0.231000006       0.00000000    
  0.232000008       0.00000000    
  0.233000010       0.00000000    
  0.234000012       0.00000000    
  0.235000014       0.00000000    
  0.236000016       0.00000000    
  0.237000018       0.00000000    
  0.238000005       0.00000000    
  0.239000008       0.00000000    
  0.240000010       0.00000000    
  0.241000012       0.00000000    
  0.242000014       0.00000000    
  0.243000016       0.00000000    
  0.244000018       0.00000000    
  0.245000005       0.00000000    
  0.246000007       0.00000000    
  0.247000009       0.00000000    
  0.248000011       0.00000000    
  0.249000013       0.00000000    
  0.250000000       0.00000000    
  0.251000017       0.00000000    
  0.252000004       0.00000000    
  0.253000021       0.00000000    
  0.254000008       0.00000000    
  0.255000025       0.00000000    
  0.256000012       0.00000000    
  0.256999999       0.00000000    
  0.258000016       0.00000000    
  0.259000003       0.00000000    
  0.260000020       0.00000000    
  0.261000007       0.00000000    
  0.262000024       0.00000000    
  0.263000011       0.00000000    
  0.263999999       0.00000000    
  0.265000015       0.00000000    
  0.266000003       0.00000000    
  0.267000020       0.00000000    
  0.268000007       0.00000000    
  0.269000024       0.00000000    
  0.270000011       0.00000000    
  0.271000028       0.00000000    
  0.272000015       0.00000000    
  0.273000002       0.00000000    
  0.274000019       0.00000000    
  0.275000006       0.00000000    
  0.276000023       0.00000000    
  0.277000010       0.00000000    
  0.278000027       0.00000000    
  0.279000014       0.00000000    
  0.280000001       0.00000000    
  0.281000018       0.00000000    
  0.282000005       0.00000000    
  0.283000022       0.00000000    
  0.284000009       0.00000000    
  0.285000026       0.00000000    
  0.286000013       0.00000000    
  0.287000000       0.00000000    
  0.288000017       0.00000000    
  0.289000005       0.00000000    
  0.290000021       0.00000000    
  0.291000009       0.00000000    
  0.292000026       0.00000000    
  0.293000013       0.00000000    
  0.294000000       0.00000000    
  0.295000017       0.00000000    
  0.296000004       0.00000000    
  0.297000021       0.00000000    
  0.298000008       0.00000000    
  0.299000025       0.00000000    
  0.300000012       0.00000000    
  0.301000029       0.00000000    
  0.302000016       0.00000000    
  0.303000003       0.00000000    
  0.304000020       0.00000000    
  0.305000007       0.00000000    
  0.306000024       0.00000000    
  0.307000011       0.00000000    
  0.308000028       0.00000000    
  0.309000015       0.00000000    
  0.310000002       0.00000000    
  0.311000019       0.00000000    
  0.312000006       0.00000000    
  0.313000023       0.00000000    
  0.314000010       0.00000000    
  0.315000027       0.00000000    
  0.316000015       0.00000000    
  0.317000002       0.00000000    
  0.318000019       0.00000000    
  0.319000006       0.00000000    
  0.320000023       0.00000000    
  0.321000010       0.00000000    
  0.322000027       0.00000000    
  0.323000014       0.00000000    
  0.324000001       0.00000000    
  0.325000018       0.00000000    
  0.326000005       0.00000000    
  0.327000022       0.00000000    
  0.328000009       0.00000000    
  0.329000026       0.00000000    
  0.330000013       0.00000000    
  0.331000030       0.00000000    
  0.332000017       0.00000000    
  0.333000004       0.00000000    
  0.334000021       0.00000000    
  0.335000008       0.00000000    
  0.336000025       0.00000000    
  0.337000012       0.00000000    
  0.338000029       0.00000000    
  0.339000016       0.00000000    
  0.340000004       0.00000000    
  0.341000021       0.00000000    
  0.342000008       0.00000000    
  0.343000025       0.00000000    
  0.344000012       0.00000000    
  0.345000029       0.00000000    
  0.346000016       0.00000000    
  0.347000003       0.00000000    
  0.348000020       0.00000000    
  0.349000007       0.00000000    
  0.350000024       0.00000000    
  0.351000011       0.00000000    
  0.352000028       0.00000000    
  0.353000015       0.00000000    
  0.354000002       0.00000000    
  0.355000019       0.00000000    
  0.356000006       0.00000000    
  0.357000023       0.00000000    
  0.358000010       0.00000000    
  0.359000027       0.00000000    
  0.360000014       0.00000000    
  0.361000031       0.00000000    
  0.362000018       0.00000000    
  0.363000005       0.00000000    
  0.364000022       0.00000000    
  0.365000010       0.00000000    
  0.366000026       0.00000000    
  0.367000014       0.00000000    
  0.368000031       0.00000000    
  0.369000018       0.00000000    
  0.370000005       0.00000000    
  0.371000022       0.00000000    
  0.372000009       0.00000000    
  0.373000026       0.00000000    
  0.374000013       0.00000000    
  0.375000030       0.00000000    
  0.376000017       0.00000000    
  0.377000004       0.00000000    
  0.378000021       0.00000000    
  0.379000008       0.00000000    
  0.380000025       0.00000000    
  0.381000012       0.00000000    
  0.382000029       0.00000000    
  0.383000016       0.00000000    
  0.384000003       0.00000000    
  0.385000020       0.00000000    
  0.386000007       0.00000000    
  0.387000024       0.00000000    
  0.388000011       0.00000000    
  0.389000028       0.00000000    
  0.390000015       0.00000000    
  0.391000032       0.00000000    
  0.392000020       0.00000000    
  0.393000007       0.00000000    
  0.394000024       0.00000000    
  0.395000011       0.00000000    
  0.396000028       0.00000000    
  0.397000015       0.00000000    
  0.398000032       0.00000000    
  0.399000019       0.00000000    
  0.400000006       0.00000000    
  0.401000023       0.00000000    
  0.402000010       0.00000000    
  0.403000027       0.00000000    
  0.404000014       0.00000000    
  0.405000031       0.00000000    
  0.406000018       0.00000000    
  0.407000005       0.00000000    
  0.408000022       0.00000000    
  0.409000009       0.00000000    
  0.410000026       0.00000000    
  0.411000013       0.00000000    
  0.412000030       0.00000000    
  0.413000017       0.00000000    
  0.414000034       0.00000000    
  0.415000021       0.00000000    
  0.416000009       0.00000000    
  0.417000026       0.00000000    
  0.418000013       0.00000000    
  0.419000030       0.00000000    
  0.420000017       0.00000000    
  0.421000034       0.00000000    
  0.422000021       0.00000000    
  0.423000008       0.00000000    
  0.424000025       0.00000000    
  0.425000012       0.00000000    
  0.426000029       0.00000000    
  0.427000016       0.00000000    
  0.428000033       0.00000000    
  0.429000020       0.00000000    
  0.430000007       0.00000000    
  0.431000024       0.00000000    
  0.432000011       0.00000000    
  0.433000028       0.00000000    
  0.434000015       0.00000000    
  0.435000032       0.00000000    
  0.436000019       0.00000000    
  0.437000006       0.00000000    
  0.438000023       0.00000000    
  0.439000010       0.00000000    
  0.440000027       0.00000000    
  0.441000015       0.00000000    
  0.442000031       0.00000000    
  0.443000019       0.00000000    
  0.444000036       0.00000000    
  0.445000023       0.00000000    
  0.446000010       0.00000000    
  0.447000027       0.00000000    
  0.448000014       0.00000000    
  0.449000031       0.00000000    
  0.450000018       0.00000000    
  0.451000035       0.00000000    
  0.452000022       0.00000000    
  0.453000009       0.00000000    
  0.454000026       0.00000000    
  0.455000013       0.00000000    
  0.456000030       0.00000000    
  0.457000017       0.00000000    
  0.458000034       0.00000000    
  0.459000021       0.00000000    
  0.460000008       0.00000000    
  0.461000025       0.00000000    
  0.462000012       0.00000000    
  0.463000029       0.00000000    
  0.464000016       0.00000000    
  0.465000033       0.00000000    
  0.466000021       0.00000000    
  0.467000008       0.00000000    
  0.468000025       0.00000000    
  0.469000012       0.00000000    
  0.470000029       0.00000000    
  0.471000016       0.00000000    
  0.472000033       0.00000000    
  0.473000020       0.00000000    
  0.474000037       0.00000000    
  0.475000024       0.00000000    
  0.476000011       0.00000000    
  0.477000028       0.00000000    
  0.478000015       0.00000000    
  0.479000032       0.00000000    
  0.480000019       0.00000000    
  0.481000036       0.00000000    
  0.482000023       0.00000000    
  0.483000010       0.00000000    
  0.484000027       0.00000000    
  0.485000014       0.00000000    
  0.486000031       0.00000000    
  0.487000018       0.00000000    
  0.488000035       0.00000000    
  0.489000022       0.00000000    
  0.490000010       0.00000000    
  0.491000026       0.00000000    
  0.492000014       0.00000000    
  0.493000031       0.00000000    
  0.494000018       0.00000000    
  0.495000035       0.00000000    
  0.496000022       0.00000000    
  0.497000009       0.00000000    
  0.498000026       0.00000000    
  0.499000013       0.00000000    
  0.500000000       0.00000000    
  0.501000047       0.00000000    
  0.502000034       0.00000000    
  0.503000021       0.00000000    
  0.504000008       0.00000000    
  0.504999995       0.00000000    
  0.506000042       0.00000000    
  0.507000029       0.00000000    
  0.508000016       0.00000000    
  0.509000003       0.00000000    
  0.510000050       0.00000000    
  0.511000037       0.00000000    
  0.512000024       0.00000000    
  0.513000011       0.00000000    
  0.513999999       0.00000000    
  0.515000045       0.00000000    
  0.516000032       0.00000000    
  0.517000020       0.00000000    
  0.518000007       0.00000000    
  0.519000053       0.00000000    
  0.520000041       0.00000000    
  0.521000028       0.00000000    
  0.522000015       0.00000000    
  0.523000002       0.00000000    
  0.524000049       0.00000000    
  0.525000036       0.00000000    
  0.526000023       0.00000000    
  0.527000010       0.00000000    
  0.527999997       0.00000000    
  0.529000044       0.00000000    
  0.530000031       0.00000000    
  0.531000018       0.00000000    
  0.532000005       0.00000000    
  0.533000052       0.00000000    
  0.534000039       0.00000000    
  0.535000026       0.00000000    
  0.536000013       0.00000000    
  0.537000000       0.00000000    
  0.538000047       0.00000000    
  0.539000034       0.00000000    
  0.540000021       0.00000000    
  0.541000009       0.00000000    
  0.542000055       0.00000000    
  0.543000042       0.00000000    
  0.544000030       0.00000000    
  0.545000017       0.00000000    
  0.546000004       0.00000000    
  0.547000051       0.00000000    
  0.548000038       0.00000000    
  0.549000025       0.00000000    
  0.550000012       0.00000000    
  0.550999999       0.00000000    
  0.552000046       0.00000000    
  0.553000033       0.00000000    
  0.554000020       0.00000000    
  0.555000007       0.00000000    
  0.556000054       0.00000000    
  0.557000041       0.00000000    
  0.558000028       0.00000000    
  0.559000015       0.00000000    
  0.560000002       0.00000000    
  0.561000049       0.00000000    
  0.562000036       0.00000000    
  0.563000023       0.00000000    
  0.564000010       0.00000000    
  0.564999998       0.00000000    
  0.566000044       0.00000000    
  0.567000031       0.00000000    
  0.568000019       0.00000000    
  0.569000006       0.00000000    
  0.570000052       0.00000000    
  0.571000040       0.00000000    
  0.572000027       0.00000000    
  0.573000014       0.00000000    
  0.574000001       0.00000000    
  0.575000048       0.00000000    
  0.576000035       0.00000000    
  0.577000022       0.00000000    
  0.578000009       0.00000000    
  0.579000056       0.00000000    
  0.580000043       0.00000000    
  0.581000030       0.00000000    
  0.582000017       0.00000000    
  0.583000004       0.00000000    
  0.584000051       0.00000000    
  0.585000038       0.00000000    
  0.586000025       0.00000000    
  0.587000012       0.00000000    
  0.588000000       0.00000000    
  0.589000046       0.00000000    
  0.590000033       0.00000000    
  0.591000021       0.00000000    
  0.592000008       0.00000000    
  0.593000054       0.00000000    
  0.594000041       0.00000000    
  0.595000029       0.00000000    
  0.596000016       0.00000000    
  0.597000003       0.00000000    
  0.598000050       0.00000000    
  0.599000037       0.00000000    
  0.600000024       0.00000000    
  0.601000011       0.00000000    
  0.602000058       0.00000000    
  0.603000045       0.00000000    
  0.604000032       0.00000000    
  0.605000019       0.00000000    
  0.606000006       0.00000000    
  0.607000053       0.00000000    
  0.608000040       0.00000000    
  0.609000027       0.00000000    
  0.610000014       0.00000000    
  0.611000001       0.00000000    
  0.612000048       0.00000000    
  0.613000035       0.00000000    
  0.614000022       0.00000000    
  0.615000010       0.00000000    
  0.616000056       0.00000000    
  0.617000043       0.00000000    
  0.618000031       0.00000000    
  0.619000018       0.00000000    
  0.620000005       0.00000000    
  0.621000051       0.00000000    
  0.622000039       0.00000000    
  0.623000026       0.00000000    
  0.624000013       0.00000000    
  0.625000000       0.00000000    
  0.626000047       0.00000000    
  0.627000034       0.00000000    
  0.628000021       0.00000000    
  0.629000008       0.00000000    
  0.630000055       0.00000000    
  0.631000042       0.00000000    
  0.632000029       0.00000000    
  0.633000016       0.00000000    
  0.634000003       0.00000000    
  0.635000050       0.00000000    
  0.636000037       0.00000000    
  0.637000024       0.00000000    
  0.638000011       0.00000000    
  0.639000058       0.00000000    
  0.640000045       0.00000000    
  0.641000032       0.00000000    
  0.642000020       0.00000000    
  0.643000007       0.00000000    
  0.644000053       0.00000000    
  0.645000041       0.00000000    
  0.646000028       0.00000000    
  0.647000015       0.00000000    
  0.648000002       0.00000000    
  0.649000049       0.00000000    
  0.650000036       0.00000000    
  0.651000023       0.00000000    
  0.652000010       0.00000000    
  0.653000057       0.00000000    
  0.654000044       0.00000000    
  0.655000031       0.00000000    
  0.656000018       0.00000000    
  0.657000005       0.00000000    
  0.658000052       0.00000000    
  0.659000039       0.00000000    
  0.660000026       0.00000000    
  0.661000013       0.00000000    
  0.662000060       0.00000000    
  0.663000047       0.00000000    
  0.664000034       0.00000000    
  0.665000021       0.00000000    
  0.666000009       0.00000000    
  0.667000055       0.00000000    
  0.668000042       0.00000000    
  0.669000030       0.00000000    
  0.670000017       0.00000000    
  0.671000004       0.00000000    
  0.672000051       0.00000000    
  0.673000038       0.00000000    
  0.674000025       0.00000000    
  0.675000012       0.00000000    
  0.676000059       0.00000000    
  0.677000046       0.00000000    
  0.678000033       0.00000000    
  0.679000020       0.00000000    
  0.680000007       0.00000000    
  0.681000054       0.00000000    
  0.682000041       0.00000000    
  0.683000028       0.00000000    
  0.684000015       0.00000000    
  0.685000062       0.00000000    
  0.686000049       0.00000000    
  0.687000036       0.00000000    
  0.688000023       0.00000000    
  0.689000010       0.00000000    
  0.690000057       0.00000000    
  0.691000044       0.00000000    
  0.692000031       0.00000000    
  0.693000019       0.00000000    
  0.694000006       0.00000000    
  0.695000052       0.00000000    
  0.696000040       0.00000000    
  0.697000027       0.00000000    
  0.698000014       0.00000000    
  0.699000061       0.00000000    
  0.700000048       0.00000000    
  0.701000035       0.00000000    
  0.702000022       0.00000000    
  0.703000009       0.00000000    
  0.704000056       0.00000000    
  0.705000043       0.00000000    
  0.706000030       0.00000000    
  0.707000017       0.00000000    
  0.708000004       0.00000000    
  0.709000051       0.00000000    
  0.710000038       0.00000000    
  0.711000025       0.00000000    
  0.712000012       0.00000000    
  0.713000059       0.00000000    
  0.714000046       0.00000000    
  0.715000033       0.00000000    
  0.716000021       0.00000000    
  0.717000008       0.00000000    
  0.718000054       0.00000000    
  0.719000041       0.00000000    
  0.720000029       0.00000000    
  0.721000016       0.00000000    
  0.722000062       0.00000000    
  0.723000050       0.00000000    
  0.724000037       0.00000000    
  0.725000024       0.00000000    
  0.726000011       0.00000000    
  0.727000058       0.00000000    
  0.728000045       0.00000000    
  0.729000032       0.00000000    
  0.730000019       0.00000000    
  0.731000006       0.00000000    
  0.732000053       0.00000000    
  0.733000040       0.00000000    
  0.734000027       0.00000000    
  0.735000014       0.00000000    
  0.736000061       0.00000000    
  0.737000048       0.00000000    
  0.738000035       0.00000000    
  0.739000022       0.00000000    
  0.740000010       0.00000000    
  0.741000056       0.00000000    
  0.742000043       0.00000000    
  0.743000031       0.00000000    
  0.744000018       0.00000000    
  0.745000064       0.00000000    
  0.746000051       0.00000000    
  0.747000039       0.00000000    
  0.748000026       0.00000000    
  0.749000013       0.00000000    
  0.750000060       0.00000000    
  0.751000047       0.00000000    
  0.752000034       0.00000000    
  0.753000021       0.00000000    
  0.754000008       1.40129846E-45
  0.755000055       7.00649232E-45
  0.756000042       4.20389539E-44
  0.757000029       2.43825933E-43
  0.758000016       1.36486470E-42
  0.759000063       7.40866498E-42
  0.760000050       3.90275635E-41
  0.761000037       1.99595348E-40
  0.762000024       9.91570004E-40
  0.763000011       4.78761608E-39
  0.764000058       2.24788298E-38
  0.765000045       1.02694707E-37
  0.766000032       4.56645009E-37
  0.767000020       1.97763741E-36
  0.768000007       8.34528884E-36
  0.769000053       3.43308348E-35
  0.770000041       1.37757262E-34
  0.771000028       5.39304824E-34
  0.772000015       2.06124183E-33
  0.773000062       7.69397126E-33
  0.774000049       2.80626119E-32
  0.775000036       1.00043844E-31
  0.776000023       3.48765483E-31
  0.777000010       1.18948461E-30
  0.778000057       3.97050658E-30
  0.779000044       1.29771657E-29
  0.780000031       4.15410119E-29
  0.781000018       1.30291484E-28
  0.782000065       4.00570823E-28
  0.783000052       1.20763001E-27
  0.784000039       3.57105237E-27
  0.785000026       1.03619861E-26
  0.786000013       2.95137208E-26
  0.787000060       8.25399895E-26
  0.788000047       2.26762850E-25
  0.789000034       6.12088270E-25
  0.790000021       1.62389059E-24
  0.791000009       4.23583360E-24
  0.792000055       1.08669644E-23
  0.793000042       2.74268193E-23
  0.794000030       6.81185178E-23
  0.795000017       1.66534646E-22
  0.796000063       4.00879018E-22
  0.797000051       9.50517362E-22
  0.798000038       2.22025596E-21
  0.799000025       5.11064938E-21
  0.800000012       1.15958872E-20
  0.801000059       2.59415278E-20
  0.802000046       5.72357220E-20
  0.803000033       1.24570789E-19
  0.804000020       2.67507470E-19
  0.805000067       5.66946025E-19
  0.806000054       1.18623728E-18
  0.807000041       2.45058564E-18
  0.808000028       4.99982208E-18
  0.809000015       1.00768846E-17
  0.810000062       2.00670427E-17
  0.811000049       3.94932553E-17
  0.812000036       7.68277941E-17
  0.813000023       1.47761218E-16
  0.814000010       2.81021100E-16
  0.815000057       5.28623151E-16
  0.816000044       9.83762806E-16
  0.817000031       1.81135095E-15
  0.818000019       3.30060999E-15
  0.819000065       5.95302379E-15
  0.820000052       1.06301085E-14
  0.821000040       1.87939891E-14
  0.822000027       3.29083278E-14
  0.823000014       5.70736221E-14
  0.824000061       9.80616413E-14
  0.825000048       1.66951156E-13
  0.826000035       2.81662416E-13
  0.827000022       4.70996451E-13
  0.828000069       7.80753066E-13
  0.829000056       1.28321865E-12
  0.830000043       2.09126228E-12
  0.831000030       3.38008939E-12
  0.832000017       5.41893136E-12
  0.833000064       8.61838812E-12
  0.834000051       1.36000412E-11
  0.835000038       2.12958800E-11
  0.836000025       3.30940865E-11
  0.837000012       5.10472532E-11
  0.838000059       7.81660223E-11
  0.839000046       1.18834539E-10
  0.840000033       1.79385756E-10
  0.841000021       2.68916972E-10
  0.842000067       4.00384087E-10
  0.843000054       5.92150662E-10
  0.844000041       8.69990524E-10
  0.845000029       1.26994448E-09
  0.846000016       1.84197169E-09
  0.847000062       2.65500888E-09
  0.848000050       3.80353971E-09
  0.849000037       5.41589351E-09
  0.850000024       7.66602071E-09
  0.851000011       1.07877973E-08
  0.852000058       1.50941446E-08
  0.853000045       2.10008793E-08
  0.854000032       2.90570927E-08
  0.855000019       3.99843216E-08
  0.856000066       5.47279413E-08
  0.857000053       7.45146522E-08
  0.858000040       1.00930869E-07
  0.859000027       1.36017533E-07
  0.860000014       1.82385747E-07
  0.861000061       2.43358812E-07
  0.862000048       3.23161089E-07
  0.863000035       4.27085723E-07
  0.864000022       5.61802949E-07
  0.865000069       7.35622280E-07
  0.866000056       9.58909027E-07
  0.867000043       1.24440987E-06
  0.868000031       1.60788829E-06
  0.869000018       2.06862933E-06
  0.870000064       2.65021822E-06
  0.871000051       3.38128461E-06
  0.872000039       4.29641432E-06
  0.873000026       5.43743135E-06
  0.874000013       6.85442183E-06
  0.875000060       8.60718683E-06
  0.876000047       1.07673004E-05
  0.877000034       1.34189941E-05
  0.878000021       1.66622158E-05
  0.879000068       2.06146142E-05
  0.880000055       2.54143706E-05
  0.881000042       3.12217089E-05
  0.882000029       3.82241997E-05
  0.883000016       4.66394376E-05
  0.884000063       5.67181814E-05
  0.885000050       6.87505744E-05
  0.886000037       8.30665522E-05
  0.887000024       1.00048077E-04
  0.888000071       1.20125493E-04
  0.889000058       1.43793965E-04
  0.890000045       1.71607098E-04
  0.891000032       2.04194876E-04
  0.892000020       2.42266920E-04
  0.893000066       2.86614464E-04
  0.894000053       3.38135083E-04
  0.895000041       3.97808879E-04
  0.896000028       4.66743688E-04
  0.897000015       5.46158873E-04
  0.898000062       6.37411315E-04
  0.899000049       7.41992204E-04
  0.900000036       8.61537934E-04
  0.901000023       9.97836236E-04
  0.902000070       1.15286198E-03
  0.903000057       1.32876635E-03
  0.904000044       1.52786134E-03
  0.905000031       1.75267400E-03
  0.906000018       2.00594496E-03
  0.907000065       2.29062443E-03
  0.908000052       2.60992604E-03
  0.909000039       2.96719512E-03
  0.910000026       3.36611900E-03
  0.911000073       3.81058617E-03
  0.912000060       4.30482253E-03
  0.913000047       4.85315500E-03
  0.914000034       5.46032423E-03
  0.915000021       6.13126531E-03
  0.916000068       6.87126536E-03
  0.917000055       7.68588018E-03
  0.918000042       8.58082622E-03
  0.919000030       9.56215896E-03
  0.920000017       1.06363771E-02
  0.921000063       1.18099963E-02
  0.922000051       1.30900964E-02
  0.923000038       1.44836502E-02
  0.924000025       1.59982909E-02
  0.925000072       1.76415686E-02
  0.926000059       1.94217283E-02
  0.927000046       2.13465467E-02
  0.928000033       2.34247427E-02
  0.929000020       2.56646965E-02
  0.930000067       2.80754697E-02
  0.931000054       3.06659769E-02
  0.932000041       3.34454328E-02
  0.933000028       3.64230163E-02
  0.934000015       3.96083631E-02
  0.935000062       4.30107489E-02
  0.936000049       4.66402657E-02
  0.937000036       5.05059287E-02
  0.938000023       5.46181127E-02
  0.939000070       5.89859895E-02
  0.940000057       6.36200607E-02
  0.941000044       6.85290024E-02
  0.942000031       7.37231821E-02
  0.943000019       7.92117789E-02
  0.944000065       8.50047544E-02
  0.945000052       9.11109000E-02
  0.946000040       9.75394472E-02
  0.947000027      0.104298972    
  0.948000073      0.111398861    
  0.949000061      0.118847229    
  0.950000048      0.126652122    
  0.951000035      0.134821251    
  0.952000022      0.143363088    
  0.953000069      0.152283505    
  0.954000056      0.161590949    
  0.955000043      0.171290219    
  0.956000030      0.181388572    
  0.957000017      0.191890404    
  0.958000064      0.202802539    
  0.959000051      0.214128658    
  0.960000038      0.225872964    
  0.961000025      0.238038778    
  0.962000072      0.250630707    
  0.963000059      0.263650596    
  0.964000046      0.277100861    
  0.965000033      0.290981501    
  0.966000021      0.305296302    
  0.967000067      0.320043236    
  0.968000054      0.335225701    
  0.969000041      0.350838810    
  0.970000029      0.366884381    
  0.971000075      0.383358389    
  0.972000062      0.400262654    
  0.973000050      0.417589217    
  0.974000037      0.435338706    
  0.975000024      0.453503609    
  0.976000071      0.472083300    
  0.977000058      0.491070360    
  0.978000045      0.510460377    
  0.979000032      0.530244887    
  0.980000019      0.550421298    
  0.981000066      0.570977628    
  0.982000053      0.591913342    
  0.983000040      0.613213003    
  0.984000027      0.634873271    
  0.985000074      0.656881452    
  0.986000061      0.679233909    
  0.987000048      0.701913893    
  0.988000035      0.724917412    
  0.989000022      0.748229742    
  0.990000069      0.771844387    
  0.991000056      0.795747399    
  0.992000043      0.819928765    
  0.993000031      0.844374895    
  0.994000018      0.869076729    
  0.995000064      0.894018769    
  0.996000051      0.919194818    
  0.997000039      0.944584548    
  0.998000026      0.970182836    
  0.999000072      0.995969296    
   1.00000000       1.02194107    
   1.00100005       1.04807150    
   1.00200009       1.07436240    
   1.00300002       1.10079026    
   1.00400007       1.12734294    
   1.00500000       1.15401101    
   1.00600004       1.18077993    
   1.00700009       1.20763421    
   1.00800002       1.23456705    
   1.00900006       1.26155365    
   1.00999999       1.28859293    
   1.01100004       1.31566143    
   1.01200008       1.34275770    
   1.01300001       1.36985898    
   1.01400006       1.39695799    
   1.01500010       1.42403710    
   1.01600003       1.45109081    
   1.01700008       1.47809851    
   1.01800001       1.50505924    
   1.01900005       1.53194654    
   1.02000010       1.55876374    
   1.02100003       1.58548820    
   1.02200007       1.61211443    
   1.02300000       1.63862705    
   1.02400005       1.66502118    
   1.02500010       1.69127870    
   1.02600002       1.71739972    
   1.02700007       1.74335814    
   1.02800000       1.76916218    
   1.02900004       1.79478621    
   1.03000009       1.82023692    
   1.03100002       1.84548938    
   1.03200006       1.87054586    
   1.03299999       1.89539254    
   1.03400004       1.92002559    
   1.03500009       1.94442856    
   1.03600001       1.96860933    
   1.03700006       1.99254048    
   1.03800011       2.01623416    
   1.03900003       2.03966856    
   1.04000008       2.06284618    
   1.04100001       2.08575678    
   1.04200006       2.10839725    
   1.04300010       2.13075805    
   1.04400003       2.15284348    
   1.04500008       2.17462826    
   1.04600000       2.19613433    
   1.04700005       2.21733236    
   1.04800010       2.23823929    
   1.04900002       2.25883412    
   1.05000007       2.27912521    
   1.05100000       2.29909921    
   1.05200005       2.31876326    
   1.05300009       2.33810377    
   1.05400002       2.35713100    
   1.05500007       2.37582469    
   1.05599999       2.39420366    
   1.05700004       2.41224551    
   1.05800009       2.42996693    
   1.05900002       2.44735122    
   1.06000006       2.46441007    
   1.06100011       2.48112988    
   1.06200004       2.49752402    
   1.06300008       2.51357365    
   1.06400001       2.52929974    
   1.06500006       2.54468083    
   1.06600010       2.55973673    
   1.06700003       2.57445073    
   1.06800008       2.58883452    
   1.06900001       2.60288143    
   1.07000005       2.61660028    
   1.07100010       2.62997985    
   1.07200003       2.64303708    
   1.07300007       2.65575457    
   1.07400000       2.66815233    
   1.07500005       2.68021345    
   1.07600009       2.69195843    
   1.07700002       2.70337176    
   1.07800007       2.71447015    
   1.07900000       2.72523999    
   1.08000004       2.73569894    
   1.08100009       2.74583530    
   1.08200002       2.75566649    
   1.08300006       2.76517653    
   1.08400011       2.77438688    
   1.08500004       2.78328252    
   1.08600008       2.79188323    
   1.08700001       2.80017304    
   1.08800006       2.80817461    
   1.08900011       2.81587172    
   1.09000003       2.82328558    
   1.09100008       2.83040142    
   1.09200001       2.83723927    
   1.09300005       2.84378576    
   1.09400010       2.85006118    
   1.09500003       2.85605121    
   1.09600008       2.86177588    
   1.09700000       2.86722350    
   1.09800005       2.87241030    
   1.09900010       2.87732673    
   1.10000002       2.88199258    
   1.10100007       2.88639188    
   1.10200000       2.89054680    
   1.10300004       2.89444423    
   1.10400009       2.89810371    
   1.10500002       2.90151262    
   1.10600007       2.90469098    
   1.10699999       2.90762544    
   1.10800004       2.91033530    
   1.10900009       2.91280961    
   1.11000001       2.91506767    
   1.11100006       2.91709518    
   1.11200011       2.91891408    
   1.11300004       2.92051053    
   1.11400008       2.92190456    
   1.11500001       2.92308307    
   1.11600006       2.92406726    
   1.11700010       2.92484188    
   1.11800003       2.92542958    
   1.11900008       2.92581534    
   1.12000000       2.92602062    
   1.12100005       2.92603040    
   1.12200010       2.92586684    
   1.12300003       2.92551565    
   1.12400007       2.92499709    
   1.12500000       2.92429757    
   1.12600005       2.92343831    
   1.12700009       2.92240429    
   1.12800002       2.92121625    
   1.12900007       2.91986132    
   1.13000000       2.91835856    
   1.13100004       2.91669536    
   1.13200009       2.91489077    
   1.13300002       2.91293144    
   1.13400006       2.91083813    
   1.13500011       2.90859556    
   1.13600004       2.90622520    
   1.13700008       2.90371180    
   1.13800001       2.90107703    
   1.13900006       2.89830518    
   1.14000010       2.89541721    
   1.14100003       2.89239764    
   1.14200008       2.88926935    
   1.14300001       2.88601494    
   1.14400005       2.88265610    
   1.14500010       2.87917733    
   1.14600003       2.87559915    
   1.14700007       2.87190771    
   1.14800000       2.86812162    
   1.14900005       2.86422706    
   1.15000010       2.86024404    
   1.15100002       2.85615683    
   1.15200007       2.85198617    
   1.15300000       2.84771657    
   1.15400004       2.84336948    
   1.15500009       2.83892727    
   1.15600002       2.83441091    
   1.15700006       2.82980680    
   1.15800011       2.82513213    
   1.15900004       2.82037306    
   1.16000009       2.81554961    
   1.16100001       2.81064582    
   1.16200006       2.80568171    
   1.16300011       2.80064154    
   1.16400003       2.79554462    
   1.16500008       2.79037666    
   1.16600001       2.78515577    
   1.16700006       2.77986836    
   1.16800010       2.77453160    
   1.16900003       2.76913142    
   1.17000008       2.76368642    
   1.17100000       2.75818181    
   1.17200005       2.75263596    
   1.17300010       2.74703360    
   1.17400002       2.74139333    
   1.17500007       2.73570156    
   1.17600000       2.72997403    
   1.17700005       2.72419858    
   1.17800009       2.71839094    
   1.17900002       2.71253729    
   1.18000007       2.70665717    
   1.18100011       2.70073223    
   1.18200004       2.69478250    
   1.18300009       2.68879485    
   1.18400002       2.68278313    
   1.18500006       2.67673492    
   1.18600011       2.67066741    
   1.18700004       2.66456509    
   1.18800008       2.65844774    
   1.18900001       2.65229726    
   1.19000006       2.64613318    
   1.19100010       2.63994074    
   1.19200003       2.63373518    
   1.19300008       2.62750483    
   1.19400001       2.62126327    
   1.19500005       2.61499906    
   1.19600010       2.60872698    
   1.19700003       2.60243297    
   1.19800007       2.59613466    
   1.19900000       2.58981586    
   1.20000005       2.58349466    
   1.20100009       2.57715559    
   1.20200002       2.57081509    
   1.20300007       2.56445956    
   1.20400012       2.55810428    
   1.20500004       2.55173564    
   1.20600009       2.54536986    
   1.20700002       2.53899145    
   1.20800006       2.53261805    
   1.20900011       2.52623391    
   1.21000004       2.51985574    
   1.21100008       2.51346970    
   1.21200001       2.50708985    
   1.21300006       2.50070453    
   1.21400011       2.49432659    
   1.21500003       2.48794413    
   1.21600008       2.48157191    
   1.21700001       2.47519541    
   1.21800005       2.46883059    
   1.21900010       2.46246290    
   1.22000003       2.45610785    
   1.22100008       2.44975185    
   1.22200000       2.44341016    
   1.22300005       2.43706870    
   1.22400010       2.43074059    
   1.22500002       2.42441440    
   1.22600007       2.41810513    
   1.22700012       2.41179729    
   1.22800004       2.40550566    
   1.22900009       2.39921904    
   1.23000002       2.39294934    
   1.23100007       2.38668466    
   1.23200011       2.38043833    
   1.23300004       2.37419701    
   1.23400009       2.36797667    
   1.23500001       2.36176109    
   1.23600006       2.35556698    
   1.23700011       2.34937906    
   1.23800004       2.34321260    
   1.23900008       2.33705449    
   1.24000001       2.33091760    
   1.24100006       2.32479000    
   1.24200010       2.31868410    
   1.24300003       2.31258774    
   1.24400008       2.30651474    
   1.24500000       2.30045176    
   1.24600005       2.29441237    
   1.24700010       2.28838372    
   1.24800003       2.28237844    
   1.24900007       2.27638555    
   1.25000000       2.27041674    
   1.25100005       2.26445985    
   1.25200009       2.25852752    
   1.25300002       2.25260782    
   1.25400007       2.24671435    
   1.25500011       2.24083257    
   1.25600004       2.23497701    
   1.25700009       2.22913527    
   1.25800002       2.22331858    
   1.25900006       2.21751714    
   1.26000011       2.21174121    
   1.26100004       2.20597911    
   1.26200008       2.20024467    
   1.26300001       2.19452381    
   1.26400006       2.18883109    
   1.26500010       2.18315244    
   1.26600003       2.17750096    
   1.26700008       2.17186522    
   1.26800001       2.16625595    
   1.26900005       2.16066360    
   1.27000010       2.15509748    
   1.27100003       2.14954758    
   1.27200007       2.14402580    
   1.27300000       2.13851929    
   1.27400005       2.13304162    
   1.27500010       2.12757969    
   1.27600002       2.12214518    
   1.27700007       2.11672783    
   1.27800012       2.11133862    
   1.27900004       2.10596538    
   1.28000009       2.10062099    
   1.28100002       2.09529328    
   1.28200006       2.08999395    
   1.28300011       2.08471084    
   1.28400004       2.07945633    
   1.28500009       2.07421899    
   1.28600001       2.06900978    
   1.28700006       2.06381822    
   1.28800011       2.05865455    
   1.28900003       2.05350804    
   1.29000008       2.04839039    
   1.29100001       2.04328990    
   1.29200006       2.03821731    
   1.29300010       2.03316236    
   1.29400003       2.02813578    
   1.29500008       2.02312660    
   1.29600000       2.01814556    
   1.29700005       2.01318240    
   1.29800010       2.00824690    
   1.29900002       2.00332904    
   1.30000007       1.99843967    
   1.30100012       1.99356723    
   1.30200005       1.98872316    
   1.30300009       1.98389685    
   1.30400002       1.97909820    
   1.30500007       1.97431743    
   1.30600011       1.96956408    
   1.30700004       1.96482837    
   1.30800009       1.96012104    
   1.30900002       1.95543063    
   1.31000006       1.95076847    
   1.31100011       1.94612277    
   1.31200004       1.94150531    
   1.31300008       1.93690526    
   1.31400001       1.93233240    
   1.31500006       1.92777765    
   1.31600010       1.92324913    
   1.31700003       1.91873848    
   1.31800008       1.91425526    
   1.31900001       1.90978873    
   1.32000005       1.90534985    
   1.32100010       1.90092766    
   1.32200003       1.89653242    
   1.32300007       1.89215434    
   1.32400012       1.88780332    
   1.32500005       1.88346887    
   1.32600009       1.87916148    
   1.32700002       1.87487042    
   1.32800007       1.87060642    
   1.32900012       1.86635876    
   1.33000004       1.86213732    
   1.33100009       1.85793293    
   1.33200002       1.85375476    
   1.33300006       1.84959328    
   1.33400011       1.84545732    
   1.33500004       1.84133804    
   1.33600008       1.83724487    
   1.33700001       1.83316743    
   1.33800006       1.82911634    
   1.33900011       1.82508099    
   1.34000003       1.82107103    
   1.34100008       1.81707788    
   1.34200001       1.81310928    
   1.34300005       1.80915725    
   1.34400010       1.80522966    
   1.34500003       1.80131817    
   1.34600008       1.79743207    
   1.34700012       1.79356122    
   1.34800005       1.78971493    
   1.34900010       1.78588521    
   1.35000002       1.78207922    
   1.35100007       1.77828896    
   1.35200012       1.77452314    
   1.35300004       1.77077210    
   1.35400009       1.76704633    
   1.35500002       1.76333451    
   1.35600007       1.75964761    
   1.35700011       1.75597537    
   1.35800004       1.75232685    
   1.35900009       1.74869347    
   1.36000001       1.74508345    
   1.36100006       1.74148858    
   1.36200011       1.73791707    
   1.36300004       1.73435986    
   1.36400008       1.73082614    
   1.36500001       1.72730672    
   1.36600006       1.72381079    
   1.36700010       1.72032857    
   1.36800003       1.71686935    
   1.36900008       1.71342456    
   1.37000012       1.71000218    
   1.37100005       1.70659387    
   1.37200010       1.70320833    
   1.37300003       1.69983637    
   1.37400007       1.69648683    
   1.37500012       1.69315088    
   1.37600005       1.68983710    
   1.37700009       1.68653703    
   1.37800002       1.68325853    
   1.37900007       1.67999387    
   1.38000011       1.67675066    
   1.38100004       1.67352033    
   1.38200009       1.67031229    
   1.38300002       1.66711700    
   1.38400006       1.66394329    
   1.38500011       1.66078222    
   1.38600004       1.65764225    
   1.38700008       1.65451550    
   1.38800001       1.65140951    
   1.38900006       1.64831614    
   1.39000010       1.64524353    
   1.39100003       1.64218342    
   1.39200008       1.63914418    
   1.39300001       1.63611674    
   1.39400005       1.63311052    
   1.39500010       1.63011587    
   1.39600003       1.62714148    
   1.39700007       1.62417960    
   1.39800012       1.62123740    
   1.39900005       1.61830699    
   1.40000010       1.61539686    
   1.40100002       1.61249804    
   1.40200007       1.60961926    
   1.40300012       1.60675192    
   1.40400004       1.60390413    
   1.40500009       1.60106790    
   1.40600002       1.59825110    
   1.40700006       1.59544528    
   1.40800011       1.59265876    
   1.40900004       1.58988345    
   1.41000009       1.58712745    
   1.41100001       1.58438206    
   1.41200006       1.58165586    
   1.41300011       1.57894003    
   1.41400003       1.57624316    
   1.41500008       1.57355678    
   1.41600001       1.57088923    
   1.41700006       1.56823182    
   1.41800010       1.56559300    
   1.41900003       1.56296468    
   1.42000008       1.56035471    
   1.42100012       1.55775464    
   1.42200005       1.55517244    
   1.42300010       1.55260074    
   1.42400002       1.55004692    
   1.42500007       1.54750311    
   1.42600012       1.54497671    
   1.42700005       1.54246020    
   1.42800009       1.53996146    
   1.42900002       1.53747201    
   1.43000007       1.53500044    
   1.43100011       1.53253806    
   1.43200004       1.53009284    
   1.43300009       1.52765751    
   1.43400002       1.52523899    
   1.43500006       1.52282977    
   1.43600011       1.52043736    
   1.43700004       1.51805413    
   1.43800008       1.51568794    
   1.43900001       1.51333046    
   1.44000006       1.51099002    
   1.44100010       1.50865793    
   1.44200003       1.50634229    
   1.44300008       1.50403571    
   1.44400012       1.50174534    
   1.44500005       1.49946356    
   1.44600010       1.49719834    
   1.44700003       1.49494088    
   1.44800007       1.49270022    
   1.44900012       1.49046743    
   1.45000005       1.48825061    
   1.45100009       1.48604226    
   1.45200002       1.48384941    
   1.45300007       1.48166478    
   1.45400012       1.47949564    
   1.45500004       1.47733450    
   1.45600009       1.47518921    
   1.45700002       1.47305131    
   1.45800006       1.47092903    
   1.45900011       1.46881437    
   1.46000004       1.46671474    
   1.46100008       1.46462309    
   1.46200001       1.46254611    
   1.46300006       1.46047711    
   1.46400011       1.45842254    
   1.46500003       1.45637572    
   1.46600008       1.45434344    
   1.46700013       1.45231855    
   1.46800005       1.45030820    
   1.46900010       1.44830549    
   1.47000003       1.44631660    
   1.47100008       1.44433534    
   1.47200012       1.44236815    
   1.47300005       1.44040811    
   1.47400010       1.43846202    
   1.47500002       1.43652308    
   1.47600007       1.43459821    
   1.47700012       1.43268013    
   1.47800004       1.43077588    
   1.47900009       1.42887831    
   1.48000002       1.42699444    
   1.48100007       1.42511761    
   1.48200011       1.42325401    
   1.48300004       1.42139709    
   1.48400009       1.41955388    
   1.48500001       1.41771686    
   1.48600006       1.41589355    
   1.48700011       1.41407609    
   1.48800004       1.41227210    
   1.48900008       1.41047454    
   1.49000013       1.40868986    
   1.49100006       1.40691125    
   1.49200010       1.40514588    
   1.49300003       1.40338671    
   1.49400008       1.40164030    
   1.49500012       1.39989984    
   1.49600005       1.39817190    
   1.49700010       1.39645028    
   1.49800003       1.39474094    
   1.49900007       1.39303768    
   1.50000012       1.39134681    
   1.50100005       1.38966143    
   1.50200009       1.38798904    
   1.50300002       1.38632178    
   1.50400007       1.38466704    
   1.50500011       1.38301766    
   1.50600004       1.38138080    
   1.50700009       1.37974918    
   1.50800002       1.37812948    
   1.50900006       1.37651551    
   1.51000011       1.37491322    
   1.51100004       1.37331617    
   1.51200008       1.37173140    
   1.51300013       1.37015140    
   1.51400006       1.36858320    
   1.51500010       1.36702013    
   1.51600003       1.36546886    
   1.51700008       1.36392272    
   1.51800013       1.36238778    
   1.51900005       1.36085796    
   1.52000010       1.35933971    
   1.52100003       1.35782623    
   1.52200007       1.35632408    
   1.52300012       1.35482657    
   1.52400005       1.35334063    
   1.52500010       1.35185933    
   1.52600002       1.35038900    
   1.52700007       1.34892333    
   1.52800012       1.34746873    
   1.52900004       1.34601855    
   1.53000009       1.34457970    
   1.53100002       1.34314489    
   1.53200006       1.34172130    
   1.53300011       1.34030187    
   1.53400004       1.33889341    
   1.53500009       1.33748913    
   1.53600001       1.33609545    
   1.53700006       1.33470619    
   1.53800011       1.33332753    
   1.53900003       1.33195293    
   1.54000008       1.33058906    
   1.54100013       1.32922900    
   1.54200006       1.32787955    
   1.54300010       1.32653403    
   1.54400003       1.32519889    
   1.54500008       1.32386768    
   1.54600012       1.32254672    
   1.54700005       1.32122958    
   1.54800010       1.31992280    
   1.54900002       1.31861961    
   1.55000007       1.31732666    
   1.55100012       1.31603730    
   1.55200005       1.31475806    
   1.55300009       1.31348264    
   1.55400002       1.31221688    
   1.55500007       1.31095469    
   1.55600011       1.30970263    
   1.55700004       1.30845380    
   1.55800009       1.30721486    
   1.55900002       1.30597925    
   1.56000006       1.30475366    
   1.56100011       1.30353141    
   1.56200004       1.30231845    
   1.56300008       1.30110908    
   1.56400013       1.29990911    
   1.56500006       1.29871261    
   1.56600010       1.29752541    
   1.56700003       1.29634142    
   1.56800008       1.29516697    
   1.56900012       1.29399550    
   1.57000005       1.29283333    
   1.57100010       1.29167438    
   1.57200003       1.29052460    
   1.57300007       1.28937793    
   1.57400012       1.28824031    
   1.57500005       1.28710556    
   1.57600009       1.28598011    
   1.57700002       1.28485763    
   1.57800007       1.28374410    
   1.57900012       1.28263330    
   1.58000004       1.28153145    
   1.58100009       1.28043258    
   1.58200002       1.27934241    
   1.58300006       1.27825511    
   1.58400011       1.27717674    
   1.58500004       1.27610064    
   1.58600008       1.27503371    
   1.58700013       1.27396917    
   1.58800006       1.27291346    
   1.58900011       1.27186024    
   1.59000003       1.27081573    
   1.59100008       1.26977372    
   1.59200013       1.26874018    
   1.59300005       1.26770914    
   1.59400010       1.26668668    
   1.59500003       1.26566637    
   1.59600008       1.26465487    
   1.59700012       1.26364541    
   1.59800005       1.26264441    
   1.59900010       1.26164591    
   1.60000002       1.26065552    
   1.60100007       1.25966728    
   1.60200012       1.25868750    
   1.60300004       1.25770986    
   1.60400009       1.25674057    
   1.60500002       1.25577319    
   1.60600007       1.25481415    
   1.60700011       1.25385702    
   1.60800004       1.25290799    
   1.60900009       1.25196123    
   1.61000013       1.25102234    
   1.61100006       1.25008523    
   1.61200011       1.24915648    
   1.61300004       1.24822938    
   1.61400008       1.24731040    
   1.61500013       1.24639332    
   1.61600006       1.24548399    
   1.61700010       1.24457669    
   1.61800003       1.24367690    
   1.61900008       1.24277914    
   1.62000012       1.24188912    
   1.62100005       1.24100077    
   1.62200010       1.24012029    
   1.62300003       1.23924136    
   1.62400007       1.23837018    
   1.62500012       1.23750043    
   1.62600005       1.23663855    
   1.62700009       1.23577833    
   1.62800002       1.23492551    
   1.62900007       1.23407435    
   1.63000011       1.23323059    
   1.63100004       1.23238850    
   1.63200009       1.23155391    
   1.63300014       1.23072064    
   1.63400006       1.22989488    
   1.63500011       1.22907054    
   1.63600004       1.22825348    
   1.63700008       1.22743809    
   1.63800013       1.22662961    
   1.63900006       1.22582281    
   1.64000010       1.22502327    
   1.64100003       1.22422493    
   1.64200008       1.22343397    
   1.64300013       1.22264421    
   1.64400005       1.22186148    
   1.64500010       1.22108006    
   1.64600003       1.22030580    
   1.64700007       1.21953297    
   1.64800012       1.21876693    
   1.64900005       1.21800208    
   1.65000010       1.21724439    
   1.65100002       1.21648765    
   1.65200007       1.21573830    
   1.65300012       1.21498966    
   1.65400004       1.21424806    
   1.65500009       1.21350765    
   1.65600014       1.21277392    
   1.65700006       1.21204126    
   1.65800011       1.21131563    
   1.65900004       1.21059084    
   1.66000009       1.20987308    
   1.66100013       1.20915592    
   1.66200006       1.20844567    
   1.66300011       1.20773661    
   1.66400003       1.20703387    
   1.66500008       1.20633233    
   1.66600013       1.20563722    
   1.66700006       1.20494330    
   1.66800010       1.20425582    
   1.66900003       1.20356917    
   1.67000008       1.20288920    
   1.67100012       1.20220995    
   1.67200005       1.20153725    
   1.67300010       1.20086539    
   1.67400002       1.20019996    
   1.67500007       1.19953525    
   1.67600012       1.19887710    
   1.67700005       1.19821954    
   1.67800009       1.19756866    
   1.67900014       1.19691825    
   1.68000007       1.19627428    
   1.68100011       1.19563091    
   1.68200004       1.19499385    
   1.68300009       1.19435763    
   1.68400013       1.19372761    
   1.68500006       1.19309807    
   1.68600011       1.19247496    
   1.68700004       1.19185245    
   1.68800008       1.19123602    
   1.68900013       1.19062030    
   1.69000006       1.19001067    
   1.69100010       1.18940151    
   1.69200003       1.18879855    
   1.69300008       1.18819618    
   1.69400012       1.18759966    
   1.69500005       1.18700385    
   1.69600010       1.18641400    
   1.69700003       1.18582475    
   1.69800007       1.18524146    
   1.69900012       1.18465853    
   1.70000005       1.18408155    
   1.70100009       1.18350506    
   1.70200002       1.18293464    
   1.70300007       1.18236458    
   1.70400012       1.18180037    
   1.70500004       1.18123627    
   1.70600009       1.18067837    
   1.70700014       1.18012071    
   1.70800006       1.17956889    
   1.70900011       1.17901731    
   1.71000004       1.17847157    
   1.71100008       1.17792630    
   1.71200013       1.17738664    
   1.71300006       1.17684734    
   1.71400011       1.17631364    
   1.71500003       1.17578030    
   1.71600008       1.17525280    
   1.71700013       1.17472517    
   1.71800005       1.17420352    
   1.71900010       1.17368197    
   1.72000003       1.17316592    
   1.72100008       1.17265022    
   1.72200012       1.17214012    
   1.72300005       1.17163002    
   1.72400010       1.17112577    
   1.72500002       1.17062151    
   1.72600007       1.17012286    
   1.72700012       1.16962421    
   1.72800004       1.16913116    
   1.72900009       1.16863811    
   1.73000014       1.16815066    
   1.73100007       1.16766310    
   1.73200011       1.16718125    
   1.73300004       1.16669929    
   1.73400009       1.16622293    
   1.73500013       1.16574633    
   1.73600006       1.16527522    
   1.73700011       1.16480422    
   1.73800004       1.16433847    
   1.73900008       1.16387284    
   1.74000013       1.16341245    
   1.74100006       1.16295207    
   1.74200010       1.16249704    
   1.74300003       1.16204178    
   1.74400008       1.16159213    
   1.74500012       1.16114199    
   1.74600005       1.16069734    
   1.74700010       1.16025257    
   1.74800003       1.15981317    
   1.74900007       1.15937352    
   1.75000012       1.15893900    
   1.75100005       1.15850449    
   1.75200009       1.15807521    
   1.75300014       1.15764558    
   1.75400007       1.15722108    
   1.75500011       1.15679669    
   1.75600004       1.15637720    
   1.75700009       1.15595758    
   1.75800014       1.15554309    
   1.75900006       1.15512824    
   1.76000011       1.15471864    
   1.76100004       1.15430868    
   1.76200008       1.15390408    
   1.76300013       1.15349889    
   1.76400006       1.15309882    
   1.76500010       1.15269852    
   1.76600003       1.15230334    
   1.76700008       1.15190768    
   1.76800013       1.15151727    
   1.76900005       1.15112603    
   1.77000010       1.15074039    
   1.77100003       1.15035403    
   1.77200007       1.14997280    
   1.77300012       1.14959109    
   1.77400005       1.14921439    
   1.77500010       1.14883721    
   1.77600014       1.14846504    
   1.77700007       1.14809239    
   1.77800012       1.14772475    
   1.77900004       1.14735651    
   1.78000009       1.14699340    
   1.78100014       1.14662981    
   1.78200006       1.14627099    
   1.78300011       1.14591181    
   1.78400004       1.14555728    
   1.78500009       1.14520252    
   1.78600013       1.14485228    
   1.78700006       1.14450169    
   1.78800011       1.14415586    
   1.78900003       1.14380956    
   1.79000008       1.14346826    
   1.79100013       1.14312613    
   1.79200006       1.14278889    
   1.79300010       1.14245117    
   1.79400003       1.14211798    
   1.79500008       1.14178431    
   1.79600012       1.14145553    
   1.79700005       1.14112592    
   1.79800010       1.14080119    
   1.79900014       1.14047587    
   1.80000007       1.14015508    
   1.80100012       1.13983393    
   1.80200005       1.13951719    
   1.80300009       1.13919997    
   1.80400014       1.13888729    
   1.80500007       1.13857412    
   1.80600011       1.13826561    
   1.80700004       1.13795626    
   1.80800009       1.13765156    
   1.80900013       1.13734639    
   1.81000006       1.13704562    
   1.81100011       1.13674414    
   1.81200004       1.13644731    
   1.81300008       1.13614976    
   1.81400013       1.13585675    
   1.81500006       1.13556302    
   1.81600010       1.13527393    
   1.81700003       1.13498402    
   1.81800008       1.13469887    
   1.81900012       1.13441265    
   1.82000005       1.13413107    
   1.82100010       1.13384855    
   1.82200015       1.13357079    
   1.82300007       1.13329220    
   1.82400012       1.13301802    
   1.82500005       1.13274300    
   1.82600009       1.13247263    
   1.82700014       1.13220108    
   1.82800007       1.13193440    
   1.82900012       1.13166678    
   1.83000004       1.13140357    
   1.83100009       1.13113940    
   1.83200014       1.13087988    
   1.83300006       1.13061929    
   1.83400011       1.13036323    
   1.83500004       1.13010621    
   1.83600008       1.12985361    
   1.83700013       1.12960005    
   1.83800006       1.12935114    
   1.83900011       1.12910116    
   1.84000003       1.12885559    
   1.84100008       1.12860906    
   1.84200013       1.12836683    
   1.84300005       1.12812364    
   1.84400010       1.12788498    
   1.84500003       1.12764537    
   1.84600008       1.12741005    
   1.84700012       1.12717354    
   1.84800005       1.12694156    
   1.84900010       1.12670875    
   1.85000014       1.12647998    
   1.85100007       1.12625027    
   1.85200012       1.12602496    
   1.85300004       1.12579846    
   1.85400009       1.12557662    
   1.85500014       1.12535346    
   1.85600007       1.12513459    
   1.85700011       1.12491477    
   1.85800004       1.12469912    
   1.85900009       1.12448251    
   1.86000013       1.12427008    
   1.86100006       1.12405670    
   1.86200011       1.12384748    
   1.86300004       1.12363708    
   1.86400008       1.12343109    
   1.86500013       1.12322390    
   1.86600006       1.12302101    
   1.86700010       1.12281692    
   1.86800003       1.12261713    
   1.86900008       1.12241626    
   1.87000012       1.12221944    
   1.87100005       1.12202144    
   1.87200010       1.12182784    
   1.87300014       1.12163305    
   1.87400007       1.12144232    
   1.87500012       1.12125051    
   1.87600005       1.12106276    
   1.87700009       1.12087393    
   1.87800014       1.12068927    
   1.87900007       1.12050354    
   1.88000011       1.12032187    
   1.88100004       1.12013876    
   1.88200009       1.11996019    
   1.88300014       1.11978018    
   1.88400006       1.11960423    
   1.88500011       1.11942720    
   1.88600004       1.11925411    
   1.88700008       1.11908007    
   1.88800013       1.11890984    
   1.88900006       1.11873853    
   1.89000010       1.11857116    
   1.89100003       1.11840284    
   1.89200008       1.11823845    
   1.89300013       1.11807275    
   1.89400005       1.11791110    
   1.89500010       1.11774802    
   1.89600015       1.11758935    
   1.89700007       1.11742914    
   1.89800012       1.11727285    
   1.89900005       1.11711562    
   1.90000010       1.11696219    
   1.90100014       1.11680758    
   1.90200007       1.11665690    
   1.90300012       1.11650503    
   1.90400004       1.11635697    
   1.90500009       1.11620772    
   1.90600014       1.11606228    
   1.90700006       1.11591566    
   1.90800011       1.11577296    
   1.90900004       1.11562896    
   1.91000009       1.11548901    
   1.91100013       1.11534750    
   1.91200006       1.11521006    
   1.91300011       1.11507130    
   1.91400003       1.11493623    
   1.91500008       1.11480010    
   1.91600013       1.11466777    
   1.91700006       1.11453402    
   1.91800010       1.11440420    
   1.91900015       1.11427307    
   1.92000008       1.11414552    
   1.92100012       1.11401713    
   1.92200005       1.11389208    
   1.92300010       1.11376584    
   1.92400014       1.11364353    
   1.92500007       1.11351967    
   1.92600012       1.11339974    
   1.92700005       1.11327839    
   1.92800009       1.11316085    
   1.92900014       1.11304200    
   1.93000007       1.11292672    
   1.93100011       1.11281025    
   1.93200004       1.11269736    
   1.93300009       1.11258316    
   1.93400013       1.11247253    
   1.93500006       1.11236060    
   1.93600011       1.11225259    
   1.93700004       1.11214292    
   1.93800008       1.11203706    
   1.93900013       1.11192977    
   1.94000006       1.11182594    
   1.94100010       1.11172092    
   1.94200015       1.11161947    
   1.94300008       1.11151659    
   1.94400012       1.11141753    
   1.94500005       1.11131668    
   1.94600010       1.11121964    
   1.94700015       1.11112118    
   1.94800007       1.11102617    
   1.94900012       1.11092973    
   1.95000005       1.11083698    
   1.95100009       1.11074257    
   1.95200014       1.11065197    
   1.95300007       1.11055970    
   1.95400012       1.11047101    
   1.95500004       1.11038077    
   1.95600009       1.11029422    
   1.95700014       1.11020589    
   1.95800006       1.11012125    
   1.95900011       1.11003518    
   1.96000004       1.10995245    
   1.96100008       1.10986817    
   1.96200013       1.10978734    
   1.96300006       1.10970497    
   1.96400011       1.10962629    
   1.96500015       1.10954559    
   1.96600008       1.10946870    
   1.96700013       1.10939002    
   1.96800005       1.10931480    
   1.96900010       1.10923803    
   1.97000015       1.10916460    
   1.97100008       1.10908949    
   1.97200012       1.10901797    
   1.97300005       1.10894454    
   1.97400010       1.10887468    
   1.97500014       1.10880315    
   1.97600007       1.10873485    
   1.97700012       1.10866475    
   1.97800004       1.10859811    
   1.97900009       1.10852993    
   1.98000014       1.10846484    
   1.98100007       1.10839808    
   1.98200011       1.10833466    
   1.98300004       1.10826945    
   1.98400009       1.10820758    
   1.98500013       1.10814381    
   1.98600006       1.10808349    
   1.98700011       1.10802102    
   1.98800004       1.10796213    
   1.98900008       1.10790133    
   1.99000013       1.10784364    
   1.99100006       1.10778415    
   1.99200010       1.10772800    
   1.99300015       1.10766983    
   1.99400008       1.10761499    
   1.99500012       1.10755801    
   1.99600005       1.10750437    
   1.99700010       1.10744894    
   1.99800014       1.10739636    
   1.99900007       1.10734200    
   2.00000000       1.10729074    
   2.00100017       1.10723758    
   2.00200009       1.10718751    
   2.00300002       1.10713530    
   2.00400019       1.10708630    
   2.00500011       1.10703516    
   2.00600004       1.10698736    
   2.00700021       1.10693729    
   2.00800014       1.10689020    
   2.00900006       1.10684121    
   2.00999999       1.10679519    
   2.01100016       1.10674691    
   2.01200008       1.10670185    
   2.01300001       1.10665452    
   2.01400018       1.10661030    
   2.01500010       1.10656381    
   2.01600003       1.10652041    
   2.01700020       1.10647476    
   2.01800013       1.10643196    
   2.01900005       1.10638702    
   2.01999998       1.10634518    
   2.02100015       1.10630083    
   2.02200007       1.10625935    
   2.02300000       1.10621583    
   2.02400017       1.10617507    
   2.02500010       1.10613203    
   2.02600002       1.10609186    
   2.02700019       1.10604942    
   2.02800012       1.10600960    
   2.02900004       1.10596764    
   2.03000021       1.10592842    
   2.03100014       1.10588682    
   2.03200006       1.10584807    
   2.03299999       1.10580695    
   2.03400016       1.10576832    
   2.03500009       1.10572755    
   2.03600001       1.10568941    
   2.03700018       1.10564876    
   2.03800011       1.10561097    
   2.03900003       1.10557067    
   2.04000020       1.10553300    
   2.04100013       1.10549271    
   2.04200006       1.10545540    
   2.04299998       1.10541534    
   2.04400015       1.10537791    
   2.04500008       1.10533798    
   2.04600000       1.10530078    
   2.04700017       1.10526085    
   2.04800010       1.10522354    
   2.04900002       1.10518360    
   2.05000019       1.10514629    
   2.05100012       1.10510647    
   2.05200005       1.10506904    
   2.05300021       1.10502911    
   2.05400014       1.10499144    
   2.05500007       1.10495126    
   2.05599999       1.10491359    
   2.05700016       1.10487318    
   2.05800009       1.10483527    
   2.05900002       1.10479462    
   2.06000018       1.10475647    
   2.06100011       1.10471547    
   2.06200004       1.10467720    
   2.06300020       1.10463595    
   2.06400013       1.10459721    
   2.06500006       1.10455561    
   2.06599998       1.10451627    
   2.06700015       1.10447431    
   2.06800008       1.10443473    
   2.06900001       1.10439217    
   2.07000017       1.10435200    
   2.07100010       1.10430908    
   2.07200003       1.10426831    
   2.07300019       1.10422492    
   2.07400012       1.10418367    
   2.07500005       1.10413957    
   2.07600021       1.10409784    
   2.07700014       1.10405314    
   2.07800007       1.10401058    
   2.07900000       1.10396528    
   2.08000016       1.10392225    
   2.08100009       1.10387611    
   2.08200002       1.10383224    
   2.08300018       1.10378540    
   2.08400011       1.10374081    
   2.08500004       1.10369325    
   2.08600020       1.10364783    
   2.08700013       1.10359943    
   2.08800006       1.10355330    
   2.08899999       1.10350406    
   2.09000015       1.10345697    
   2.09100008       1.10340691    
   2.09200001       1.10335898    
   2.09300017       1.10330796    
   2.09400010       1.10325897    
   2.09500003       1.10320711    
   2.09600019       1.10315728    
   2.09700012       1.10310435    
   2.09800005       1.10305345    
   2.09900022       1.10299957    
   2.10000014       1.10294771    
   2.10100007       1.10289288    
   2.10200000       1.10283995    
   2.10300016       1.10278404    
   2.10400009       1.10272992    
   2.10500002       1.10267305    
   2.10600019       1.10261798    
   2.10700011       1.10255980    
   2.10800004       1.10250354    
   2.10900021       1.10244429    
   2.11000013       1.10238707    
   2.11100006       1.10232675    
   2.11199999       1.10226810    
   2.11300015       1.10220659    
   2.11400008       1.10214686    
   2.11500001       1.10208416    
   2.11600018       1.10202324    
   2.11700010       1.10195935    
   2.11800003       1.10189712    
   2.11900020       1.10183191    
   2.12000012       1.10176861    
   2.12100005       1.10170209    
   2.12200022       1.10163748    
   2.12300014       1.10156977    
   2.12400007       1.10150385    
   2.12500000       1.10143483    
   2.12600017       1.10136759    
   2.12700009       1.10129726    
   2.12800002       1.10122883    
   2.12900019       1.10115719    
   2.13000011       1.10108733    
   2.13100004       1.10101438    
   2.13200021       1.10094321    
   2.13300014       1.10086894    
   2.13400006       1.10079634    
   2.13499999       1.10072076    
   2.13600016       1.10064697    
   2.13700008       1.10056996    
   2.13800001       1.10049474    
   2.13900018       1.10041618    
   2.14000010       1.10033977    
   2.14100003       1.10025990    
   2.14200020       1.10018206    
   2.14300013       1.10010076    
   2.14400005       1.10002160    
   2.14500022       1.09993899    
   2.14600015       1.09985816    
   2.14700007       1.09977436    
   2.14800000       1.09969211    
   2.14900017       1.09960699    
   2.15000010       1.09952331    
   2.15100002       1.09943652    
   2.15200019       1.09935164    
   2.15300012       1.09926343    
   2.15400004       1.09917712    
   2.15500021       1.09908760    
   2.15600014       1.09899986    
   2.15700006       1.09890890    
   2.15799999       1.09881973    
   2.15900016       1.09872746    
   2.16000009       1.09863687    
   2.16100001       1.09854305    
   2.16200018       1.09845126    
   2.16300011       1.09835601    
   2.16400003       1.09826255    
   2.16500020       1.09816611    
   2.16600013       1.09807134    
   2.16700006       1.09797335    
   2.16800022       1.09787726    
   2.16900015       1.09777796    
   2.17000008       1.09768045    
   2.17100000       1.09757972    
   2.17200017       1.09748065    
   2.17300010       1.09737861    
   2.17400002       1.09727824    
   2.17500019       1.09717464    
   2.17600012       1.09707296    
   2.17700005       1.09696805    
   2.17800021       1.09686518    
   2.17900014       1.09675896    
   2.18000007       1.09665442    
   2.18099999       1.09654677    
   2.18200016       1.09644115    
   2.18300009       1.09633219    
   2.18400002       1.09622514    
   2.18500018       1.09611475    
   2.18600011       1.09600639    
   2.18700004       1.09589481    
   2.18800020       1.09578502    
   2.18900013       1.09567213    
   2.19000006       1.09556103    
   2.19100022       1.09544683    
   2.19200015       1.09533441    
   2.19300008       1.09521902    
   2.19400001       1.09510529    
   2.19500017       1.09498858    
   2.19600010       1.09487355    
   2.19700003       1.09475565    
   2.19800019       1.09463930    
   2.19900012       1.09452009    
   2.20000005       1.09440255    
   2.20100021       1.09428203    
   2.20200014       1.09416330    
   2.20300007       1.09404159    
   2.20400000       1.09392166    
   2.20500016       1.09379876    
   2.20600009       1.09367740    
   2.20700002       1.09355342    
   2.20800018       1.09343088    
   2.20900011       1.09330571    
   2.21000004       1.09318209    
   2.21100020       1.09305561    
   2.21200013       1.09293079    
   2.21300006       1.09280324    
   2.21399999       1.09267735    
   2.21500015       1.09254849    
   2.21600008       1.09242165    
   2.21700001       1.09229171    
   2.21800017       1.09216344    
   2.21900010       1.09203267    
   2.22000003       1.09190333    
   2.22100019       1.09177113    
   2.22200012       1.09164083    
   2.22300005       1.09150779    
   2.22400022       1.09137642    
   2.22500014       1.09124219    
   2.22600007       1.09110963    
   2.22700000       1.09097433    
   2.22800016       1.09084094    
   2.22900009       1.09070468    
   2.23000002       1.09057021    
   2.23100019       1.09043300    
   2.23200011       1.09029746    
   2.23300004       1.09015918    
   2.23400021       1.09002280    
   2.23500013       1.08988345    
   2.23600006       1.08974612    
   2.23699999       1.08960593    
   2.23800015       1.08946764    
   2.23900008       1.08932650    
   2.24000001       1.08918726    
   2.24100018       1.08904517    
   2.24200010       1.08890498    
   2.24300003       1.08876204    
   2.24400020       1.08862102    
   2.24500012       1.08847713    
   2.24600005       1.08833528    
   2.24700022       1.08819067    
   2.24800014       1.08804798    
   2.24900007       1.08790231    
   2.25000000       1.08775866    
   2.25100017       1.08761251    
   2.25200009       1.08746803    
   2.25300002       1.08732080    
   2.25400019       1.08717561    
   2.25500011       1.08702767    
   2.25600004       1.08688176    
   2.25700021       1.08673310    
   2.25800014       1.08658636    
   2.25900006       1.08643711    
   2.25999999       1.08628953    
   2.26100016       1.08613944    
   2.26200008       1.08599114    
   2.26300001       1.08584023    
   2.26400018       1.08569145    
   2.26500010       1.08553994    
   2.26600003       1.08539045    
   2.26700020       1.08523822    
   2.26800013       1.08508790    
   2.26900005       1.08493495    
   2.27000022       1.08478427    
   2.27100015       1.08463061    
   2.27200007       1.08447921    
   2.27300000       1.08432508    
   2.27400017       1.08417296    
   2.27500010       1.08401823    
   2.27600002       1.08386552    
   2.27700019       1.08371043    
   2.27800012       1.08355713    
   2.27900004       1.08340120    
   2.28000021       1.08324742    
   2.28100014       1.08309102    
   2.28200006       1.08293676    
   2.28299999       1.08277977    
   2.28400016       1.08262503    
   2.28500009       1.08246756    
   2.28600001       1.08231223    
   2.28700018       1.08215439    
   2.28800011       1.08199847    
   2.28900003       1.08184004    
   2.29000020       1.08168387    
   2.29100013       1.08152521    
   2.29200006       1.08136821    
   2.29300022       1.08120918    
   2.29400015       1.08105183    
   2.29500008       1.08089232    
   2.29600000       1.08073473    
   2.29700017       1.08057463    
   2.29800010       1.08041692    
   2.29900002       1.08025634    
   2.30000019       1.08009791    
   2.30100012       1.07993722    
   2.30200005       1.07977867    
   2.30300021       1.07961738    
   2.30400014       1.07945836    
   2.30500007       1.07929695    
   2.30599999       1.07913756    
   2.30700016       1.07897604    
   2.30800009       1.07881618    
   2.30900002       1.07865417    
   2.31000018       1.07849419    
   2.31100011       1.07833183    
   2.31200004       1.07817161    
   2.31300020       1.07800913    
   2.31400013       1.07784867    
   2.31500006       1.07768571    
   2.31600022       1.07752502    
   2.31700015       1.07736194    
   2.31800008       1.07720101    
   2.31900001       1.07703781    
   2.32000017       1.07687652    
   2.32100010       1.07671309    
   2.32200003       1.07655180    
   2.32300019       1.07638800    
   2.32400012       1.07622647    
   2.32500005       1.07606280    
   2.32600021       1.07590103    
   2.32700014       1.07573712    
   2.32800007       1.07557523    
   2.32900000       1.07541096    
   2.33000016       1.07524908    
   2.33100009       1.07508481    
   2.33200002       1.07492268    
   2.33300018       1.07475841    
   2.33400011       1.07459617    
   2.33500004       1.07443166    
   2.33600020       1.07426941    
   2.33700013       1.07410479    
   2.33800006       1.07394242    
   2.33900023       1.07377791    
   2.34000015       1.07361531    
   2.34100008       1.07345068    
   2.34200001       1.07328820    
   2.34300017       1.07312357    
   2.34400010       1.07296097    
   2.34500003       1.07279611    
   2.34600019       1.07263362    
   2.34700012       1.07246888    
   2.34800005       1.07230639    
   2.34900022       1.07214153    
   2.35000014       1.07197905    
   2.35100007       1.07181442    
   2.35200000       1.07165182    
   2.35300016       1.07148707    
   2.35400009       1.07132459    
   2.35500002       1.07115984    
   2.35600019       1.07099736    
   2.35700011       1.07083273    
   2.35800004       1.07067037    
   2.35900021       1.07050562    
   2.36000013       1.07034349    
   2.36100006       1.07017887    
   2.36200023       1.07001662    
   2.36300015       1.06985223    
   2.36400008       1.06968987    
   2.36500001       1.06952560    
   2.36600018       1.06936347    
   2.36700010       1.06919932    
   2.36800003       1.06903732    
   2.36900020       1.06887317    
   2.37000012       1.06871128    
   2.37100005       1.06854725    
   2.37200022       1.06838560    
   2.37300014       1.06822181    
   2.37400007       1.06806016    
   2.37500000       1.06789649    
   2.37600017       1.06773496    
   2.37700009       1.06757140    
   2.37800002       1.06741011    
   2.37900019       1.06724679    
   2.38000011       1.06708562    
   2.38100004       1.06692243    
   2.38200021       1.06676161    
   2.38300014       1.06659842    
   2.38400006       1.06643784    
   2.38500023       1.06627500    
   2.38600016       1.06611443    
   2.38700008       1.06595182    
   2.38800001       1.06579161    
   2.38900018       1.06562924    
   2.39000010       1.06546915    
   2.39100003       1.06530690    
   2.39200020       1.06514692    
   2.39300013       1.06498504    
   2.39400005       1.06482553    
   2.39500022       1.06466365    
   2.39600015       1.06450427    
   2.39700007       1.06434298    
   2.39800000       1.06418371    
   2.39900017       1.06402266    
   2.40000010       1.06386352    
   2.40100002       1.06370282    
   2.40200019       1.06354415    
   2.40300012       1.06338358    
   2.40400004       1.06322515    
   2.40500021       1.06306493    
   2.40600014       1.06290674    
   2.40700006       1.06274664    
   2.40800023       1.06258905    
   2.40900016       1.06242931    
   2.41000009       1.06227171    
   2.41100001       1.06211233    
   2.41200018       1.06195521    
   2.41300011       1.06179619    
   2.41400003       1.06163931    
   2.41500020       1.06148040    
   2.41600013       1.06132376    
   2.41700006       1.06116545    
   2.41800022       1.06100929    
   2.41900015       1.06085110    
   2.42000008       1.06069529    
   2.42100000       1.06053746    
   2.42200017       1.06038189    
   2.42300010       1.06022441    
   2.42400002       1.06006932    
   2.42500019       1.05991209    
   2.42600012       1.05975735    
   2.42700005       1.05960059    
   2.42800021       1.05944610    
   2.42900014       1.05928969    
   2.43000007       1.05913568    
   2.43100023       1.05897963    
   2.43200016       1.05882597    
   2.43300009       1.05867040    
   2.43400002       1.05851698    
   2.43500018       1.05836189    
   2.43600011       1.05820870    
   2.43700004       1.05805397    
   2.43800020       1.05790138    
   2.43900013       1.05774701    
   2.44000006       1.05759466    
   2.44100022       1.05744064    
   2.44200015       1.05728900    
   2.44300008       1.05713522    
   2.44400001       1.05698383    
   2.44500017       1.05683064    
   2.44600010       1.05667961    
   2.44700003       1.05652678    
   2.44800019       1.05637622    
   2.44900012       1.05622387    
   2.45000005       1.05607367    
   2.45100021       1.05592179    
   2.45200014       1.05577207    
   2.45300007       1.05562055    
   2.45400023       1.05547106    
   2.45500016       1.05532002    
   2.45600009       1.05517113    
   2.45700002       1.05502033    
   2.45800018       1.05487204    
   2.45900011       1.05472183    
   2.46000004       1.05457366    
   2.46100020       1.05442393    
   2.46200013       1.05427623    
   2.46300006       1.05412698    
   2.46400023       1.05397999    
   2.46500015       1.05383098    
   2.46600008       1.05368423    
   2.46700001       1.05353582    
   2.46800017       1.05338967    
   2.46900010       1.05324161    
   2.47000003       1.05309594    
   2.47100019       1.05294836    
   2.47200012       1.05280304    
   2.47300005       1.05265605    
   2.47400022       1.05251122    
   2.47500014       1.05236459    
   2.47600007       1.05222023    
   2.47700024       1.05207407    
   2.47800016       1.05193019    
   2.47900009       1.05178452    
   2.48000002       1.05164111    
   2.48100019       1.05149591    
   2.48200011       1.05135298    
   2.48300004       1.05120826    
   2.48400021       1.05106568    
   2.48500013       1.05092144    
   2.48600006       1.05077946    
   2.48700023       1.05063581    
   2.48800015       1.05049419    
   2.48900008       1.05035090    
   2.49000001       1.05020988    
   2.49100018       1.05006719    
   2.49200010       1.04992652    
   2.49300003       1.04978430    
   2.49400020       1.04964423    
   2.49500012       1.04950261    
   2.49600005       1.04936290    
   2.49700022       1.04922163    
   2.49800014       1.04908252    
   2.49900007       1.04894185    
   2.50000000       1.04880321    
   2.50100017       1.04866290    
   2.50200009       1.04856777    
   2.50300002       1.04847085    
   2.50400019       1.04837596    
   2.50500011       1.04827929    
   2.50600004       1.04818463    
   2.50700021       1.04808819    
   2.50800014       1.04799378    
   2.50900006       1.04789758    
   2.51000023       1.04780352    
   2.51100016       1.04770756    
   2.51200008       1.04761362    
   2.51300001       1.04751801    
   2.51400018       1.04742432    
   2.51500010       1.04732895    
   2.51600003       1.04723561    
   2.51700020       1.04714048    
   2.51800013       1.04704726    
   2.51900005       1.04695249    
   2.52000022       1.04685962    
   2.52100015       1.04676497    
   2.52200007       1.04667246    
   2.52300000       1.04657805    
   2.52400017       1.04648578    
   2.52500010       1.04639173    
   2.52600002       1.04629970    
   2.52700019       1.04620588    
   2.52800012       1.04611409    
   2.52900004       1.04602063    
   2.53000021       1.04592919    
   2.53100014       1.04583597    
   2.53200006       1.04574478    
   2.53300023       1.04565179    
   2.53400016       1.04556084    
   2.53500009       1.04546821    
   2.53600001       1.04537761    
   2.53700018       1.04528522    
   2.53800011       1.04519486    
   2.53900003       1.04510283    
   2.54000020       1.04501283    
   2.54100013       1.04492104    
   2.54200006       1.04483128    
   2.54300022       1.04473972    
   2.54400015       1.04465032    
   2.54500008       1.04455912    
   2.54600000       1.04446995    
   2.54700017       1.04437900    
   2.54800010       1.04429018    
   2.54900002       1.04419959    
   2.55000019       1.04411101    
   2.55100012       1.04402065    
   2.55200005       1.04393232    
   2.55300021       1.04384243    
   2.55400014       1.04375446    
   2.55500007       1.04366481    
   2.55600023       1.04357708    
   2.55700016       1.04348767    
   2.55800009       1.04340029    
   2.55900002       1.04331124    
   2.56000018       1.04322410    
   2.56100011       1.04313540    
   2.56200004       1.04304862    
   2.56300020       1.04296017    
   2.56400013       1.04287374    
   2.56500006       1.04278564    
   2.56600022       1.04269946    
   2.56700015       1.04261160    
   2.56800008       1.04252577    
   2.56900001       1.04243827    
   2.57000017       1.04235268    
   2.57100010       1.04226553    
   2.57200003       1.04218030    
   2.57300019       1.04209340    
   2.57400012       1.04200852    
   2.57500005       1.04192197    
   2.57600021       1.04183733    
   2.57700014       1.04175115    
   2.57800007       1.04166687    
   2.57900023       1.04158092    
   2.58000016       1.04149699    
   2.58100009       1.04141140    
   2.58200002       1.04132771    
   2.58300018       1.04124236    
   2.58400011       1.04115903    
   2.58500004       1.04107416    
   2.58600020       1.04099107    
   2.58700013       1.04090643    
   2.58800006       1.04082382    
   2.58900023       1.04073942    
   2.59000015       1.04065704    
   2.59100008       1.04057312    
   2.59200001       1.04049098    
   2.59300017       1.04040742    
   2.59400010       1.04032552    
   2.59500003       1.04024231    
   2.59600019       1.04016078    
   2.59700012       1.04007781    
   2.59800005       1.03999674    
   2.59900022       1.03991401    
   2.60000014       1.03983319    
   2.60100007       1.03975081    
   2.60200024       1.03967047    
   2.60300016       1.03958833    
   2.60400009       1.03950822    
   2.60500002       1.03942657    
   2.60600019       1.03934669    
   2.60700011       1.03926528    
   2.60800004       1.03918576    
   2.60900021       1.03910470    
   2.61000013       1.03902555    
   2.61100006       1.03894484    
   2.61200023       1.03886592    
   2.61300015       1.03878558    
   2.61400008       1.03870702    
   2.61500001       1.03862691    
   2.61600018       1.03854871    
   2.61700010       1.03846896    
   2.61800003       1.03839111    
   2.61900020       1.03831160    
   2.62000012       1.03823411    
   2.62100005       1.03815496    
   2.62200022       1.03807771    
   2.62300014       1.03799903    
   2.62400007       1.03792202    
   2.62500024       1.03784359    
   2.62600017       1.03776693    
   2.62700009       1.03768885    
   2.62800002       1.03761268    
   2.62900019       1.03753483    
   2.63000011       1.03745890    
   2.63100004       1.03738141    
   2.63200021       1.03730571    
   2.63300014       1.03722858    
   2.63400006       1.03715336    
   2.63500023       1.03707647    
   2.63600016       1.03700149    
   2.63700008       1.03692508    
   2.63800001       1.03685033    
   2.63900018       1.03677416    
   2.64000010       1.03669977    
   2.64100003       1.03662395    
   2.64200020       1.03654993    
   2.64300013       1.03647447    
   2.64400005       1.03640079    
   2.64500022       1.03632557    
   2.64600015       1.03625214    
   2.64700007       1.03617728    
   2.64800024       1.03610420    
   2.64900017       1.03602970    
   2.65000010       1.03595698    
   2.65100002       1.03588271    
   2.65200019       1.03581035    
   2.65300012       1.03573644    
   2.65400004       1.03566432    
   2.65500021       1.03559077    
   2.65600014       1.03551888    
   2.65700006       1.03544569    
   2.65800023       1.03537416    
   2.65900016       1.03530121    
   2.66000009       1.03523016    
   2.66100001       1.03515744    
   2.66200018       1.03508663    
   2.66300011       1.03501439    
   2.66400003       1.03494382    
   2.66500020       1.03487182    
   2.66600013       1.03480172    
   2.66700006       1.03472996    
   2.66800022       1.03466010    
   2.66900015       1.03458869    
   2.67000008       1.03451920    
   2.67100024       1.03444815    
   2.67200017       1.03437889    
   2.67300010       1.03430820    
   2.67400002       1.03423929    
   2.67500019       1.03416884    
   2.67600012       1.03410029    
   2.67700005       1.03403020    
   2.67800021       1.03396189    
   2.67900014       1.03389204    
   2.68000007       1.03382409    
   2.68100023       1.03375459    
   2.68200016       1.03368700    
   2.68300009       1.03361773    
   2.68400002       1.03355038    
   2.68500018       1.03348160    
   2.68600011       1.03341448    
   2.68700004       1.03334594    
   2.68800020       1.03327918    
   2.68900013       1.03321099    
   2.69000006       1.03314459    
   2.69100022       1.03307664    
   2.69200015       1.03301048    
   2.69300008       1.03294289    
   2.69400024       1.03287709    
   2.69500017       1.03280973    
   2.69600010       1.03274417    
   2.69700003       1.03267729    
   2.69800019       1.03261197    
   2.69900012       1.03254533    
   2.70000005       1.03248036    
   2.70100021       1.03241408    
   2.70200014       1.03234947    
   2.70300007       1.03228331    
   2.70400023       1.03221905    
   2.70500016       1.03215325    
   2.70600009       1.03208923    
   2.70700002       1.03202379    
   2.70800018       1.03196001    
   2.70900011       1.03189492    
   2.71000004       1.03183150    
   2.71100020       1.03176665    
   2.71200013       1.03170347    
   2.71300006       1.03163898    
   2.71400023       1.03157616    
   2.71500015       1.03151190    
   2.71600008       1.03144932    
   2.71700025       1.03138542    
   2.71800017       1.03132319    
   2.71900010       1.03125954    
   2.72000003       1.03119755    
   2.72100019       1.03113413    
   2.72200012       1.03107250    
   2.72300005       1.03100944    
   2.72400022       1.03094804    
   2.72500014       1.03088534    
   2.72600007       1.03082418    
   2.72700024       1.03076172    
   2.72800016       1.03070092    
   2.72900009       1.03063881    
   2.73000002       1.03057826    
   2.73100019       1.03051639    
   2.73200011       1.03045619    
   2.73300004       1.03039455    
   2.73400021       1.03033459    
   2.73500013       1.03027332    
   2.73600006       1.03021371    
   2.73700023       1.03015268    
   2.73800015       1.03009331    
   2.73900008       1.03003263    
   2.74000025       1.02997351    
   2.74100018       1.02991307    
   2.74200010       1.02985430    
   2.74300003       1.02979410    
   2.74400020       1.02973557    
   2.74500012       1.02967572    
   2.74600005       1.02961743    
   2.74700022       1.02955794    
   2.74800014       1.02949989    
   2.74900007       1.02944064    
   2.75000024       1.02938294    
   2.75100017       1.02932394    
   2.75200009       1.02926648    
   2.75300002       1.02920771    
   2.75400019       1.02915061    
   2.75500011       1.02909219    
   2.75600004       1.02903533    
   2.75700021       1.02897716    
   2.75800014       1.02892053    
   2.75900006       1.02886260    
   2.76000023       1.02880633    
   2.76100016       1.02874863    
   2.76200008       1.02869260    
   2.76300025       1.02863526    
   2.76400018       1.02857947    
   2.76500010       1.02852237    
   2.76600003       1.02846694    
   2.76700020       1.02841008    
   2.76800013       1.02835488    
   2.76900005       1.02829826    
   2.77000022       1.02824330    
   2.77100015       1.02818704    
   2.77200007       1.02813232    
   2.77300024       1.02807629    
   2.77400017       1.02802193    
   2.77500010       1.02796614    
   2.77600002       1.02791202    
   2.77700019       1.02785647    
   2.77800012       1.02780259    
   2.77900004       1.02774739    
   2.78000021       1.02769375    
   2.78100014       1.02763879    
   2.78200006       1.02758539    
   2.78300023       1.02753067    
   2.78400016       1.02747750    
   2.78500009       1.02742314    
   2.78600001       1.02737021    
   2.78700018       1.02731609    
   2.78800011       1.02726340    
   2.78900003       1.02720952    
   2.79000020       1.02715719    
   2.79100013       1.02710354    
   2.79200006       1.02705133    
   2.79300022       1.02699792    
   2.79400015       1.02694607    
   2.79500008       1.02689302    
   2.79600024       1.02684140    
   2.79700017       1.02678847    
   2.79800010       1.02673709    
   2.79900002       1.02668452    
   2.80000019       1.02663338    
   2.80100012       1.02658093    
   2.80200005       1.02653015    
   2.80300021       1.02647793    
   2.80400014       1.02642739    
   2.80500007       1.02637541    
   2.80600023       1.02632511    
   2.80700016       1.02627349    
   2.80800009       1.02622330    
   2.80900002       1.02617192    
   2.81000018       1.02612209    
   2.81100011       1.02607095    
   2.81200004       1.02602124    
   2.81300020       1.02597034    
   2.81400013       1.02592099    
   2.81500006       1.02587032    
   2.81600022       1.02582109    
   2.81700015       1.02577066    
   2.81800008       1.02572179    
   2.81900024       1.02567160    
   2.82000017       1.02562284    
   2.82100010       1.02557302    
   2.82200003       1.02552450    
   2.82300019       1.02547479    
   2.82400012       1.02542663    
   2.82500005       1.02537715    
   2.82600021       1.02532911    
   2.82700014       1.02527988    
   2.82800007       1.02523208    
   2.82900023       1.02518308    
   2.83000016       1.02513564    
   2.83100009       1.02508688    
   2.83200002       1.02503955    
   2.83300018       1.02499104    
   2.83400011       1.02494395    
   2.83500004       1.02489567    
   2.83600020       1.02484882    
   2.83700013       1.02480066    
   2.83800006       1.02475405    
   2.83900023       1.02470624    
   2.84000015       1.02465987    
   2.84100008       1.02461219    
   2.84200025       1.02456605    
   2.84300017       1.02451873    
   2.84400010       1.02447271    
   2.84500003       1.02442551    
   2.84600019       1.02437985    
   2.84700012       1.02433288    
   2.84800005       1.02428734    
   2.84900022       1.02424061    
   2.85000014       1.02419531    
   2.85100007       1.02414882    
   2.85200024       1.02410376    
   2.85300016       1.02405751    
   2.85400009       1.02401268    
   2.85500002       1.02396655    
   2.85600019       1.02392197    
   2.85700011       1.02387607    
   2.85800004       1.02383161    
   2.85900021       1.02378607    
   2.86000013       1.02374184    
   2.86100006       1.02369642    
   2.86200023       1.02365232    
   2.86300015       1.02360713    
   2.86400008       1.02356339    
   2.86500025       1.02351832    
   2.86600018       1.02347481    
   2.86700010       1.02342999    
   2.86800003       1.02338660    
   2.86900020       1.02334201    
   2.87000012       1.02329886    
   2.87100005       1.02325451    
   2.87200022       1.02321148    
   2.87300014       1.02316737    
   2.87400007       1.02312458    
   2.87500024       1.02308059    
   2.87600017       1.02303803    
   2.87700009       1.02299428    
   2.87800002       1.02295196    
   2.87900019       1.02290845    
   2.88000011       1.02286625    
   2.88100004       1.02282286    
   2.88200021       1.02278090    
   2.88300014       1.02273774    
   2.88400006       1.02269602    
   2.88500023       1.02265310    
   2.88600016       1.02261150    
   2.88700008       1.02256870    
   2.88800025       1.02252734    
   2.88900018       1.02248478    
   2.89000010       1.02244365    
   2.89100003       1.02240121    
   2.89200020       1.02236021    
   2.89300013       1.02231812    
   2.89400005       1.02227736    
   2.89500022       1.02223527    
   2.89600015       1.02219474    
   2.89700007       1.02215290    
   2.89800024       1.02211249    
   2.89900017       1.02207088    
   2.90000010       1.02203071    
   2.90100002       1.02198935    
   2.90200019       1.02194929    
   2.90300012       1.02190804    
   2.90400004       1.02186823    
   2.90500021       1.02182722    
   2.90600014       1.02178752    
   2.90700006       1.02174664    
   2.90800023       1.02170718    
   2.90900016       1.02166653    
   2.91000009       1.02162719    
   2.91100025       1.02158678    
   2.91200018       1.02154756    
   2.91300011       1.02150738    
   2.91400003       1.02146840    
   2.91500020       1.02142823    
   2.91600013       1.02138948    
   2.91700006       1.02134955    
   2.91800022       1.02131104    
   2.91900015       1.02127123    
   2.92000008       1.02123284    
   2.92100024       1.02119327    
   2.92200017       1.02115500    
   2.92300010       1.02111566    
   2.92400002       1.02107751    
   2.92500019       1.02103829    
   2.92600012       1.02100039    
   2.92700005       1.02096140    
   2.92800021       1.02092361    
   2.92900014       1.02088487    
   2.93000007       1.02084720    
   2.93100023       1.02080858    
   2.93200016       1.02077115    
   2.93300009       1.02073264    
   2.93400025       1.02069545    
   2.93500018       1.02065706    
   2.93600011       1.02061999    
   2.93700004       1.02058184    
   2.93800020       1.02054489    
   2.93900013       1.02050686    
   2.94000006       1.02047014    
   2.94100022       1.02043235    
   2.94200015       1.02039576    
   2.94300008       1.02035809    
   2.94400024       1.02032161    
   2.94500017       1.02028418    
   2.94600010       1.02024794    
   2.94700003       1.02021050    
   2.94800019       1.02017450    
   2.94900012       1.02013731    
   2.95000005       1.02010131    
   2.95100021       1.02006423    
   2.95200014       1.02002847    
   2.95300007       1.01999164    
   2.95400023       1.01995599    
   2.95500016       1.01991928    
   2.95600009       1.01988387    
   2.95700026       1.01984727    
   2.95800018       1.01981199    
   2.95900011       1.01977551    
   2.96000004       1.01974034    
   2.96100020       1.01970410    
   2.96200013       1.01966918    
   2.96300006       1.01963305    
   2.96400023       1.01959825    
   2.96500015       1.01956224    
   2.96600008       1.01952755    
   2.96700025       1.01949179    
   2.96800017       1.01945722    
   2.96900010       1.01942158    
   2.97000003       1.01938713    
   2.97100019       1.01935160    
   2.97200012       1.01931739    
   2.97300005       1.01928198    
   2.97400022       1.01924789    
   2.97500014       1.01921272    
   2.97600007       1.01917875    
   2.97700024       1.01914370    
   2.97800016       1.01910985    
   2.97900009       1.01907492    
   2.98000026       1.01904118    
   2.98100019       1.01900649    
   2.98200011       1.01897287    
   2.98300004       1.01893830    
   2.98400021       1.01890481    
   2.98500013       1.01887035    
   2.98600006       1.01883709    
   2.98700023       1.01880276    
   2.98800015       1.01876962    
   2.98900008       1.01873541    
   2.99000025       1.01870239    
   2.99100018       1.01866829    
   2.99200010       1.01863539    
   2.99300003       1.01860154    
   2.99400020       1.01856875    
   2.99500012       1.01853502    
   2.99600005       1.01850235    
   2.99700022       1.01846874    
   2.99800014       1.01843619    
   2.99900007       1.01840270    
   3.00000024       1.01837039    
   3.00100017       1.01833701    
   3.00200009       1.01830471    
   3.00300026       1.01827145    
   3.00400019       1.01823938    
   3.00500011       1.01820624    
   3.00600004       1.01817429    
   3.00700021       1.01814127    
   3.00800014       1.01810944    
   3.00900006       1.01807666    
   3.01000023       1.01804495    
   3.01100016       1.01801217    
   3.01200008       1.01798058    
   3.01300025       1.01794791    
   3.01400018       1.01791644    
   3.01500010       1.01788402    
   3.01600003       1.01785266    
   3.01700020       1.01782024    
   3.01800013       1.01778901    
   3.01900005       1.01775682    
   3.02000022       1.01772571    
   3.02100015       1.01769352    
   3.02200007       1.01766253    
   3.02300024       1.01763058    
   3.02400017       1.01759970    
   3.02500010       1.01756787    
   3.02600026       1.01753712    
   3.02700019       1.01750529    
   3.02800012       1.01747465    
   3.02900004       1.01744306    
   3.03000021       1.01741254    
   3.03100014       1.01738095    
   3.03200006       1.01735055    
   3.03300023       1.01731920    
   3.03400016       1.01728892    
   3.03500009       1.01725757    
   3.03600025       1.01722741    
   3.03700018       1.01719618    
   3.03800011       1.01716614    
   3.03900003       1.01713502    
   3.04000020       1.01710510    
   3.04100013       1.01707411    
   3.04200006       1.01704431    
   3.04300022       1.01701343    
   3.04400015       1.01698375    
   3.04500008       1.01695299    
   3.04600024       1.01692331    
   3.04700017       1.01689267    
   3.04800010       1.01686311    
   3.04900026       1.01683271    
   3.05000019       1.01680326    
   3.05100012       1.01677287    
   3.05200005       1.01674354    
   3.05300021       1.01671314    
   3.05400014       1.01668394    
   3.05500007       1.01665378    
   3.05600023       1.01662469    
   3.05700016       1.01659453    
   3.05800009       1.01656556    
   3.05900025       1.01653552    
   3.06000018       1.01650667    
   3.06100011       1.01647675    
   3.06200004       1.01644790    
   3.06300020       1.01641810    
   3.06400013       1.01638937    
   3.06500006       1.01635969    
   3.06600022       1.01633108    
   3.06700015       1.01630151    
   3.06800008       1.01627302    
   3.06900024       1.01624346    
   3.07000017       1.01621509    
   3.07100010       1.01618576    
   3.07200003       1.01615739    
   3.07300019       1.01612806    
   3.07400012       1.01609981    
   3.07500005       1.01607060    
   3.07600021       1.01604247    
   3.07700014       1.01601338    
   3.07800007       1.01598537    
   3.07900023       1.01595628    
   3.08000016       1.01592839    
   3.08100009       1.01589942    
   3.08200026       1.01587164    
   3.08300018       1.01584280    
   3.08400011       1.01581502    
   3.08500004       1.01578629    
   3.08600020       1.01575863    
   3.08700013       1.01572990    
   3.08800006       1.01570237    
   3.08900023       1.01567376    
   3.09000015       1.01564634    
   3.09100008       1.01561785    
   3.09200025       1.01559043    
   3.09300017       1.01556206    
   3.09400010       1.01553464    
   3.09500003       1.01550639    
   3.09600019       1.01547921    
   3.09700012       1.01545095    
   3.09800005       1.01542377    
   3.09900022       1.01539564    
   3.10000014       1.01536858    
   3.10100007       1.01534057    
   3.10200024       1.01531363    
   3.10300016       1.01528561    
   3.10400009       1.01525879    
   3.10500026       1.01523089    
   3.10600019       1.01520407    
   3.10700011       1.01517630    
   3.10800004       1.01514947    
   3.10900021       1.01512182    
   3.11000013       1.01509511    
   3.11100006       1.01506758    
   3.11200023       1.01504099    
   3.11300015       1.01501346    
   3.11400008       1.01498687    
   3.11500025       1.01495945    
   3.11600018       1.01493299    
   3.11700010       1.01490569    
   3.11800003       1.01487935    
   3.11900020       1.01485205    
   3.12000012       1.01482570    
   3.12100005       1.01479852    
   3.12200022       1.01477230    
   3.12300014       1.01474524    
   3.12400007       1.01471901    
   3.12500024       1.01469207    
   3.12600017       1.01466596    
   3.12700009       1.01463902    
   3.12800026       1.01461303    
   3.12900019       1.01458609    
   3.13000011       1.01456022    
   3.13100004       1.01453340    
   3.13200021       1.01450753    
   3.13300014       1.01448083    
   3.13400006       1.01445496    
   3.13500023       1.01442838    
   3.13600016       1.01440263    
   3.13700008       1.01437604    
   3.13800025       1.01435041    
   3.13900018       1.01432395    
   3.14000010       1.01429832    
   3.14100003       1.01427186    
   3.14200020       1.01424634    
   3.14300013       1.01422000    
   3.14400005       1.01419461    
   3.14500022       1.01416826    
   3.14600015       1.01414287    
   3.14700007       1.01411664    
   3.14800024       1.01409137    
   3.14900017       1.01406527    
   3.15000010       1.01403999    
   3.15100026       1.01401389    
   3.15200019       1.01398873    
   3.15300012       1.01396275    
   3.15400004       1.01393771    
   3.15500021       1.01391172    
   3.15600014       1.01388669    
   3.15700006       1.01386082    
   3.15800023       1.01383579    
   3.15900016       1.01381004    
   3.16000009       1.01378512    
   3.16100025       1.01375937    
   3.16200018       1.01373458    
   3.16300011       1.01370883    
   3.16400003       1.01368403    
   3.16500020       1.01365840    
   3.16600013       1.01363373    
   3.16700006       1.01360822    
   3.16800022       1.01358354    
   3.16900015       1.01355803    
   3.17000008       1.01353347    
   3.17100024       1.01350808    
   3.17200017       1.01348352    
   3.17300010       1.01345813    
   3.17400026       1.01343369    
   3.17500019       1.01340842    
   3.17600012       1.01338398    
   3.17700005       1.01335883    
   3.17800021       1.01333439    
   3.17900014       1.01330924    
   3.18000007       1.01328492    
   3.18100023       1.01325989    
   3.18200016       1.01323569    
   3.18300009       1.01321065    
   3.18400025       1.01318645    
   3.18500018       1.01316142    
   3.18600011       1.01313734    
   3.18700004       1.01311243    
   3.18800020       1.01308835    
   3.18900013       1.01306355    
   3.19000006       1.01303947    
   3.19100022       1.01301467    
   3.19200015       1.01299083    
   3.19300008       1.01296604    
   3.19400024       1.01294219    
   3.19500017       1.01291752    
   3.19600010       1.01289368    
   3.19700027       1.01286900    
   3.19800019       1.01284528    
   3.19900012       1.01282072    
   3.20000005       1.01279700    
   3.20100021       1.01277256    
   3.20200014       1.01274884    
   3.20300007       1.01272440    
   3.20400023       1.01270080    
   3.20500016       1.01267648    
   3.20600009       1.01265287    
   3.20700026       1.01262856    
   3.20800018       1.01260507    
   3.20900011       1.01258075    
   3.21000004       1.01255739    
   3.21100020       1.01253319    
   3.21200013       1.01250982    
   3.21300006       1.01248562    
   3.21400023       1.01246226    
   3.21500015       1.01243818    
   3.21600008       1.01241493    
   3.21700025       1.01239085    
   3.21800017       1.01236761    
   3.21900010       1.01234365    
   3.22000027       1.01232052    
   3.22100019       1.01229656    
   3.22200012       1.01227343    
   3.22300005       1.01224947    
   3.22400022       1.01222646    
   3.22500014       1.01220262    
   3.22600007       1.01217961    
   3.22700024       1.01215589    
   3.22800016       1.01213288    
   3.22900009       1.01210916    
   3.23000026       1.01208627    
   3.23100019       1.01206255    
   3.23200011       1.01203978    
   3.23300004       1.01201618    
   3.23400021       1.01199329    
   3.23500013       1.01196980    
   3.23600006       1.01194704    
   3.23700023       1.01192355    
   3.23800015       1.01190078    
   3.23900008       1.01187742    
   3.24000025       1.01185477    
   3.24100018       1.01183128    
   3.24200010       1.01180875    
   3.24300027       1.01178539    
   3.24400020       1.01176286    
   3.24500012       1.01173949    
   3.24600005       1.01171708    
   3.24700022       1.01169384    
   3.24800014       1.01167130    
   3.24900007       1.01164818    
   3.25000024       1.01162577    
   3.25100017       1.01160264    
   3.25200009       1.01158023    
   3.25300026       1.01155722    
   3.25400019       1.01153493    
   3.25500011       1.01151180    
   3.25600004       1.01148963    
   3.25700021       1.01146662    
   3.25800014       1.01144445    
   3.25900006       1.01142144    
   3.26000023       1.01139927    
   3.26100016       1.01137638    
   3.26200008       1.01135433    
   3.26300025       1.01133156    
   3.26400018       1.01130950    
   3.26500010       1.01128674    
   3.26600027       1.01126468    
   3.26700020       1.01124191    
   3.26800013       1.01121998    
   3.26900005       1.01119733    
   3.27000022       1.01117539    
   3.27100015       1.01115274    
   3.27200007       1.01113093    
   3.27300024       1.01110840    
   3.27400017       1.01108658    
   3.27500010       1.01106405    
   3.27600026       1.01104224    
   3.27700019       1.01101971    
   3.27800012       1.01099801    
   3.27900004       1.01097560    
   3.28000021       1.01095402    
   3.28100014       1.01093161    
   3.28200006       1.01090991    
   3.28300023       1.01088762    
   3.28400016       1.01086605    
   3.28500009       1.01084375    
   3.28600025       1.01082230    
   3.28700018       1.01080000    
   3.28800011       1.01077855    
   3.28900027       1.01075637    
   3.29000020       1.01073492    
   3.29100013       1.01071286    
   3.29200006       1.01069152    
   3.29300022       1.01066935    
   3.29400015       1.01064801    
   3.29500008       1.01062608    
   3.29600024       1.01060474    
   3.29700017       1.01058280    
   3.29800010       1.01056159    
   3.29900026       1.01053965    
   3.30000019       1.01051843    
   3.30100012       1.01049650    
   3.30200005       1.01047540    
   3.30300021       1.01045358    
   3.30400014       1.01043248    
   3.30500007       1.01041067    
   3.30600023       1.01038969    
   3.30700016       1.01036787    
   3.30800009       1.01034689    
   3.30900025       1.01032519    
   3.31000018       1.01030433    
   3.31100011       1.01028264    
   3.31200027       1.01026177    
   3.31300020       1.01024020    
   3.31400013       1.01021934    
   3.31500006       1.01019776    
   3.31600022       1.01017702    
   3.31700015       1.01015544    
   3.31800008       1.01013470    
   3.31900024       1.01011324    
   3.32000017       1.01009262    
   3.32100010       1.01007116    
   3.32200027       1.01005054    
   3.32300019       1.01002920    
   3.32400012       1.01000857    
   3.32500005       1.00998724    
   3.32600021       1.00996673    
   3.32700014       1.00994551    
   3.32800007       1.00992489    
   3.32900023       1.00990379    
   3.33000016       1.00988328    
   3.33100009       1.00986218    
   3.33200026       1.00984168    
   3.33300018       1.00982058    
   3.33400011       1.00980020    
   3.33500028       1.00977921    
   3.33600020       1.00975883    
   3.33700013       1.00973785    
   3.33800006       1.00971758    
   3.33900023       1.00969660    
   3.34000015       1.00967634    
   3.34100008       1.00965548    
   3.34200025       1.00963533    
   3.34300017       1.00961447    
   3.34400010       1.00959432    
   3.34500027       1.00957358    
   3.34600019       1.00955343    
   3.34700012       1.00953269    
   3.34800005       1.00951266    
   3.34900022       1.00949192    
   3.35000014       1.00947189    
   3.35100007       1.00945127    
   3.35200024       1.00943136    
   3.35300016       1.00941074    
   3.35400009       1.00939083    
   3.35500026       1.00937033    
   3.35600019       1.00935042    
   3.35700011       1.00932992    
   3.35800028       1.00931013    
   3.35900021       1.00928962    
   3.36000013       1.00926995    
   3.36100006       1.00924945    
   3.36200023       1.00922978    
   3.36300015       1.00920939    
   3.36400008       1.00918972    
   3.36500025       1.00916946    
   3.36600018       1.00914991    
   3.36700010       1.00912964    
   3.36800027       1.00911009    
   3.36900020       1.00908983    
   3.37000012       1.00907028    
   3.37100005       1.00905013    
   3.37200022       1.00903070    
   3.37300014       1.00901055    
   3.37400007       1.00899112    
   3.37500024       1.00897110    
   3.37600017       1.00895178    
   3.37700009       1.00893176    
   3.37800026       1.00891244    
   3.37900019       1.00889242    
   3.38000011       1.00887322    
   3.38100004       1.00885332    
   3.38200021       1.00883400    
   3.38300014       1.00881422    
   3.38400006       1.00879502    
   3.38500023       1.00877523    
   3.38600016       1.00875604    
   3.38700008       1.00873637    
   3.38800025       1.00871718    
   3.38900018       1.00869751    
   3.39000010       1.00867844    
   3.39100027       1.00865889    
   3.39200020       1.00863981    
   3.39300013       1.00862026    
   3.39400005       1.00860131    
   3.39500022       1.00858176    
   3.39600015       1.00856292    
   3.39700007       1.00854337    
   3.39800024       1.00852454    
   3.39900017       1.00850511    
   3.40000010       1.00848627    
   3.40100026       1.00846684    
   3.40200019       1.00844812    
   3.40300012       1.00842881    
   3.40400004       1.00841010    
   3.40500021       1.00839078    
   3.40600014       1.00837219    
   3.40700006       1.00835288    
   3.40800023       1.00833428    
   3.40900016       1.00831509    
   3.41000009       1.00829661    
   3.41100025       1.00827742    
   3.41200018       1.00825894    
   3.41300011       1.00823987    
   3.41400027       1.00822139    
   3.41500020       1.00820231    
   3.41600013       1.00818396    
   3.41700006       1.00816500    
   3.41800022       1.00814664    
   3.41900015       1.00812769    
   3.42000008       1.00810933    
   3.42100024       1.00809050    
   3.42200017       1.00807226    
   3.42300010       1.00805342    
   3.42400026       1.00803518    
   3.42500019       1.00801647    
   3.42600012       1.00799823    
   3.42700005       1.00797951    
   3.42800021       1.00796139    
   3.42900014       1.00794280    
   3.43000007       1.00792468    
   3.43100023       1.00790608    
   3.43200016       1.00788808    
   3.43300009       1.00786948    
   3.43400025       1.00785148    
   3.43500018       1.00783300    
   3.43600011       1.00781512    
   3.43700027       1.00779665    
   3.43800020       1.00777876    
   3.43900013       1.00776041    
   3.44000006       1.00774252    
   3.44100022       1.00772417    
   3.44200015       1.00770640    
   3.44300008       1.00768816    
   3.44400024       1.00767040    
   3.44500017       1.00765216    
   3.44600010       1.00763452    
   3.44700027       1.00761628    
   3.44800019       1.00759864    
   3.44900012       1.00758052    
   3.45000005       1.00756299    
   3.45100021       1.00754488    
   3.45200014       1.00752735    
   3.45300007       1.00750935    
   3.45400023       1.00749183    
   3.45500016       1.00747383    
   3.45600009       1.00745642    
   3.45700026       1.00743854    
   3.45800018       1.00742114    
   3.45900011       1.00740325    
   3.46000028       1.00738597    
   3.46100020       1.00736809    
   3.46200013       1.00735080    
   3.46300006       1.00733304    
   3.46400023       1.00731587    
   3.46500015       1.00729811    
   3.46600008       1.00728095    
   3.46700025       1.00726330    
   3.46800017       1.00724614    
   3.46900010       1.00722849    
   3.47000027       1.00721145    
   3.47100019       1.00719392    
   3.47200012       1.00717688    
   3.47300005       1.00715935    
   3.47400022       1.00714242    
   3.47500014       1.00712502    
   3.47600007       1.00710809    
   3.47700024       1.00709069    
   3.47800016       1.00707376    
   3.47900009       1.00705647    
   3.48000026       1.00703967    
   3.48100019       1.00702238    
   3.48200011       1.00700557    
   3.48300028       1.00698829    
   3.48400021       1.00697160    
   3.48500013       1.00695443    
   3.48600006       1.00693774    
   3.48700023       1.00692058    
   3.48800015       1.00690401    
   3.48900008       1.00688696    
   3.49000025       1.00687039    
   3.49100018       1.00685334    
   3.49200010       1.00683677    
   3.49300027       1.00681984    
   3.49400020       1.00680339    
   3.49500012       1.00678647    
   3.49600005       1.00677001    
   3.49700022       1.00675321    
   3.49800014       1.00673676    
   3.49900007       1.00671995    
   3.50000024       1.00670373    
   3.50100017       1.00668693    
   3.50200009       1.00667059    
   3.50300026       1.00665390    
   3.50400019       1.00663769    
   3.50500011       1.00662100    
   3.50600028       1.00660491    
   3.50700021       1.00658834    
   3.50800014       1.00657225    
   3.50900006       1.00655568    
   3.51000023       1.00653958    
   3.51100016       1.00652301    
   3.51200008       1.00650704    
   3.51300025       1.00649059    
   3.51400018       1.00647461    
   3.51500010       1.00645828    
   3.51600027       1.00644231    
   3.51700020       1.00642598    
   3.51800013       1.00641012    
   3.51900005       1.00639379    
   3.52000022       1.00637805    
   3.52100015       1.00636184    
   3.52200007       1.00634611    
   3.52300024       1.00632989    
   3.52400017       1.00631416    
   3.52500010       1.00629795    
   3.52600026       1.00628233    
   3.52700019       1.00626624    
   3.52800012       1.00625062    
   3.52900028       1.00623465    
   3.53000021       1.00621903    
   3.53100014       1.00620306    
   3.53200006       1.00618756    
   3.53300023       1.00617158    
   3.53400016       1.00615621    
   3.53500009       1.00614023    
   3.53600025       1.00612485    
   3.53700018       1.00610900    
   3.53800011       1.00609374    
   3.53900027       1.00607789    
   3.54000020       1.00606263    
   3.54100013       1.00604689    
   3.54200006       1.00603163    
   3.54300022       1.00601590    
   3.54400015       1.00600076    
   3.54500008       1.00598514    
   3.54600024       1.00597000    
   3.54700017       1.00595438    
   3.54800010       1.00593925    
   3.54900026       1.00592375    
   3.55000019       1.00590861    
   3.55100012       1.00589311    
   3.55200028       1.00587821    
   3.55300021       1.00586271    
   3.55400014       1.00584781    
   3.55500007       1.00583243    
   3.55600023       1.00581741    
   3.55700016       1.00580215    
   3.55800009       1.00578725    
   3.55900025       1.00577199    
   3.56000018       1.00575721    
   3.56100011       1.00574195    
   3.56200027       1.00572717    
   3.56300020       1.00571191    
   3.56400013       1.00569725    
   3.56500006       1.00568211    
   3.56600022       1.00566745    
   3.56700015       1.00565231    
   3.56800008       1.00563776    
   3.56900024       1.00562263    
   3.57000017       1.00560808    
   3.57100010       1.00559306    
   3.57200027       1.00557852    
   3.57300019       1.00556362    
   3.57400012       1.00554907    
   3.57500029       1.00553417    
   3.57600021       1.00551975    
   3.57700014       1.00550497    
   3.57800007       1.00549054    
   3.57900023       1.00547576    
   3.58000016       1.00546134    
   3.58100009       1.00544667    
   3.58200026       1.00543237    
   3.58300018       1.00541759    
   3.58400011       1.00540340    
   3.58500028       1.00538874    
   3.58600020       1.00537455    
   3.58700013       1.00535989    
   3.58800006       1.00534570    
   3.58900023       1.00533116    
   3.59000015       1.00531697    
   3.59100008       1.00530255    
   3.59200025       1.00528848    
   3.59300017       1.00527394    
   3.59400010       1.00525987    
   3.59500027       1.00524557    
   3.59600019       1.00523150    
   3.59700012       1.00521719    
   3.59800029       1.00520325    
   3.59900022       1.00518882    
   3.60000014       1.00517499    
   3.60100007       1.00516069    
   3.60200024       1.00514686    
   3.60300016       1.00513256    
   3.60400009       1.00511873    
   3.60500026       1.00510454    
   3.60600019       1.00509083    
   3.60700011       1.00507665    
   3.60800028       1.00506294    
   3.60900021       1.00504875    
   3.61000013       1.00503516    
   3.61100006       1.00502110    
   3.61200023       1.00500739    
   3.61300015       1.00499344    
   3.61400008       1.00497973    
   3.61500025       1.00496578    
   3.61600018       1.00495231    
   3.61700010       1.00493836    
   3.61800027       1.00492477    
   3.61900020       1.00491095    
   3.62000012       1.00489748    
   3.62100029       1.00488365    
   3.62200022       1.00487018    
   3.62300014       1.00485635    
   3.62400007       1.00484300    
   3.62500024       1.00482929    
   3.62600017       1.00481594    
   3.62700009       1.00480211    
   3.62800026       1.00478888    
   3.62900019       1.00477517    
   3.63000011       1.00476193    
   3.63100028       1.00474834    
   3.63200021       1.00473511    
   3.63300014       1.00472152    
   3.63400006       1.00470829    
   3.63500023       1.00469470    
   3.63600016       1.00468159    
   3.63700008       1.00466812    
   3.63800025       1.00465500    
   3.63900018       1.00464153    
   3.64000010       1.00462842    
   3.64100027       1.00461507    
   3.64200020       1.00460196    
   3.64300013       1.00458860    
   3.64400029       1.00457561    
   3.64500022       1.00456226    
   3.64600015       1.00454938    
   3.64700007       1.00453603    
   3.64800024       1.00452316    
   3.64900017       1.00450993    
   3.65000010       1.00449705    
   3.65100026       1.00448382    
   3.65200019       1.00447094    
   3.65300012       1.00445783    
   3.65400028       1.00444496    
   3.65500021       1.00443184    
   3.65600014       1.00441909    
   3.65700006       1.00440598    
   3.65800023       1.00439334    
   3.65900016       1.00438023    
   3.66000009       1.00436759    
   3.66100025       1.00435448    
   3.66200018       1.00434184    
   3.66300011       1.00432885    
   3.66400027       1.00431633    
   3.66500020       1.00430334    
   3.66600013       1.00429082    
   3.66700006       1.00427783    
   3.66800022       1.00426531    
   3.66900015       1.00425243    
   3.67000008       1.00424004    
   3.67100024       1.00422716    
   3.67200017       1.00421464    
   3.67300010       1.00420189    
   3.67400026       1.00418949    
   3.67500019       1.00417674    
   3.67600012       1.00416434    
   3.67700028       1.00415158    
   3.67800021       1.00413930    
   3.67900014       1.00412655    
   3.68000007       1.00411427    
   3.68100023       1.00410163    
   3.68200016       1.00408936    
   3.68300009       1.00407672    
   3.68400025       1.00406456    
   3.68500018       1.00405192    
   3.68600011       1.00403976    
   3.68700027       1.00402725    
   3.68800020       1.00401509    
   3.68900013       1.00400257    
   3.69000006       1.00399041    
   3.69100022       1.00397801    
   3.69200015       1.00396585    
   3.69300008       1.00395346    
   3.69400024       1.00394130    
   3.69500017       1.00392902    
   3.69600010       1.00391698    
   3.69700027       1.00390458    
   3.69800019       1.00389254    
   3.69900012       1.00388026    
   3.70000029       1.00386834    
   3.70100021       1.00385606    
   3.70200014       1.00384402    
   3.70300007       1.00383186    
   3.70400023       1.00381994    
   3.70500016       1.00380778    
   3.70600009       1.00379586    
   3.70700026       1.00378370    
   3.70800018       1.00377178    
   3.70900011       1.00375974    
   3.71000028       1.00374794    
   3.71100020       1.00373578    
   3.71200013       1.00372398    
   3.71300006       1.00371194    
   3.71400023       1.00370026    
   3.71500015       1.00368822    
   3.71600008       1.00367641    
   3.71700025       1.00366449    
   3.71800017       1.00365281    
   3.71900010       1.00364077    
   3.72000027       1.00362921    
   3.72100019       1.00361717    
   3.72200012       1.00360560    
   3.72300029       1.00359368    
   3.72400022       1.00358212    
   3.72500014       1.00357020    
   3.72600007       1.00355864    
   3.72700024       1.00354683    
   3.72800016       1.00353539    
   3.72900009       1.00352359    
   3.73000026       1.00351202    
   3.73100019       1.00350022    
   3.73200011       1.00348878    
   3.73300028       1.00347710    
   3.73400021       1.00346565    
   3.73500013       1.00345397    
   3.73600006       1.00344253    
   3.73700023       1.00343084    
   3.73800015       1.00341952    
   3.73900008       1.00340784    
   3.74000025       1.00339651    
   3.74100018       1.00338495    
   3.74200010       1.00337362    
   3.74300027       1.00336206    
   3.74400020       1.00335073    
   3.74500012       1.00333917    
   3.74600029       1.00332797    
   3.74700022       1.00331640    
   3.74800014       1.00330520    
   3.74900007       1.00329375    
   3.75000024       1.00328255    
   3.75100017       1.00327110    
   3.75200009       1.00325990    
   3.75300026       1.00324845    
   3.75400019       1.00323737    
   3.75500011       1.00322592    
   3.75600028       1.00321484    
   3.75700021       1.00320339    
   3.75800014       1.00319242    
   3.75900006       1.00318098    
   3.76000023       1.00317001    
   3.76100016       1.00315869    
   3.76200008       1.00314760    
   3.76300025       1.00313640    
   3.76400018       1.00312543    
   3.76500010       1.00311410    
   3.76600027       1.00310314    
   3.76700020       1.00309193    
   3.76800013       1.00308096    
   3.76900029       1.00306988    
   3.77000022       1.00305891    
   3.77100015       1.00304770    
   3.77200007       1.00303686    
   3.77300024       1.00302577    
   3.77400017       1.00301492    
   3.77500010       1.00300384    
   3.77600026       1.00299299    
   3.77700019       1.00298190    
   3.77800012       1.00297105    
   3.77900028       1.00296009    
   3.78000021       1.00294924    
   3.78100014       1.00293827    
   3.78200006       1.00292742    
   3.78300023       1.00291646    
   3.78400016       1.00290573    
   3.78500009       1.00289476    
   3.78600025       1.00288415    
   3.78700018       1.00287318    
   3.78800011       1.00286245    
   3.78900027       1.00285161    
   3.79000020       1.00284100    
   3.79100013       1.00283003    
   3.79200029       1.00281942    
   3.79300022       1.00280857    
   3.79400015       1.00279796    
   3.79500008       1.00278723    
   3.79600024       1.00277662    
   3.79700017       1.00276577    
   3.79800010       1.00275528    
   3.79900026       1.00274456    
   3.80000019       1.00273395    
   3.80100012       1.00272322    
   3.80200028       1.00271273    
   3.80300021       1.00270200    
   3.80400014       1.00269151    
   3.80500007       1.00268090    
   3.80600023       1.00267041    
   3.80700016       1.00265980    
   3.80800009       1.00264931    
   3.80900025       1.00263870    
   3.81000018       1.00262833    
   3.81100011       1.00261772    
   3.81200027       1.00260735    
   3.81300020       1.00259674    
   3.81400013       1.00258636    
   3.81500030       1.00257576    
   3.81600022       1.00256550    
   3.81700015       1.00255501    
   3.81800008       1.00254464    
   3.81900024       1.00253415    
   3.82000017       1.00252390    
   3.82100010       1.00251341    
   3.82200027       1.00250316    
   3.82300019       1.00249267    
   3.82400012       1.00248241    
   3.82500029       1.00247204    
   3.82600021       1.00246179    
   3.82700014       1.00245142    
   3.82800007       1.00244117    
   3.82900023       1.00243080    
   3.83000016       1.00242066    
   3.83100009       1.00241029    
   3.83200026       1.00240016    
   3.83300018       1.00238979    
   3.83400011       1.00237966    
   3.83500028       1.00236940    
   3.83600020       1.00235927    
   3.83700013       1.00234902    
   3.83800030       1.00233889    
   3.83900023       1.00232863    
   3.84000015       1.00231862    
   3.84100008       1.00230837    
   3.84200025       1.00229836    
   3.84300017       1.00228810    
   3.84400010       1.00227809    
   3.84500027       1.00226796    
   3.84600019       1.00225794    
   3.84700012       1.00224781    
   3.84800029       1.00223780    
   3.84900022       1.00222766    
   3.85000014       1.00221765    
   3.85100007       1.00220764    
   3.85200024       1.00219762    
   3.85300016       1.00218761    
   3.85400009       1.00217772    
   3.85500026       1.00216758    
   3.85600019       1.00215769    
   3.85700011       1.00214767    
   3.85800028       1.00213778    
   3.85900021       1.00212777    
   3.86000013       1.00211787    
   3.86100030       1.00210786    
   3.86200023       1.00209808    
   3.86300015       1.00208807    
   3.86400008       1.00207829    
   3.86500025       1.00206840    
   3.86600018       1.00205863    
   3.86700010       1.00204861    
   3.86800027       1.00203884    
   3.86900020       1.00202894    
   3.87000012       1.00201917    
   3.87100029       1.00200927    
   3.87200022       1.00199962    
   3.87300014       1.00198972    
   3.87400007       1.00198007    
   3.87500024       1.00197017    
   3.87600017       1.00196052    
   3.87700009       1.00195062    
   3.87800026       1.00194097    
   3.87900019       1.00193119    
   3.88000011       1.00192153    
   3.88100028       1.00191176    
   3.88200021       1.00190210    
   3.88300014       1.00189233    
   3.88400030       1.00188279    
   3.88500023       1.00187302    
   3.88600016       1.00186348    
   3.88700008       1.00185370    
   3.88800025       1.00184417    
   3.88900018       1.00183439    
   3.89000010       1.00182486    
   3.89100027       1.00181520    
   3.89200020       1.00180566    
   3.89300013       1.00179601    
   3.89400029       1.00178647    
   3.89500022       1.00177681    
   3.89600015       1.00176740    
   3.89700007       1.00175774    
   3.89800024       1.00174820    
   3.89900017       1.00173867    
   3.90000010       1.00172925    
   3.90100026       1.00171959    
   3.90200019       1.00171018    
   3.90300012       1.00170064    
   3.90400028       1.00169122    
   3.90500021       1.00168169    
   3.90600014       1.00167227    
   3.90700030       1.00166273    
   3.90800023       1.00165331    
   3.90900016       1.00164378    
   3.91000009       1.00163448    
   3.91100025       1.00162494    
   3.91200018       1.00161564    
   3.91300011       1.00160611    
   3.91400027       1.00159681    
   3.91500020       1.00158739    
   3.91600013       1.00157809    
   3.91700029       1.00156868    
   3.91800022       1.00155938    
   3.91900015       1.00154996    
   3.92000008       1.00154066    
   3.92100024       1.00153124    
   3.92200017       1.00152194    
   3.92300010       1.00151265    
   3.92400026       1.00150335    
   3.92500019       1.00149405    
   3.92600012       1.00148475    
   3.92700028       1.00147545    
   3.92800021       1.00146627    
   3.92900014       1.00145686    
   3.93000031       1.00144768    
   3.93100023       1.00143838    
   3.93200016       1.00142920    
   3.93300009       1.00141990    
   3.93400025       1.00141084    
   3.93500018       1.00140154    
   3.93600011       1.00139236    
   3.93700027       1.00138307    
   3.93800020       1.00137401    
   3.93900013       1.00136471    
   3.94000030       1.00135565    
   3.94100022       1.00134647    
   3.94200015       1.00133729    
   3.94300008       1.00132811    
   3.94400024       1.00131905    
   3.94500017       1.00130987    
   3.94600010       1.00130081    
   3.94700027       1.00129163    
   3.94800019       1.00128257    
   3.94900012       1.00127339    
   3.95000029       1.00126433    
   3.95100021       1.00125527    
   3.95200014       1.00124621    
   3.95300007       1.00123715    
   3.95400023       1.00122809    
   3.95500016       1.00121903    
   3.95600009       1.00120997    
   3.95700026       1.00120091    
   3.95800018       1.00119197    
   3.95900011       1.00118291    
   3.96000028       1.00117397    
   3.96100020       1.00116491    
   3.96200013       1.00115597    
   3.96300030       1.00114691    
   3.96400023       1.00113797    
   3.96500015       1.00112891    
   3.96600008       1.00111997    
   3.96700025       1.00111103    
   3.96800017       1.00110209    
   3.96900010       1.00109315    
   3.97000027       1.00108421    
   3.97100019       1.00107527    
   3.97200012       1.00106633    
   3.97300029       1.00105739    
   3.97400022       1.00104856    
   3.97500014       1.00103962    
   3.97600007       1.00103080    
   3.97700024       1.00102186    
   3.97800016       1.00101304    
   3.97900009       1.00100410    
   3.98000026       1.00099528    
   3.98100019       1.00098634    
   3.98200011       1.00097752    
   3.98300028       1.00096869    
   3.98400021       1.00095987    
   3.98500013       1.00095105    
   3.98600030       1.00094223    
   3.98700023       1.00093341    
   3.98800015       1.00092459    
   3.98900008       1.00091577    
   3.99000025       1.00090706    
   3.99100018       1.00089824    
   3.99200010       1.00088942    
   3.99300027       1.00088060    
   3.99400020       1.00087190    
   3.99500012       1.00086308    
   3.99600029       1.00085437    
   3.99700022       1.00084567    
   3.99800014       1.00083697    
   3.99900007       1.00082815    
   4.00000000       1.00081944    
   4.00100040       1.00081074    
   4.00200033       1.00080204    
   4.00300026       1.00079334    
   4.00400019       1.00078464    
   4.00500011       1.00077593    
   4.00600004       1.00076723    
   4.00699997       1.00075853    
   4.00800037       1.00074983    
   4.00900030       1.00074112    
   4.01000023       1.00073254    
   4.01100016       1.00072384    
   4.01200008       1.00071526    
   4.01300001       1.00070655    
   4.01400042       1.00069797    
   4.01500034       1.00068927    
   4.01600027       1.00068069    
   4.01700020       1.00067210    
   4.01800013       1.00066352    
   4.01900005       1.00065482    
   4.01999998       1.00064623    
   4.02100039       1.00063765    
   4.02200031       1.00062907    
   4.02300024       1.00062048    
   4.02400017       1.00061190    
   4.02500010       1.00060332    
   4.02600002       1.00059474    
   4.02700043       1.00058615    
   4.02800035       1.00057769    
   4.02900028       1.00056911    
   4.03000021       1.00056052    
   4.03100014       1.00055206    
   4.03200006       1.00054348    
   4.03299999       1.00053501    
   4.03400040       1.00052643    
   4.03500032       1.00051796    
   4.03600025       1.00050950    
   4.03700018       1.00050092    
   4.03800011       1.00049245    
   4.03900003       1.00048399    
   4.03999996       1.00047553    
   4.04100037       1.00046694    
   4.04200029       1.00045848    
   4.04300022       1.00045002    
   4.04400015       1.00044155    
   4.04500008       1.00043309    
   4.04600000       1.00042462    
   4.04700041       1.00041616    
   4.04800034       1.00040781    
   4.04900026       1.00039935    
   4.05000019       1.00039089    
   4.05100012       1.00038242    
   4.05200005       1.00037408    
   4.05299997       1.00036561    
   4.05400038       1.00035727    
   4.05500031       1.00034881    
   4.05600023       1.00034046    
   4.05700016       1.00033200    
   4.05800009       1.00032365    
   4.05900002       1.00031519    
   4.06000042       1.00030684    
   4.06100035       1.00029850    
   4.06200027       1.00029016    
   4.06300020       1.00028169    
   4.06400013       1.00027335    
   4.06500006       1.00026500    
   4.06599998       1.00025666    
   4.06700039       1.00024831    
   4.06800032       1.00023997    
   4.06900024       1.00023162    
   4.07000017       1.00022328    
   4.07100010       1.00021493    
   4.07200003       1.00020671    
   4.07300043       1.00019836    
   4.07400036       1.00019002    
   4.07500029       1.00018167    
   4.07600021       1.00017345    
   4.07700014       1.00016510    
   4.07800007       1.00015676    
   4.07900000       1.00014853    
   4.08000040       1.00014019    
   4.08100033       1.00013196    
   4.08200026       1.00012362    
   4.08300018       1.00011539    
   4.08400011       1.00010717    
   4.08500004       1.00009882    
   4.08599997       1.00009060    
   4.08700037       1.00008237    
   4.08800030       1.00007415    
   4.08900023       1.00006580    
   4.09000015       1.00005758    
   4.09100008       1.00004935    
   4.09200001       1.00004113    
   4.09300041       1.00003290    
   4.09400034       1.00002468    
   4.09500027       1.00001645    
   4.09600019       1.00000823    
