   1.00000005E-03   0.00000000    
   2.00000009E-03   0.00000000    
   3.00000003E-03   0.00000000    
   4.00000019E-03   0.00000000    
   5.00000035E-03   0.00000000    
   6.00000005E-03   0.00000000    
   7.00000022E-03   0.00000000    
   8.00000038E-03   0.00000000    
   9.00000054E-03   0.00000000    
   1.00000007E-02   0.00000000    
   1.10000009E-02   0.00000000    
   1.20000001E-02   0.00000000    
   1.30000003E-02   0.00000000    
   1.40000004E-02   0.00000000    
   1.50000006E-02   0.00000000    
   1.60000008E-02   0.00000000    
   1.70000009E-02   0.00000000    
   1.80000011E-02   0.00000000    
   1.90000013E-02   0.00000000    
   2.00000014E-02   0.00000000    
   2.10000016E-02   0.00000000    
   2.20000017E-02   0.00000000    
   2.30000019E-02   0.00000000    
   2.40000002E-02   0.00000000    
   2.50000004E-02   0.00000000    
   2.60000005E-02   0.00000000    
   2.70000007E-02   0.00000000    
   2.80000009E-02   0.00000000    
   2.90000010E-02   0.00000000    
   3.00000012E-02   0.00000000    
   3.10000014E-02   0.00000000    
   3.20000015E-02   0.00000000    
   3.29999998E-02   0.00000000    
   3.40000018E-02   0.00000000    
   3.50000001E-02   0.00000000    
   3.60000022E-02   0.00000000    
   3.70000005E-02   0.00000000    
   3.80000025E-02   0.00000000    
   3.90000008E-02   0.00000000    
   4.00000028E-02   0.00000000    
   4.10000011E-02   0.00000000    
   4.20000032E-02   0.00000000    
   4.30000015E-02   0.00000000    
   4.40000035E-02   0.00000000    
   4.50000018E-02   0.00000000    
   4.60000038E-02   0.00000000    
   4.70000021E-02   0.00000000    
   4.80000004E-02   0.00000000    
   4.90000024E-02   0.00000000    
   5.00000007E-02   0.00000000    
   5.10000028E-02   0.00000000    
   5.20000011E-02   0.00000000    
   5.30000031E-02   0.00000000    
   5.40000014E-02   0.00000000    
   5.50000034E-02   0.00000000    
   5.60000017E-02   0.00000000    
   5.70000038E-02   0.00000000    
   5.80000021E-02   0.00000000    
   5.90000041E-02   0.00000000    
   6.00000024E-02   0.00000000    
   6.10000044E-02   0.00000000    
   6.20000027E-02   0.00000000    
   6.30000010E-02   0.00000000    
   6.40000030E-02   0.00000000    
   6.50000051E-02   0.00000000    
   6.59999996E-02   0.00000000    
   6.70000017E-02   0.00000000    
   6.80000037E-02   0.00000000    
   6.90000057E-02   0.00000000    
   7.00000003E-02   0.00000000    
   7.10000023E-02   0.00000000    
   7.20000044E-02   0.00000000    
   7.30000064E-02   0.00000000    
   7.40000010E-02   0.00000000    
   7.50000030E-02   0.00000000    
   7.60000050E-02   0.00000000    
   7.70000070E-02   0.00000000    
   7.80000016E-02   0.00000000    
   7.90000036E-02   0.00000000    
   8.00000057E-02   0.00000000    
   8.10000002E-02   0.00000000    
   8.20000023E-02   0.00000000    
   8.30000043E-02   0.00000000    
   8.40000063E-02   0.00000000    
   8.50000009E-02   0.00000000    
   8.60000029E-02   0.00000000    
   8.70000049E-02   0.00000000    
   8.80000070E-02   0.00000000    
   8.90000015E-02   0.00000000    
   9.00000036E-02   0.00000000    
   9.10000056E-02   0.00000000    
   9.20000076E-02   0.00000000    
   9.30000022E-02   0.00000000    
   9.40000042E-02   0.00000000    
   9.50000063E-02   0.00000000    
   9.60000008E-02   0.00000000    
   9.70000029E-02   0.00000000    
   9.80000049E-02   0.00000000    
   9.90000069E-02   0.00000000    
  0.100000001       0.00000000    
  0.101000004       0.00000000    
  0.102000006       0.00000000    
  0.103000008       0.00000000    
  0.104000002       0.00000000    
  0.105000004       0.00000000    
  0.106000006       0.00000000    
  0.107000008       0.00000000    
  0.108000003       0.00000000    
  0.109000005       0.00000000    
  0.110000007       0.00000000    
  0.111000009       0.00000000    
  0.112000003       0.00000000    
  0.113000005       0.00000000    
  0.114000008       0.00000000    
  0.115000002       0.00000000    
  0.116000004       0.00000000    
  0.117000006       0.00000000    
  0.118000008       0.00000000    
  0.119000003       0.00000000    
  0.120000005       0.00000000    
  0.121000007       0.00000000    
  0.122000009       0.00000000    
  0.123000003       0.00000000    
  0.124000005       0.00000000    
  0.125000000       0.00000000    
  0.126000002       0.00000000    
  0.127000004       0.00000000    
  0.128000006       0.00000000    
  0.129000008       0.00000000    
  0.130000010       0.00000000    
  0.131000012       0.00000000    
  0.131999999       0.00000000    
  0.133000001       0.00000000    
  0.134000003       0.00000000    
  0.135000005       0.00000000    
  0.136000007       0.00000000    
  0.137000009       0.00000000    
  0.138000011       0.00000000    
  0.139000013       0.00000000    
  0.140000001       0.00000000    
  0.141000003       0.00000000    
  0.142000005       0.00000000    
  0.143000007       0.00000000    
  0.144000009       0.00000000    
  0.145000011       0.00000000    
  0.146000013       0.00000000    
  0.147000000       0.00000000    
  0.148000002       0.00000000    
  0.149000004       0.00000000    
  0.150000006       0.00000000    
  0.151000008       0.00000000    
  0.152000010       0.00000000    
  0.153000012       0.00000000    
  0.154000014       0.00000000    
  0.155000001       0.00000000    
  0.156000003       0.00000000    
  0.157000005       0.00000000    
  0.158000007       0.00000000    
  0.159000009       0.00000000    
  0.160000011       0.00000000    
  0.161000013       0.00000000    
  0.162000000       0.00000000    
  0.163000003       0.00000000    
  0.164000005       0.00000000    
  0.165000007       0.00000000    
  0.166000009       0.00000000    
  0.167000011       0.00000000    
  0.168000013       0.00000000    
  0.169000015       0.00000000    
  0.170000002       0.00000000    
  0.171000004       0.00000000    
  0.172000006       0.00000000    
  0.173000008       0.00000000    
  0.174000010       0.00000000    
  0.175000012       0.00000000    
  0.176000014       0.00000000    
  0.177000001       0.00000000    
  0.178000003       0.00000000    
  0.179000005       0.00000000    
  0.180000007       0.00000000    
  0.181000009       0.00000000    
  0.182000011       0.00000000    
  0.183000013       0.00000000    
  0.184000015       0.00000000    
  0.185000002       0.00000000    
  0.186000004       0.00000000    
  0.187000006       0.00000000    
  0.188000008       0.00000000    
  0.189000010       0.00000000    
  0.190000013       0.00000000    
  0.191000015       0.00000000    
  0.192000002       0.00000000    
  0.193000004       0.00000000    
  0.194000006       0.00000000    
  0.195000008       0.00000000    
  0.196000010       0.00000000    
  0.197000012       0.00000000    
  0.198000014       0.00000000    
  0.199000016       0.00000000    
  0.200000003       0.00000000    
  0.201000005       0.00000000    
  0.202000007       0.00000000    
  0.203000009       0.00000000    
  0.204000011       0.00000000    
  0.205000013       0.00000000    
  0.206000015       0.00000000    
  0.207000017       0.00000000    
  0.208000004       0.00000000    
  0.209000006       0.00000000    
  0.210000008       0.00000000    
  0.211000010       0.00000000    
  0.212000012       0.00000000    
  0.213000014       0.00000000    
  0.214000016       0.00000000    
  0.215000004       0.00000000    
  0.216000006       0.00000000    
  0.217000008       0.00000000    
  0.218000010       0.00000000    
  0.219000012       0.00000000    
  0.220000014       0.00000000    
  0.221000016       0.00000000    
  0.222000018       0.00000000    
  0.223000005       0.00000000    
  0.224000007       0.00000000    
  0.225000009       0.00000000    
  0.226000011       0.00000000    
  0.227000013       0.00000000    
  0.228000015       0.00000000    
  0.229000017       0.00000000    
  0.230000004       0.00000000    
  0.231000006       0.00000000    
  0.232000008       0.00000000    
  0.233000010       0.00000000    
  0.234000012       0.00000000    
  0.235000014       0.00000000    
  0.236000016       0.00000000    
  0.237000018       0.00000000    
  0.238000005       0.00000000    
  0.239000008       0.00000000    
  0.240000010       0.00000000    
  0.241000012       0.00000000    
  0.242000014       0.00000000    
  0.243000016       0.00000000    
  0.244000018       0.00000000    
  0.245000005       0.00000000    
  0.246000007       0.00000000    
  0.247000009       0.00000000    
  0.248000011       0.00000000    
  0.249000013       0.00000000    
  0.250000000       0.00000000    
  0.251000017       0.00000000    
  0.252000004       0.00000000    
  0.253000021       0.00000000    
  0.254000008       0.00000000    
  0.255000025       0.00000000    
  0.256000012       0.00000000    
  0.256999999       0.00000000    
  0.258000016       0.00000000    
  0.259000003       0.00000000    
  0.260000020       0.00000000    
  0.261000007       0.00000000    
  0.262000024       0.00000000    
  0.263000011       0.00000000    
  0.263999999       0.00000000    
  0.265000015       0.00000000    
  0.266000003       0.00000000    
  0.267000020       0.00000000    
  0.268000007       0.00000000    
  0.269000024       0.00000000    
  0.270000011       0.00000000    
  0.271000028       0.00000000    
  0.272000015       0.00000000    
  0.273000002       0.00000000    
  0.274000019       0.00000000    
  0.275000006       0.00000000    
  0.276000023       0.00000000    
  0.277000010       0.00000000    
  0.278000027       0.00000000    
  0.279000014       0.00000000    
  0.280000001       0.00000000    
  0.281000018       0.00000000    
  0.282000005       0.00000000    
  0.283000022       0.00000000    
  0.284000009       0.00000000    
  0.285000026       0.00000000    
  0.286000013       0.00000000    
  0.287000000       0.00000000    
  0.288000017       0.00000000    
  0.289000005       0.00000000    
  0.290000021       0.00000000    
  0.291000009       0.00000000    
  0.292000026       0.00000000    
  0.293000013       0.00000000    
  0.294000000       0.00000000    
  0.295000017       0.00000000    
  0.296000004       0.00000000    
  0.297000021       0.00000000    
  0.298000008       0.00000000    
  0.299000025       0.00000000    
  0.300000012       0.00000000    
  0.301000029       0.00000000    
  0.302000016       0.00000000    
  0.303000003       0.00000000    
  0.304000020       0.00000000    
  0.305000007       0.00000000    
  0.306000024       0.00000000    
  0.307000011       0.00000000    
  0.308000028       0.00000000    
  0.309000015       0.00000000    
  0.310000002       0.00000000    
  0.311000019       0.00000000    
  0.312000006       0.00000000    
  0.313000023       0.00000000    
  0.314000010       0.00000000    
  0.315000027       0.00000000    
  0.316000015       0.00000000    
  0.317000002       0.00000000    
  0.318000019       0.00000000    
  0.319000006       0.00000000    
  0.320000023       0.00000000    
  0.321000010       0.00000000    
  0.322000027       0.00000000    
  0.323000014       0.00000000    
  0.324000001       0.00000000    
  0.325000018       0.00000000    
  0.326000005       0.00000000    
  0.327000022       0.00000000    
  0.328000009       0.00000000    
  0.329000026       0.00000000    
  0.330000013       0.00000000    
  0.331000030       0.00000000    
  0.332000017       0.00000000    
  0.333000004       0.00000000    
  0.334000021       0.00000000    
  0.335000008       0.00000000    
  0.336000025       0.00000000    
  0.337000012       0.00000000    
  0.338000029       0.00000000    
  0.339000016       0.00000000    
  0.340000004       0.00000000    
  0.341000021       0.00000000    
  0.342000008       0.00000000    
  0.343000025       0.00000000    
  0.344000012       0.00000000    
  0.345000029       0.00000000    
  0.346000016       0.00000000    
  0.347000003       0.00000000    
  0.348000020       0.00000000    
  0.349000007       0.00000000    
  0.350000024       0.00000000    
  0.351000011       0.00000000    
  0.352000028       0.00000000    
  0.353000015       0.00000000    
  0.354000002       0.00000000    
  0.355000019       0.00000000    
  0.356000006       0.00000000    
  0.357000023       0.00000000    
  0.358000010       0.00000000    
  0.359000027       0.00000000    
  0.360000014       0.00000000    
  0.361000031       0.00000000    
  0.362000018       0.00000000    
  0.363000005       0.00000000    
  0.364000022       0.00000000    
  0.365000010       0.00000000    
  0.366000026       0.00000000    
  0.367000014       0.00000000    
  0.368000031       0.00000000    
  0.369000018       0.00000000    
  0.370000005       0.00000000    
  0.371000022       0.00000000    
  0.372000009       0.00000000    
  0.373000026       0.00000000    
  0.374000013       0.00000000    
  0.375000030       0.00000000    
  0.376000017       0.00000000    
  0.377000004       0.00000000    
  0.378000021       0.00000000    
  0.379000008       0.00000000    
  0.380000025       0.00000000    
  0.381000012       0.00000000    
  0.382000029       0.00000000    
  0.383000016       0.00000000    
  0.384000003       0.00000000    
  0.385000020       0.00000000    
  0.386000007       0.00000000    
  0.387000024       0.00000000    
  0.388000011       0.00000000    
  0.389000028       0.00000000    
  0.390000015       0.00000000    
  0.391000032       0.00000000    
  0.392000020       0.00000000    
  0.393000007       0.00000000    
  0.394000024       0.00000000    
  0.395000011       0.00000000    
  0.396000028       0.00000000    
  0.397000015       0.00000000    
  0.398000032       0.00000000    
  0.399000019       0.00000000    
  0.400000006       0.00000000    
  0.401000023       0.00000000    
  0.402000010       0.00000000    
  0.403000027       0.00000000    
  0.404000014       0.00000000    
  0.405000031       0.00000000    
  0.406000018       0.00000000    
  0.407000005       0.00000000    
  0.408000022       0.00000000    
  0.409000009       0.00000000    
  0.410000026       0.00000000    
  0.411000013       0.00000000    
  0.412000030       0.00000000    
  0.413000017       0.00000000    
  0.414000034       0.00000000    
  0.415000021       0.00000000    
  0.416000009       0.00000000    
  0.417000026       0.00000000    
  0.418000013       0.00000000    
  0.419000030       0.00000000    
  0.420000017       0.00000000    
  0.421000034       0.00000000    
  0.422000021       0.00000000    
  0.423000008       0.00000000    
  0.424000025       0.00000000    
  0.425000012       0.00000000    
  0.426000029       0.00000000    
  0.427000016       0.00000000    
  0.428000033       0.00000000    
  0.429000020       0.00000000    
  0.430000007       0.00000000    
  0.431000024       0.00000000    
  0.432000011       0.00000000    
  0.433000028       0.00000000    
  0.434000015       0.00000000    
  0.435000032       0.00000000    
  0.436000019       0.00000000    
  0.437000006       0.00000000    
  0.438000023       0.00000000    
  0.439000010       0.00000000    
  0.440000027       0.00000000    
  0.441000015       0.00000000    
  0.442000031       0.00000000    
  0.443000019       0.00000000    
  0.444000036       0.00000000    
  0.445000023       0.00000000    
  0.446000010       0.00000000    
  0.447000027       0.00000000    
  0.448000014       0.00000000    
  0.449000031       0.00000000    
  0.450000018       0.00000000    
  0.451000035       0.00000000    
  0.452000022       0.00000000    
  0.453000009       0.00000000    
  0.454000026       0.00000000    
  0.455000013       0.00000000    
  0.456000030       0.00000000    
  0.457000017       0.00000000    
  0.458000034       0.00000000    
  0.459000021       0.00000000    
  0.460000008       0.00000000    
  0.461000025       0.00000000    
  0.462000012       0.00000000    
  0.463000029       0.00000000    
  0.464000016       0.00000000    
  0.465000033       0.00000000    
  0.466000021       0.00000000    
  0.467000008       0.00000000    
  0.468000025       0.00000000    
  0.469000012       0.00000000    
  0.470000029       0.00000000    
  0.471000016       0.00000000    
  0.472000033       0.00000000    
  0.473000020       0.00000000    
  0.474000037       0.00000000    
  0.475000024       0.00000000    
  0.476000011       0.00000000    
  0.477000028       0.00000000    
  0.478000015       0.00000000    
  0.479000032       0.00000000    
  0.480000019       0.00000000    
  0.481000036       0.00000000    
  0.482000023       0.00000000    
  0.483000010       0.00000000    
  0.484000027       0.00000000    
  0.485000014       0.00000000    
  0.486000031       0.00000000    
  0.487000018       0.00000000    
  0.488000035       0.00000000    
  0.489000022       0.00000000    
  0.490000010       0.00000000    
  0.491000026       0.00000000    
  0.492000014       0.00000000    
  0.493000031       0.00000000    
  0.494000018       0.00000000    
  0.495000035       0.00000000    
  0.496000022       0.00000000    
  0.497000009       0.00000000    
  0.498000026       0.00000000    
  0.499000013       0.00000000    
  0.500000000       0.00000000    
  0.501000047       0.00000000    
  0.502000034       0.00000000    
  0.503000021       0.00000000    
  0.504000008       0.00000000    
  0.504999995       0.00000000    
  0.506000042       0.00000000    
  0.507000029       0.00000000    
  0.508000016       0.00000000    
  0.509000003       0.00000000    
  0.510000050       0.00000000    
  0.511000037       0.00000000    
  0.512000024       0.00000000    
  0.513000011       0.00000000    
  0.513999999       0.00000000    
  0.515000045       0.00000000    
  0.516000032       0.00000000    
  0.517000020       0.00000000    
  0.518000007       0.00000000    
  0.519000053       0.00000000    
  0.520000041       0.00000000    
  0.521000028       0.00000000    
  0.522000015       0.00000000    
  0.523000002       0.00000000    
  0.524000049       0.00000000    
  0.525000036       0.00000000    
  0.526000023       0.00000000    
  0.527000010       0.00000000    
  0.527999997       0.00000000    
  0.529000044       0.00000000    
  0.530000031       0.00000000    
  0.531000018       0.00000000    
  0.532000005       0.00000000    
  0.533000052       0.00000000    
  0.534000039       0.00000000    
  0.535000026       0.00000000    
  0.536000013       0.00000000    
  0.537000000       0.00000000    
  0.538000047       0.00000000    
  0.539000034       0.00000000    
  0.540000021       0.00000000    
  0.541000009       0.00000000    
  0.542000055       0.00000000    
  0.543000042       0.00000000    
  0.544000030       0.00000000    
  0.545000017       0.00000000    
  0.546000004       0.00000000    
  0.547000051       0.00000000    
  0.548000038       0.00000000    
  0.549000025       0.00000000    
  0.550000012       0.00000000    
  0.550999999       0.00000000    
  0.552000046       0.00000000    
  0.553000033       0.00000000    
  0.554000020       0.00000000    
  0.555000007       0.00000000    
  0.556000054       0.00000000    
  0.557000041       0.00000000    
  0.558000028       0.00000000    
  0.559000015       0.00000000    
  0.560000002       0.00000000    
  0.561000049       0.00000000    
  0.562000036       0.00000000    
  0.563000023       0.00000000    
  0.564000010       0.00000000    
  0.564999998       0.00000000    
  0.566000044       0.00000000    
  0.567000031       0.00000000    
  0.568000019       0.00000000    
  0.569000006       0.00000000    
  0.570000052       0.00000000    
  0.571000040       0.00000000    
  0.572000027       0.00000000    
  0.573000014       0.00000000    
  0.574000001       0.00000000    
  0.575000048       0.00000000    
  0.576000035       0.00000000    
  0.577000022       0.00000000    
  0.578000009       0.00000000    
  0.579000056       0.00000000    
  0.580000043       0.00000000    
  0.581000030       0.00000000    
  0.582000017       0.00000000    
  0.583000004       0.00000000    
  0.584000051       0.00000000    
  0.585000038       0.00000000    
  0.586000025       0.00000000    
  0.587000012       0.00000000    
  0.588000000       0.00000000    
  0.589000046       0.00000000    
  0.590000033       0.00000000    
  0.591000021       0.00000000    
  0.592000008       0.00000000    
  0.593000054       0.00000000    
  0.594000041       0.00000000    
  0.595000029       0.00000000    
  0.596000016       0.00000000    
  0.597000003       0.00000000    
  0.598000050       0.00000000    
  0.599000037       0.00000000    
  0.600000024       0.00000000    
  0.601000011       0.00000000    
  0.602000058       0.00000000    
  0.603000045       0.00000000    
  0.604000032       0.00000000    
  0.605000019       0.00000000    
  0.606000006       0.00000000    
  0.607000053       0.00000000    
  0.608000040       0.00000000    
  0.609000027       0.00000000    
  0.610000014       0.00000000    
  0.611000001       0.00000000    
  0.612000048       0.00000000    
  0.613000035       0.00000000    
  0.614000022       0.00000000    
  0.615000010       0.00000000    
  0.616000056       0.00000000    
  0.617000043       0.00000000    
  0.618000031       0.00000000    
  0.619000018       0.00000000    
  0.620000005       0.00000000    
  0.621000051       0.00000000    
  0.622000039       0.00000000    
  0.623000026       0.00000000    
  0.624000013       0.00000000    
  0.625000000       0.00000000    
  0.626000047       0.00000000    
  0.627000034       0.00000000    
  0.628000021       0.00000000    
  0.629000008       0.00000000    
  0.630000055       0.00000000    
  0.631000042       0.00000000    
  0.632000029       0.00000000    
  0.633000016       0.00000000    
  0.634000003       0.00000000    
  0.635000050       0.00000000    
  0.636000037       0.00000000    
  0.637000024       0.00000000    
  0.638000011       0.00000000    
  0.639000058       0.00000000    
  0.640000045       0.00000000    
  0.641000032       0.00000000    
  0.642000020       0.00000000    
  0.643000007       0.00000000    
  0.644000053       0.00000000    
  0.645000041       0.00000000    
  0.646000028       0.00000000    
  0.647000015       0.00000000    
  0.648000002       0.00000000    
  0.649000049       0.00000000    
  0.650000036       0.00000000    
  0.651000023       0.00000000    
  0.652000010       0.00000000    
  0.653000057       0.00000000    
  0.654000044       0.00000000    
  0.655000031       0.00000000    
  0.656000018       0.00000000    
  0.657000005       0.00000000    
  0.658000052       0.00000000    
  0.659000039       0.00000000    
  0.660000026       0.00000000    
  0.661000013       0.00000000    
  0.662000060       0.00000000    
  0.663000047       0.00000000    
  0.664000034       0.00000000    
  0.665000021       0.00000000    
  0.666000009       0.00000000    
  0.667000055       0.00000000    
  0.668000042       0.00000000    
  0.669000030       0.00000000    
  0.670000017       0.00000000    
  0.671000004       0.00000000    
  0.672000051       0.00000000    
  0.673000038       0.00000000    
  0.674000025       0.00000000    
  0.675000012       0.00000000    
  0.676000059       0.00000000    
  0.677000046       0.00000000    
  0.678000033       0.00000000    
  0.679000020       0.00000000    
  0.680000007       0.00000000    
  0.681000054       0.00000000    
  0.682000041       0.00000000    
  0.683000028       0.00000000    
  0.684000015       0.00000000    
  0.685000062       0.00000000    
  0.686000049       0.00000000    
  0.687000036       0.00000000    
  0.688000023       0.00000000    
  0.689000010       0.00000000    
  0.690000057       0.00000000    
  0.691000044       0.00000000    
  0.692000031       0.00000000    
  0.693000019       0.00000000    
  0.694000006       0.00000000    
  0.695000052       0.00000000    
  0.696000040       0.00000000    
  0.697000027       0.00000000    
  0.698000014       0.00000000    
  0.699000061       0.00000000    
  0.700000048       0.00000000    
  0.701000035       0.00000000    
  0.702000022       0.00000000    
  0.703000009       0.00000000    
  0.704000056       0.00000000    
  0.705000043       0.00000000    
  0.706000030       0.00000000    
  0.707000017       0.00000000    
  0.708000004       0.00000000    
  0.709000051       0.00000000    
  0.710000038       0.00000000    
  0.711000025       0.00000000    
  0.712000012       0.00000000    
  0.713000059       0.00000000    
  0.714000046       0.00000000    
  0.715000033       0.00000000    
  0.716000021       0.00000000    
  0.717000008       0.00000000    
  0.718000054       0.00000000    
  0.719000041       0.00000000    
  0.720000029       0.00000000    
  0.721000016       0.00000000    
  0.722000062       0.00000000    
  0.723000050       0.00000000    
  0.724000037       0.00000000    
  0.725000024       0.00000000    
  0.726000011       0.00000000    
  0.727000058       0.00000000    
  0.728000045       0.00000000    
  0.729000032       0.00000000    
  0.730000019       0.00000000    
  0.731000006       0.00000000    
  0.732000053       0.00000000    
  0.733000040       0.00000000    
  0.734000027       0.00000000    
  0.735000014       0.00000000    
  0.736000061       0.00000000    
  0.737000048       0.00000000    
  0.738000035       0.00000000    
  0.739000022       5.60519386E-45
  0.740000010       2.80259693E-44
  0.741000056       1.66754517E-43
  0.742000043       9.54284254E-43
  0.743000031       5.31512508E-42
  0.744000018       2.86845796E-41
  0.745000064       1.50115499E-40
  0.746000051       7.62631466E-40
  0.747000039       3.76149986E-39
  0.748000026       1.80271694E-38
  0.749000013       8.39921820E-38
  0.750000060       3.80628043E-37
  0.751000047       1.67888560E-36
  0.752000034       7.20918833E-36
  0.753000021       3.01570034E-35
  0.754000008       1.22948869E-34
  0.755000055       4.88796954E-34
  0.756000042       1.89605549E-33
  0.757000029       7.17770810E-33
  0.758000016       2.65338227E-32
  0.759000063       9.58194522E-32
  0.760000050       3.38211072E-31
  0.761000037       1.16712126E-30
  0.762000024       3.93978950E-30
  0.763000011       1.30144295E-29
  0.764000058       4.20871695E-29
  0.765000045       1.33303097E-28
  0.766000032       4.13627737E-28
  0.767000020       1.25795639E-27
  0.768000007       3.75105248E-27
  0.769000053       1.09707680E-26
  0.770000041       3.14854972E-26
  0.771000028       8.86825227E-26
  0.772000015       2.45268466E-25
  0.773000062       6.66248058E-25
  0.774000049       1.77828260E-24
  0.775000036       4.66474200E-24
  0.776000023       1.20300168E-23
  0.777000010       3.05119818E-23
  0.778000057       7.61344112E-23
  0.779000044       1.86951553E-22
  0.780000031       4.51866847E-22
  0.781000018       1.07536963E-21
  0.782000065       2.52066712E-21
  0.783000052       5.82105899E-21
  0.784000039       1.32468783E-20
  0.785000026       2.97150159E-20
  0.786000013       6.57222268E-20
  0.787000060       1.43353735E-19
  0.788000047       3.08483051E-19
  0.789000034       6.54976653E-19
  0.790000021       1.37253076E-18
  0.791000009       2.83936094E-18
  0.792000055       5.80015240E-18
  0.793000042       1.17019455E-17
  0.794000030       2.33225079E-17
  0.795000017       4.59285484E-17
  0.796000063       8.93878965E-17
  0.797000051       1.71981980E-16
  0.798000038       3.27149350E-16
  0.799000025       6.15410835E-16
  0.800000012       1.14509272E-15
  0.801000059       2.10789655E-15
  0.802000046       3.83958764E-15
  0.803000033       6.92174445E-15
  0.804000020       1.23514751E-14
  0.805000067       2.18211137E-14
  0.806000054       3.81766525E-14
  0.807000041       6.61472491E-14
  0.808000028       1.13530645E-13
  0.809000015       1.93051643E-13
  0.810000062       3.25293422E-13
  0.811000049       5.43227247E-13
  0.812000036       8.99202642E-13
  0.813000023       1.47558951E-12
  0.814000010       2.40093232E-12
  0.815000057       3.87404388E-12
  0.816000044       6.20022783E-12
  0.817000031       9.84300749E-12
  0.818000019       1.55029236E-11
  0.819000065       2.42278489E-11
  0.820000052       3.75767160E-11
  0.821000040       5.78411000E-11
  0.822000027       8.83830162E-11
  0.823000014       1.34072115E-10
  0.824000061       2.01938966E-10
  0.825000048       3.02049580E-10
  0.826000035       4.48680176E-10
  0.827000022       6.62009947E-10
  0.828000069       9.70317826E-10
  0.829000056       1.41299117E-09
  0.830000043       2.04442574E-09
  0.831000030       2.93949598E-09
  0.832000017       4.20041157E-09
  0.833000064       5.96577765E-09
  0.834000051       8.42291659E-09
  0.835000038       1.18222889E-08
  0.836000025       1.64981060E-08
  0.837000012       2.28932215E-08
  0.838000059       3.15913482E-08
  0.839000046       4.33564153E-08
  0.840000033       5.91836340E-08
  0.841000021       8.03627742E-08
  0.842000067       1.08555533E-07
  0.843000054       1.45894177E-07
  0.844000041       1.95094643E-07
  0.845000029       2.59603581E-07
  0.846000016       3.43772911E-07
  0.847000062       4.53071266E-07
  0.848000050       5.94348592E-07
  0.849000037       7.76078764E-07
  0.850000024       1.00881198E-06
  0.851000011       1.30552019E-06
  0.852000058       1.68216513E-06
  0.853000045       2.15819864E-06
  0.854000032       2.75728553E-06
  0.855000019       3.50802270E-06
  0.856000066       4.44511261E-06
  0.857000053       5.60999979E-06
  0.858000040       7.05235789E-06
  0.859000027       8.83125904E-06
  0.860000014       1.10169094E-05
  0.861000061       1.36920216E-05
  0.862000048       1.69548566E-05
  0.863000035       2.09188929E-05
  0.864000022       2.57185675E-05
  0.865000069       3.15088364E-05
  0.866000056       3.84714876E-05
  0.867000043       4.68134349E-05
  0.868000031       5.67763018E-05
  0.869000018       6.86343192E-05
  0.870000064       8.27044714E-05
  0.871000051       9.93450958E-05
  0.872000039       1.18964213E-04
  0.873000026       1.42024743E-04
  0.874000013       1.69049250E-04
  0.875000060       2.00621726E-04
  0.876000047       2.37407425E-04
  0.877000034       2.80135166E-04
  0.878000021       3.29630042E-04
  0.879000068       3.86802043E-04
  0.880000055       4.52673528E-04
  0.881000042       5.28343546E-04
  0.882000029       6.15056953E-04
  0.883000016       7.14160444E-04
  0.884000063       8.27141572E-04
  0.885000050       9.55619675E-04
  0.886000037       1.10135076E-03
  0.887000024       1.26626401E-03
  0.888000071       1.45242701E-03
  0.889000058       1.66210020E-03
  0.890000045       1.89769594E-03
  0.891000032       2.16180319E-03
  0.892000020       2.45725666E-03
  0.893000066       2.78699095E-03
  0.894000053       3.15429037E-03
  0.895000041       3.56243132E-03
  0.896000028       4.01510950E-03
  0.897000015       4.51606978E-03
  0.898000062       5.06944396E-03
  0.899000049       5.67942997E-03
  0.900000036       6.35056756E-03
  0.901000023       7.08742859E-03
  0.902000070       7.89507572E-03
  0.903000057       8.77860747E-03
  0.904000044       9.74338502E-03
  0.905000031       1.07948733E-02
  0.906000018       1.19390013E-02
  0.907000065       1.31816147E-02
  0.908000052       1.45291938E-02
  0.909000039       1.59876589E-02
  0.910000026       1.75638683E-02
  0.911000073       1.92642808E-02
  0.912000060       2.10962109E-02
  0.913000047       2.30660737E-02
  0.914000034       2.51814369E-02
  0.915000021       2.74491552E-02
  0.916000068       2.98770387E-02
  0.917000055       3.24722789E-02
  0.918000042       3.52424532E-02
  0.919000030       3.81946117E-02
  0.920000017       4.13371734E-02
  0.921000063       4.46768887E-02
  0.922000051       4.82221991E-02
  0.923000038       5.19796088E-02
  0.924000025       5.59575632E-02
  0.925000072       6.01624809E-02
  0.926000059       6.46031052E-02
  0.927000046       6.92848191E-02
  0.928000033       7.42162019E-02
  0.929000020       7.94027150E-02
  0.930000067       8.48525837E-02
  0.931000054       9.05711427E-02
  0.932000041       9.65656713E-02
  0.933000028      0.102841027    
  0.934000015      0.109404378    
  0.935000062      0.116259530    
  0.936000049      0.123414047    
  0.937000036      0.130869925    
  0.938000023      0.138634473    
  0.939000070      0.146709278    
  0.940000057      0.155101344    
  0.941000044      0.163810566    
  0.942000031      0.172843009    
  0.943000019      0.182199076    
  0.944000065      0.191883668    
  0.945000052      0.201895878    
  0.946000040      0.212239712    
  0.947000027      0.222912893    
  0.948000073      0.233919844    
  0.949000061      0.245257288    
  0.950000048      0.256927967    
  0.951000035      0.268927366    
  0.952000022      0.281259060    
  0.953000069      0.293915659    
  0.954000056      0.306901723    
  0.955000043      0.320207775    
  0.956000030      0.333836943    
  0.957000017      0.347779602    
  0.958000064      0.362038851    
  0.959000051      0.376604170    
  0.960000038      0.391475976    
  0.961000025      0.406642944    
  0.962000072      0.422107786    
  0.963000059      0.437857062    
  0.964000046      0.453890949    
  0.965000033      0.470194519    
  0.966000021      0.486771166    
  0.967000067      0.503603458    
  0.968000054      0.520694554    
  0.969000041      0.538024485    
  0.970000029      0.555596650    
  0.971000075      0.573391438    
  0.972000062      0.591413200    
  0.973000050      0.609639108    
  0.974000037      0.628071845    
  0.975000024      0.646691263    
  0.976000071      0.665498793    
  0.977000058      0.684475303    
  0.978000045      0.703618944    
  0.979000032      0.722910166    
  0.980000019      0.742350161    
  0.981000066      0.761915982    
  0.982000053      0.781612396    
  0.983000040      0.801413178    
  0.984000027      0.821321607    
  0.985000074      0.841314375    
  0.986000061      0.861395240    
  0.987000048      0.881537855    
  0.988000035      0.901747108    
  0.989000022      0.921998501    
  0.990000069      0.942295015    
  0.991000056      0.962614000    
  0.992000043      0.982955992    
  0.993000031       1.00329876    
  0.994000018       1.02364540    
  0.995000064       1.04397166    
  0.996000051       1.06428397    
  0.997000039       1.08455431    
  0.998000026       1.10479116    
  0.999000072       1.12496662    
   1.00000000       1.14509153    
   1.00100005       1.16513336    
   1.00200009       1.18510735    
   1.00300002       1.20498383    
   1.00400007       1.22476780    
   1.00500000       1.24444079    
   1.00600004       1.26400614    
   1.00700009       1.28344142    
   1.00800002       1.30275655    
   1.00900006       1.32192111    
   1.00999999       1.34095144    
   1.01100004       1.35981786    
   1.01200008       1.37853551    
   1.01300001       1.39707673    
   1.01400006       1.41545367    
   1.01500010       1.43364072    
   1.01600003       1.45165277    
   1.01700008       1.46946228    
   1.01800001       1.48708582    
   1.01900005       1.50449371    
   1.02000010       1.52170599    
   1.02100003       1.53869569    
   1.02200007       1.55547583    
   1.02300000       1.57202470    
   1.02400005       1.58835709    
   1.02500010       1.60444832    
   1.02600002       1.62031853    
   1.02700007       1.63593566    
   1.02800000       1.65132606    
   1.02900004       1.66645885    
   1.03000009       1.68135846    
   1.03100002       1.69599521    
   1.03200006       1.71038973    
   1.03299999       1.72452128    
   1.03400004       1.73840559    
   1.03500009       1.75201976    
   1.03600001       1.76538813    
   1.03700006       1.77847993    
   1.03800011       1.79132330    
   1.03900003       1.80389011    
   1.04000008       1.81620216    
   1.04100001       1.82823980    
   1.04200006       1.84002006    
   1.04300010       1.85152423    
   1.04400003       1.86277449    
   1.04500008       1.87374198    
   1.04600000       1.88445950    
   1.04700005       1.89489484    
   1.04800010       1.90507925    
   1.04900002       1.91498566    
   1.05000007       1.92463863    
   1.05100000       1.93401623    
   1.05200005       1.94314206    
   1.05300009       1.95199466    
   1.05400002       1.96059930    
   1.05500007       1.96892977    
   1.05599999       1.97701716    
   1.05700004       1.98483372    
   1.05800009       1.99240887    
   1.05900002       1.99971819    
   1.06000006       2.00678849    
   1.06100011       2.01359701    
   1.06200004       2.02017117    
   1.06300008       2.02648520    
   1.06400001       2.03257084    
   1.06500006       2.03840089    
   1.06600010       2.04400587    
   1.06700003       2.04936218    
   1.06800008       2.05449486    
   1.06900001       2.05938506    
   1.07000005       2.06405807    
   1.07100010       2.06849194    
   1.07200003       2.07271481    
   1.07300007       2.07670259    
   1.07400000       2.08048534    
   1.07500005       2.08403873    
   1.07600009       2.08739209    
   1.07700002       2.09052300    
   1.07800007       2.09345818    
   1.07900000       2.09617639    
   1.08000004       2.09870434    
   1.08100009       2.10102224    
   1.08200002       2.10315657    
   1.08300006       2.10508418    
   1.08400011       2.10683441    
   1.08500004       2.10838532    
   1.08600008       2.10976410    
   1.08700001       2.11094856    
   1.08800006       2.11196756    
   1.08900011       2.11279869    
   1.09000003       2.11346960    
   1.09100008       2.11395907    
   1.09200001       2.11429358    
   1.09300005       2.11445260    
   1.09400010       2.11446309    
   1.09500003       2.11430407    
   1.09600008       2.11400175    
   1.09700000       2.11353636    
   1.09800005       2.11293292    
   1.09900010       2.11217189    
   1.10000002       2.11127996    
   1.10100007       2.11023545    
   1.10200000       2.10906482    
   1.10300004       2.10774827    
   1.10400009       2.10631084    
   1.10500002       2.10473347    
   1.10600007       2.10304093    
   1.10699999       2.10121322    
   1.10800004       2.09927535    
   1.10900009       2.09720874    
   1.11000001       2.09503770    
   1.11100006       2.09274173    
   1.11200011       2.09034705    
   1.11300004       2.08783388    
   1.11400008       2.08522606    
   1.11500001       2.08250427    
   1.11600006       2.07969356    
   1.11700010       2.07677412    
   1.11800003       2.07377028    
   1.11900008       2.07066274    
   1.12000000       2.06747556    
   1.12100005       2.06418943    
   1.12200010       2.06082797    
   1.12300003       2.05737209    
   1.12400007       2.05384612    
   1.12500000       2.05022955    
   1.12600005       2.04654813    
   1.12700009       2.04278088    
   1.12800002       2.03895092    
   1.12900007       2.03504086    
   1.13000000       2.03107285    
   1.13100004       2.02702689    
   1.13200009       2.02292871    
   1.13300002       2.01875663    
   1.13400006       2.01453543    
   1.13500011       2.01024437    
   1.13600004       2.00590801    
   1.13700008       2.00150657    
   1.13800001       1.99706173    
   1.13900006       1.99255562    
   1.14000010       1.98801124    
   1.14100003       1.98340845    
   1.14200008       1.97877002    
   1.14300001       1.97407699    
   1.14400005       1.96935213    
   1.14500010       1.96457624    
   1.14600003       1.95977032    
   1.14700007       1.95491719    
   1.14800000       1.95003700    
   1.14900005       1.94511294    
   1.15000010       1.94016540    
   1.15100002       1.93517590    
   1.15200007       1.93016613    
   1.15300000       1.92511666    
   1.15400004       1.92005038    
   1.15500009       1.91494787    
   1.15600002       1.90982914    
   1.15700006       1.90467799    
   1.15800011       1.89951324    
   1.15900004       1.89431846    
   1.16000009       1.88911259    
   1.16100001       1.88387907    
   1.16200006       1.87863636    
   1.16300011       1.87336850    
   1.16400003       1.86809397    
   1.16500008       1.86279666    
   1.16600001       1.85749352    
   1.16700006       1.85217142    
   1.16800010       1.84684455    
   1.16900003       1.84150052    
   1.17000008       1.83615506    
   1.17100000       1.83079386    
   1.17200005       1.82543206    
   1.17300010       1.82005703    
   1.17400002       1.81468260    
   1.17500007       1.80929720    
   1.17600000       1.80391562    
   1.17700005       1.79852235    
   1.17800009       1.79313529    
   1.17900002       1.78773844    
   1.18000007       1.78234947    
   1.18100011       1.77695346    
   1.18200004       1.77156389    
   1.18300009       1.76616967    
   1.18400002       1.76078439    
   1.18500006       1.75539529    
   1.18600011       1.75001693    
   1.18700004       1.74463618    
   1.18800008       1.73926544    
   1.18900001       1.73389494    
   1.19000006       1.72853637    
   1.19100010       1.72317946    
   1.19200003       1.71783400    
   1.19300008       1.71249104    
   1.19400001       1.70716178    
   1.19500005       1.70183754    
   1.19600010       1.69652545    
   1.19700003       1.69122005    
   1.19800007       1.68592823    
   1.19900000       1.68064356    
   1.20000005       1.67537367    
   1.20100009       1.67011201    
   1.20200002       1.66486585    
   1.20300007       1.65962899    
   1.20400012       1.65440714    
   1.20500004       1.64919674    
   1.20600009       1.64400256    
   1.20700002       1.63881874    
   1.20800006       1.63365400    
   1.20900011       1.62850094    
   1.21000004       1.62336326    
   1.21100008       1.61824012    
   1.21200001       1.61313415    
   1.21300006       1.60804224    
   1.21400011       1.60296941    
   1.21500003       1.59791207    
   1.21600008       1.59287107    
   1.21700001       1.58784699    
   1.21800005       1.58284128    
   1.21900010       1.57785153    
   1.22000003       1.57288051    
   1.22100008       1.56792772    
   1.22200000       1.56299245    
   1.22300005       1.55807543    
   1.22400010       1.55317867    
   1.22500002       1.54829860    
   1.22600007       1.54344094    
   1.22700012       1.53859854    
   1.22800004       1.53377903    
   1.22900009       1.52897727    
   1.23000002       1.52419484    
   1.23100007       1.51943386    
   1.23200011       1.51469159    
   1.23300004       1.50996912    
   1.23400009       1.50526810    
   1.23500001       1.50058734    
   1.23600006       1.49592650    
   1.23700011       1.49128652    
   1.23800004       1.48666799    
   1.23900008       1.48206985    
   1.24000001       1.47749197    
   1.24100006       1.47293508    
   1.24200010       1.46840096    
   1.24300003       1.46388590    
   1.24400008       1.45939434    
   1.24500000       1.45492268    
   1.24600005       1.45047307    
   1.24700010       1.44604504    
   1.24800003       1.44163799    
   1.24900007       1.43725312    
   1.25000000       1.43288994    
   1.25100005       1.42854702    
   1.25200009       1.42422700    
   1.25300002       1.41992760    
   1.25400007       1.41565192    
   1.25500011       1.41139579    
   1.25600004       1.40716350    
   1.25700009       1.40295208    
   1.25800002       1.39876342    
   1.25900006       1.39459610    
   1.26000011       1.39044940    
   1.26100004       1.38632572    
   1.26200008       1.38222361    
   1.26300001       1.37814379    
   1.26400006       1.37408590    
   1.26500010       1.37005019    
   1.26600003       1.36603510    
   1.26700008       1.36204374    
   1.26800001       1.35807157    
   1.26900005       1.35412264    
   1.27000010       1.35019720    
   1.27100003       1.34629059    
   1.27200007       1.34240711    
   1.27300000       1.33854640    
   1.27400005       1.33470571    
   1.27500010       1.33088803    
   1.27600002       1.32709098    
   1.27700007       1.32331622    
   1.27800012       1.31956136    
   1.27900004       1.31583059    
   1.28000009       1.31211913    
   1.28100002       1.30843031    
   1.28200006       1.30476248    
   1.28300011       1.30111682    
   1.28400004       1.29749095    
   1.28500009       1.29388762    
   1.28600001       1.29030466    
   1.28700006       1.28674412    
   1.28800011       1.28320312    
   1.28900003       1.27968407    
   1.29000008       1.27618587    
   1.29100001       1.27270925    
   1.29200006       1.26925099    
   1.29300010       1.26581919    
   1.29400003       1.26239955    
   1.29500008       1.25900781    
   1.29600000       1.25563347    
   1.29700005       1.25228214    
   1.29800010       1.24894810    
   1.29900002       1.24563658    
   1.30000007       1.24234283    
   1.30100012       1.23907113    
   1.30200005       1.23582017    
   1.30300009       1.23259032    
   1.30400002       1.22937584    
   1.30500007       1.22618842    
   1.30600011       1.22301328    
   1.30700004       1.21986496    
   1.30800009       1.21673191    
   1.30900002       1.21362019    
   1.31000006       1.21052825    
   1.31100011       1.20745778    
   1.31200004       1.20439994    
   1.31300008       1.20136786    
   1.31400001       1.19835281    
   1.31500006       1.19535971    
   1.31600010       1.19238293    
   1.31700003       1.18942761    
   1.31800008       1.18648612    
   1.31900001       1.18356764    
   1.32000005       1.18066585    
   1.32100010       1.17778587    
   1.32200003       1.17492223    
   1.32300007       1.17207980    
   1.32400012       1.16925347    
   1.32500005       1.16644788    
   1.32600009       1.16365659    
   1.32700002       1.16088784    
   1.32800007       1.15813255    
   1.32900012       1.15540040    
   1.33000004       1.15268397    
   1.33100009       1.14998746    
   1.33200002       1.14730346    
   1.33300006       1.14464378    
   1.33400011       1.14199483    
   1.33500004       1.13937080    
   1.33600008       1.13675845    
   1.33700001       1.13416898    
   1.33800006       1.13159120    
   1.33900011       1.12903774    
   1.34000003       1.12649488    
   1.34100008       1.12397206    
   1.34200001       1.12146389    
   1.34300005       1.11897564    
   1.34400010       1.11650205    
   1.34500003       1.11404812    
   1.34600008       1.11160910    
   1.34700012       1.10918915    
   1.34800005       1.10677934    
   1.34900010       1.10439360    
   1.35000002       1.10201764    
   1.35100007       1.09966528    
   1.35200012       1.09732211    
   1.35300004       1.09499907    
   1.35400009       1.09269011    
   1.35500002       1.09039950    
   1.35600007       1.08811998    
   1.35700011       1.08586097    
   1.35800004       1.08361566    
   1.35900009       1.08138752    
   1.36000001       1.07917178    
   1.36100006       1.07697821    
   1.36200011       1.07479143    
   1.36300004       1.07262540    
   1.36400008       1.07047367    
   1.36500001       1.06833994    
   1.36600006       1.06621540    
   1.36700010       1.06410873    
   1.36800003       1.06201553    
   1.36900008       1.05994010    
   1.37000012       1.05787790    
   1.37100005       1.05583346    
   1.37200010       1.05379772    
   1.37300003       1.05177963    
   1.37400007       1.04977453    
   1.37500012       1.04778671    
   1.37600005       1.04581189    
   1.37700009       1.04385436    
   1.37800002       1.04190516    
   1.37900007       1.03997338    
   1.38000011       1.03805411    
   1.38100004       1.03615165    
   1.38200009       1.03425777    
   1.38300002       1.03238487    
   1.38400006       1.03051960    
   1.38500011       1.02867222    
   1.38600004       1.02683222    
   1.38700008       1.02501345    
   1.38800001       1.02320218    
   1.38900006       1.02140760    
   1.39000010       1.01962507    
   1.39100003       1.01785886    
   1.39200008       1.01610053    
   1.39300001       1.01435828    
   1.39400005       1.01262820    
   1.39500010       1.01091397    
   1.39600003       1.00920701    
   1.39700007       1.00751662    
   1.39800012       1.00583744    
   1.39900005       1.00417376    
   1.40000010       1.00251842    
   1.40100002       1.00087857    
   1.40200007      0.999249220    
   1.40300012      0.997632802    
   1.40400004      0.996028543    
   1.40500009      0.994440854    
   1.40600002      0.992857575    
   1.40700006      0.991293907    
   1.40800011      0.989737093    
   1.40900004      0.988195658    
   1.41000009      0.986661017    
   1.41100001      0.985145867    
   1.41200006      0.983636737    
   1.41300011      0.982142866    
   1.41400003      0.980656683    
   1.41500008      0.979185283    
   1.41600001      0.977723241    
   1.41700006      0.976273775    
   1.41800010      0.974833965    
   1.41900003      0.973408878    
   1.42000008      0.971993744    
   1.42100012      0.970590532    
   1.42200005      0.969196379    
   1.42300010      0.967816710    
   1.42400002      0.966442406    
   1.42500007      0.965086699    
   1.42600012      0.963734329    
   1.42700005      0.962396264    
   1.42800009      0.961068630    
   1.42900002      0.959754884    
   1.43000007      0.958446860    
   1.43100011      0.957153738    
   1.43200004      0.955866098    
   1.43300009      0.954592586    
   1.43400002      0.953328788    
   1.43500006      0.952077270    
   1.43600011      0.950830877    
   1.43700004      0.949600458    
   1.43800008      0.948376000    
   1.43900001      0.947165072    
   1.44000006      0.945962369    
   1.44100010      0.944772065    
   1.44200003      0.943587363    
   1.44300008      0.942417145    
   1.44400012      0.941253901    
   1.44500005      0.940104008    
   1.44600010      0.938958943    
   1.44700003      0.937828541    
   1.44800007      0.936702788    
   1.44900012      0.935590208    
   1.45000005      0.934483707    
   1.45100009      0.933392525    
   1.45200002      0.932303965    
   1.45300007      0.931231558    
   1.45400012      0.930163860    
   1.45500004      0.929109335    
   1.45600009      0.928057611    
   1.45700002      0.927021563    
   1.45800006      0.925990403    
   1.45900011      0.924972057    
   1.46000004      0.923959374    
   1.46100008      0.922961771    
   1.46200001      0.921965718    
   1.46300006      0.920982480    
   1.46400011      0.920006156    
   1.46500003      0.919041753    
   1.46600008      0.918081820    
   1.46700013      0.917135358    
   1.46800005      0.916193485    
   1.46900010      0.915263236    
   1.47000003      0.914339602    
   1.47100008      0.913428605    
   1.47200012      0.912518084    
   1.47300005      0.911623716    
   1.47400010      0.910733640    
   1.47500002      0.909855843    
   1.47600007      0.908979356    
   1.47700012      0.908117175    
   1.47800004      0.907260001    
   1.47900009      0.906414926    
   1.48000002      0.905574143    
   1.48100007      0.904745340    
   1.48200011      0.903920293    
   1.48300004      0.903107584    
   1.48400009      0.902298212    
   1.48500001      0.901502013    
   1.48600006      0.900706887    
   1.48700011      0.899927974    
   1.48800004      0.899146974    
   1.48900008      0.898381531    
   1.49000013      0.897619903    
   1.49100006      0.896869838    
   1.49200010      0.896123886    
   1.49300003      0.895389378    
   1.49400008      0.894656897    
   1.49500012      0.893938184    
   1.49600005      0.893220007    
   1.49700010      0.892516017    
   1.49800003      0.891814053    
   1.49900007      0.891122878    
   1.50000012      0.890437484    
   1.50100005      0.889763296    
   1.50200009      0.889089167    
   1.50300002      0.888429821    
   1.50400007      0.887770414    
   1.50500011      0.887125790    
   1.50600004      0.886480808    
   1.50700009      0.885847390    
   1.50800002      0.885217071    
   1.50900006      0.884601653    
   1.51000011      0.883984447    
   1.51100004      0.883380949    
   1.51200008      0.882778406    
   1.51300013      0.882188976    
   1.51400006      0.881598532    
   1.51500010      0.881021738    
   1.51600003      0.880448461    
   1.51700008      0.879886329    
   1.51800013      0.879323542    
   1.51900005      0.878775060    
   1.52000010      0.878226161    
   1.52100003      0.877688050    
   1.52200007      0.877153099    
   1.52300012      0.876632333    
   1.52400005      0.876107335    
   1.52500010      0.875596762    
   1.52600002      0.875088871    
   1.52700007      0.874591708    
   1.52800012      0.874093831    
   1.52900004      0.873610139    
   1.53000009      0.873125732    
   1.53100002      0.872655451    
   1.53200006      0.872182369    
   1.53300011      0.871723592    
   1.53400004      0.871263087    
   1.53500009      0.870814681    
   1.53600001      0.870369911    
   1.53700006      0.869935572    
   1.53800011      0.869500160    
   1.53900003      0.869075179    
   1.54000008      0.868652999    
   1.54100013      0.868240952    
   1.54200006      0.867831469    
   1.54300010      0.867432237    
   1.54400003      0.867032349    
   1.54500008      0.866645634    
   1.54600012      0.866258144    
   1.54700005      0.865880549    
   1.54800010      0.865505815    
   1.54900002      0.865140975    
   1.55000007      0.864777982    
   1.55100012      0.864422679    
   1.55200005      0.864071369    
   1.55300009      0.863729477    
   1.55400002      0.863388240    
   1.55500007      0.863057196    
   1.55600011      0.862725139    
   1.55700004      0.862405896    
   1.55800009      0.862085879    
   1.55900002      0.861779153    
   1.56000006      0.861468196    
   1.56100011      0.861169457    
   1.56200004      0.860873520    
   1.56300008      0.860587299    
   1.56400013      0.860298216    
   1.56500006      0.860022426    
   1.56600010      0.859744608    
   1.56700003      0.859477520    
   1.56800008      0.859212995    
   1.56900012      0.858956337    
   1.57000005      0.858701050    
   1.57100010      0.858455122    
   1.57200003      0.858210385    
   1.57300007      0.857973874    
   1.57400012      0.857739151    
   1.57500005      0.857515752    
   1.57600009      0.857288301    
   1.57700002      0.857073724    
   1.57800007      0.856858611    
   1.57900012      0.856654704    
   1.58000004      0.856448770    
   1.58100009      0.856254995    
   1.58200002      0.856058300    
   1.58300006      0.855874360    
   1.58400011      0.855685651    
   1.58500004      0.855511665    
   1.58600008      0.855335295    
   1.58700013      0.855170250    
   1.58800006      0.855001152    
   1.58900011      0.854846895    
   1.59000003      0.854688108    
   1.59100008      0.854542017    
   1.59200013      0.854393303    
   1.59300005      0.854255557    
   1.59400010      0.854115427    
   1.59500003      0.853987813    
   1.59600008      0.853858531    
   1.59700012      0.853738308    
   1.59800005      0.853618801    
   1.59900010      0.853507042    
   1.60000002      0.853396058    
   1.60100007      0.853296161    
   1.60200012      0.853193700    
   1.60300004      0.853102326    
   1.60400009      0.853006423    
   1.60500002      0.852925181    
   1.60600007      0.852839410    
   1.60700011      0.852763832    
   1.60800004      0.852687180    
   1.60900009      0.852620840    
   1.61000013      0.852553666    
   1.61100006      0.852496743    
   1.61200011      0.852437973    
   1.61300004      0.852390289    
   1.61400008      0.852338552    
   1.61500013      0.852297843    
   1.61600006      0.852255464    
   1.61700010      0.852222502    
   1.61800003      0.852189124    
   1.61900008      0.852165878    
   1.62000012      0.852141321    
   1.62100005      0.852123559    
   1.62200010      0.852107346    
   1.62300003      0.852099597    
   1.62400007      0.852090120    
   1.62500012      0.852092683    
   1.62600005      0.852089822    
   1.62700009      0.852099061    
   1.62800002      0.852106392    
   1.62900007      0.852122128    
   1.63000011      0.852136910    
   1.63100004      0.852161944    
   1.63200009      0.852184653    
   1.63300014      0.852218270    
   1.63400006      0.852247179    
   1.63500011      0.852287650    
   1.63600004      0.852324605    
   1.63700008      0.852373481    
   1.63800013      0.852418840    
   1.63900006      0.852475524    
   1.64000010      0.852527976    
   1.64100003      0.852590382    
   1.64200008      0.852650642    
   1.64300013      0.852721393    
   1.64400005      0.852790654    
   1.64500010      0.852868438    
   1.64600003      0.852944016    
   1.64700007      0.853028059    
   1.64800012      0.853111863    
   1.64900005      0.853203475    
   1.65000010      0.853295088    
   1.65100002      0.853394866    
   1.65200007      0.853492558    
   1.65300012      0.853598475    
   1.65400004      0.853702843    
   1.65500009      0.853817821    
   1.65600014      0.853929400    
   1.65700006      0.854049265    
   1.65800011      0.854168773    
   1.65900004      0.854297161    
   1.66000009      0.854422748    
   1.66100013      0.854559660    
   1.66200006      0.854691029    
   1.66300011      0.854834080    
   1.66400003      0.854973018    
   1.66500008      0.855122089    
   1.66600013      0.855268419    
   1.66700006      0.855423629    
   1.66800010      0.855577171    
   1.66900003      0.855738699    
   1.67000008      0.855899215    
   1.67100012      0.856068850    
   1.67200005      0.856234789    
   1.67300010      0.856410563    
   1.67400002      0.856584072    
   1.67500007      0.856765568    
   1.67600012      0.856946409    
   1.67700005      0.857135534    
   1.67800009      0.857321739    
   1.67900014      0.857516825    
   1.68000007      0.857709229    
   1.68100011      0.857911289    
   1.68200004      0.858110905    
   1.68300009      0.858318686    
   1.68400013      0.858524144    
   1.68500006      0.858739138    
   1.68600011      0.858950138    
   1.68700004      0.859170675    
   1.68800008      0.859388947    
   1.68900013      0.859616876    
   1.69000006      0.859840631    
   1.69100010      0.860074043    
   1.69200003      0.860304892    
   1.69300008      0.860543966    
   1.69400012      0.860780597    
   1.69500005      0.861026347    
   1.69600010      0.861268640    
   1.69700003      0.861520112    
   1.69800007      0.861769259    
   1.69900012      0.862026215    
   1.70000005      0.862280905    
   1.70100009      0.862544835    
   1.70200002      0.862805665    
   1.70300007      0.863074124    
   1.70400012      0.863341093    
   1.70500004      0.863616467    
   1.70600009      0.863889694    
   1.70700014      0.864169896    
   1.70800006      0.864449084    
   1.70900011      0.864735901    
   1.71000004      0.865019321    
   1.71100008      0.865311503    
   1.71200013      0.865602612    
   1.71300006      0.865900576    
   1.71400011      0.866195738    
   1.71500003      0.866500199    
   1.71600008      0.866801858    
   1.71700013      0.867110670    
   1.71800005      0.867417753    
   1.71900010      0.867733240    
   1.72000003      0.868046045    
   1.72100008      0.868366182    
   1.72200012      0.868684590    
   1.72300005      0.869010389    
   1.72400010      0.869334579    
   1.72500002      0.869665802    
   1.72600007      0.869994760    
   1.72700012      0.870331287    
   1.72800004      0.870666504    
   1.72900009      0.871009409    
   1.73000014      0.871348917    
   1.73100007      0.871695995    
   1.73200011      0.872042060    
   1.73300004      0.872394264    
   1.73400009      0.872745514    
   1.73500013      0.873104274    
   1.73600006      0.873460293    
   1.73700011      0.873824179    
   1.73800004      0.874185205    
   1.73900008      0.874554098    
   1.74000013      0.874920189    
   1.74100006      0.875293732    
   1.74200010      0.875665665    
   1.74300003      0.876045108    
   1.74400008      0.876421213    
   1.74500012      0.876806080    
   1.74600005      0.877187610    
   1.74700010      0.877576888    
   1.74800003      0.877964258    
   1.74900007      0.878358662    
   1.75000012      0.878750145    
   1.75100005      0.879149318    
   1.75200009      0.879546523    
   1.75300014      0.879950881    
   1.75400007      0.880352855    
   1.75500011      0.880762100    
   1.75600004      0.881169260    
   1.75700009      0.881584287    
   1.75800014      0.881995797    
   1.75900006      0.882414758    
   1.76000011      0.882831097    
   1.76100004      0.883256018    
   1.76200008      0.883677125    
   1.76300013      0.884105384    
   1.76400006      0.884532571    
   1.76500010      0.884965718    
   1.76600003      0.885397553    
   1.76700008      0.885834455    
   1.76800013      0.886271954    
   1.76900005      0.886713862    
   1.77000010      0.887155712    
   1.77100003      0.887602985    
   1.77200007      0.888048887    
   1.77300012      0.888500631    
   1.77400005      0.888951242    
   1.77500010      0.889407635    
   1.77600014      0.889862955    
   1.77700007      0.890323818    
   1.77800012      0.890784979    
   1.77900004      0.891249299    
   1.78000009      0.891715169    
   1.78100014      0.892185450    
   1.78200006      0.892654419    
   1.78300011      0.893129170    
   1.78400004      0.893602669    
   1.78500009      0.894081950    
   1.78600013      0.894560754    
   1.78700006      0.895043790    
   1.78800011      0.895527720    
   1.78900003      0.896014690    
   1.79000008      0.896503270    
   1.79100013      0.896994650    
   1.79200006      0.897487700    
   1.79300010      0.897983551    
   1.79400003      0.898480892    
   1.79500008      0.898981392    
   1.79600012      0.899482369    
   1.79700005      0.899988174    
   1.79800010      0.900493264    
   1.79900014      0.901003838    
   1.80000007      0.901513159    
   1.80100012      0.902026832    
   1.80200005      0.902540684    
   1.80300009      0.903058827    
   1.80400014      0.903577089    
   1.80500007      0.904100776    
   1.80600011      0.904622674    
   1.80700004      0.905150115    
   1.80800009      0.905675828    
   1.80900013      0.906206965    
   1.81000006      0.906738043    
   1.81100011      0.907273471    
   1.81200004      0.907809079    
   1.81300008      0.908348441    
   1.81400013      0.908887446    
   1.81500006      0.909431577    
   1.81600010      0.909974515    
   1.81700003      0.910522819    
   1.81800008      0.911069989    
   1.81900012      0.911621213    
   1.82000005      0.912173510    
   1.82100010      0.912729681    
   1.82200015      0.913285375    
   1.82300007      0.913845062    
   1.82400012      0.914405167    
   1.82500005      0.914969087    
   1.82600009      0.915533125    
   1.82700014      0.916101158    
   1.82800007      0.916668653    
   1.82900012      0.917241096    
   1.83000004      0.917812347    
   1.83100009      0.918389022    
   1.83200014      0.918964386    
   1.83300006      0.919543982    
   1.83400011      0.920123935    
   1.83500004      0.920708597    
   1.83600008      0.921291947    
   1.83700013      0.921880245    
   1.83800006      0.922466695    
   1.83900011      0.923058569    
   1.84000003      0.923650503    
   1.84100008      0.924245358    
   1.84200013      0.924841285    
   1.84300005      0.925440371    
   1.84400010      0.926039457    
   1.84500003      0.926642835    
   1.84600008      0.927245438    
   1.84700012      0.927852333    
   1.84800005      0.928459704    
   1.84900010      0.929070711    
   1.85000014      0.929680645    
   1.85100007      0.930295825    
   1.85200012      0.930909753    
   1.85300004      0.931527495    
   1.85400009      0.932145894    
   1.85500014      0.932768583    
   1.85600007      0.933389246    
   1.85700011      0.934015751    
   1.85800004      0.934640467    
   1.85900009      0.935270369    
   1.86000013      0.935898542    
   1.86100006      0.936532021    
   1.86200011      0.937163889    
   1.86300004      0.937801301    
   1.86400008      0.938436627    
   1.86500013      0.939077258    
   1.86600006      0.939716399    
   1.86700010      0.940360665    
   1.86800003      0.941003323    
   1.86900008      0.941650987    
   1.87000012      0.942297280    
   1.87100005      0.942948520    
   1.87200010      0.943597853    
   1.87300014      0.944252849    
   1.87400007      0.944905758    
   1.87500012      0.945563495    
   1.87600005      0.946219921    
   1.87700009      0.946881413    
   1.87800014      0.947541296    
   1.87900007      0.948206067    
   1.88000011      0.948869109    
   1.88100004      0.949537039    
   1.88200009      0.950203598    
   1.88300014      0.950874865    
   1.88400006      0.951544404    
   1.88500011      0.952219069    
   1.88600004      0.952891648    
   1.88700008      0.953569472    
   1.88800013      0.954244971    
   1.88900006      0.954926014    
   1.89000010      0.955604851    
   1.89100003      0.956288636    
   1.89200008      0.956970930    
   1.89300013      0.957657814    
   1.89400005      0.958342850    
   1.89500010      0.959032655    
   1.89600015      0.959720433    
   1.89700007      0.960413218    
   1.89800012      0.961103976    
   1.89900005      0.961799622    
   1.90000010      0.962493241    
   1.90100014      0.963191330    
   1.90200007      0.963887572    
   1.90300012      0.964588761    
   1.90400004      0.965287805    
   1.90500009      0.965991497    
   1.90600014      0.966693223    
   1.90700006      0.967399240    
   1.90800011      0.968103170    
   1.90900004      0.968811989    
   1.91000009      0.969518423    
   1.91100013      0.970229924    
   1.91200006      0.970938861    
   1.91300011      0.971652150    
   1.91400003      0.972363234    
   1.91500008      0.973078847    
   1.91600013      0.973792076    
   1.91700006      0.974510014    
   1.91800010      0.975225508    
   1.91900015      0.975945234    
   1.92000008      0.976662695    
   1.92100012      0.977384329    
   1.92200005      0.978103697    
   1.92300010      0.978827357    
   1.92400014      0.979548335    
   1.92500007      0.980273724    
   1.92600012      0.980996192    
   1.92700005      0.981723249    
   1.92800009      0.982447326    
   1.92900014      0.983175933    
   1.93000007      0.983901441    
   1.93100011      0.984631300    
   1.93200004      0.985358119    
   1.93300009      0.986089230    
   1.93400013      0.986817300    
   1.93500006      0.987549484    
   1.93600011      0.988278568    
   1.93700004      0.989011645    
   1.93800008      0.989741802    
   1.93900013      0.990475595    
   1.94000006      0.991206408    
   1.94100010      0.991940975    
   1.94200015      0.992672443    
   1.94300008      0.993407547    
   1.94400012      0.994139493    
   1.94500005      0.994874954    
   1.94600010      0.995606959    
   1.94700015      0.996342719    
   1.94800007      0.997075140    
   1.94900012      0.997810841    
   1.95000005      0.998543262    
   1.95100009      0.999278843    
   1.95200014       1.00001109    
   1.95300007       1.00074637    
   1.95400012       1.00147820    
   1.95500004       1.00221312    
   1.95600009       1.00294435    
   1.95700014       1.00367880    
   1.95800006       1.00440931    
   1.95900011       1.00514281    
   1.96000004       1.00587237    
   1.96100008       1.00660503    
   1.96200013       1.00733352    
   1.96300006       1.00806487    
   1.96400011       1.00879216    
   1.96500015       1.00952220    
   1.96600008       1.01024806    
   1.96700013       1.01097655    
   1.96800005       1.01170075    
   1.96900010       1.01242733    
   1.97000015       1.01314974    
   1.97100008       1.01387453    
   1.97200012       1.01459467    
   1.97300005       1.01531744    
   1.97400010       1.01603544    
   1.97500014       1.01675570    
   1.97600007       1.01747131    
   1.97700012       1.01818883    
   1.97800004       1.01890194    
   1.97900009       1.01961672    
   1.98000014       1.02032673    
   1.98100007       1.02103865    
   1.98200011       1.02174568    
   1.98300004       1.02245438    
   1.98400009       1.02315807    
   1.98500013       1.02386332    
   1.98600006       1.02456343    
   1.98700011       1.02526522    
   1.98800004       1.02596164    
   1.98900008       1.02665949    
   1.99000013       1.02735198    
   1.99100006       1.02804577    
   1.99200010       1.02873421    
   1.99300015       1.02942371    
   1.99400008       1.03010762    
   1.99500012       1.03079271    
   1.99600005       1.03147221    
   1.99700010       1.03215253    
   1.99800014       1.03282726    
   1.99900007       1.03350270    
   2.00000000       1.03417242    
   2.00100017       1.03484273    
   2.00200009       1.03550708    
   2.00300002       1.03617215    
   2.00400019       1.03683114    
   2.00500011       1.03749049    
   2.00600004       1.03814399    
   2.00700021       1.03879774    
   2.00800014       1.03944516    
   2.00900006       1.04009306    
   2.00999999       1.04073441    
   2.01100016       1.04137599    
   2.01200008       1.04201114    
   2.01300001       1.04264641    
   2.01400018       1.04327512    
   2.01500010       1.04390383    
   2.01600003       1.04452586    
   2.01700020       1.04514778    
   2.01800013       1.04576290    
   2.01900005       1.04637778    
   2.01999998       1.04698610    
   2.02100015       1.04759371    
   2.02200007       1.04819477    
   2.02300000       1.04879510    
   2.02400017       1.04938853    
   2.02500010       1.04998136    
   2.02600002       1.05056727    
   2.02700019       1.05115247    
   2.02800012       1.05173063    
   2.02900004       1.05230772    
   2.03000021       1.05287778    
   2.03100014       1.05344689    
   2.03200006       1.05400896    
   2.03299999       1.05456984    
   2.03400016       1.05512345    
   2.03500009       1.05567586    
   2.03600001       1.05622101    
   2.03700018       1.05676484    
   2.03800011       1.05730140    
   2.03900003       1.05783653    
   2.04000020       1.05836427    
   2.04100013       1.05889046    
   2.04200006       1.05940926    
   2.04299998       1.05992639    
   2.04400015       1.06043625    
   2.04500008       1.06094420    
   2.04600000       1.06144464    
   2.04700017       1.06194341    
   2.04800010       1.06243443    
   2.04900002       1.06292367    
   2.05000019       1.06340528    
   2.05100012       1.06388485    
   2.05200005       1.06435680    
   2.05300021       1.06482673    
   2.05400014       1.06528890    
   2.05500007       1.06574905    
   2.05599999       1.06620133    
   2.05700016       1.06665158    
   2.05800009       1.06709397    
   2.05900002       1.06753409    
   2.06000018       1.06796634    
   2.06100011       1.06839621    
   2.06200004       1.06881857    
   2.06300020       1.06923819    
   2.06400013       1.06965005    
   2.06500006       1.07005954    
   2.06599998       1.07046103    
   2.06700015       1.07086003    
   2.06800008       1.07125115    
   2.06900001       1.07163966    
   2.07000017       1.07202029    
   2.07100010       1.07239830    
   2.07200003       1.07276845    
   2.07300019       1.07313561    
   2.07400012       1.07349491    
   2.07500005       1.07385182    
   2.07600021       1.07420039    
   2.07700014       1.07454658    
   2.07800007       1.07488430    
   2.07900000       1.07521963    
   2.08000016       1.07554674    
   2.08100009       1.07587111    
   2.08200002       1.07618749    
   2.08300018       1.07650101    
   2.08400011       1.07680631    
   2.08500004       1.07710898    
   2.08600020       1.07740366    
   2.08700013       1.07769537    
   2.08800006       1.07797897    
   2.08899999       1.07825983    
   2.09000015       1.07853258    
   2.09100008       1.07880235    
   2.09200001       1.07906413    
   2.09300017       1.07932305    
   2.09400010       1.07957387    
   2.09500003       1.07982183    
   2.09600019       1.08006167    
   2.09700012       1.08029878    
   2.09800005       1.08052754    
   2.09900022       1.08075368    
   2.10000014       1.08097148    
   2.10100007       1.08118665    
   2.10200000       1.08139396    
   2.10300016       1.08159816    
   2.10400009       1.08179426    
   2.10500002       1.08198762    
   2.10600019       1.08217287    
   2.10700011       1.08235538    
   2.10800004       1.08252978    
   2.10900021       1.08270133    
   2.11000013       1.08286500    
   2.11100006       1.08302593    
   2.11199999       1.08317876    
   2.11300015       1.08332884    
   2.11400008       1.08347094    
   2.11500001       1.08361030    
   2.11600018       1.08374178    
   2.11700010       1.08387053    
   2.11800003       1.08399141    
   2.11900020       1.08410966    
   2.12000012       1.08421993    
   2.12100005       1.08432734    
   2.12200022       1.08442724    
   2.12300014       1.08452439    
   2.12400007       1.08461368    
   2.12500000       1.08470047    
   2.12600017       1.08477950    
   2.12700009       1.08485568    
   2.12800002       1.08492458    
   2.12900019       1.08499062    
   2.13000011       1.08504903    
   2.13100004       1.08510506    
   2.13200021       1.08515334    
   2.13300014       1.08519936    
   2.13400006       1.08523762    
   2.13499999       1.08527339    
   2.13600016       1.08530164    
   2.13700008       1.08532763    
   2.13800001       1.08534610    
   2.13900018       1.08536220    
   2.14000010       1.08537102    
   2.14100003       1.08537722    
   2.14200020       1.08537626    
   2.14300013       1.08537281    
   2.14400005       1.08536243    
   2.14500022       1.08534944    
   2.14600015       1.08532953    
   2.14700007       1.08530724    
   2.14800000       1.08527792    
   2.14900017       1.08524621    
   2.15000010       1.08520758    
   2.15100002       1.08516681    
   2.15200019       1.08511901    
   2.15300012       1.08506894    
   2.15400004       1.08501208    
   2.15500021       1.08495319    
   2.15600014       1.08488750    
   2.15700006       1.08481979    
   2.15799999       1.08474529    
   2.15900016       1.08466852    
   2.16000009       1.08458531    
   2.16100001       1.08450007    
   2.16200018       1.08440840    
   2.16300011       1.08431458    
   2.16400003       1.08421433    
   2.16500020       1.08411217    
   2.16600013       1.08400357    
   2.16700006       1.08389306    
   2.16800022       1.08377659    
   2.16900015       1.08365810    
   2.17000008       1.08353317    
   2.17100000       1.08340633    
   2.17200017       1.08327365    
   2.17300010       1.08313942    
   2.17400002       1.08299875    
   2.17500019       1.08285666    
   2.17600012       1.08270824    
   2.17700005       1.08255816    
   2.17800021       1.08240259    
   2.17900014       1.08224499    
   2.18000007       1.08208203    
   2.18099999       1.08191717    
   2.18200016       1.08174694    
   2.18300009       1.08157456    
   2.18400002       1.08139718    
   2.18500018       1.08121812    
   2.18600011       1.08103359    
   2.18700004       1.08084774    
   2.18800020       1.08065605    
   2.18900013       1.08046317    
   2.19000006       1.08026493    
   2.19100022       1.08006537    
   2.19200015       1.07986045    
   2.19300008       1.07965434    
   2.19400001       1.07944286    
   2.19500017       1.07923055    
   2.19600010       1.07901275    
   2.19700003       1.07879412    
   2.19800019       1.07857001    
   2.19900012       1.07834518    
   2.20000005       1.07811499    
   2.20100021       1.07788432    
   2.20200014       1.07764828    
   2.20300007       1.07741153    
   2.20400000       1.07716966    
   2.20500016       1.07692719    
   2.20600009       1.07667971    
   2.20700002       1.07643175    
   2.20800018       1.07617867    
   2.20900011       1.07592523    
   2.21000004       1.07566679    
   2.21100020       1.07540798    
   2.21200013       1.07514417    
   2.21300006       1.07488012    
   2.21399999       1.07461143    
   2.21500015       1.07434237    
   2.21600008       1.07406855    
   2.21700001       1.07379460    
   2.21800017       1.07351589    
   2.21900010       1.07323706    
   2.22000003       1.07295370    
   2.22100019       1.07267034    
   2.22200012       1.07238233    
   2.22300005       1.07209432    
   2.22400022       1.07180202    
   2.22500014       1.07150948    
   2.22600007       1.07121277    
   2.22700000       1.07091630    
   2.22800016       1.07061529    
   2.22900009       1.07031453    
   2.23000002       1.07000947    
   2.23100019       1.06970465    
   2.23200011       1.06939578    
   2.23300004       1.06908703    
   2.23400021       1.06877434    
   2.23500013       1.06846189    
   2.23600006       1.06814539    
   2.23699999       1.06782937    
   2.23800015       1.06750941    
   2.23900008       1.06718981    
   2.24000001       1.06686652    
   2.24100018       1.06654358    
   2.24200010       1.06621683    
   2.24300003       1.06589043    
   2.24400020       1.06556058    
   2.24500012       1.06523120    
   2.24600005       1.06489825    
   2.24700022       1.06456590    
   2.24800014       1.06422997    
   2.24900007       1.06389475    
   2.25000000       1.06355596    
   2.25100017       1.06321788    
   2.25200009       1.06287646    
   2.25300002       1.06253576    
   2.25400019       1.06219172    
   2.25500011       1.06184840    
   2.25600004       1.06150186    
   2.25700021       1.06115615    
   2.25800014       1.06080723    
   2.25900006       1.06045914    
   2.25999999       1.06010807    
   2.26100016       1.05975807    
   2.26200008       1.05940461    
   2.26300001       1.05905223    
   2.26400018       1.05869710    
   2.26500010       1.05834270    
   2.26600003       1.05798554    
   2.26700020       1.05762923    
   2.26800013       1.05727017    
   2.26900005       1.05691218    
   2.27000022       1.05655158    
   2.27100015       1.05619180    
   2.27200007       1.05582941    
   2.27300000       1.05546820    
   2.27400017       1.05510437    
   2.27500010       1.05474174    
   2.27600002       1.05437648    
   2.27700019       1.05401254    
   2.27800012       1.05364609    
   2.27900004       1.05328071    
   2.28000021       1.05291295    
   2.28100014       1.05254650    
   2.28200006       1.05217767    
   2.28299999       1.05181015    
   2.28400016       1.05144036    
   2.28500009       1.05107176    
   2.28600001       1.05070114    
   2.28700018       1.05033171    
   2.28800011       1.04996002    
   2.28900003       1.04958987    
   2.29000020       1.04921758    
   2.29100013       1.04884660    
   2.29200006       1.04847383    
   2.29300022       1.04810238    
   2.29400015       1.04772878    
   2.29500008       1.04735684    
   2.29600000       1.04698288    
   2.29700017       1.04661059    
   2.29800010       1.04623616    
   2.29900002       1.04586363    
   2.30000019       1.04548883    
   2.30100012       1.04511571    
   2.30200005       1.04474103    
   2.30300021       1.04436791    
   2.30400014       1.04399276    
   2.30500007       1.04361963    
   2.30599999       1.04324448    
   2.30700016       1.04287136    
   2.30800009       1.04249632    
   2.30900002       1.04212320    
   2.31000018       1.04174829    
   2.31100011       1.04137528    
   2.31200004       1.04100049    
   2.31300020       1.04062772    
   2.31400013       1.04025316    
   2.31500006       1.03988063    
   2.31600022       1.03950655    
   2.31700015       1.03913450    
   2.31800008       1.03876078    
   2.31900001       1.03838909    
   2.32000017       1.03801584    
   2.32100010       1.03764462    
   2.32200003       1.03727174    
   2.32300019       1.03690124    
   2.32400012       1.03652906    
   2.32500005       1.03615916    
   2.32600021       1.03578770    
   2.32700014       1.03541851    
   2.32800007       1.03504777    
   2.32900000       1.03467929    
   2.33000016       1.03430939    
   2.33100009       1.03394175    
   2.33200002       1.03357279    
   2.33300018       1.03320599    
   2.33400011       1.03283787    
   2.33500004       1.03247213    
   2.33600020       1.03210497    
   2.33700013       1.03174007    
   2.33800006       1.03137410    
   2.33900023       1.03101039    
   2.34000015       1.03064549    
   2.34100008       1.03028286    
   2.34200001       1.02991915    
   2.34300017       1.02955770    
   2.34400010       1.02919507    
   2.34500003       1.02883506    
   2.34600019       1.02847385    
   2.34700012       1.02811491    
   2.34800005       1.02775490    
   2.34900022       1.02739751    
   2.35000014       1.02703881    
   2.35100007       1.02668273    
   2.35200000       1.02632570    
   2.35300016       1.02597094    
   2.35400009       1.02561545    
   2.35500002       1.02526200    
   2.35600019       1.02490795    
   2.35700011       1.02455628    
   2.35800004       1.02420378    
   2.35900021       1.02385378    
   2.36000013       1.02350283    
   2.36100006       1.02315438    
   2.36200023       1.02280509    
   2.36300015       1.02245831    
   2.36400008       1.02211058    
   2.36500001       1.02176583    
   2.36600018       1.02142000    
   2.36700010       1.02107668    
   2.36800003       1.02073252    
   2.36900020       1.02039111    
   2.37000012       1.02004886    
   2.37100005       1.01970923    
   2.37200022       1.01936877    
   2.37300014       1.01903117    
   2.37400007       1.01869249    
   2.37500000       1.01835668    
   2.37600017       1.01802015    
   2.37700009       1.01768637    
   2.37800002       1.01735187    
   2.37900019       1.01701987    
   2.38000011       1.01668739    
   2.38100004       1.01635754    
   2.38200021       1.01602697    
   2.38300014       1.01569915    
   2.38400006       1.01537073    
   2.38500023       1.01504493    
   2.38600016       1.01471865    
   2.38700008       1.01439500    
   2.38800001       1.01407063    
   2.38900018       1.01374936    
   2.39000010       1.01342726    
   2.39100003       1.01310802    
   2.39200020       1.01278818    
   2.39300013       1.01247108    
   2.39400005       1.01215351    
   2.39500022       1.01183856    
   2.39600015       1.01152325    
   2.39700007       1.01121068    
   2.39800000       1.01089752    
   2.39900017       1.01058733    
   2.40000010       1.01027632    
   2.40100002       1.00996840    
   2.40200019       1.00966001    
   2.40300012       1.00935435    
   2.40400004       1.00904799    
   2.40500021       1.00874484    
   2.40600014       1.00844097    
   2.40700006       1.00814009    
   2.40800023       1.00783873    
   2.40900016       1.00754023    
   2.41000009       1.00724113    
   2.41100001       1.00694513    
   2.41200018       1.00664854    
   2.41300011       1.00635493    
   2.41400003       1.00606096    
   2.41500020       1.00576961    
   2.41600013       1.00547802    
   2.41700006       1.00518930    
   2.41800022       1.00490010    
   2.41900015       1.00461400    
   2.42000008       1.00432730    
   2.42100000       1.00404358    
   2.42200017       1.00375950    
   2.42300010       1.00347829    
   2.42400002       1.00319672    
   2.42500019       1.00291812    
   2.42600012       1.00263906    
   2.42700005       1.00236297    
   2.42800021       1.00208664    
   2.42900014       1.00181305    
   2.43000007       1.00153923    
   2.43100023       1.00126827    
   2.43200016       1.00099707    
   2.43300009       1.00072861    
   2.43400002       1.00046003    
   2.43500018       1.00019431    
   2.43600011      0.999928117    
   2.43700004      0.999665082    
   2.43800020      0.999401629    
   2.43900013      0.999141276    
   2.44000006      0.998880446    
   2.44100022      0.998622596    
   2.44200015      0.998364449    
   2.44300008      0.998109281    
   2.44400001      0.997853816    
   2.44500017      0.997601211    
   2.44600010      0.997348487    
   2.44700003      0.997098565    
   2.44800019      0.996848404    
   2.44900012      0.996601284    
   2.45000005      0.996353805    
   2.45100021      0.996109307    
   2.45200014      0.995864451    
   2.45300007      0.995622635    
   2.45400023      0.995380521    
   2.45500016      0.995141447    
   2.45600009      0.994902134    
   2.45700002      0.994665682    
   2.45800018      0.994428992    
   2.45900011      0.994195223    
   2.46000004      0.993961215    
   2.46100020      0.993730247    
   2.46200013      0.993498981    
   2.46300006      0.993270636    
   2.46400023      0.993042111    
   2.46500015      0.992816508    
   2.46600008      0.992590606    
   2.46700001      0.992367804    
   2.46800017      0.992144644    
   2.46900010      0.991924465    
   2.47000003      0.991704106    
   2.47100019      0.991486728    
   2.47200012      0.991268992    
   2.47300005      0.991054237    
   2.47400022      0.990839422    
   2.47500014      0.990627408    
   2.47600007      0.990415156    
   2.47700024      0.990205884    
   2.47800016      0.989996374    
   2.47900009      0.989789784    
   2.48000002      0.989583075    
   2.48100019      0.989379287    
   2.48200011      0.989175200    
   2.48300004      0.988974035    
   2.48400021      0.988772869    
   2.48500013      0.988574386    
   2.48600006      0.988375843    
   2.48700023      0.988180041    
   2.48800015      0.987984240    
   2.48900008      0.987791300    
   2.49000001      0.987598181    
   2.49100018      0.987407863    
   2.49200010      0.987217605    
   2.49300003      0.987029850    
   2.49400020      0.986842275    
   2.49500012      0.986657441    
   2.49600005      0.986472487    
   2.49700022      0.986290276    
   2.49800014      0.986107945    
   2.49900007      0.985928535    
   2.50000000      0.985749006    
   2.50100017      0.985572159    
   2.50200009      0.985426068    
   2.50300002      0.985282540    
   2.50400019      0.985138953    
   2.50500011      0.984997928    
   2.50600004      0.984856784    
   2.50700021      0.984718263    
   2.50800014      0.984579623    
   2.50900006      0.984443605    
   2.51000023      0.984307468    
   2.51100016      0.984173954    
   2.51200008      0.984040260    
   2.51300001      0.983909249    
   2.51400018      0.983778059    
   2.51500010      0.983649433    
   2.51600003      0.983520746    
   2.51700020      0.983394623    
   2.51800013      0.983268440    
   2.51900005      0.983144760    
   2.52000022      0.983021021    
   2.52100015      0.982899725    
   2.52200007      0.982778490    
   2.52300000      0.982659757    
   2.52400017      0.982540905    
   2.52500010      0.982424557    
   2.52600002      0.982308209    
   2.52700019      0.982194304    
   2.52800012      0.982080460    
   2.52900004      0.981968939    
   2.53000021      0.981857479    
   2.53100014      0.981748402    
   2.53200006      0.981639385    
   2.53300023      0.981532693    
   2.53400016      0.981426120    
   2.53500009      0.981321812    
   2.53600001      0.981217682    
   2.53700018      0.981115818    
   2.53800011      0.981014073    
   2.53900003      0.980914474    
   2.54000020      0.980815172    
   2.54100013      0.980718136    
   2.54200006      0.980621099    
   2.54300022      0.980526328    
   2.54400015      0.980431795    
   2.54500008      0.980339408    
   2.54600000      0.980247140    
   2.54700017      0.980157137    
   2.54800010      0.980067313    
   2.54900002      0.979979634    
   2.55000019      0.979892075    
   2.55100012      0.979806781    
   2.55200005      0.979721606    
   2.55300021      0.979638577    
   2.55400014      0.979555786    
   2.55500007      0.979475081    
   2.55600023      0.979394555    
   2.55700016      0.979316115    
   2.55800009      0.979237974    
   2.55900002      0.979161918    
   2.56000018      0.979085982    
   2.56100011      0.979012191    
   2.56200004      0.978938580    
   2.56300020      0.978867054    
   2.56400013      0.978795707    
   2.56500006      0.978726506    
   2.56600022      0.978657424    
   2.56700015      0.978590429    
   2.56800008      0.978523612    
   2.56900001      0.978458941    
   2.57000017      0.978394270    
   2.57100010      0.978331804    
   2.57200003      0.978269458    
   2.57300019      0.978209198    
   2.57400012      0.978149056    
   2.57500005      0.978091061    
   2.57600021      0.978033066    
   2.57700014      0.977977276    
   2.57800007      0.977921486    
   2.57900023      0.977867782    
   2.58000016      0.977814257    
   2.58100009      0.977762759    
   2.58200002      0.977711439    
   2.58300018      0.977662086    
   2.58400011      0.977612913    
   2.58500004      0.977565706    
   2.58600020      0.977518678    
   2.58700013      0.977473617    
   2.58800006      0.977428675    
   2.58900023      0.977385759    
   2.59000015      0.977342963    
   2.59100008      0.977302194    
   2.59200001      0.977261484    
   2.59300017      0.977222741    
   2.59400010      0.977184176    
   2.59500003      0.977147579    
   2.59600019      0.977111042    
   2.59700012      0.977076471    
   2.59800005      0.977042079    
   2.59900022      0.977009654    
   2.60000014      0.976977229    
   2.60100007      0.976946831    
   2.60200024      0.976916432    
   2.60300016      0.976888001    
   2.60400009      0.976859748    
   2.60500002      0.976833403    
   2.60600019      0.976807117    
   2.60700011      0.976782739    
   2.60800004      0.976758480    
   2.60900021      0.976736009    
   2.61000013      0.976713777    
   2.61100006      0.976693332    
   2.61200023      0.976673067    
   2.61300015      0.976654589    
   2.61400008      0.976636291    
   2.61500001      0.976619780    
   2.61600018      0.976603389    
   2.61700010      0.976588845    
   2.61800003      0.976574361    
   2.61900020      0.976561666    
   2.62000012      0.976549208    
   2.62100005      0.976538360    
   2.62200022      0.976527870    
   2.62300014      0.976518989    
   2.62400007      0.976510286    
   2.62500024      0.976503313    
   2.62600017      0.976496458    
   2.62700009      0.976491272    
   2.62800002      0.976486385    
   2.62900019      0.976483047    
   2.63000011      0.976479948    
   2.63100004      0.976478517    
   2.63200021      0.976477265    
   2.63300014      0.976477623    
   2.63400006      0.976478159    
   2.63500023      0.976480365    
   2.63600016      0.976482689    
   2.63700008      0.976486623    
   2.63800001      0.976490796    
   2.63900018      0.976496458    
   2.64000010      0.976502478    
   2.64100003      0.976509869    
   2.64200020      0.976517618    
   2.64300013      0.976526856    
   2.64400005      0.976536274    
   2.64500022      0.976547301    
   2.64600015      0.976558447    
   2.64700007      0.976571143    
   2.64800024      0.976584017    
   2.64900017      0.976598382    
   2.65000010      0.976612985    
   2.65100002      0.976629019    
   2.65200019      0.976645291    
   2.65300012      0.976662993    
   2.65400004      0.976680994    
   2.65500021      0.976700366    
   2.65600014      0.976719975    
   2.65700006      0.976740956    
   2.65800023      0.976762235    
   2.65900016      0.976784825    
   2.66000009      0.976807773    
   2.66100001      0.976831913    
   2.66200018      0.976856470    
   2.66300011      0.976882219    
   2.66400003      0.976908386    
   2.66500020      0.976935744    
   2.66600013      0.976963401    
   2.66700006      0.976992369    
   2.66800022      0.977021635    
   2.66900015      0.977052093    
   2.67000008      0.977082908    
   2.67100024      0.977114856    
   2.67200017      0.977147281    
   2.67300010      0.977180779    
   2.67400002      0.977214634    
   2.67500019      0.977249682    
   2.67600012      0.977285028    
   2.67700005      0.977321506    
   2.67800021      0.977358341    
   2.67900014      0.977396309    
   2.68000007      0.977434635    
   2.68100023      0.977474034    
   2.68200016      0.977513850    
   2.68300009      0.977554619    
   2.68400002      0.977595925    
   2.68500018      0.977638125    
   2.68600011      0.977680802    
   2.68700004      0.977724493    
   2.68800020      0.977768481    
   2.68900013      0.977813542    
   2.69000006      0.977859020    
   2.69100022      0.977905393    
   2.69200015      0.977952302    
   2.69300008      0.978000045    
   2.69400024      0.978048205    
   2.69500017      0.978097379    
   2.69600010      0.978146911    
   2.69700003      0.978197336    
   2.69800019      0.978248179    
   2.69900012      0.978299916    
   2.70000005      0.978352129    
   2.70100021      0.978405118    
   2.70200014      0.978458643    
   2.70300007      0.978512943    
   2.70400023      0.978567719    
   2.70500016      0.978623271    
   2.70600009      0.978679299    
   2.70700002      0.978736103    
   2.70800018      0.978793442    
   2.70900011      0.978851438    
   2.71000004      0.978909969    
   2.71100020      0.978969336    
   2.71200013      0.979029000    
   2.71300006      0.979089439    
   2.71400023      0.979150414    
   2.71500015      0.979212046    
   2.71600008      0.979274154    
   2.71700025      0.979336977    
   2.71800017      0.979400277    
   2.71900010      0.979464233    
   2.72000003      0.979528666    
   2.72100019      0.979593873    
   2.72200012      0.979659379    
   2.72300005      0.979725540    
   2.72400022      0.979792297    
   2.72500014      0.979859650    
   2.72600007      0.979927480    
   2.72700024      0.979995847    
   2.72800016      0.980064750    
   2.72900009      0.980134249    
   2.73000002      0.980204225    
   2.73100019      0.980274796    
   2.73200011      0.980345786    
   2.73300004      0.980417371    
   2.73400021      0.980489492    
   2.73500013      0.980562091    
   2.73600006      0.980635226    
   2.73700023      0.980708838    
   2.73800015      0.980782926    
   2.73900008      0.980857491    
   2.74000025      0.980932653    
   2.74100018      0.981008172    
   2.74200010      0.981084347    
   2.74300003      0.981160939    
   2.74400020      0.981237948    
   2.74500012      0.981315494    
   2.74600005      0.981393456    
   2.74700022      0.981471837    
   2.74800014      0.981550872    
   2.74900007      0.981630147    
   2.75000024      0.981710017    
   2.75100017      0.981790304    
   2.75200009      0.981871068    
   2.75300002      0.981952190    
   2.75400019      0.982033789    
   2.75500011      0.982115746    
   2.75600004      0.982198358    
   2.75700021      0.982281089    
   2.75800014      0.982364535    
   2.75900006      0.982448161    
   2.76000023      0.982532382    
   2.76100016      0.982616901    
   2.76200008      0.982701898    
   2.76300025      0.982787192    
   2.76400018      0.982873082    
   2.76500010      0.982959092    
   2.76600003      0.983045757    
   2.76700020      0.983132601    
   2.76800013      0.983220041    
   2.76900005      0.983307600    
   2.77000022      0.983395815    
   2.77100015      0.983484209    
   2.77200007      0.983573079    
   2.77300024      0.983662069    
   2.77400017      0.983751833    
   2.77500010      0.983841598    
   2.77600002      0.983931959    
   2.77700019      0.984022379    
   2.77800012      0.984113455    
   2.77900004      0.984204650    
   2.78000021      0.984296381    
   2.78100014      0.984388173    
   2.78200006      0.984480619    
   2.78300023      0.984573066    
   2.78400016      0.984666109    
   2.78500009      0.984759212    
   2.78600001      0.984852910    
   2.78700018      0.984946609    
   2.78800011      0.985040963    
   2.78900003      0.985135198    
   2.79000020      0.985230148    
   2.79100013      0.985325038    
   2.79200006      0.985420585    
   2.79300022      0.985516012    
   2.79400015      0.985612094    
   2.79500008      0.985708058    
   2.79600024      0.985804737    
   2.79700017      0.985901296    
   2.79800010      0.985998511    
   2.79900002      0.986095548    
   2.80000019      0.986193299    
   2.80100012      0.986290812    
   2.80200005      0.986389101    
   2.80300021      0.986487091    
   2.80400014      0.986585855    
   2.80500007      0.986684382    
   2.80600023      0.986783624    
   2.80700016      0.986882627    
   2.80800009      0.986982286    
   2.80900002      0.987081766    
   2.81000018      0.987181842    
   2.81100011      0.987281740    
   2.81200004      0.987382293    
   2.81300020      0.987482607    
   2.81400013      0.987583578    
   2.81500006      0.987684250    
   2.81600022      0.987785637    
   2.81700015      0.987886727    
   2.81800008      0.987988472    
   2.81900024      0.988089919    
   2.82000017      0.988192081    
   2.82100010      0.988293886    
   2.82200003      0.988396406    
   2.82300019      0.988498569    
   2.82400012      0.988601387    
   2.82500005      0.988703847    
   2.82600021      0.988807023    
   2.82700014      0.988909781    
   2.82800007      0.989013314    
   2.82900023      0.989116371    
   2.83000016      0.989220142    
   2.83100009      0.989323497    
   2.83200002      0.989427567    
   2.83300018      0.989531159    
   2.83400011      0.989635527    
   2.83500004      0.989739358    
   2.83600020      0.989843965    
   2.83700013      0.989948094    
   2.83800006      0.990052879    
   2.83900023      0.990157187    
   2.84000015      0.990262210    
   2.84100008      0.990366757    
   2.84200025      0.990472019    
   2.84300017      0.990576744    
   2.84400010      0.990682125    
   2.84500003      0.990787029    
   2.84600019      0.990892649    
   2.84700012      0.990997732    
   2.84800005      0.991103470    
   2.84900022      0.991208732    
   2.85000014      0.991314590    
   2.85100007      0.991419971    
   2.85200024      0.991525948    
   2.85300016      0.991631448    
   2.85400009      0.991737604    
   2.85500002      0.991843164    
   2.85600019      0.991949379    
   2.85700011      0.992054999    
   2.85800004      0.992161393    
   2.85900021      0.992267132    
   2.86000013      0.992373526    
   2.86100006      0.992479265    
   2.86200023      0.992585778    
   2.86300015      0.992691576    
   2.86400008      0.992798090    
   2.86500025      0.992903888    
   2.86600018      0.993010461    
   2.86700010      0.993116319    
   2.86800003      0.993222892    
   2.86900020      0.993328691    
   2.87000012      0.993435323    
   2.87100005      0.993541121    
   2.87200022      0.993647695    
   2.87300014      0.993753433    
   2.87400007      0.993859947    
   2.87500024      0.993965685    
   2.87600017      0.994072199    
   2.87700009      0.994177818    
   2.87800002      0.994284272    
   2.87900019      0.994389832    
   2.88000011      0.994496226    
   2.88100004      0.994601727    
   2.88200021      0.994708002    
   2.88300014      0.994813383    
   2.88400006      0.994919538    
   2.88500023      0.995024800    
   2.88600016      0.995130897    
   2.88700008      0.995235980    
   2.88800025      0.995341957    
   2.88900018      0.995446920    
   2.89000010      0.995552719    
   2.89100003      0.995657504    
   2.89200020      0.995763123    
   2.89300013      0.995867789    
   2.89400005      0.995973229    
   2.89500022      0.996077657    
   2.89600015      0.996182919    
   2.89700007      0.996287167    
   2.89800024      0.996392250    
   2.89900017      0.996496260    
   2.90000010      0.996601105    
   2.90100002      0.996704876    
   2.90200019      0.996809483    
   2.90300012      0.996913016    
   2.90400004      0.997017443    
   2.90500021      0.997120678    
   2.90600014      0.997224808    
   2.90700006      0.997327805    
   2.90800023      0.997431636    
   2.90900016      0.997534335    
   2.91000009      0.997637928    
   2.91100025      0.997740269    
   2.91200018      0.997843564    
   2.91300011      0.997945607    
   2.91400003      0.998048604    
   2.91500020      0.998150349    
   2.91600013      0.998252988    
   2.91700006      0.998354375    
   2.91800022      0.998456657    
   2.91900015      0.998557687    
   2.92000008      0.998659611    
   2.92100024      0.998760283    
   2.92200017      0.998861849    
   2.92300010      0.998962104    
   2.92400002      0.999063253    
   2.92500019      0.999163151    
   2.92600012      0.999263942    
   2.92700005      0.999363422    
   2.92800021      0.999463797    
   2.92900014      0.999562800    
   2.93000007      0.999662757    
   2.93100023      0.999761343    
   2.93200016      0.999860883    
   2.93300009      0.999958992    
   2.93400025       1.00005805    
   2.93500018       1.00015581    
   2.93600011       1.00025439    
   2.93700004       1.00035155    
   2.93800020       1.00044966    
   2.93900013       1.00054634    
   2.94000006       1.00064397    
   2.94100022       1.00074017    
   2.94200015       1.00083733    
   2.94300008       1.00093305    
   2.94400024       1.00102961    
   2.94500017       1.00112486    
   2.94600010       1.00122094    
   2.94700003       1.00131547    
   2.94800019       1.00141108    
   2.94900012       1.00150514    
   2.95000005       1.00160015    
   2.95100021       1.00169361    
   2.95200014       1.00178802    
   2.95300007       1.00188088    
   2.95400023       1.00197482    
   2.95500016       1.00206709    
   2.95600009       1.00216031    
   2.95700026       1.00225210    
   2.95800018       1.00234473    
   2.95900011       1.00243580    
   2.96000004       1.00252783    
   2.96100020       1.00261831    
   2.96200013       1.00270975    
   2.96300006       1.00279951    
   2.96400023       1.00289035    
   2.96500015       1.00297952    
   2.96600008       1.00306964    
   2.96700025       1.00315809    
   2.96800017       1.00324750    
   2.96900010       1.00333536    
   2.97000003       1.00342417    
   2.97100019       1.00351131    
   2.97200012       1.00359941    
   2.97300005       1.00368583    
   2.97400022       1.00377321    
   2.97500014       1.00385892    
   2.97600007       1.00394559    
   2.97700024       1.00403059    
   2.97800016       1.00411654    
   2.97900009       1.00420082    
   2.98000026       1.00428605    
   2.98100019       1.00436962    
   2.98200011       1.00445414    
   2.98300004       1.00453687    
   2.98400021       1.00462055    
   2.98500013       1.00470257    
   2.98600006       1.00478554    
   2.98700023       1.00486684    
   2.98800015       1.00494897    
   2.98900008       1.00502944    
   2.99000025       1.00511086    
   2.99100018       1.00519049    
   2.99200010       1.00527108    
   2.99300003       1.00534999    
   2.99400020       1.00542974    
   2.99500012       1.00550783    
   2.99600005       1.00558674    
   2.99700022       1.00566399    
   2.99800014       1.00574219    
   2.99900007       1.00581849    
   3.00000024       1.00589585    
   3.00100017       1.00597131    
   3.00200009       1.00604784    
   3.00300026       1.00612247    
   3.00400019       1.00619817    
   3.00500011       1.00627196    
   3.00600004       1.00634670    
   3.00700021       1.00641954    
   3.00800014       1.00649357    
   3.00900006       1.00656557    
   3.01000023       1.00663865    
   3.01100016       1.00670969    
   3.01200008       1.00678194    
   3.01300025       1.00685203    
   3.01400018       1.00692332    
   3.01500010       1.00699270    
   3.01600003       1.00706303    
   3.01700020       1.00713146    
   3.01800013       1.00720084    
   3.01900005       1.00726831    
   3.02000022       1.00733685    
   3.02100015       1.00740337    
   3.02200007       1.00747097    
   3.02300024       1.00753653    
   3.02400017       1.00760329    
   3.02500010       1.00766790    
   3.02600026       1.00773358    
   3.02700019       1.00779724    
   3.02800012       1.00786209    
   3.02900004       1.00792480    
   3.03000021       1.00798857    
   3.03100014       1.00805032    
   3.03200006       1.00811315    
   3.03300023       1.00817394    
   3.03400016       1.00823581    
   3.03500009       1.00829566    
   3.03600025       1.00835657    
   3.03700018       1.00841534    
   3.03800011       1.00847530    
   3.03900003       1.00853312    
   3.04000020       1.00859201    
   3.04100013       1.00864887    
   3.04200006       1.00870681    
   3.04300022       1.00876260    
   3.04400015       1.00881946    
   3.04500008       1.00887430    
   3.04600024       1.00893021    
   3.04700017       1.00898397    
   3.04800010       1.00903893    
   3.04900026       1.00909173    
   3.05000019       1.00914562    
   3.05100012       1.00919735    
   3.05200005       1.00925016    
   3.05300021       1.00930083    
   3.05400014       1.00935280    
   3.05500007       1.00940239    
   3.05600023       1.00945330    
   3.05700016       1.00950181    
   3.05800009       1.00955164    
   3.05900025       1.00959921    
   3.06000018       1.00964797    
   3.06100011       1.00969458    
   3.06200004       1.00974226    
   3.06300020       1.00978780    
   3.06400013       1.00983441    
   3.06500006       1.00987887    
   3.06600022       1.00992453    
   3.06700015       1.00996792    
   3.06800008       1.01001251    
   3.06900024       1.01005483    
   3.07000017       1.01009834    
   3.07100010       1.01013958    
   3.07200003       1.01018202    
   3.07300019       1.01022220    
   3.07400012       1.01026368    
   3.07500005       1.01030278    
   3.07600021       1.01034319    
   3.07700014       1.01038122    
   3.07800007       1.01042056    
   3.07900023       1.01045752    
   3.08000016       1.01049578    
   3.08100009       1.01053166    
   3.08200026       1.01056886    
   3.08300018       1.01060367    
   3.08400011       1.01063979    
   3.08500004       1.01067352    
   3.08600020       1.01070857    
   3.08700013       1.01074135    
   3.08800006       1.01077533    
   3.08900023       1.01080692    
   3.09000015       1.01083982    
   3.09100008       1.01087046    
   3.09200025       1.01090229    
   3.09300017       1.01093173    
   3.09400010       1.01096249    
   3.09500003       1.01099098    
   3.09600019       1.01102066    
   3.09700012       1.01104796    
   3.09800005       1.01107669    
   3.09900022       1.01110291    
   3.10000014       1.01113057    
   3.10100007       1.01115572    
   3.10200024       1.01118231    
   3.10300016       1.01120639    
   3.10400009       1.01123190    
   3.10500026       1.01125491    
   3.10600019       1.01127934    
   3.10700011       1.01130128    
   3.10800004       1.01132464    
   3.10900021       1.01134562    
   3.11000013       1.01136792    
   3.11100006       1.01138771    
   3.11200023       1.01140904    
   3.11300015       1.01142776    
   3.11400008       1.01144803    
   3.11500025       1.01146579    
   3.11600018       1.01148486    
   3.11700010       1.01150155    
   3.11800003       1.01151967    
   3.11900020       1.01153529    
   3.12000012       1.01155233    
   3.12100005       1.01156700    
   3.12200022       1.01158297    
   3.12300014       1.01159656    
   3.12400007       1.01161146    
   3.12500024       1.01162398    
   3.12600017       1.01163793    
   3.12700009       1.01164937    
   3.12800026       1.01166236    
   3.12900019       1.01167274    
   3.13000011       1.01168466    
   3.13100004       1.01169407    
   3.13200021       1.01170492    
   3.13300014       1.01171339    
   3.13400006       1.01172316    
   3.13500023       1.01173055    
   3.13600016       1.01173937    
   3.13700008       1.01174581    
   3.13800025       1.01175356    
   3.13900018       1.01175892    
   3.14000010       1.01176572    
   3.14100003       1.01177013    
   3.14200020       1.01177597    
   3.14300013       1.01177931    
   3.14400005       1.01178420    
   3.14500022       1.01178646    
   3.14600015       1.01179039    
   3.14700007       1.01179171    
   3.14800024       1.01179457    
   3.14900017       1.01179492    
   3.15000010       1.01179683    
   3.15100026       1.01179624    
   3.15200019       1.01179719    
   3.15300012       1.01179564    
   3.15400004       1.01179564    
   3.15500021       1.01179314    
   3.15600014       1.01179218    
   3.15700006       1.01178861    
   3.15800023       1.01178682    
   3.15900016       1.01178229    
   3.16000009       1.01177943    
   3.16100025       1.01177406    
   3.16200018       1.01177025    
   3.16300011       1.01176393    
   3.16400003       1.01175928    
   3.16500020       1.01175201    
   3.16600013       1.01174641    
   3.16700006       1.01173830    
   3.16800022       1.01173174    
   3.16900015       1.01172268    
   3.17000008       1.01171529    
   3.17100024       1.01170528    
   3.17200017       1.01169693    
   3.17300010       1.01168609    
   3.17400026       1.01167679    
   3.17500019       1.01166511    
   3.17600012       1.01165497    
   3.17700005       1.01164234    
   3.17800021       1.01163137    
   3.17900014       1.01161790    
   3.18000007       1.01160610    
   3.18100023       1.01159167    
   3.18200016       1.01157904    
   3.18300009       1.01156378    
   3.18400025       1.01155031    
   3.18500018       1.01153421    
   3.18600011       1.01151991    
   3.18700004       1.01150298    
   3.18800020       1.01148772    
   3.18900013       1.01147008    
   3.19000006       1.01145411    
   3.19100022       1.01143551    
   3.19200015       1.01141870    
   3.19300008       1.01139939    
   3.19400024       1.01138175    
   3.19500017       1.01136160    
   3.19600010       1.01134324    
   3.19700027       1.01132226    
   3.19800019       1.01130307    
   3.19900012       1.01128137    
   3.20000005       1.01126146    
   3.20100021       1.01123893    
   3.20200014       1.01121819    
   3.20300007       1.01119494    
   3.20400023       1.01117349    
   3.20500016       1.01114953    
   3.20600009       1.01112735    
   3.20700026       1.01110256    
   3.20800018       1.01107967    
   3.20900011       1.01105428    
   3.21000004       1.01103055    
   3.21100020       1.01100445    
   3.21200013       1.01098001    
   3.21300006       1.01095319    
   3.21400023       1.01092815    
   3.21500015       1.01090050    
   3.21600008       1.01087475    
   3.21700025       1.01084650    
   3.21800017       1.01082003    
   3.21900010       1.01079106    
   3.22000027       1.01076400    
   3.22100019       1.01073444    
   3.22200012       1.01070666    
   3.22300005       1.01067638    
   3.22400022       1.01064801    
   3.22500014       1.01061702    
   3.22600007       1.01058805    
   3.22700024       1.01055646    
   3.22800016       1.01052690    
   3.22900009       1.01049471    
   3.23000026       1.01046443    
   3.23100019       1.01043165    
   3.23200011       1.01040077    
   3.23300004       1.01036727    
   3.23400021       1.01033592    
   3.23500013       1.01030183    
   3.23600006       1.01026988    
   3.23700023       1.01023531    
   3.23800015       1.01020265    
   3.23900008       1.01016748    
   3.24000025       1.01013434    
   3.24100018       1.01009870    
   3.24200010       1.01006496    
   3.24300027       1.01002872    
   3.24400020       1.00999451    
   3.24500012       1.00995767    
   3.24600005       1.00992286    
   3.24700022       1.00988555    
   3.24800014       1.00985026    
   3.24900007       1.00981236    
   3.25000024       1.00977659    
   3.25100017       1.00973833    
   3.25200009       1.00970197    
   3.25300026       1.00966311    
   3.25400019       1.00962639    
   3.25500011       1.00958705    
   3.25600004       1.00954986    
   3.25700021       1.00951004    
   3.25800014       1.00947237    
   3.25900006       1.00943208    
   3.26000023       1.00939405    
   3.26100016       1.00935328    
   3.26200008       1.00931478    
   3.26300025       1.00927353    
   3.26400018       1.00923455    
   3.26500010       1.00919306    
   3.26600027       1.00915360    
   3.26700020       1.00911164    
   3.26800013       1.00907183    
   3.26900005       1.00902939    
   3.27000022       1.00898921    
   3.27100015       1.00894642    
   3.27200007       1.00890589    
   3.27300024       1.00886273    
   3.27400017       1.00882173    
   3.27500010       1.00877821    
   3.27600026       1.00873685    
   3.27700019       1.00869298    
   3.27800012       1.00865138    
   3.27900004       1.00860715    
   3.28000021       1.00856507    
   3.28100014       1.00852060    
   3.28200006       1.00847816    
   3.28300023       1.00843334    
   3.28400016       1.00839067    
   3.28500009       1.00834548    
   3.28600025       1.00830245    
   3.28700018       1.00825703    
   3.28800011       1.00821376    
   3.28900027       1.00816798    
   3.29000020       1.00812435    
   3.29100013       1.00807834    
   3.29200006       1.00803447    
   3.29300022       1.00798821    
   3.29400015       1.00794411    
   3.29500008       1.00789750    
   3.29600024       1.00785315    
   3.29700017       1.00780630    
   3.29800010       1.00776172    
   3.29900026       1.00771463    
   3.30000019       1.00766981    
   3.30100012       1.00762260    
   3.30200005       1.00757754    
   3.30300021       1.00752997    
   3.30400014       1.00748467    
   3.30500007       1.00743699    
   3.30600023       1.00739157    
   3.30700016       1.00734365    
   3.30800009       1.00729799    
   3.30900025       1.00724995    
   3.31000018       1.00720406    
   3.31100011       1.00715578    
   3.31200027       1.00710976    
   3.31300020       1.00706136    
   3.31400013       1.00701523    
   3.31500006       1.00696659    
   3.31600022       1.00692034    
   3.31700015       1.00687158    
   3.31800008       1.00682521    
   3.31900024       1.00677633    
   3.32000017       1.00672972    
   3.32100010       1.00668073    
   3.32200027       1.00663400    
   3.32300019       1.00658500    
   3.32400012       1.00653815    
   3.32500005       1.00648892    
   3.32600021       1.00644207    
   3.32700014       1.00639272    
   3.32800007       1.00634575    
   3.32900023       1.00629640    
   3.33000016       1.00624931    
   3.33100009       1.00619984    
   3.33200026       1.00615275    
   3.33300018       1.00610316    
   3.33400011       1.00605595    
   3.33500028       1.00600636    
   3.33600020       1.00595915    
   3.33700013       1.00590956    
   3.33800006       1.00586224    
   3.33900023       1.00581253    
   3.34000015       1.00576520    
   3.34100008       1.00571561    
   3.34200025       1.00566816    
   3.34300017       1.00561845    
   3.34400010       1.00557113    
   3.34500027       1.00552142    
   3.34600019       1.00547409    
   3.34700012       1.00542426    
   3.34800005       1.00537694    
   3.34900022       1.00532722    
   3.35000014       1.00527990    
   3.35100007       1.00523019    
   3.35200024       1.00518286    
   3.35300016       1.00513315    
   3.35400009       1.00508583    
   3.35500026       1.00503623    
   3.35600019       1.00498891    
   3.35700011       1.00493932    
   3.35800028       1.00489211    
   3.35900021       1.00484252    
   3.36000013       1.00479543    
   3.36100006       1.00474596    
   3.36200023       1.00469887    
   3.36300015       1.00464940    
   3.36400008       1.00460243    
   3.36500025       1.00455296    
   3.36600018       1.00450611    
   3.36700010       1.00445676    
   3.36800027       1.00440991    
   3.36900020       1.00436080    
   3.37000012       1.00431395    
   3.37100005       1.00426495    
   3.37200022       1.00421822    
   3.37300014       1.00416923    
   3.37400007       1.00412273    
   3.37500024       1.00407386    
   3.37600017       1.00402749    
   3.37700009       1.00397873    
   3.37800026       1.00393236    
   3.37900019       1.00388372    
   3.38000011       1.00383759    
   3.38100004       1.00378907    
   3.38200021       1.00374305    
   3.38300014       1.00369477    
   3.38400006       1.00364888    
   3.38500023       1.00360072    
   3.38600016       1.00355494    
   3.38700008       1.00350690    
   3.38800025       1.00346136    
   3.38900018       1.00341344    
   3.39000010       1.00336802    
   3.39100027       1.00332034    
   3.39200020       1.00327516    
   3.39300013       1.00322759    
   3.39400005       1.00318253    
   3.39500022       1.00313520    
   3.39600015       1.00309038    
   3.39700007       1.00304317    
   3.39800024       1.00299859    
   3.39900017       1.00295162    
   3.40000010       1.00290716    
   3.40100026       1.00286043    
   3.40200019       1.00281620    
   3.40300012       1.00276959    
   3.40400004       1.00272560    
   3.40500021       1.00267923    
   3.40600014       1.00263548    
   3.40700006       1.00258934    
   3.40800023       1.00254571    
   3.40900016       1.00249982    
   3.41000009       1.00245655    
   3.41100025       1.00241089    
   3.41200018       1.00236773    
   3.41300011       1.00232232    
   3.41400027       1.00227940    
   3.41500020       1.00223434    
   3.41600013       1.00219166    
   3.41700006       1.00214672    
   3.41800022       1.00210428    
   3.41900015       1.00205970    
   3.42000008       1.00201750    
   3.42100024       1.00197315    
   3.42200017       1.00193131    
   3.42300010       1.00188720    
   3.42400026       1.00184560    
   3.42500019       1.00180173    
   3.42600012       1.00176036    
   3.42700005       1.00171685    
   3.42800021       1.00167572    
   3.42900014       1.00163245    
   3.43000007       1.00159168    
   3.43100023       1.00154865    
   3.43200016       1.00150824    
   3.43300009       1.00146556    
   3.43400025       1.00142527    
   3.43500018       1.00138283    
   3.43600011       1.00134301    
   3.43700027       1.00130081    
   3.43800020       1.00126123    
   3.43900013       1.00121939    
   3.44000006       1.00118017    
   3.44100022       1.00113869    
   3.44200015       1.00109971    
   3.44300008       1.00105846    
   3.44400024       1.00101984    
   3.44500017       1.00097895    
   3.44600010       1.00094056    
   3.44700027       1.00090003    
   3.44800019       1.00086188    
   3.44900012       1.00082171    
   3.45000005       1.00078404    
   3.45100021       1.00074410    
   3.45200014       1.00070667    
   3.45300007       1.00066710    
   3.45400023       1.00063002    
   3.45500016       1.00059080    
   3.45600009       1.00055408    
   3.45700026       1.00051522    
   3.45800018       1.00047874    
   3.45900011       1.00044024    
   3.46000028       1.00040412    
   3.46100020       1.00036597    
   3.46200013       1.00033021    
   3.46300006       1.00029242    
   3.46400023       1.00025702    
   3.46500015       1.00021946    
   3.46600008       1.00018442    
   3.46700025       1.00014734    
   3.46800017       1.00011265    
   3.46900010       1.00007582    
   3.47000027       1.00004148    
   3.47100019       1.00000513    
   3.47200012      0.999971092    
   3.47300005      0.999935031    
   3.47400022      0.999901414    
   3.47500014      0.999865711    
   3.47600007      0.999832451    
   3.47700024      0.999797106    
   3.47800016      0.999764204    
   3.47900009      0.999729216    
   3.48000026      0.999696732    
   3.48100019      0.999662101    
   3.48200011      0.999629915    
   3.48300028      0.999595702    
   3.48400021      0.999563932    
   3.48500013      0.999530017    
   3.48600006      0.999498606    
   3.48700023      0.999465108    
   3.48800015      0.999434114    
   3.48900008      0.999400973    
   3.49000025      0.999370337    
   3.49100018      0.999337554    
   3.49200010      0.999307275    
   3.49300027      0.999274909    
   3.49400020      0.999244988    
   3.49500012      0.999212980    
   3.49600005      0.999183476    
   3.49700022      0.999151826    
   3.49800014      0.999122739    
   3.49900007      0.999091446    
   3.50000024      0.999062717    
   3.50100017      0.999031842    
   3.50200009      0.999003470    
   3.50300026      0.998973012    
   3.50400019      0.998944998    
   3.50500011      0.998914897    
   3.50600028      0.998887300    
   3.50700021      0.998857558    
   3.50800014      0.998830378    
   3.50900006      0.998801053    
   3.51000023      0.998774171    
   3.51100016      0.998745263    
   3.51200008      0.998718798    
   3.51300025      0.998690248    
   3.51400018      0.998664200    
   3.51500010      0.998636007    
   3.51600027      0.998610318    
   3.51700020      0.998582542    
   3.51800013      0.998557270    
   3.51900005      0.998529851    
   3.52000022      0.998504937    
   3.52100015      0.998477936    
   3.52200007      0.998453379    
   3.52300024      0.998426795    
   3.52400017      0.998402655    
   3.52500010      0.998376369    
   3.52600026      0.998352647    
   3.52700019      0.998326778    
   3.52800012      0.998303413    
   3.52900028      0.998277962    
   3.53000021      0.998254955    
   3.53100014      0.998229861    
   3.53200006      0.998207271    
   3.53300023      0.998182595    
   3.53400016      0.998160362    
   3.53500009      0.998136044    
   3.53600025      0.998114228    
   3.53700018      0.998090327    
   3.53800011      0.998068810    
   3.53900027      0.998045325    
   3.54000020      0.998024166    
   3.54100013      0.998001099    
   3.54200006      0.997980356    
   3.54300022      0.997957587    
   3.54400015      0.997937262    
   3.54500008      0.997914910    
   3.54600024      0.997894883    
   3.54700017      0.997872949    
   3.54800010      0.997853339    
   3.54900026      0.997831762    
   3.55000019      0.997812510    
   3.55100012      0.997791290    
   3.55200028      0.997772455    
   3.55300021      0.997751594    
   3.55400014      0.997733116    
   3.55500007      0.997712672    
   3.55600023      0.997694552    
   3.55700016      0.997674465    
   3.55800009      0.997656703    
   3.55900025      0.997637033    
   3.56000018      0.997619629    
   3.56100011      0.997600317    
   3.56200027      0.997583270    
   3.56300020      0.997564316    
   3.56400013      0.997547626    
   3.56500006      0.997529089    
   3.56600022      0.997512758    
   3.56700015      0.997494578    
   3.56800008      0.997478604    
   3.56900024      0.997460783    
   3.57000017      0.997445226    
   3.57100010      0.997427762    
   3.57200027      0.997412503    
   3.57300019      0.997395396    
   3.57400012      0.997380555    
   3.57500029      0.997363806    
   3.57600021      0.997349262    
   3.57700014      0.997332871    
   3.57800007      0.997318745    
   3.57900023      0.997302711    
   3.58000016      0.997288883    
   3.58100009      0.997273207    
   3.58200026      0.997259736    
   3.58300018      0.997244477    
   3.58400011      0.997231305    
   3.58500028      0.997216344    
   3.58600020      0.997203588    
   3.58700013      0.997188985    
   3.58800006      0.997176528    
   3.58900023      0.997162282    
   3.59000015      0.997150183    
   3.59100008      0.997136235    
   3.59200025      0.997124493    
   3.59300017      0.997110903    
   3.59400010      0.997099519    
   3.59500027      0.997086287    
   3.59600019      0.997075140    
   3.59700012      0.997062266    
   3.59800029      0.997051537    
   3.59900022      0.997038960    
   3.60000014      0.997028530    
   3.60100007      0.997016311    
   3.60200024      0.997006238    
   3.60300016      0.996994317    
   3.60400009      0.996984541    
   3.60500026      0.996972978    
   3.60600019      0.996963501    
   3.60700011      0.996952295    
   3.60800028      0.996943176    
   3.60900021      0.996932209    
   3.61000013      0.996923387    
   3.61100006      0.996912777    
   3.61200023      0.996904314    
   3.61300015      0.996894002    
   3.61400008      0.996885836    
   3.61500025      0.996875882    
   3.61600018      0.996868014    
   3.61700010      0.996858358    
   3.61800027      0.996850789    
   3.61900020      0.996841431    
   3.62000012      0.996834219    
   3.62100029      0.996825159    
   3.62200022      0.996818244    
   3.62300014      0.996809483    
   3.62400007      0.996802807    
   3.62500024      0.996794403    
   3.62600017      0.996788025    
   3.62700009      0.996779859    
   3.62800026      0.996773839    
   3.62900019      0.996765971    
   3.63000011      0.996760249    
   3.63100028      0.996752679    
   3.63200021      0.996747196    
   3.63300014      0.996739984    
   3.63400006      0.996734798    
   3.63500023      0.996727824    
   3.63600016      0.996722937    
   3.63700008      0.996716201    
   3.63800025      0.996711612    
   3.63900018      0.996705234    
   3.64000010      0.996700883    
   3.64100027      0.996694744    
   3.64200020      0.996690691    
   3.64300013      0.996684849    
   3.64400029      0.996681094    
   3.64500022      0.996675491    
   3.64600015      0.996672034    
   3.64700007      0.996666670    
   3.64800024      0.996663451    
   3.64900017      0.996658444    
   3.65000010      0.996655464    
   3.65100026      0.996650696    
   3.65200019      0.996647954    
   3.65300012      0.996643484    
   3.65400028      0.996641040    
   3.65500021      0.996636808    
   3.65600014      0.996634603    
   3.65700006      0.996630609    
   3.65800023      0.996628642    
   3.65900016      0.996624947    
   3.66000009      0.996623218    
   3.66100025      0.996619761    
   3.66200018      0.996618330    
   3.66300011      0.996615112    
   3.66400027      0.996613860    
   3.66500020      0.996610940    
   3.66600013      0.996609926    
   3.66700006      0.996607244    
   3.66800022      0.996606469    
   3.66900015      0.996604025    
   3.67000008      0.996603489    
   3.67100024      0.996601284    
   3.67200017      0.996600986    
   3.67300010      0.996599019    
   3.67400026      0.996598959    
   3.67500019      0.996597230    
   3.67600012      0.996597409    
   3.67700028      0.996595860    
   3.67800021      0.996596277    
   3.67900014      0.996595025    
   3.68000007      0.996595621    
   3.68100023      0.996594548    
   3.68200016      0.996595383    
   3.68300009      0.996594548    
   3.68400025      0.996595562    
   3.68500018      0.996594965    
   3.68600011      0.996596217    
   3.68700027      0.996595860    
   3.68800020      0.996597290    
   3.68900013      0.996597171    
   3.69000006      0.996598780    
   3.69100022      0.996598840    
   3.69200015      0.996600688    
   3.69300008      0.996600986    
   3.69400024      0.996603012    
   3.69500017      0.996603489    
   3.69600010      0.996605754    
   3.69700027      0.996606410    
   3.69800019      0.996608853    
   3.69900012      0.996609747    
   3.70000029      0.996612370    
   3.70100021      0.996613443    
   3.70200014      0.996616304    
   3.70300007      0.996617556    
   3.70400023      0.996620595    
   3.70500016      0.996622026    
   3.70600009      0.996625245    
   3.70700026      0.996626914    
   3.70800018      0.996630251    
   3.70900011      0.996632099    
   3.71000028      0.996635675    
   3.71100020      0.996637702    
   3.71200013      0.996641457    
   3.71300006      0.996643662    
   3.71400023      0.996647537    
   3.71500015      0.996649921    
   3.71600008      0.996654034    
   3.71700025      0.996656597    
   3.71800017      0.996660829    
   3.71900010      0.996663570    
   3.72000027      0.996667981    
   3.72100019      0.996670902    
   3.72200012      0.996675432    
   3.72300029      0.996678531    
   3.72400022      0.996683240    
   3.72500014      0.996686518    
   3.72600007      0.996691406    
   3.72700024      0.996694803    
   3.72800016      0.996699810    
   3.72900009      0.996703386    
   3.73000026      0.996708572    
   3.73100019      0.996712327    
   3.73200011      0.996717691    
   3.73300028      0.996721506    
   3.73400021      0.996727049    
   3.73500013      0.996731043    
   3.73600006      0.996736705    
   3.73700023      0.996740878    
   3.73800015      0.996746659    
   3.73900008      0.996750951    
   3.74000025      0.996756911    
   3.74100018      0.996761382    
   3.74200010      0.996767402    
   3.74300027      0.996771991    
   3.74400020      0.996778190    
   3.74500012      0.996782959    
   3.74600029      0.996789277    
   3.74700022      0.996794164    
   3.74800014      0.996800601    
   3.74900007      0.996805608    
   3.75000024      0.996812224    
   3.75100017      0.996817350    
   3.75200009      0.996824086    
   3.75300026      0.996829331    
   3.75400019      0.996836185    
   3.75500011      0.996841550    
   3.75600028      0.996848524    
   3.75700021      0.996854067    
   3.75800014      0.996861100    
   3.75900006      0.996866763    
   3.76000023      0.996873975    
   3.76100016      0.996879697    
   3.76200008      0.996887028    
   3.76300025      0.996892869    
   3.76400018      0.996900320    
   3.76500010      0.996906281    
   3.76600027      0.996913791    
   3.76700020      0.996919930    
   3.76800013      0.996927559    
   3.76900029      0.996933758    
   3.77000022      0.996941507    
   3.77100015      0.996947825    
   3.77200007      0.996955633    
   3.77300024      0.996962070    
   3.77400017      0.996969998    
   3.77500010      0.996976495    
   3.77600026      0.996984541    
   3.77700019      0.996991158    
   3.77800012      0.996999264    
   3.77900028      0.997005999    
   3.78000021      0.997014225    
   3.78100014      0.997021079    
   3.78200006      0.997029364    
   3.78300023      0.997036278    
   3.78400016      0.997044683    
   3.78500009      0.997051716    
   3.78600025      0.997060180    
   3.78700018      0.997067273    
   3.78800011      0.997075796    
   3.78900027      0.997083008    
   3.79000020      0.997091651    
   3.79100013      0.997098982    
   3.79200029      0.997107685    
   3.79300022      0.997115016    
   3.79400015      0.997123837    
   3.79500008      0.997131288    
   3.79600024      0.997140110    
   3.79700017      0.997147679    
   3.79800010      0.997156620    
   3.79900026      0.997164249    
   3.80000019      0.997173250    
   3.80100012      0.997180939    
   3.80200028      0.997189999    
   3.80300021      0.997197807    
   3.80400014      0.997206926    
   3.80500007      0.997214794    
   3.80600023      0.997223973    
   3.80700016      0.997231901    
   3.80800009      0.997241139    
   3.80900025      0.997249126    
   3.81000018      0.997258425    
   3.81100011      0.997266531    
   3.81200027      0.997275889    
   3.81300020      0.997284055    
   3.81400013      0.997293413    
   3.81500030      0.997301638    
   3.81600022      0.997311115    
   3.81700015      0.997319400    
   3.81800008      0.997328937    
   3.81900024      0.997337282    
   3.82000017      0.997346818    
   3.82100010      0.997355223    
   3.82200027      0.997364879    
   3.82300019      0.997373283    
   3.82400012      0.997382998    
   3.82500029      0.997391462    
   3.82600021      0.997401178    
   3.82700014      0.997409761    
   3.82800007      0.997419536    
   3.82900023      0.997428119    
   3.83000016      0.997437954    
   3.83100009      0.997446656    
   3.83200026      0.997456491    
   3.83300018      0.997465193    
   3.83400011      0.997475088    
   3.83500028      0.997483850    
   3.83600020      0.997493744    
   3.83700013      0.997502565    
   3.83800030      0.997512519    
   3.83900023      0.997521400    
   3.84000015      0.997531414    
   3.84100008      0.997540295    
   3.84200025      0.997550309    
   3.84300017      0.997559249    
   3.84400010      0.997569323    
   3.84500027      0.997578323    
   3.84600019      0.997588396    
   3.84700012      0.997597396    
   3.84800029      0.997607529    
   3.84900022      0.997616589    
   3.85000014      0.997626781    
   3.85100007      0.997635841    
   3.85200024      0.997646034    
   3.85300016      0.997655153    
   3.85400009      0.997665346    
   3.85500026      0.997674525    
   3.85600019      0.997684717    
   3.85700011      0.997693956    
   3.85800028      0.997704208    
   3.85900021      0.997713387    
   3.86000013      0.997723699    
   3.86100030      0.997732937    
   3.86200023      0.997743249    
   3.86300015      0.997752488    
   3.86400008      0.997762799    
   3.86500025      0.997772098    
   3.86600018      0.997782469    
   3.86700010      0.997791767    
   3.86800027      0.997802138    
   3.86900020      0.997811496    
   3.87000012      0.997821867    
   3.87100029      0.997831225    
   3.87200022      0.997841597    
   3.87300014      0.997851014    
   3.87400007      0.997861385    
   3.87500024      0.997870803    
   3.87600017      0.997881234    
   3.87700009      0.997890651    
   3.87800026      0.997901082    
   3.87900019      0.997910500    
   3.88000011      0.997920930    
   3.88100028      0.997930408    
   3.88200021      0.997940838    
   3.88300014      0.997950315    
   3.88400030      0.997960806    
   3.88500023      0.997970283    
   3.88600016      0.997980714    
   3.88700008      0.997990251    
   3.88800025      0.998000681    
   3.88900018      0.998010218    
   3.89000010      0.998020709    
   3.89100027      0.998030245    
   3.89200020      0.998040676    
   3.89300013      0.998050272    
   3.89400029      0.998060703    
   3.89500022      0.998070300    
   3.89600015      0.998080730    
   3.89700007      0.998090327    
   3.89800024      0.998100817    
   3.89900017      0.998110354    
   3.90000010      0.998120844    
   3.90100026      0.998130441    
   3.90200019      0.998140931    
   3.90300012      0.998150468    
   3.90400028      0.998160958    
   3.90500021      0.998170555    
   3.90600014      0.998181045    
   3.90700030      0.998190641    
   3.90800023      0.998201132    
   3.90900016      0.998210728    
   3.91000009      0.998221159    
   3.91100025      0.998230815    
   3.91200018      0.998241246    
   3.91300011      0.998250842    
   3.91400027      0.998261333    
   3.91500020      0.998270929    
   3.91600013      0.998281360    
   3.91700029      0.998291016    
   3.91800022      0.998301446    
   3.91900015      0.998311043    
   3.92000008      0.998321474    
   3.92100024      0.998331130    
   3.92200017      0.998341560    
   3.92300010      0.998351157    
   3.92400026      0.998361588    
   3.92500019      0.998371184    
   3.92600012      0.998381615    
   3.92700028      0.998391211    
   3.92800021      0.998401642    
   3.92900014      0.998411238    
   3.93000031      0.998421609    
   3.93100023      0.998431265    
   3.93200016      0.998441637    
   3.93300009      0.998451233    
   3.93400025      0.998461604    
   3.93500018      0.998471260    
   3.93600011      0.998481572    
   3.93700027      0.998491168    
   3.93800020      0.998501480    
   3.93900013      0.998511136    
   3.94000030      0.998521447    
   3.94100022      0.998531044    
   3.94200015      0.998541355    
   3.94300008      0.998550951    
   3.94400024      0.998561203    
   3.94500017      0.998570859    
   3.94600010      0.998581111    
   3.94700027      0.998590708    
   3.94800019      0.998600960    
   3.94900012      0.998610556    
   3.95000029      0.998620808    
   3.95100021      0.998630345    
   3.95200014      0.998640597    
   3.95300007      0.998650193    
   3.95400023      0.998660386    
   3.95500016      0.998669922    
   3.95600009      0.998680115    
   3.95700026      0.998689711    
   3.95800018      0.998699844    
   3.95900011      0.998709440    
   3.96000028      0.998719573    
   3.96100020      0.998729110    
   3.96200013      0.998739243    
   3.96300030      0.998748779    
   3.96400023      0.998758912    
   3.96500015      0.998768449    
   3.96600008      0.998778522    
   3.96700025      0.998788059    
   3.96800017      0.998798132    
   3.96900010      0.998807669    
   3.97000027      0.998817742    
   3.97100019      0.998827219    
   3.97200012      0.998837292    
   3.97300029      0.998846769    
   3.97400022      0.998856783    
   3.97500014      0.998866260    
   3.97600007      0.998876274    
   3.97700024      0.998885751    
   3.97800016      0.998895764    
   3.97900009      0.998905182    
   3.98000026      0.998915195    
   3.98100019      0.998924613    
   3.98200011      0.998934567    
   3.98300028      0.998944044    
   3.98400021      0.998953938    
   3.98500013      0.998963356    
   3.98600030      0.998973250    
   3.98700023      0.998982728    
   3.98800015      0.998992562    
   3.98900008      0.999001980    
   3.99000025      0.999011874    
   3.99100018      0.999021292    
   3.99200010      0.999031126    
   3.99300027      0.999040484    
   3.99400020      0.999050319    
   3.99500012      0.999059677    
   3.99600029      0.999069512    
   3.99700022      0.999078870    
   3.99800014      0.999088705    
   3.99900007      0.999098003    
   4.00000000      0.999107778    
   4.00100040      0.999117136    
   4.00200033      0.999126911    
   4.00300026      0.999136209    
   4.00400019      0.999145925    
   4.00500011      0.999155223    
   4.00600004      0.999164939    
   4.00699997      0.999174237    
   4.00800037      0.999183953    
   4.00900030      0.999193251    
   4.01000023      0.999202907    
   4.01100016      0.999212205    
   4.01200008      0.999221861    
   4.01300001      0.999231100    
   4.01400042      0.999240756    
   4.01500034      0.999249995    
   4.01600027      0.999259591    
   4.01700020      0.999268830    
   4.01800013      0.999278426    
   4.01900005      0.999287665    
   4.01999998      0.999297261    
   4.02100039      0.999306500    
   4.02200031      0.999316037    
   4.02300024      0.999325216    
   4.02400017      0.999334753    
   4.02500010      0.999343991    
   4.02600002      0.999353468    
   4.02700043      0.999362648    
   4.02800035      0.999372125    
   4.02900028      0.999381304    
   4.03000021      0.999390781    
   4.03100014      0.999399960    
   4.03200006      0.999409437    
   4.03299999      0.999418557    
   4.03400040      0.999428034    
   4.03500032      0.999437153    
   4.03600025      0.999446571    
   4.03700018      0.999455690    
   4.03800011      0.999465108    
   4.03900003      0.999474227    
   4.03999996      0.999483585    
   4.04100037      0.999492705    
   4.04200029      0.999502063    
   4.04300022      0.999511182    
   4.04400015      0.999520481    
   4.04500008      0.999529600    
   4.04600000      0.999538898    
   4.04700041      0.999548018    
   4.04800034      0.999557316    
   4.04900026      0.999566376    
   4.05000019      0.999575675    
   4.05100012      0.999584734    
   4.05200005      0.999593973    
   4.05299997      0.999603033    
   4.05400038      0.999612272    
   4.05500031      0.999621332    
   4.05600023      0.999630570    
   4.05700016      0.999639571    
   4.05800009      0.999648809    
   4.05900002      0.999657869    
   4.06000042      0.999667048    
   4.06100035      0.999676049    
   4.06200027      0.999685228    
   4.06300020      0.999694228    
   4.06400013      0.999703407    
   4.06500006      0.999712408    
   4.06599998      0.999721527    
   4.06700039      0.999730527    
   4.06800032      0.999739647    
   4.06900024      0.999748647    
   4.07000017      0.999757767    
   4.07100010      0.999766767    
   4.07200003      0.999775827    
   4.07300043      0.999784827    
   4.07400036      0.999793887    
   4.07500029      0.999802887    
   4.07600021      0.999811947    
   4.07700014      0.999820888    
   4.07800007      0.999829948    
   4.07900000      0.999838889    
   4.08000040      0.999847949    
   4.08100033      0.999856889    
   4.08200026      0.999865890    
   4.08300018      0.999874830    
   4.08400011      0.999883831    
   4.08500004      0.999892771    
   4.08599997      0.999901772    
   4.08700037      0.999910712    
   4.08800030      0.999919653    
   4.08900023      0.999928594    
   4.09000015      0.999937534    
   4.09100008      0.999946475    
   4.09200001      0.999955416    
   4.09300041      0.999964356    
   4.09400034      0.999973238    
   4.09500027      0.999982178    
   4.09600019      0.999991119    
