   1.00000005E-03   0.00000000    
   2.00000009E-03   0.00000000    
   3.00000003E-03   0.00000000    
   4.00000019E-03   0.00000000    
   5.00000035E-03   0.00000000    
   6.00000005E-03   0.00000000    
   7.00000022E-03   0.00000000    
   8.00000038E-03   0.00000000    
   9.00000054E-03   0.00000000    
   1.00000007E-02   0.00000000    
   1.10000009E-02   0.00000000    
   1.20000001E-02   0.00000000    
   1.30000003E-02   0.00000000    
   1.40000004E-02   0.00000000    
   1.50000006E-02   0.00000000    
   1.60000008E-02   0.00000000    
   1.70000009E-02   0.00000000    
   1.80000011E-02   0.00000000    
   1.90000013E-02   0.00000000    
   2.00000014E-02   0.00000000    
   2.10000016E-02   0.00000000    
   2.20000017E-02   0.00000000    
   2.30000019E-02   0.00000000    
   2.40000002E-02   0.00000000    
   2.50000004E-02   0.00000000    
   2.60000005E-02   0.00000000    
   2.70000007E-02   0.00000000    
   2.80000009E-02   0.00000000    
   2.90000010E-02   0.00000000    
   3.00000012E-02   0.00000000    
   3.10000014E-02   0.00000000    
   3.20000015E-02   0.00000000    
   3.29999998E-02   0.00000000    
   3.40000018E-02   0.00000000    
   3.50000001E-02   0.00000000    
   3.60000022E-02   0.00000000    
   3.70000005E-02   0.00000000    
   3.80000025E-02   0.00000000    
   3.90000008E-02   0.00000000    
   4.00000028E-02   0.00000000    
   4.10000011E-02   0.00000000    
   4.20000032E-02   0.00000000    
   4.30000015E-02   0.00000000    
   4.40000035E-02   0.00000000    
   4.50000018E-02   0.00000000    
   4.60000038E-02   0.00000000    
   4.70000021E-02   0.00000000    
   4.80000004E-02   0.00000000    
   4.90000024E-02   0.00000000    
   5.00000007E-02   0.00000000    
   5.10000028E-02   0.00000000    
   5.20000011E-02   0.00000000    
   5.30000031E-02   0.00000000    
   5.40000014E-02   0.00000000    
   5.50000034E-02   0.00000000    
   5.60000017E-02   0.00000000    
   5.70000038E-02   0.00000000    
   5.80000021E-02   0.00000000    
   5.90000041E-02   0.00000000    
   6.00000024E-02   0.00000000    
   6.10000044E-02   0.00000000    
   6.20000027E-02   0.00000000    
   6.30000010E-02   0.00000000    
   6.40000030E-02   0.00000000    
   6.50000051E-02   0.00000000    
   6.59999996E-02   0.00000000    
   6.70000017E-02   0.00000000    
   6.80000037E-02   0.00000000    
   6.90000057E-02   0.00000000    
   7.00000003E-02   0.00000000    
   7.10000023E-02   0.00000000    
   7.20000044E-02   0.00000000    
   7.30000064E-02   0.00000000    
   7.40000010E-02   0.00000000    
   7.50000030E-02   0.00000000    
   7.60000050E-02   0.00000000    
   7.70000070E-02   0.00000000    
   7.80000016E-02   0.00000000    
   7.90000036E-02   0.00000000    
   8.00000057E-02   0.00000000    
   8.10000002E-02   0.00000000    
   8.20000023E-02   0.00000000    
   8.30000043E-02   0.00000000    
   8.40000063E-02   0.00000000    
   8.50000009E-02   0.00000000    
   8.60000029E-02   0.00000000    
   8.70000049E-02   0.00000000    
   8.80000070E-02   0.00000000    
   8.90000015E-02   0.00000000    
   9.00000036E-02   0.00000000    
   9.10000056E-02   0.00000000    
   9.20000076E-02   0.00000000    
   9.30000022E-02   0.00000000    
   9.40000042E-02   0.00000000    
   9.50000063E-02   0.00000000    
   9.60000008E-02   0.00000000    
   9.70000029E-02   0.00000000    
   9.80000049E-02   0.00000000    
   9.90000069E-02   0.00000000    
  0.100000001       0.00000000    
  0.101000004       0.00000000    
  0.102000006       0.00000000    
  0.103000008       0.00000000    
  0.104000002       0.00000000    
  0.105000004       0.00000000    
  0.106000006       0.00000000    
  0.107000008       0.00000000    
  0.108000003       0.00000000    
  0.109000005       0.00000000    
  0.110000007       0.00000000    
  0.111000009       0.00000000    
  0.112000003       0.00000000    
  0.113000005       0.00000000    
  0.114000008       0.00000000    
  0.115000002       0.00000000    
  0.116000004       0.00000000    
  0.117000006       0.00000000    
  0.118000008       0.00000000    
  0.119000003       0.00000000    
  0.120000005       0.00000000    
  0.121000007       0.00000000    
  0.122000009       0.00000000    
  0.123000003       0.00000000    
  0.124000005       0.00000000    
  0.125000000       0.00000000    
  0.126000002       0.00000000    
  0.127000004       0.00000000    
  0.128000006       0.00000000    
  0.129000008       0.00000000    
  0.130000010       0.00000000    
  0.131000012       0.00000000    
  0.131999999       0.00000000    
  0.133000001       0.00000000    
  0.134000003       0.00000000    
  0.135000005       0.00000000    
  0.136000007       0.00000000    
  0.137000009       0.00000000    
  0.138000011       0.00000000    
  0.139000013       0.00000000    
  0.140000001       0.00000000    
  0.141000003       0.00000000    
  0.142000005       0.00000000    
  0.143000007       0.00000000    
  0.144000009       0.00000000    
  0.145000011       0.00000000    
  0.146000013       0.00000000    
  0.147000000       0.00000000    
  0.148000002       0.00000000    
  0.149000004       0.00000000    
  0.150000006       0.00000000    
  0.151000008       0.00000000    
  0.152000010       0.00000000    
  0.153000012       0.00000000    
  0.154000014       0.00000000    
  0.155000001       0.00000000    
  0.156000003       0.00000000    
  0.157000005       0.00000000    
  0.158000007       0.00000000    
  0.159000009       0.00000000    
  0.160000011       0.00000000    
  0.161000013       0.00000000    
  0.162000000       0.00000000    
  0.163000003       0.00000000    
  0.164000005       0.00000000    
  0.165000007       0.00000000    
  0.166000009       0.00000000    
  0.167000011       0.00000000    
  0.168000013       0.00000000    
  0.169000015       0.00000000    
  0.170000002       0.00000000    
  0.171000004       0.00000000    
  0.172000006       0.00000000    
  0.173000008       0.00000000    
  0.174000010       0.00000000    
  0.175000012       0.00000000    
  0.176000014       0.00000000    
  0.177000001       0.00000000    
  0.178000003       0.00000000    
  0.179000005       0.00000000    
  0.180000007       0.00000000    
  0.181000009       0.00000000    
  0.182000011       0.00000000    
  0.183000013       0.00000000    
  0.184000015       0.00000000    
  0.185000002       0.00000000    
  0.186000004       0.00000000    
  0.187000006       0.00000000    
  0.188000008       0.00000000    
  0.189000010       0.00000000    
  0.190000013       0.00000000    
  0.191000015       0.00000000    
  0.192000002       0.00000000    
  0.193000004       0.00000000    
  0.194000006       0.00000000    
  0.195000008       0.00000000    
  0.196000010       0.00000000    
  0.197000012       0.00000000    
  0.198000014       0.00000000    
  0.199000016       0.00000000    
  0.200000003       0.00000000    
  0.201000005       0.00000000    
  0.202000007       0.00000000    
  0.203000009       0.00000000    
  0.204000011       0.00000000    
  0.205000013       0.00000000    
  0.206000015       0.00000000    
  0.207000017       0.00000000    
  0.208000004       0.00000000    
  0.209000006       0.00000000    
  0.210000008       0.00000000    
  0.211000010       0.00000000    
  0.212000012       0.00000000    
  0.213000014       0.00000000    
  0.214000016       0.00000000    
  0.215000004       0.00000000    
  0.216000006       0.00000000    
  0.217000008       0.00000000    
  0.218000010       0.00000000    
  0.219000012       0.00000000    
  0.220000014       0.00000000    
  0.221000016       0.00000000    
  0.222000018       0.00000000    
  0.223000005       0.00000000    
  0.224000007       0.00000000    
  0.225000009       0.00000000    
  0.226000011       0.00000000    
  0.227000013       0.00000000    
  0.228000015       0.00000000    
  0.229000017       0.00000000    
  0.230000004       0.00000000    
  0.231000006       0.00000000    
  0.232000008       0.00000000    
  0.233000010       0.00000000    
  0.234000012       0.00000000    
  0.235000014       0.00000000    
  0.236000016       0.00000000    
  0.237000018       0.00000000    
  0.238000005       0.00000000    
  0.239000008       0.00000000    
  0.240000010       0.00000000    
  0.241000012       0.00000000    
  0.242000014       0.00000000    
  0.243000016       0.00000000    
  0.244000018       0.00000000    
  0.245000005       0.00000000    
  0.246000007       0.00000000    
  0.247000009       0.00000000    
  0.248000011       0.00000000    
  0.249000013       0.00000000    
  0.250000000       0.00000000    
  0.251000017       0.00000000    
  0.252000004       0.00000000    
  0.253000021       0.00000000    
  0.254000008       0.00000000    
  0.255000025       0.00000000    
  0.256000012       0.00000000    
  0.256999999       0.00000000    
  0.258000016       0.00000000    
  0.259000003       0.00000000    
  0.260000020       0.00000000    
  0.261000007       0.00000000    
  0.262000024       0.00000000    
  0.263000011       0.00000000    
  0.263999999       0.00000000    
  0.265000015       0.00000000    
  0.266000003       0.00000000    
  0.267000020       0.00000000    
  0.268000007       0.00000000    
  0.269000024       0.00000000    
  0.270000011       0.00000000    
  0.271000028       0.00000000    
  0.272000015       0.00000000    
  0.273000002       0.00000000    
  0.274000019       0.00000000    
  0.275000006       0.00000000    
  0.276000023       0.00000000    
  0.277000010       0.00000000    
  0.278000027       0.00000000    
  0.279000014       0.00000000    
  0.280000001       0.00000000    
  0.281000018       0.00000000    
  0.282000005       0.00000000    
  0.283000022       0.00000000    
  0.284000009       0.00000000    
  0.285000026       0.00000000    
  0.286000013       0.00000000    
  0.287000000       0.00000000    
  0.288000017       0.00000000    
  0.289000005       0.00000000    
  0.290000021       0.00000000    
  0.291000009       0.00000000    
  0.292000026       0.00000000    
  0.293000013       0.00000000    
  0.294000000       0.00000000    
  0.295000017       0.00000000    
  0.296000004       0.00000000    
  0.297000021       0.00000000    
  0.298000008       0.00000000    
  0.299000025       0.00000000    
  0.300000012       0.00000000    
  0.301000029       0.00000000    
  0.302000016       0.00000000    
  0.303000003       0.00000000    
  0.304000020       0.00000000    
  0.305000007       0.00000000    
  0.306000024       0.00000000    
  0.307000011       0.00000000    
  0.308000028       0.00000000    
  0.309000015       0.00000000    
  0.310000002       0.00000000    
  0.311000019       0.00000000    
  0.312000006       0.00000000    
  0.313000023       0.00000000    
  0.314000010       0.00000000    
  0.315000027       0.00000000    
  0.316000015       0.00000000    
  0.317000002       0.00000000    
  0.318000019       0.00000000    
  0.319000006       0.00000000    
  0.320000023       0.00000000    
  0.321000010       0.00000000    
  0.322000027       0.00000000    
  0.323000014       0.00000000    
  0.324000001       0.00000000    
  0.325000018       0.00000000    
  0.326000005       0.00000000    
  0.327000022       0.00000000    
  0.328000009       0.00000000    
  0.329000026       0.00000000    
  0.330000013       0.00000000    
  0.331000030       0.00000000    
  0.332000017       0.00000000    
  0.333000004       0.00000000    
  0.334000021       0.00000000    
  0.335000008       0.00000000    
  0.336000025       0.00000000    
  0.337000012       0.00000000    
  0.338000029       0.00000000    
  0.339000016       0.00000000    
  0.340000004       0.00000000    
  0.341000021       0.00000000    
  0.342000008       0.00000000    
  0.343000025       0.00000000    
  0.344000012       0.00000000    
  0.345000029       0.00000000    
  0.346000016       0.00000000    
  0.347000003       0.00000000    
  0.348000020       0.00000000    
  0.349000007       0.00000000    
  0.350000024       0.00000000    
  0.351000011       0.00000000    
  0.352000028       0.00000000    
  0.353000015       0.00000000    
  0.354000002       0.00000000    
  0.355000019       0.00000000    
  0.356000006       0.00000000    
  0.357000023       0.00000000    
  0.358000010       0.00000000    
  0.359000027       0.00000000    
  0.360000014       0.00000000    
  0.361000031       0.00000000    
  0.362000018       0.00000000    
  0.363000005       0.00000000    
  0.364000022       0.00000000    
  0.365000010       0.00000000    
  0.366000026       0.00000000    
  0.367000014       0.00000000    
  0.368000031       0.00000000    
  0.369000018       0.00000000    
  0.370000005       0.00000000    
  0.371000022       0.00000000    
  0.372000009       0.00000000    
  0.373000026       0.00000000    
  0.374000013       0.00000000    
  0.375000030       0.00000000    
  0.376000017       0.00000000    
  0.377000004       0.00000000    
  0.378000021       0.00000000    
  0.379000008       0.00000000    
  0.380000025       0.00000000    
  0.381000012       0.00000000    
  0.382000029       0.00000000    
  0.383000016       0.00000000    
  0.384000003       0.00000000    
  0.385000020       0.00000000    
  0.386000007       0.00000000    
  0.387000024       0.00000000    
  0.388000011       0.00000000    
  0.389000028       0.00000000    
  0.390000015       0.00000000    
  0.391000032       0.00000000    
  0.392000020       0.00000000    
  0.393000007       0.00000000    
  0.394000024       0.00000000    
  0.395000011       0.00000000    
  0.396000028       0.00000000    
  0.397000015       0.00000000    
  0.398000032       0.00000000    
  0.399000019       0.00000000    
  0.400000006       0.00000000    
  0.401000023       0.00000000    
  0.402000010       0.00000000    
  0.403000027       0.00000000    
  0.404000014       0.00000000    
  0.405000031       0.00000000    
  0.406000018       0.00000000    
  0.407000005       0.00000000    
  0.408000022       0.00000000    
  0.409000009       0.00000000    
  0.410000026       0.00000000    
  0.411000013       0.00000000    
  0.412000030       0.00000000    
  0.413000017       0.00000000    
  0.414000034       0.00000000    
  0.415000021       0.00000000    
  0.416000009       0.00000000    
  0.417000026       0.00000000    
  0.418000013       0.00000000    
  0.419000030       0.00000000    
  0.420000017       0.00000000    
  0.421000034       0.00000000    
  0.422000021       0.00000000    
  0.423000008       0.00000000    
  0.424000025       0.00000000    
  0.425000012       0.00000000    
  0.426000029       0.00000000    
  0.427000016       0.00000000    
  0.428000033       0.00000000    
  0.429000020       0.00000000    
  0.430000007       0.00000000    
  0.431000024       0.00000000    
  0.432000011       0.00000000    
  0.433000028       0.00000000    
  0.434000015       0.00000000    
  0.435000032       0.00000000    
  0.436000019       0.00000000    
  0.437000006       0.00000000    
  0.438000023       0.00000000    
  0.439000010       0.00000000    
  0.440000027       0.00000000    
  0.441000015       0.00000000    
  0.442000031       0.00000000    
  0.443000019       0.00000000    
  0.444000036       0.00000000    
  0.445000023       0.00000000    
  0.446000010       0.00000000    
  0.447000027       0.00000000    
  0.448000014       0.00000000    
  0.449000031       0.00000000    
  0.450000018       0.00000000    
  0.451000035       0.00000000    
  0.452000022       0.00000000    
  0.453000009       0.00000000    
  0.454000026       0.00000000    
  0.455000013       0.00000000    
  0.456000030       0.00000000    
  0.457000017       0.00000000    
  0.458000034       0.00000000    
  0.459000021       0.00000000    
  0.460000008       0.00000000    
  0.461000025       0.00000000    
  0.462000012       0.00000000    
  0.463000029       0.00000000    
  0.464000016       0.00000000    
  0.465000033       0.00000000    
  0.466000021       0.00000000    
  0.467000008       0.00000000    
  0.468000025       0.00000000    
  0.469000012       0.00000000    
  0.470000029       0.00000000    
  0.471000016       0.00000000    
  0.472000033       0.00000000    
  0.473000020       0.00000000    
  0.474000037       0.00000000    
  0.475000024       0.00000000    
  0.476000011       0.00000000    
  0.477000028       0.00000000    
  0.478000015       0.00000000    
  0.479000032       0.00000000    
  0.480000019       0.00000000    
  0.481000036       0.00000000    
  0.482000023       0.00000000    
  0.483000010       0.00000000    
  0.484000027       0.00000000    
  0.485000014       0.00000000    
  0.486000031       0.00000000    
  0.487000018       0.00000000    
  0.488000035       0.00000000    
  0.489000022       0.00000000    
  0.490000010       0.00000000    
  0.491000026       0.00000000    
  0.492000014       0.00000000    
  0.493000031       0.00000000    
  0.494000018       0.00000000    
  0.495000035       0.00000000    
  0.496000022       0.00000000    
  0.497000009       0.00000000    
  0.498000026       0.00000000    
  0.499000013       0.00000000    
  0.500000000       0.00000000    
  0.501000047       0.00000000    
  0.502000034       0.00000000    
  0.503000021       0.00000000    
  0.504000008       0.00000000    
  0.504999995       0.00000000    
  0.506000042       0.00000000    
  0.507000029       0.00000000    
  0.508000016       0.00000000    
  0.509000003       0.00000000    
  0.510000050       0.00000000    
  0.511000037       0.00000000    
  0.512000024       0.00000000    
  0.513000011       0.00000000    
  0.513999999       0.00000000    
  0.515000045       0.00000000    
  0.516000032       0.00000000    
  0.517000020       0.00000000    
  0.518000007       0.00000000    
  0.519000053       0.00000000    
  0.520000041       0.00000000    
  0.521000028       0.00000000    
  0.522000015       0.00000000    
  0.523000002       0.00000000    
  0.524000049       0.00000000    
  0.525000036       0.00000000    
  0.526000023       0.00000000    
  0.527000010       0.00000000    
  0.527999997       0.00000000    
  0.529000044       0.00000000    
  0.530000031       0.00000000    
  0.531000018       0.00000000    
  0.532000005       0.00000000    
  0.533000052       0.00000000    
  0.534000039       0.00000000    
  0.535000026       0.00000000    
  0.536000013       0.00000000    
  0.537000000       0.00000000    
  0.538000047       0.00000000    
  0.539000034       0.00000000    
  0.540000021       0.00000000    
  0.541000009       0.00000000    
  0.542000055       0.00000000    
  0.543000042       0.00000000    
  0.544000030       0.00000000    
  0.545000017       0.00000000    
  0.546000004       0.00000000    
  0.547000051       0.00000000    
  0.548000038       0.00000000    
  0.549000025       0.00000000    
  0.550000012       0.00000000    
  0.550999999       0.00000000    
  0.552000046       0.00000000    
  0.553000033       0.00000000    
  0.554000020       0.00000000    
  0.555000007       0.00000000    
  0.556000054       0.00000000    
  0.557000041       0.00000000    
  0.558000028       0.00000000    
  0.559000015       0.00000000    
  0.560000002       0.00000000    
  0.561000049       0.00000000    
  0.562000036       0.00000000    
  0.563000023       0.00000000    
  0.564000010       0.00000000    
  0.564999998       0.00000000    
  0.566000044       0.00000000    
  0.567000031       0.00000000    
  0.568000019       0.00000000    
  0.569000006       0.00000000    
  0.570000052       0.00000000    
  0.571000040       0.00000000    
  0.572000027       0.00000000    
  0.573000014       0.00000000    
  0.574000001       0.00000000    
  0.575000048       0.00000000    
  0.576000035       0.00000000    
  0.577000022       0.00000000    
  0.578000009       0.00000000    
  0.579000056       0.00000000    
  0.580000043       0.00000000    
  0.581000030       0.00000000    
  0.582000017       0.00000000    
  0.583000004       0.00000000    
  0.584000051       0.00000000    
  0.585000038       0.00000000    
  0.586000025       0.00000000    
  0.587000012       0.00000000    
  0.588000000       0.00000000    
  0.589000046       0.00000000    
  0.590000033       0.00000000    
  0.591000021       0.00000000    
  0.592000008       0.00000000    
  0.593000054       0.00000000    
  0.594000041       0.00000000    
  0.595000029       0.00000000    
  0.596000016       0.00000000    
  0.597000003       0.00000000    
  0.598000050       0.00000000    
  0.599000037       0.00000000    
  0.600000024       0.00000000    
  0.601000011       0.00000000    
  0.602000058       0.00000000    
  0.603000045       0.00000000    
  0.604000032       0.00000000    
  0.605000019       0.00000000    
  0.606000006       0.00000000    
  0.607000053       0.00000000    
  0.608000040       0.00000000    
  0.609000027       0.00000000    
  0.610000014       0.00000000    
  0.611000001       0.00000000    
  0.612000048       0.00000000    
  0.613000035       0.00000000    
  0.614000022       0.00000000    
  0.615000010       0.00000000    
  0.616000056       0.00000000    
  0.617000043       0.00000000    
  0.618000031       0.00000000    
  0.619000018       0.00000000    
  0.620000005       0.00000000    
  0.621000051       0.00000000    
  0.622000039       0.00000000    
  0.623000026       0.00000000    
  0.624000013       0.00000000    
  0.625000000       0.00000000    
  0.626000047       0.00000000    
  0.627000034       0.00000000    
  0.628000021       0.00000000    
  0.629000008       0.00000000    
  0.630000055       0.00000000    
  0.631000042       0.00000000    
  0.632000029       0.00000000    
  0.633000016       0.00000000    
  0.634000003       0.00000000    
  0.635000050       0.00000000    
  0.636000037       0.00000000    
  0.637000024       0.00000000    
  0.638000011       0.00000000    
  0.639000058       0.00000000    
  0.640000045       0.00000000    
  0.641000032       0.00000000    
  0.642000020       0.00000000    
  0.643000007       0.00000000    
  0.644000053       0.00000000    
  0.645000041       0.00000000    
  0.646000028       0.00000000    
  0.647000015       0.00000000    
  0.648000002       0.00000000    
  0.649000049       0.00000000    
  0.650000036       0.00000000    
  0.651000023       0.00000000    
  0.652000010       0.00000000    
  0.653000057       0.00000000    
  0.654000044       0.00000000    
  0.655000031       0.00000000    
  0.656000018       0.00000000    
  0.657000005       0.00000000    
  0.658000052       0.00000000    
  0.659000039       0.00000000    
  0.660000026       0.00000000    
  0.661000013       0.00000000    
  0.662000060       0.00000000    
  0.663000047       0.00000000    
  0.664000034       0.00000000    
  0.665000021       0.00000000    
  0.666000009       0.00000000    
  0.667000055       0.00000000    
  0.668000042       0.00000000    
  0.669000030       0.00000000    
  0.670000017       0.00000000    
  0.671000004       0.00000000    
  0.672000051       0.00000000    
  0.673000038       0.00000000    
  0.674000025       0.00000000    
  0.675000012       0.00000000    
  0.676000059       0.00000000    
  0.677000046       0.00000000    
  0.678000033       0.00000000    
  0.679000020       0.00000000    
  0.680000007       0.00000000    
  0.681000054       0.00000000    
  0.682000041       0.00000000    
  0.683000028       0.00000000    
  0.684000015       0.00000000    
  0.685000062       0.00000000    
  0.686000049       0.00000000    
  0.687000036       0.00000000    
  0.688000023       0.00000000    
  0.689000010       0.00000000    
  0.690000057       0.00000000    
  0.691000044       0.00000000    
  0.692000031       0.00000000    
  0.693000019       0.00000000    
  0.694000006       0.00000000    
  0.695000052       0.00000000    
  0.696000040       0.00000000    
  0.697000027       0.00000000    
  0.698000014       0.00000000    
  0.699000061       0.00000000    
  0.700000048       0.00000000    
  0.701000035       0.00000000    
  0.702000022       0.00000000    
  0.703000009       0.00000000    
  0.704000056       0.00000000    
  0.705000043       0.00000000    
  0.706000030       0.00000000    
  0.707000017       0.00000000    
  0.708000004       0.00000000    
  0.709000051       0.00000000    
  0.710000038       0.00000000    
  0.711000025       0.00000000    
  0.712000012       0.00000000    
  0.713000059       0.00000000    
  0.714000046       0.00000000    
  0.715000033       0.00000000    
  0.716000021       0.00000000    
  0.717000008       0.00000000    
  0.718000054       0.00000000    
  0.719000041       0.00000000    
  0.720000029       0.00000000    
  0.721000016       0.00000000    
  0.722000062       0.00000000    
  0.723000050       0.00000000    
  0.724000037       0.00000000    
  0.725000024       0.00000000    
  0.726000011       0.00000000    
  0.727000058       0.00000000    
  0.728000045       0.00000000    
  0.729000032       0.00000000    
  0.730000019       0.00000000    
  0.731000006       0.00000000    
  0.732000053       0.00000000    
  0.733000040       0.00000000    
  0.734000027       0.00000000    
  0.735000014       0.00000000    
  0.736000061       0.00000000    
  0.737000048       0.00000000    
  0.738000035       4.20389539E-45
  0.739000022       2.10194770E-44
  0.740000010       1.20511668E-43
  0.741000056       6.90840143E-43
  0.742000043       3.85216948E-42
  0.743000031       2.07994731E-41
  0.744000018       1.08914522E-40
  0.745000064       5.53644615E-40
  0.746000051       2.73235824E-39
  0.747000039       1.31026451E-38
  0.748000026       6.10846347E-38
  0.749000013       2.76981125E-37
  0.750000060       1.22245619E-36
  0.751000047       5.25237910E-36
  0.752000034       2.19847548E-35
  0.753000021       8.96844448E-35
  0.754000008       3.56768114E-34
  0.755000055       1.38474144E-33
  0.756000042       5.24529016E-33
  0.757000029       1.94019427E-32
  0.758000016       7.01077879E-32
  0.759000063       2.47607188E-31
  0.760000050       8.54988387E-31
  0.761000037       2.88789151E-30
  0.762000024       9.54558514E-30
  0.763000011       3.08881908E-29
  0.764000058       9.78936589E-29
  0.765000045       3.03941356E-28
  0.766000032       9.24950389E-28
  0.767000020       2.75977191E-27
  0.768000007       8.07664761E-27
  0.769000053       2.31938541E-26
  0.770000041       6.53694458E-26
  0.771000028       1.80904307E-25
  0.772000015       4.91721556E-25
  0.773000062       1.31327296E-24
  0.774000049       3.44713953E-24
  0.775000036       8.89549218E-24
  0.776000023       2.25762825E-23
  0.777000010       5.63685609E-23
  0.778000057       1.38504651E-22
  0.779000044       3.34981718E-22
  0.780000031       7.97717503E-22
  0.781000018       1.87104034E-21
  0.782000065       4.32366579E-21
  0.783000052       9.84556329E-21
  0.784000039       2.20996843E-20
  0.785000026       4.89104044E-20
  0.786000013       1.06753494E-19
  0.787000060       2.29871192E-19
  0.788000047       4.88387648E-19
  0.789000034       1.02409954E-18
  0.790000021       2.11995886E-18
  0.791000009       4.33339947E-18
  0.792000055       8.74852934E-18
  0.793000042       1.74476181E-17
  0.794000030       3.43821526E-17
  0.795000017       6.69597280E-17
  0.796000063       1.28916482E-16
  0.797000051       2.45390501E-16
  0.798000038       4.61922059E-16
  0.799000025       8.60064655E-16
  0.800000012       1.58428280E-15
  0.801000059       2.88772929E-15
  0.802000046       5.20932505E-15
  0.803000033       9.30196167E-15
  0.804000020       1.64447754E-14
  0.805000067       2.87898706E-14
  0.806000054       4.99172305E-14
  0.807000041       8.57321687E-14
  0.808000028       1.45882303E-13
  0.809000015       2.45978503E-13
  0.810000062       4.11057039E-13
  0.811000049       6.80883789E-13
  0.812000036       1.11810279E-12
  0.813000023       1.82050317E-12
  0.814000010       2.93952709E-12
  0.815000057       4.70779535E-12
  0.816000044       7.47893848E-12
  0.817000031       1.17875683E-11
  0.818000019       1.84344068E-11
  0.819000065       2.86109799E-11
  0.820000052       4.40712432E-11
  0.821000040       6.73889000E-11
  0.822000027       1.02297233E-10
  0.823000014       1.54187010E-10
  0.824000061       2.30788028E-10
  0.825000048       3.43063911E-10
  0.826000035       5.06537756E-10
  0.827000022       7.42958750E-10
  0.828000069       1.08267972E-09
  0.829000056       1.56760827E-09
  0.830000043       2.25554064E-09
  0.831000030       3.22533977E-09
  0.832000017       4.58419613E-09
  0.833000064       6.47688347E-09
  0.834000051       9.09742592E-09
  0.835000038       1.27045681E-08
  0.836000025       1.76419768E-08
  0.837000012       2.43623202E-08
  0.838000059       3.34595214E-08
  0.839000046       4.57066314E-08
  0.840000033       6.21083132E-08
  0.841000021       8.39574028E-08
  0.842000067       1.12918137E-07
  0.843000054       1.51106974E-07
  0.844000041       2.01219024E-07
  0.845000029       2.66652023E-07
  0.846000016       3.51690119E-07
  0.847000062       4.61690206E-07
  0.848000050       6.03305182E-07
  0.849000037       7.84798999E-07
  0.850000024       1.01637784E-06
  0.851000011       1.31056379E-06
  0.852000058       1.68269264E-06
  0.853000045       2.15136788E-06
  0.854000032       2.73917749E-06
  0.855000019       3.47345235E-06
  0.856000066       4.38699817E-06
  0.857000053       5.51900757E-06
  0.858000040       6.91634295E-06
  0.859000027       8.63449350E-06
  0.860000014       1.07392325E-05
  0.861000061       1.33083286E-05
  0.862000048       1.64323083E-05
  0.863000035       2.02176689E-05
  0.864000022       2.47883290E-05
  0.865000069       3.02886983E-05
  0.866000056       3.68845576E-05
  0.867000043       4.47680213E-05
  0.868000031       5.41595800E-05
  0.869000018       6.53117240E-05
  0.870000064       7.85132070E-05
  0.871000051       9.40897953E-05
  0.872000039       1.12415190E-04
  0.873000026       1.33907728E-04
  0.874000013       1.59039919E-04
  0.875000060       1.88345264E-04
  0.876000047       2.22415634E-04
  0.877000034       2.61913345E-04
  0.878000021       3.07580252E-04
  0.879000068       3.60237260E-04
  0.880000055       4.20785102E-04
  0.881000042       4.90223232E-04
  0.882000029       5.69658703E-04
  0.883000016       6.60290127E-04
  0.884000063       7.63452146E-04
  0.885000050       8.80561711E-04
  0.886000037       1.01321365E-03
  0.887000024       1.16308022E-03
  0.888000071       1.33203832E-03
  0.889000058       1.52203767E-03
  0.890000045       1.73524139E-03
  0.891000032       1.97394355E-03
  0.892000020       2.24060589E-03
  0.893000066       2.53789313E-03
  0.894000053       2.86856946E-03
  0.895000041       3.23562953E-03
  0.896000028       3.64225241E-03
  0.897000015       4.09179041E-03
  0.898000062       4.58782632E-03
  0.899000049       5.13404002E-03
  0.900000036       5.73436264E-03
  0.901000023       6.39291108E-03
  0.902000070       7.11408257E-03
  0.903000057       7.90223666E-03
  0.904000044       8.76212679E-03
  0.905000031       9.69857350E-03
  0.906000018       1.07167102E-02
  0.907000065       1.18217869E-02
  0.908000052       1.30190775E-02
  0.909000039       1.43141514E-02
  0.910000026       1.57127734E-02
  0.911000073       1.72208846E-02
  0.912000060       1.88443214E-02
  0.913000047       2.05891822E-02
  0.914000034       2.24617813E-02
  0.915000021       2.44684014E-02
  0.916000068       2.66157277E-02
  0.917000055       2.89098322E-02
  0.918000042       3.13574038E-02
  0.919000030       3.39651406E-02
  0.920000017       3.67396399E-02
  0.921000063       3.96875888E-02
  0.922000051       4.28154878E-02
  0.923000038       4.61299829E-02
  0.924000025       4.96377237E-02
  0.925000072       5.33453673E-02
  0.926000059       5.72589822E-02
  0.927000046       6.13850504E-02
  0.928000033       6.57298267E-02
  0.929000020       7.02993348E-02
  0.930000067       7.50999525E-02
  0.931000054       8.01369622E-02
  0.932000041       8.54163766E-02
  0.933000028       9.09432769E-02
  0.934000015       9.67230797E-02
  0.935000062      0.102760881    
  0.936000049      0.109061018    
  0.937000036      0.115628138    
  0.938000023      0.122466505    
  0.939000070      0.129580215    
  0.940000057      0.136972412    
  0.941000044      0.144646302    
  0.942000031      0.152605608    
  0.943000019      0.160852417    
  0.944000065      0.169389680    
  0.945000052      0.178218067    
  0.946000040      0.187340185    
  0.947000027      0.196756646    
  0.948000073      0.206469521    
  0.949000061      0.216477320    
  0.950000048      0.226781845    
  0.951000035      0.237381950    
  0.952000022      0.248277411    
  0.953000069      0.259467036    
  0.954000056      0.270949602    
  0.955000043      0.282722533    
  0.956000030      0.294784427    
  0.957000017      0.307132423    
  0.958000064      0.319764912    
  0.959000051      0.332676023    
  0.960000038      0.345864356    
  0.961000025      0.359324694    
  0.962000072      0.373054773    
  0.963000059      0.387047201    
  0.964000046      0.401298314    
  0.965000033      0.415802628    
  0.966000021      0.430555254    
  0.967000067      0.445550293    
  0.968000054      0.460780799    
  0.969000041      0.476239920    
  0.970000029      0.491922230    
  0.971000075      0.507821202    
  0.972000062      0.523928523    
  0.973000050      0.540236652    
  0.974000037      0.556738973    
  0.975000024      0.573426902    
  0.976000071      0.590294957    
  0.977000058      0.607331097    
  0.978000045      0.624530017    
  0.979000032      0.641881883    
  0.980000019      0.659378767    
  0.981000066      0.677013159    
  0.982000053      0.694775283    
  0.983000040      0.712654948    
  0.984000027      0.730645895    
  0.985000074      0.748738110    
  0.986000061      0.766922772    
  0.987000048      0.785189867    
  0.988000035      0.803532839    
  0.989000022      0.821940005    
  0.990000069      0.840406418    
  0.991000056      0.858917534    
  0.992000043      0.877469897    
  0.993000031      0.896049500    
  0.994000018      0.914652348    
  0.995000064      0.933267057    
  0.996000051      0.951886117    
  0.997000039      0.970499456    
  0.998000026      0.989100516    
  0.999000072       1.00768042    
   1.00000000       1.02622890    
   1.00100005       1.04474068    
   1.00200009       1.06320858    
   1.00300002       1.08161676    
   1.00400007       1.09996927    
   1.00500000       1.11824858    
   1.00600004       1.13645482    
   1.00700009       1.15457606    
   1.00800002       1.17260599    
   1.00900006       1.19053721    
   1.00999999       1.20836496    
   1.01100004       1.22608113    
   1.01200008       1.24368227    
   1.01300001       1.26115549    
   1.01400006       1.27850199    
   1.01500010       1.29571021    
   1.01600003       1.31277907    
   1.01700008       1.32970035    
   1.01800001       1.34646940    
   1.01900005       1.36308062    
   1.02000010       1.37953258    
   1.02100003       1.39581311    
   1.02200007       1.41192627    
   1.02300000       1.42786050    
   1.02400005       1.44361782    
   1.02500010       1.45919013    
   1.02600002       1.47457433    
   1.02700007       1.48976719    
   1.02800000       1.50476682    
   1.02900004       1.51956809    
   1.03000009       1.53417015    
   1.03100002       1.54856479    
   1.03200006       1.56275845    
   1.03299999       1.57673895    
   1.03400004       1.59051144    
   1.03500009       1.60407054    
   1.03600001       1.61741447    
   1.03700006       1.63054097    
   1.03800011       1.64345145    
   1.03900003       1.65613770    
   1.04000008       1.66860831    
   1.04100001       1.68085110    
   1.04200006       1.69287562    
   1.04300010       1.70467377    
   1.04400003       1.71624601    
   1.04500008       1.72759461    
   1.04600000       1.73871696    
   1.04700005       1.74961293    
   1.04800010       1.76028502    
   1.04900002       1.77072740    
   1.05000007       1.78094709    
   1.05100000       1.79093719    
   1.05200005       1.80070543    
   1.05300009       1.81024611    
   1.05400002       1.81956303    
   1.05500007       1.82865500    
   1.05599999       1.83752525    
   1.05700004       1.84617114    
   1.05800009       1.85459828    
   1.05900002       1.86280215    
   1.06000006       1.87078977    
   1.06100011       1.87855709    
   1.06200004       1.88610840    
   1.06300008       1.89344358    
   1.06400001       1.90056622    
   1.06500006       1.90747440    
   1.06600010       1.91417503    
   1.06700003       1.92066157    
   1.06800008       1.92694521    
   1.06900001       1.93301940    
   1.07000005       1.93889225    
   1.07100010       1.94456077    
   1.07200003       1.95003080    
   1.07300007       1.95530057    
   1.07400000       1.96037626    
   1.07500005       1.96525526    
   1.07600009       1.96994507    
   1.07700002       1.97444212    
   1.07800007       1.97875309    
   1.07900000       1.98287570    
   1.08000004       1.98681796    
   1.08100009       1.99057686    
   1.08200002       1.99415779    
   1.08300006       1.99755991    
   1.08400011       2.00079036    
   1.08500004       2.00384569    
   1.08600008       2.00673342    
   1.08700001       2.00945115    
   1.08800006       2.01200604    
   1.08900011       2.01439619    
   1.09000003       2.01662779    
   1.09100008       2.01869869    
   1.09200001       2.02061653    
   1.09300005       2.02237844    
   1.09400010       2.02399182    
   1.09500003       2.02545381    
   1.09600008       2.02677298    
   1.09700000       2.02794480    
   1.09800005       2.02897739    
   1.09900010       2.02986908    
   1.10000002       2.03062582    
   1.10100007       2.03124690    
   1.10200000       2.03173685    
   1.10300004       2.03209519    
   1.10400009       2.03232789    
   1.10500002       2.03243423    
   1.10600007       2.03241920    
   1.10699999       2.03228092    
   1.10800004       2.03202724    
   1.10900009       2.03165627    
   1.11000001       2.03117156    
   1.11100006       2.03057480    
   1.11200011       2.02986932    
   1.11300004       2.02905583    
   1.11400008       2.02813888    
   1.11500001       2.02711701    
   1.11600006       2.02599621    
   1.11700010       2.02477431    
   1.11800003       2.02345800    
   1.11900008       2.02204680    
   1.12000000       2.02054310    
   1.12100005       2.01894855    
   1.12200010       2.01726627    
   1.12300003       2.01549649    
   1.12400007       2.01364422    
   1.12500000       2.01170754    
   1.12600005       2.00969124    
   1.12700009       2.00759554    
   1.12800002       2.00542378    
   1.12900007       2.00317621    
   1.13000000       2.00085664    
   1.13100004       1.99846375    
   1.13200009       1.99600315    
   1.13300002       1.99347365    
   1.13400006       1.99087870    
   1.13500011       1.98821890    
   1.13600004       1.98549664    
   1.13700008       1.98271275    
   1.13800001       1.97986996    
   1.13900006       1.97696888    
   1.14000010       1.97401178    
   1.14100003       1.97099984    
   1.14200008       1.96793497    
   1.14300001       1.96481824    
   1.14400005       1.96165144    
   1.14500010       1.95843565    
   1.14600003       1.95517325    
   1.14700007       1.95186412    
   1.14800000       1.94851172    
   1.14900005       1.94511521    
   1.15000010       1.94167769    
   1.15100002       1.93819964    
   1.15200007       1.93468237    
   1.15300000       1.93112767    
   1.15400004       1.92753649    
   1.15500009       1.92390919    
   1.15600002       1.92024934    
   1.15700006       1.91655469    
   1.15800011       1.91283000    
   1.15900004       1.90907323    
   1.16000009       1.90528905    
   1.16100001       1.90147483    
   1.16200006       1.89763522    
   1.16300011       1.89376760    
   1.16400003       1.88987696    
   1.16500008       1.88595974    
   1.16600001       1.88202202    
   1.16700006       1.87806046    
   1.16800010       1.87407947    
   1.16900003       1.87007630    
   1.17000008       1.86605680    
   1.17100000       1.86201656    
   1.17200005       1.85796082    
   1.17300010       1.85388601    
   1.17400002       1.84979916    
   1.17500007       1.84569526    
   1.17600000       1.84157884    
   1.17700005       1.83744669    
   1.17800009       1.83330560    
   1.17900002       1.82915080    
   1.18000007       1.82498658    
   1.18100011       1.82081044    
   1.18200004       1.81662810    
   1.18300009       1.81243384    
   1.18400002       1.80823445    
   1.18500006       1.80402637    
   1.18600011       1.79981220    
   1.18700004       1.79559147    
   1.18800008       1.79136717    
   1.18900001       1.78713679    
   1.19000006       1.78290391    
   1.19100010       1.77866459    
   1.19200003       1.77442658    
   1.19300008       1.77018237    
   1.19400001       1.76594090    
   1.19500005       1.76169491    
   1.19600010       1.75745046    
   1.19700003       1.75320387    
   1.19800007       1.74895954    
   1.19900000       1.74471474    
   1.20000005       1.74047303    
   1.20100009       1.73623204    
   1.20200002       1.73199403    
   1.20300007       1.72775638    
   1.20400012       1.72352612    
   1.20500004       1.71929526    
   1.20600009       1.71507263    
   1.20700002       1.71085215    
   1.20800006       1.70663738    
   1.20900011       1.70242584    
   1.21000004       1.69822264    
   1.21100008       1.69402397    
   1.21200001       1.68983269    
   1.21300006       1.68564522    
   1.21400011       1.68146932    
   1.21500003       1.67729652    
   1.21600008       1.67313576    
   1.21700001       1.66898036    
   1.21800005       1.66483414    
   1.21900010       1.66069388    
   1.22000003       1.65656626    
   1.22100008       1.65244508    
   1.22200000       1.64833617    
   1.22300005       1.64423335    
   1.22400010       1.64014316    
   1.22500002       1.63606083    
   1.22600007       1.63199222    
   1.22700012       1.62793159    
   1.22800004       1.62388337    
   1.22900009       1.61984599    
   1.23000002       1.61582029    
   1.23100007       1.61180294    
   1.23200011       1.60780144    
   1.23300004       1.60380936    
   1.23400009       1.59983146    
   1.23500001       1.59586406    
   1.23600006       1.59190941    
   1.23700011       1.58796680    
   1.23800004       1.58403885    
   1.23900008       1.58012080    
   1.24000001       1.57621980    
   1.24100006       1.57232964    
   1.24200010       1.56845355    
   1.24300003       1.56458914    
   1.24400008       1.56074142    
   1.24500000       1.55690300    
   1.24600005       1.55308342    
   1.24700010       1.54927492    
   1.24800003       1.54548156    
   1.24900007       1.54170096    
   1.25000000       1.53793705    
   1.25100005       1.53418422    
   1.25200009       1.53044987    
   1.25300002       1.52672839    
   1.25400007       1.52302122    
   1.25500011       1.51932824    
   1.25600004       1.51565111    
   1.25700009       1.51198816    
   1.25800002       1.50834107    
   1.25900006       1.50470674    
   1.26000011       1.50109100    
   1.26100004       1.49748695    
   1.26200008       1.49390125    
   1.26300001       1.49032879    
   1.26400006       1.48677254    
   1.26500010       1.48323083    
   1.26600003       1.47970533    
   1.26700008       1.47619450    
   1.26800001       1.47269976    
   1.26900005       1.46921837    
   1.27000010       1.46575618    
   1.27100003       1.46230769    
   1.27200007       1.45887482    
   1.27300000       1.45545745    
   1.27400005       1.45205665    
   1.27500010       1.44866955    
   1.27600002       1.44530070    
   1.27700007       1.44194472    
   1.27800012       1.43860614    
   1.27900004       1.43528295    
   1.28000009       1.43197608    
   1.28100002       1.42868257    
   1.28200006       1.42540789    
   1.28300011       1.42214787    
   1.28400004       1.41890359    
   1.28500009       1.41567290    
   1.28600001       1.41246176    
   1.28700006       1.40926194    
   1.28800011       1.40608180    
   1.28900003       1.40291476    
   1.29000008       1.39976549    
   1.29100001       1.39662933    
   1.29200006       1.39351141    
   1.29300010       1.39040768    
   1.29400003       1.38732028    
   1.29500008       1.38424754    
   1.29600000       1.38119125    
   1.29700005       1.37814879    
   1.29800010       1.37512457    
   1.29900002       1.37211359    
   1.30000007       1.36911988    
   1.30100012       1.36613929    
   1.30200005       1.36317670    
   1.30300009       1.36022854    
   1.30400002       1.35729575    
   1.30500007       1.35437703    
   1.30600011       1.35147560    
   1.30700004       1.34858882    
   1.30800009       1.34571660    
   1.30900002       1.34285963    
   1.31000006       1.34001839    
   1.31100011       1.33719146    
   1.31200004       1.33438075    
   1.31300008       1.33158314    
   1.31400001       1.32880342    
   1.31500006       1.32603586    
   1.31600010       1.32328582    
   1.31700003       1.32054842    
   1.31800008       1.31782770    
   1.31900001       1.31512117    
   1.32000005       1.31242943    
   1.32100010       1.30975080    
   1.32200003       1.30708897    
   1.32300007       1.30444133    
   1.32400012       1.30180800    
   1.32500005       1.29918754    
   1.32600009       1.29658425    
   1.32700002       1.29399395    
   1.32800007       1.29141891    
   1.32900012       1.28885770    
   1.33000004       1.28631103    
   1.33100009       1.28377676    
   1.33200002       1.28125966    
   1.33300006       1.27875435    
   1.33400011       1.27626479    
   1.33500004       1.27378881    
   1.33600008       1.27132666    
   1.33700001       1.26887691    
   1.33800006       1.26644361    
   1.33900011       1.26402271    
   1.34000003       1.26161671    
   1.34100008       1.25922203    
   1.34200001       1.25684381    
   1.34300005       1.25447845    
   1.34400010       1.25212586    
   1.34500003       1.24978733    
   1.34600008       1.24746203    
   1.34700012       1.24515009    
   1.34800005       1.24285173    
   1.34900010       1.24056697    
   1.35000002       1.23829484    
   1.35100007       1.23603523    
   1.35200012       1.23379052    
   1.35300004       1.23155785    
   1.35400009       1.22933888    
   1.35500002       1.22713280    
   1.35600007       1.22493887    
   1.35700011       1.22275662    
   1.35800004       1.22059011    
   1.35900009       1.21843469    
   1.36000001       1.21629286    
   1.36100006       1.21416223    
   1.36200011       1.21204579    
   1.36300004       1.20994067    
   1.36400008       1.20784879    
   1.36500001       1.20576811    
   1.36600006       1.20370197    
   1.36700010       1.20164680    
   1.36800003       1.19960427    
   1.36900008       1.19757235    
   1.37000012       1.19555485    
   1.37100005       1.19354820    
   1.37200010       1.19155431    
   1.37300003       1.18957090    
   1.37400007       1.18760192    
   1.37500012       1.18564343    
   1.37600005       1.18369663    
   1.37700009       1.18176126    
   1.37800002       1.17983854    
   1.37900007       1.17792678    
   1.38000011       1.17602670    
   1.38100004       1.17413890    
   1.38200009       1.17226160    
   1.38300002       1.17039609    
   1.38400006       1.16854227    
   1.38500011       1.16669977    
   1.38600004       1.16486812    
   1.38700008       1.16304791    
   1.38800001       1.16123867    
   1.38900006       1.15943992    
   1.39000010       1.15765381    
   1.39100003       1.15587759    
   1.39200008       1.15411317    
   1.39300001       1.15235853    
   1.39400005       1.15061617    
   1.39500010       1.14888382    
   1.39600003       1.14716232    
   1.39700007       1.14545035    
   1.39800012       1.14375067    
   1.39900005       1.14206171    
   1.40000010       1.14038229    
   1.40100002       1.13871348    
   1.40200007       1.13705552    
   1.40300012       1.13540697    
   1.40400004       1.13377035    
   1.40500009       1.13214219    
   1.40600002       1.13052630    
   1.40700006       1.12891841    
   1.40800011       1.12732291    
   1.40900004       1.12573647    
   1.41000009       1.12416005    
   1.41100001       1.12259352    
   1.41200006       1.12103713    
   1.41300011       1.11948931    
   1.41400003       1.11795366    
   1.41500008       1.11642623    
   1.41600001       1.11490929    
   1.41700006       1.11340177    
   1.41800010       1.11190367    
   1.41900003       1.11041605    
   1.42000008       1.10893691    
   1.42100012       1.10746741    
   1.42200005       1.10600758    
   1.42300010       1.10455656    
   1.42400002       1.10311639    
   1.42500007       1.10168433    
   1.42600012       1.10026193    
   1.42700005       1.09884846    
   1.42800009       1.09744477    
   1.42900002       1.09604919    
   1.43000007       1.09466386    
   1.43100011       1.09328628    
   1.43200004       1.09191954    
   1.43300009       1.09055948    
   1.43400002       1.08921063    
   1.43500006       1.08786881    
   1.43600011       1.08653700    
   1.43700004       1.08521354    
   1.43800008       1.08389878    
   1.43900001       1.08259332    
   1.44000006       1.08129537    
   1.44100010       1.08000565    
   1.44200003       1.07872617    
   1.44300008       1.07745469    
   1.44400012       1.07619071    
   1.44500005       1.07493603    
   1.44600010       1.07368946    
   1.44700003       1.07245111    
   1.44800007       1.07122147    
   1.44900012       1.06999969    
   1.45000005       1.06878626    
   1.45100009       1.06758142    
   1.45200002       1.06638396    
   1.45300007       1.06519449    
   1.45400012       1.06401384    
   1.45500004       1.06284010    
   1.45600009       1.06167591    
   1.45700002       1.06051815    
   1.45800006       1.05936968    
   1.45900011       1.05822802    
   1.46000004       1.05709481    
   1.46100008       1.05596817    
   1.46200001       1.05485117    
   1.46300006       1.05373967    
   1.46400011       1.05263793    
   1.46500003       1.05154240    
   1.46600008       1.05045533    
   1.46700013       1.04937518    
   1.46800005       1.04830313    
   1.46900010       1.04723799    
   1.47000003       1.04618049    
   1.47100008       1.04512966    
   1.47200012       1.04408741    
   1.47300005       1.04305148    
   1.47400010       1.04202390    
   1.47500002       1.04100215    
   1.47600007       1.03998911    
   1.47700012       1.03898287    
   1.47800004       1.03798306    
   1.47900009       1.03699124    
   1.48000002       1.03600562    
   1.48100007       1.03502679    
   1.48200011       1.03405595    
   1.48300004       1.03309143    
   1.48400009       1.03213441    
   1.48500001       1.03118455    
   1.48600006       1.03024018    
   1.48700011       1.02930367    
   1.48800004       1.02837348    
   1.48900008       1.02744997    
   1.49000013       1.02653360    
   1.49100006       1.02562380    
   1.49200010       1.02472055    
   1.49300003       1.02382350    
   1.49400008       1.02293420    
   1.49500012       1.02205038    
   1.49600005       1.02117383    
   1.49700010       1.02030289    
   1.49800003       1.01943958    
   1.49900007       1.01858246    
   1.50000012       1.01773071    
   1.50100005       1.01688635    
   1.50200009       1.01604760    
   1.50300002       1.01521575    
   1.50400007       1.01438951    
   1.50500011       1.01356936    
   1.50600004       1.01275682    
   1.50700009       1.01194870    
   1.50800002       1.01114857    
   1.50900006       1.01035380    
   1.51000011       1.00956476    
   1.51100004       1.00878179    
   1.51200008       1.00800526    
   1.51300013       1.00723469    
   1.51400006       1.00646985    
   1.51500010       1.00571096    
   1.51600003       1.00495803    
   1.51700008       1.00421059    
   1.51800013       1.00346982    
   1.51900005       1.00273502    
   1.52000010       1.00200498    
   1.52100003       1.00128055    
   1.52200007       1.00056326    
   1.52300012      0.999850273    
   1.52400005      0.999144495    
   1.52500010      0.998442650    
   1.52600002      0.997748137    
   1.52700007      0.997058868    
   1.52800012      0.996374428    
   1.52900004      0.995695531    
   1.53000009      0.995022833    
   1.53100002      0.994355917    
   1.53200006      0.993693233    
   1.53300011      0.993035913    
   1.53400004      0.992385566    
   1.53500009      0.991739392    
   1.53600001      0.991099358    
   1.53700006      0.990464211    
   1.53800011      0.989834607    
   1.53900003      0.989210129    
   1.54000008      0.988591135    
   1.54100013      0.987977028    
   1.54200006      0.987368464    
   1.54300010      0.986764848    
   1.54400003      0.986166775    
   1.54500008      0.985573292    
   1.54600012      0.984985530    
   1.54700005      0.984402120    
   1.54800010      0.983825028    
   1.54900002      0.983251333    
   1.55000007      0.982684433    
   1.55100012      0.982121527    
   1.55200005      0.981563985    
   1.55300009      0.981011748    
   1.55400002      0.980463207    
   1.55500007      0.979920805    
   1.55600011      0.979382157    
   1.55700004      0.978849471    
   1.55800009      0.978320599    
   1.55900002      0.977797806    
   1.56000006      0.977278411    
   1.56100011      0.976764560    
   1.56200004      0.976255536    
   1.56300008      0.975750268    
   1.56400013      0.975251198    
   1.56500006      0.974756122    
   1.56600010      0.974265814    
   1.56700003      0.973780870    
   1.56800008      0.973299265    
   1.56900012      0.972822607    
   1.57000005      0.972350776    
   1.57100010      0.971882820    
   1.57200003      0.971420765    
   1.57300007      0.970961809    
   1.57400012      0.970508754    
   1.57500005      0.970058858    
   1.57600009      0.969614804    
   1.57700002      0.969174206    
   1.57800007      0.968738675    
   1.57900012      0.968307436    
   1.58000004      0.967880011    
   1.58100009      0.967456937    
   1.58200002      0.967039049    
   1.58300006      0.966624260    
   1.58400011      0.966215372    
   1.58500004      0.965809166    
   1.58600008      0.965408444    
   1.58700013      0.965011597    
   1.58800006      0.964618921    
   1.58900011      0.964229703    
   1.59000003      0.963846147    
   1.59100008      0.963466763    
   1.59200013      0.963090062    
   1.59300005      0.962717772    
   1.59400010      0.962350726    
   1.59500003      0.961987019    
   1.59600008      0.961627901    
   1.59700012      0.961271584    
   1.59800005      0.960921288    
   1.59900010      0.960573137    
   1.60000002      0.960230470    
   1.60100007      0.959891200    
   1.60200012      0.959555864    
   1.60300004      0.959223926    
   1.60400009      0.958897114    
   1.60500002      0.958573282    
   1.60600007      0.958254337    
   1.60700011      0.957938731    
   1.60800004      0.957626998    
   1.60900009      0.957318723    
   1.61000013      0.957015097    
   1.61100006      0.956714809    
   1.61200011      0.956418455    
   1.61300004      0.956126809    
   1.61400008      0.955837488    
   1.61500013      0.955552936    
   1.61600006      0.955271125    
   1.61700010      0.954993010    
   1.61800003      0.954720020    
   1.61900008      0.954450548    
   1.62000012      0.954183638    
   1.62100005      0.953920543    
   1.62200010      0.953662097    
   1.62300003      0.953406870    
   1.62400007      0.953155220    
   1.62500012      0.952907145    
   1.62600005      0.952662408    
   1.62700009      0.952421010    
   1.62800002      0.952184439    
   1.62900007      0.951949954    
   1.63000011      0.951720297    
   1.63100004      0.951493919    
   1.63200009      0.951270700    
   1.63300014      0.951051056    
   1.63400006      0.950834870    
   1.63500011      0.950621307    
   1.63600004      0.950412989    
   1.63700008      0.950206459    
   1.63800013      0.950005114    
   1.63900006      0.949805975    
   1.64000010      0.949610591    
   1.64100003      0.949418426    
   1.64200008      0.949230075    
   1.64300013      0.949043632    
   1.64400005      0.948862612    
   1.64500010      0.948683202    
   1.64600003      0.948508620    
   1.64700007      0.948337078    
   1.64800012      0.948167980    
   1.64900005      0.948002160    
   1.65000010      0.947840393    
   1.65100002      0.947682083    
   1.65200007      0.947526038    
   1.65300012      0.947373033    
   1.65400004      0.947224677    
   1.65500009      0.947078109    
   1.65600014      0.946936011    
   1.65700006      0.946796715    
   1.65800011      0.946660340    
   1.65900004      0.946527541    
   1.66000009      0.946397305    
   1.66100013      0.946270287    
   1.66200006      0.946146905    
   1.66300011      0.946026623    
   1.66400003      0.945908666    
   1.66500008      0.945794821    
   1.66600013      0.945683181    
   1.66700006      0.945574701    
   1.66800010      0.945469916    
   1.66900003      0.945367992    
   1.67000008      0.945269108    
   1.67100012      0.945172787    
   1.67200005      0.945079803    
   1.67300010      0.944989502    
   1.67400002      0.944903016    
   1.67500007      0.944818676    
   1.67600012      0.944738269    
   1.67700005      0.944659472    
   1.67800009      0.944585502    
   1.67900014      0.944513202    
   1.68000007      0.944444120    
   1.68100011      0.944378197    
   1.68200004      0.944314122    
   1.68300009      0.944254339    
   1.68400013      0.944196403    
   1.68500006      0.944141567    
   1.68600011      0.944090009    
   1.68700004      0.944041371    
   1.68800008      0.943994880    
   1.68900013      0.943952203    
   1.69000006      0.943911552    
   1.69100010      0.943873882    
   1.69200003      0.943839431    
   1.69300008      0.943807483    
   1.69400012      0.943778157    
   1.69500005      0.943751276    
   1.69600010      0.943728328    
   1.69700003      0.943706870    
   1.69800007      0.943689466    
   1.69900012      0.943674564    
   1.70000005      0.943661749    
   1.70100009      0.943651319    
   1.70200002      0.943644762    
   1.70300007      0.943640172    
   1.70400012      0.943639100    
   1.70500004      0.943639457    
   1.70600009      0.943643868    
   1.70700014      0.943650723    
   1.70800006      0.943659246    
   1.70900011      0.943670571    
   1.71000004      0.943685710    
   1.71100008      0.943702400    
   1.71200013      0.943722010    
   1.71300006      0.943744421    
   1.71400011      0.943769693    
   1.71500003      0.943796456    
   1.71600008      0.943827152    
   1.71700013      0.943860233    
   1.71800005      0.943895221    
   1.71900010      0.943932354    
   1.72000003      0.943973660    
   1.72100008      0.944016099    
   1.72200012      0.944061756    
   1.72300005      0.944109738    
   1.72400010      0.944160879    
   1.72500002      0.944213212    
   1.72600007      0.944270015    
   1.72700012      0.944327950    
   1.72800004      0.944388866    
   1.72900009      0.944450974    
   1.73000014      0.944517553    
   1.73100007      0.944585204    
   1.73200011      0.944656193    
   1.73300004      0.944729149    
   1.73400009      0.944805324    
   1.73500013      0.944882512    
   1.73600006      0.944963872    
   1.73700011      0.945047140    
   1.73800004      0.945132077    
   1.73900008      0.945219576    
   1.74000013      0.945310116    
   1.74100006      0.945403099    
   1.74200010      0.945497990    
   1.74300003      0.945594251    
   1.74400008      0.945694745    
   1.74500012      0.945796371    
   1.74600005      0.945901990    
   1.74700010      0.946007848    
   1.74800003      0.946117759    
   1.74900007      0.946230114    
   1.75000012      0.946343601    
   1.75100005      0.946459889    
   1.75200009      0.946578801    
   1.75300014      0.946700156    
   1.75400007      0.946823061    
   1.75500011      0.946948290    
   1.75600004      0.947076678    
   1.75700009      0.947207034    
   1.75800014      0.947340012    
   1.75900006      0.947474658    
   1.76000011      0.947611690    
   1.76100004      0.947751224    
   1.76200008      0.947893143    
   1.76300013      0.948036671    
   1.76400006      0.948183119    
   1.76500010      0.948331058    
   1.76600003      0.948482275    
   1.76700008      0.948635697    
   1.76800013      0.948790550    
   1.76900005      0.948947608    
   1.77000010      0.949107707    
   1.77100003      0.949269772    
   1.77200007      0.949433982    
   1.77300012      0.949600637    
   1.77400005      0.949768960    
   1.77500010      0.949938595    
   1.77600014      0.950112283    
   1.77700007      0.950286806    
   1.77800012      0.950465083    
   1.77900004      0.950643480    
   1.78000009      0.950826108    
   1.78100014      0.951009870    
   1.78200006      0.951196015    
   1.78300011      0.951384366    
   1.78400004      0.951574385    
   1.78500009      0.951766491    
   1.78600013      0.951961339    
   1.78700006      0.952157795    
   1.78800011      0.952356815    
   1.78900003      0.952557564    
   1.79000008      0.952760994    
   1.79100013      0.952966332    
   1.79200006      0.953173280    
   1.79300010      0.953382552    
   1.79400003      0.953594267    
   1.79500008      0.953807890    
   1.79600012      0.954023480    
   1.79700005      0.954241455    
   1.79800010      0.954461157    
   1.79900014      0.954683185    
   1.80000007      0.954907119    
   1.80100012      0.955132961    
   1.80200005      0.955361247    
   1.80300009      0.955591083    
   1.80400014      0.955823660    
   1.80500007      0.956057906    
   1.80600011      0.956294179    
   1.80700004      0.956532657    
   1.80800009      0.956772923    
   1.80900013      0.957015574    
   1.81000006      0.957259893    
   1.81100011      0.957506418    
   1.81200004      0.957754731    
   1.81300008      0.958005130    
   1.81400013      0.958257794    
   1.81500006      0.958512187    
   1.81600010      0.958768666    
   1.81700003      0.959027231    
   1.81800008      0.959287763    
   1.81900012      0.959550381    
   1.82000005      0.959814847    
   1.82100010      0.960081279    
   1.82200015      0.960349560    
   1.82300007      0.960620105    
   1.82400012      0.960892320    
   1.82500005      0.961166561    
   1.82600009      0.961442888    
   1.82700014      0.961721420    
   1.82800007      0.962001443    
   1.82900012      0.962283313    
   1.83000004      0.962567806    
   1.83100009      0.962853551    
   1.83200014      0.963141561    
   1.83300006      0.963431478    
   1.83400011      0.963723421    
   1.83500004      0.964017034    
   1.83600008      0.964312851    
   1.83700013      0.964609921    
   1.83800006      0.964909792    
   1.83900011      0.965211332    
   1.84000003      0.965514600    
   1.84100008      0.965819359    
   1.84200013      0.966126680    
   1.84300005      0.966435730    
   1.84400010      0.966746688    
   1.84500003      0.967059493    
   1.84600008      0.967374086    
   1.84700012      0.967690706    
   1.84800005      0.968008995    
   1.84900010      0.968329251    
   1.85000014      0.968651533    
   1.85100007      0.968975186    
   1.85200012      0.969301462    
   1.85300004      0.969629109    
   1.85400009      0.969958663    
   1.85500014      0.970289826    
   1.85600007      0.970623374    
   1.85700011      0.970958292    
   1.85800004      0.971295655    
   1.85900009      0.971634150    
   1.86000013      0.971975088    
   1.86100006      0.972317338    
   1.86200011      0.972661793    
   1.86300004      0.973007619    
   1.86400008      0.973355591    
   1.86500013      0.973704994    
   1.86600006      0.974056661    
   1.86700010      0.974409640    
   1.86800003      0.974764943    
   1.86900008      0.975121379    
   1.87000012      0.975480199    
   1.87100005      0.975840867    
   1.87200010      0.976203084    
   1.87300014      0.976566911    
   1.87400007      0.976932645    
   1.87500012      0.977299869    
   1.87600005      0.977669239    
   1.87700009      0.978039920    
   1.87800014      0.978412747    
   1.87900007      0.978786945    
   1.88000011      0.979163229    
   1.88100004      0.979540825    
   1.88200009      0.979920745    
   1.88300014      0.980301738    
   1.88400006      0.980685115    
   1.88500011      0.981069624    
   1.88600004      0.981456220    
   1.88700008      0.981843770    
   1.88800013      0.982233763    
   1.88900006      0.982625306    
   1.89000010      0.983018160    
   1.89100003      0.983413041    
   1.89200008      0.983809292    
   1.89300013      0.984206915    
   1.89400005      0.984606683    
   1.89500010      0.985007763    
   1.89600015      0.985410571    
   1.89700007      0.985814869    
   1.89800012      0.986221254    
   1.89900005      0.986628532    
   1.90000010      0.987037897    
   1.90100014      0.987448514    
   1.90200007      0.987861037    
   1.90300012      0.988274395    
   1.90400004      0.988689959    
   1.90500009      0.989106774    
   1.90600014      0.989525139    
   1.90700006      0.989944935    
   1.90800011      0.990366399    
   1.90900004      0.990789235    
   1.91000009      0.991213560    
   1.91100013      0.991639078    
   1.91200006      0.992066324    
   1.91300011      0.992494941    
   1.91400003      0.992924988    
   1.91500008      0.993356109    
   1.91600013      0.993789136    
   1.91700006      0.994223058    
   1.91800010      0.994658709    
   1.91900015      0.995095372    
   1.92000008      0.995533705    
   1.92100012      0.995973110    
   1.92200005      0.996413946    
   1.92300010      0.996855855    
   1.92400014      0.997299254    
   1.92500007      0.997743607    
   1.92600012      0.998189509    
   1.92700005      0.998636544    
   1.92800009      0.999084592    
   1.92900014      0.999533832    
   1.93000007      0.999984443    
   1.93100011       1.00043583    
   1.93200004       1.00088871    
   1.93300009       1.00134242    
   1.93400013       1.00179744    
   1.93500006       1.00225317    
   1.93600011       1.00271034    
   1.93700004       1.00316834    
   1.93800008       1.00362730    
   1.93900013       1.00408733    
   1.94000006       1.00454807    
   1.94100010       1.00500977    
   1.94200015       1.00547266    
   1.94300008       1.00593615    
   1.94400012       1.00640059    
   1.94500005       1.00686586    
   1.94600010       1.00733197    
   1.94700015       1.00779903    
   1.94800007       1.00826645    
   1.94900012       1.00873506    
   1.95000005       1.00920391    
   1.95100009       1.00967371    
   1.95200014       1.01014400    
   1.95300007       1.01061499    
   1.95400012       1.01108670    
   1.95500004       1.01155889    
   1.95600009       1.01203179    
   1.95700014       1.01250494    
   1.95800006       1.01297879    
   1.95900011       1.01345289    
   1.96000004       1.01392770    
   1.96100008       1.01440263    
   1.96200013       1.01487803    
   1.96300006       1.01535392    
   1.96400011       1.01582992    
   1.96500015       1.01630640    
   1.96600008       1.01678300    
   1.96700013       1.01725972    
   1.96800005       1.01773679    
   1.96900010       1.01821399    
   1.97000015       1.01869130    
   1.97100008       1.01916873    
   1.97200012       1.01964617    
   1.97300005       1.02012384    
   1.97400010       1.02060127    
   1.97500014       1.02107871    
   1.97600007       1.02155614    
   1.97700012       1.02203345    
   1.97800004       1.02251065    
   1.97900009       1.02298748    
   1.98000014       1.02346444    
   1.98100007       1.02394104    
   1.98200011       1.02441728    
   1.98300004       1.02489340    
   1.98400009       1.02536893    
   1.98500013       1.02584422    
   1.98600006       1.02631915    
   1.98700011       1.02679348    
   1.98800004       1.02726746    
   1.98900008       1.02774084    
   1.99000013       1.02821374    
   1.99100006       1.02868617    
   1.99200010       1.02915776    
   1.99300015       1.02962875    
   1.99400008       1.03009915    
   1.99500012       1.03056872    
   1.99600005       1.03103757    
   1.99700010       1.03150570    
   1.99800014       1.03197289    
   1.99900007       1.03243935    
   2.00000000       1.03290474    
   2.00100017       1.03336918    
   2.00200009       1.03383279    
   2.00300002       1.03429520    
   2.00400019       1.03475666    
   2.00500011       1.03521705    
   2.00600004       1.03567636    
   2.00700021       1.03613436    
   2.00800014       1.03659141    
   2.00900006       1.03704703    
   2.00999999       1.03750145    
   2.01100016       1.03795445    
   2.01200008       1.03840637    
   2.01300001       1.03885674    
   2.01400018       1.03930581    
   2.01500010       1.03975320    
   2.01600003       1.04019940    
   2.01700020       1.04064393    
   2.01800013       1.04108715    
   2.01900005       1.04152846    
   2.01999998       1.04196835    
   2.02100015       1.04240656    
   2.02200007       1.04284310    
   2.02300000       1.04327798    
   2.02400017       1.04371095    
   2.02500010       1.04414225    
   2.02600002       1.04457176    
   2.02700019       1.04499936    
   2.02800012       1.04542518    
   2.02900004       1.04584897    
   2.03000021       1.04627085    
   2.03100014       1.04669082    
   2.03200006       1.04710877    
   2.03299999       1.04752457    
   2.03400016       1.04793835    
   2.03500009       1.04834998    
   2.03600001       1.04875958    
   2.03700018       1.04916692    
   2.03800011       1.04957223    
   2.03900003       1.04997516    
   2.04000020       1.05037582    
   2.04100013       1.05077434    
   2.04200006       1.05117047    
   2.04299998       1.05156422    
   2.04400015       1.05195570    
   2.04500008       1.05234468    
   2.04600000       1.05273139    
   2.04700017       1.05311549    
   2.04800010       1.05349720    
   2.04900002       1.05387640    
   2.05000019       1.05425310    
   2.05100012       1.05462706    
   2.05200005       1.05499876    
   2.05300021       1.05536759    
   2.05400014       1.05573404    
   2.05500007       1.05609751    
   2.05599999       1.05645847    
   2.05700016       1.05681670    
   2.05800009       1.05717218    
   2.05900002       1.05752492    
   2.06000018       1.05787504    
   2.06100011       1.05822229    
   2.06200004       1.05856681    
   2.06300020       1.05890822    
   2.06400013       1.05924714    
   2.06500006       1.05958307    
   2.06599998       1.05991590    
   2.06700015       1.06024611    
   2.06800008       1.06057310    
   2.06900001       1.06089723    
   2.07000017       1.06121838    
   2.07100010       1.06153679    
   2.07200003       1.06185186    
   2.07300019       1.06216407    
   2.07400012       1.06247330    
   2.07500005       1.06277955    
   2.07600021       1.06308246    
   2.07700014       1.06338239    
   2.07800007       1.06367922    
   2.07900000       1.06397295    
   2.08000016       1.06426358    
   2.08100009       1.06455112    
   2.08200002       1.06483531    
   2.08300018       1.06511652    
   2.08400011       1.06539452    
   2.08500004       1.06566930    
   2.08600020       1.06594098    
   2.08700013       1.06620944    
   2.08800006       1.06647456    
   2.08899999       1.06673622    
   2.09000015       1.06699526    
   2.09100008       1.06725061    
   2.09200001       1.06750274    
   2.09300017       1.06775177    
   2.09400010       1.06799746    
   2.09500003       1.06823981    
   2.09600019       1.06847882    
   2.09700012       1.06871462    
   2.09800005       1.06894720    
   2.09900022       1.06917632    
   2.10000014       1.06940198    
   2.10100007       1.06962490    
   2.10200000       1.06984389    
   2.10300016       1.07005990    
   2.10400009       1.07027245    
   2.10500002       1.07048178    
   2.10600019       1.07068765    
   2.10700011       1.07089007    
   2.10800004       1.07108927    
   2.10900021       1.07128513    
   2.11000013       1.07147777    
   2.11100006       1.07166684    
   2.11199999       1.07185280    
   2.11300015       1.07203519    
   2.11400008       1.07221448    
   2.11500001       1.07239020    
   2.11600018       1.07256269    
   2.11700010       1.07273185    
   2.11800003       1.07289779    
   2.11900020       1.07306015    
   2.12000012       1.07321930    
   2.12100005       1.07337511    
   2.12200022       1.07352746    
   2.12300014       1.07367659    
   2.12400007       1.07382238    
   2.12500000       1.07396495    
   2.12600017       1.07410407    
   2.12700009       1.07423997    
   2.12800002       1.07437253    
   2.12900019       1.07450175    
   2.13000011       1.07462764    
   2.13100004       1.07475030    
   2.13200021       1.07486987    
   2.13300014       1.07498586    
   2.13400006       1.07509887    
   2.13499999       1.07520831    
   2.13600016       1.07531476    
   2.13700008       1.07541776    
   2.13800001       1.07551765    
   2.13900018       1.07561421    
   2.14000010       1.07570767    
   2.14100003       1.07579792    
   2.14200020       1.07588494    
   2.14300013       1.07596874    
   2.14400005       1.07604933    
   2.14500022       1.07612681    
   2.14600015       1.07620120    
   2.14700007       1.07627225    
   2.14800000       1.07634044    
   2.14900017       1.07640505    
   2.15000010       1.07646704    
   2.15100002       1.07652569    
   2.15200019       1.07658124    
   2.15300012       1.07663381    
   2.15400004       1.07668304    
   2.15500021       1.07672942    
   2.15600014       1.07677293    
   2.15700006       1.07681322    
   2.15799999       1.07685041    
   2.15900016       1.07688463    
   2.16000009       1.07691598    
   2.16100001       1.07694423    
   2.16200018       1.07696962    
   2.16300011       1.07699192    
   2.16400003       1.07701159    
   2.16500020       1.07702792    
   2.16600013       1.07704151    
   2.16700006       1.07705224    
   2.16800022       1.07706034    
   2.16900015       1.07706523    
   2.17000008       1.07706738    
   2.17100000       1.07706666    
   2.17200017       1.07706320    
   2.17300010       1.07705688    
   2.17400002       1.07704782    
   2.17500019       1.07703578    
   2.17600012       1.07702124    
   2.17700005       1.07700396    
   2.17800021       1.07698405    
   2.17900014       1.07696116    
   2.18000007       1.07693565    
   2.18099999       1.07690752    
   2.18200016       1.07687676    
   2.18300009       1.07684338    
   2.18400002       1.07680738    
   2.18500018       1.07676864    
   2.18600011       1.07672775    
   2.18700004       1.07668364    
   2.18800020       1.07663763    
   2.18900013       1.07658863    
   2.19000006       1.07653737    
   2.19100022       1.07648337    
   2.19200015       1.07642722    
   2.19300008       1.07636833    
   2.19400001       1.07630718    
   2.19500017       1.07624340    
   2.19600010       1.07617736    
   2.19700003       1.07610893    
   2.19800019       1.07603800    
   2.19900012       1.07596493    
   2.20000005       1.07588959    
   2.20100021       1.07581151    
   2.20200014       1.07573140    
   2.20300007       1.07564902    
   2.20400000       1.07556438    
   2.20500016       1.07547736    
   2.20600009       1.07538831    
   2.20700002       1.07529688    
   2.20800018       1.07520366    
   2.20900011       1.07510769    
   2.21000004       1.07501006    
   2.21100020       1.07491004    
   2.21200013       1.07480788    
   2.21300006       1.07470381    
   2.21399999       1.07459760    
   2.21500015       1.07448912    
   2.21600008       1.07437897    
   2.21700001       1.07426667    
   2.21800017       1.07415235    
   2.21900010       1.07403588    
   2.22000003       1.07391775    
   2.22100019       1.07379735    
   2.22200012       1.07367539    
   2.22300005       1.07355130    
   2.22400022       1.07342529    
   2.22500014       1.07329750    
   2.22600007       1.07316816    
   2.22700000       1.07303631    
   2.22800016       1.07290316    
   2.22900009       1.07276797    
   2.23000002       1.07263124    
   2.23100019       1.07249272    
   2.23200011       1.07235241    
   2.23300004       1.07221007    
   2.23400021       1.07206655    
   2.23500013       1.07192099    
   2.23600006       1.07177401    
   2.23699999       1.07162523    
   2.23800015       1.07147491    
   2.23900008       1.07132292    
   2.24000001       1.07116938    
   2.24100018       1.07101417    
   2.24200010       1.07085764    
   2.24300003       1.07069933    
   2.24400020       1.07053971    
   2.24500012       1.07037830    
   2.24600005       1.07021570    
   2.24700022       1.07005143    
   2.24800014       1.06988621    
   2.24900007       1.06971896    
   2.25000000       1.06955063    
   2.25100017       1.06938088    
   2.25200009       1.06920981    
   2.25300002       1.06903708    
   2.25400019       1.06886327    
   2.25500011       1.06868780    
   2.25600004       1.06851172    
   2.25700021       1.06833375    
   2.25800014       1.06815481    
   2.25900006       1.06797445    
   2.25999999       1.06779313    
   2.26100016       1.06761026    
   2.26200008       1.06742644    
   2.26300001       1.06724131    
   2.26400018       1.06705511    
   2.26500010       1.06686759    
   2.26600003       1.06667912    
   2.26700020       1.06648934    
   2.26800013       1.06629884    
   2.26900005       1.06610703    
   2.27000022       1.06591403    
   2.27100015       1.06571996    
   2.27200007       1.06552529    
   2.27300000       1.06532907    
   2.27400017       1.06513238    
   2.27500010       1.06493413    
   2.27600002       1.06473565    
   2.27700019       1.06453562    
   2.27800012       1.06433511    
   2.27900004       1.06413329    
   2.28000021       1.06393087    
   2.28100014       1.06372714    
   2.28200006       1.06352305    
   2.28299999       1.06331766    
   2.28400016       1.06311178    
   2.28500009       1.06290483    
   2.28600001       1.06269717    
   2.28700018       1.06248868    
   2.28800011       1.06227970    
   2.28900003       1.06206942    
   2.29000020       1.06185889    
   2.29100013       1.06164730    
   2.29200006       1.06143534    
   2.29300022       1.06122231    
   2.29400015       1.06100893    
   2.29500008       1.06079483    
   2.29600000       1.06057990    
   2.29700017       1.06036425    
   2.29800010       1.06014824    
   2.29900002       1.05993140    
   2.30000019       1.05971408    
   2.30100012       1.05949605    
   2.30200005       1.05927765    
   2.30300021       1.05905855    
   2.30400014       1.05883908    
   2.30500007       1.05861866    
   2.30599999       1.05839825    
   2.30700016       1.05817676    
   2.30800009       1.05795538    
   2.30900002       1.05773306    
   2.31000018       1.05751050    
   2.31100011       1.05728745    
   2.31200004       1.05706418    
   2.31300020       1.05683994    
   2.31400013       1.05661571    
   2.31500006       1.05639076    
   2.31600022       1.05616593    
   2.31700015       1.05594039    
   2.31800008       1.05571461    
   2.31900001       1.05548823    
   2.32000017       1.05526173    
   2.32100010       1.05503464    
   2.32200003       1.05480778    
   2.32300019       1.05457997    
   2.32400012       1.05435228    
   2.32500005       1.05412424    
   2.32600021       1.05389607    
   2.32700014       1.05366755    
   2.32800007       1.05343878    
   2.32900000       1.05320954    
   2.33000016       1.05298018    
   2.33100009       1.05275083    
   2.33200002       1.05252123    
   2.33300018       1.05229127    
   2.33400011       1.05206120    
   2.33500004       1.05183101    
   2.33600020       1.05160069    
   2.33700013       1.05137002    
   2.33800006       1.05113959    
   2.33900023       1.05090868    
   2.34000015       1.05067790    
   2.34100008       1.05044687    
   2.34200001       1.05021596    
   2.34300017       1.04998457    
   2.34400010       1.04975355    
   2.34500003       1.04952228    
   2.34600019       1.04929113    
   2.34700012       1.04905963    
   2.34800005       1.04882836    
   2.34900022       1.04859674    
   2.35000014       1.04836535    
   2.35100007       1.04813409    
   2.35200000       1.04790270    
   2.35300016       1.04767120    
   2.35400009       1.04743981    
   2.35500002       1.04720855    
   2.35600019       1.04697716    
   2.35700011       1.04674590    
   2.35800004       1.04651487    
   2.35900021       1.04628384    
   2.36000013       1.04605269    
   2.36100006       1.04582167    
   2.36200023       1.04559112    
   2.36300015       1.04536009    
   2.36400008       1.04512966    
   2.36500001       1.04489923    
   2.36600018       1.04466879    
   2.36700010       1.04443872    
   2.36800003       1.04420865    
   2.36900020       1.04397857    
   2.37000012       1.04374886    
   2.37100005       1.04351926    
   2.37200022       1.04329002    
   2.37300014       1.04306054    
   2.37400007       1.04283166    
   2.37500000       1.04260266    
   2.37600017       1.04237413    
   2.37700009       1.04214585    
   2.37800002       1.04191768    
   2.37900019       1.04168987    
   2.38000011       1.04146218    
   2.38100004       1.04123473    
   2.38200021       1.04100740    
   2.38300014       1.04078054    
   2.38400006       1.04055393    
   2.38500023       1.04032743    
   2.38600016       1.04010141    
   2.38700008       1.03987539    
   2.38800001       1.03965008    
   2.38900018       1.03942478    
   2.39000010       1.03919995    
   2.39100003       1.03897524    
   2.39200020       1.03875113    
   2.39300013       1.03852713    
   2.39400005       1.03830338    
   2.39500022       1.03808022    
   2.39600015       1.03785717    
   2.39700007       1.03763449    
   2.39800000       1.03741241    
   2.39900017       1.03719032    
   2.40000010       1.03696907    
   2.40100002       1.03674781    
   2.40200019       1.03652716    
   2.40300012       1.03630650    
   2.40400004       1.03608668    
   2.40500021       1.03586709    
   2.40600014       1.03564799    
   2.40700006       1.03542924    
   2.40800023       1.03521073    
   2.40900016       1.03499269    
   2.41000009       1.03477526    
   2.41100001       1.03455830    
   2.41200018       1.03434157    
   2.41300011       1.03412545    
   2.41400003       1.03390956    
   2.41500020       1.03369415    
   2.41600013       1.03347933    
   2.41700006       1.03326476    
   2.41800022       1.03305089    
   2.41900015       1.03283739    
   2.42000008       1.03262424    
   2.42100000       1.03241169    
   2.42200017       1.03219962    
   2.42300010       1.03198802    
   2.42400002       1.03177691    
   2.42500019       1.03156626    
   2.42600012       1.03135610    
   2.42700005       1.03114653    
   2.42800021       1.03093743    
   2.42900014       1.03072882    
   2.43000007       1.03052068    
   2.43100023       1.03031301    
   2.43200016       1.03010595    
   2.43300009       1.02989936    
   2.43400002       1.02969337    
   2.43500018       1.02948773    
   2.43600011       1.02928293    
   2.43700004       1.02907836    
   2.43800020       1.02887464    
   2.43900013       1.02867126    
   2.44000006       1.02846837    
   2.44100022       1.02826631    
   2.44200015       1.02806461    
   2.44300008       1.02786338    
   2.44400001       1.02766287    
   2.44500017       1.02746284    
   2.44600010       1.02726340    
   2.44700003       1.02706444    
   2.44800019       1.02686632    
   2.44900012       1.02666855    
   2.45000005       1.02647138    
   2.45100021       1.02627468    
   2.45200014       1.02607882    
   2.45300007       1.02588332    
   2.45400023       1.02568865    
   2.45500016       1.02549446    
   2.45600009       1.02530086    
   2.45700002       1.02510786    
   2.45800018       1.02491546    
   2.45900011       1.02472353    
   2.46000004       1.02453244    
   2.46100020       1.02434170    
   2.46200013       1.02415180    
   2.46300006       1.02396250    
   2.46400023       1.02377379    
   2.46500015       1.02358556    
   2.46600008       1.02339816    
   2.46700001       1.02321112    
   2.46800017       1.02302480    
   2.46900010       1.02283931    
   2.47000003       1.02265429    
   2.47100019       1.02246976    
   2.47200012       1.02228606    
   2.47300005       1.02210307    
   2.47400022       1.02192056    
   2.47500014       1.02173865    
   2.47600007       1.02155745    
   2.47700024       1.02137685    
   2.47800016       1.02119696    
   2.47900009       1.02101767    
   2.48000002       1.02083910    
   2.48100019       1.02066100    
   2.48200011       1.02048361    
   2.48300004       1.02030706    
   2.48400021       1.02013087    
   2.48500013       1.01995564    
   2.48600006       1.01978076    
   2.48700023       1.01960671    
   2.48800015       1.01943338    
   2.48900008       1.01926053    
   2.49000001       1.01908851    
   2.49100018       1.01891708    
   2.49200010       1.01874626    
   2.49300003       1.01857615    
   2.49400020       1.01840687    
   2.49500012       1.01823807    
   2.49600005       1.01806986    
   2.49700022       1.01790237    
   2.49800014       1.01773560    
   2.49900007       1.01756966    
   2.50000000       1.01740408    
   2.50100017       1.01727104    
   2.50200009       1.01713860    
   2.50300002       1.01700664    
   2.50400019       1.01687539    
   2.50500011       1.01674461    
   2.50600004       1.01661444    
   2.50700021       1.01648486    
   2.50800014       1.01635587    
   2.50900006       1.01622736    
   2.51000023       1.01609957    
   2.51100016       1.01597238    
   2.51200008       1.01584566    
   2.51300001       1.01571965    
   2.51400018       1.01559412    
   2.51500010       1.01546919    
   2.51600003       1.01534486    
   2.51700020       1.01522112    
   2.51800013       1.01509809    
   2.51900005       1.01497555    
   2.52000022       1.01485360    
   2.52100015       1.01473224    
   2.52200007       1.01461148    
   2.52300000       1.01449132    
   2.52400017       1.01437175    
   2.52500010       1.01425278    
   2.52600002       1.01413441    
   2.52700019       1.01401663    
   2.52800012       1.01389956    
   2.52900004       1.01378298    
   2.53000021       1.01366699    
   2.53100014       1.01355159    
   2.53200006       1.01343679    
   2.53300023       1.01332271    
   2.53400016       1.01320910    
   2.53500009       1.01309609    
   2.53600001       1.01298380    
   2.53700018       1.01287198    
   2.53800011       1.01276088    
   2.53900003       1.01265025    
   2.54000020       1.01254034    
   2.54100013       1.01243103    
   2.54200006       1.01232219    
   2.54300022       1.01221406    
   2.54400015       1.01210654    
   2.54500008       1.01199961    
   2.54600000       1.01189327    
   2.54700017       1.01178753    
   2.54800010       1.01168239    
   2.54900002       1.01157784    
   2.55000019       1.01147401    
   2.55100012       1.01137066    
   2.55200005       1.01126790    
   2.55300021       1.01116586    
   2.55400014       1.01106429    
   2.55500007       1.01096344    
   2.55600023       1.01086307    
   2.55700016       1.01076341    
   2.55800009       1.01066434    
   2.55900002       1.01056588    
   2.56000018       1.01046789    
   2.56100011       1.01037061    
   2.56200004       1.01027393    
   2.56300020       1.01017785    
   2.56400013       1.01008236    
   2.56500006       1.00998747    
   2.56600022       1.00989330    
   2.56700015       1.00979960    
   2.56800008       1.00970650    
   2.56900001       1.00961399    
   2.57000017       1.00952208    
   2.57100010       1.00943089    
   2.57200003       1.00934017    
   2.57300019       1.00925004    
   2.57400012       1.00916064    
   2.57500005       1.00907171    
   2.57600021       1.00898349    
   2.57700014       1.00889575    
   2.57800007       1.00880873    
   2.57900023       1.00872219    
   2.58000016       1.00863624    
   2.58100009       1.00855100    
   2.58200002       1.00846624    
   2.58300018       1.00838208    
   2.58400011       1.00829864    
   2.58500004       1.00821567    
   2.58600020       1.00813329    
   2.58700013       1.00805151    
   2.58800006       1.00797045    
   2.58900023       1.00788987    
   2.59000015       1.00780988    
   2.59100008       1.00773048    
   2.59200001       1.00765169    
   2.59300017       1.00757337    
   2.59400010       1.00749576    
   2.59500003       1.00741875    
   2.59600019       1.00734234    
   2.59700012       1.00726640    
   2.59800005       1.00719106    
   2.59900022       1.00711632    
   2.60000014       1.00704229    
   2.60100007       1.00696874    
   2.60200024       1.00689566    
   2.60300016       1.00682330    
   2.60400009       1.00675154    
   2.60500002       1.00668025    
   2.60600019       1.00660956    
   2.60700011       1.00653946    
   2.60800004       1.00646996    
   2.60900021       1.00640106    
   2.61000013       1.00633264    
   2.61100006       1.00626493    
   2.61200023       1.00619769    
   2.61300015       1.00613093    
   2.61400008       1.00606489    
   2.61500001       1.00599933    
   2.61600018       1.00593448    
   2.61700010       1.00586998    
   2.61800003       1.00580621    
   2.61900020       1.00574291    
   2.62000012       1.00568032    
   2.62100005       1.00561810    
   2.62200022       1.00555658    
   2.62300014       1.00549555    
   2.62400007       1.00543511    
   2.62500024       1.00537515    
   2.62600017       1.00531578    
   2.62700009       1.00525701    
   2.62800002       1.00519884    
   2.62900019       1.00514114    
   2.63000011       1.00508404    
   2.63100004       1.00502741    
   2.63200021       1.00497139    
   2.63300014       1.00491583    
   2.63400006       1.00486100    
   2.63500023       1.00480652    
   2.63600016       1.00475276    
   2.63700008       1.00469935    
   2.63800001       1.00464666    
   2.63900018       1.00459445    
   2.64000010       1.00454271    
   2.64100003       1.00449157    
   2.64200020       1.00444102    
   2.64300013       1.00439095    
   2.64400005       1.00434136    
   2.64500022       1.00429237    
   2.64600015       1.00424397    
   2.64700007       1.00419593    
   2.64800024       1.00414860    
   2.64900017       1.00410163    
   2.65000010       1.00405538    
   2.65100002       1.00400949    
   2.65200019       1.00396419    
   2.65300012       1.00391936    
   2.65400004       1.00387514    
   2.65500021       1.00383139    
   2.65600014       1.00378811    
   2.65700006       1.00374544    
   2.65800023       1.00370324    
   2.65900016       1.00366163    
   2.66000009       1.00362039    
   2.66100001       1.00357974    
   2.66200018       1.00353968    
   2.66300011       1.00349998    
   2.66400003       1.00346088    
   2.66500020       1.00342226    
   2.66600013       1.00338411    
   2.66700006       1.00334656    
   2.66800022       1.00330949    
   2.66900015       1.00327289    
   2.67000008       1.00323677    
   2.67100024       1.00320113    
   2.67200017       1.00316596    
   2.67300010       1.00313139    
   2.67400002       1.00309730    
   2.67500019       1.00306368    
   2.67600012       1.00303054    
   2.67700005       1.00299788    
   2.67800021       1.00296569    
   2.67900014       1.00293398    
   2.68000007       1.00290275    
   2.68100023       1.00287211    
   2.68200016       1.00284183    
   2.68300009       1.00281215    
   2.68400002       1.00278282    
   2.68500018       1.00275397    
   2.68600011       1.00272572    
   2.68700004       1.00269783    
   2.68800020       1.00267053    
   2.68900013       1.00264359    
   2.69000006       1.00261712    
   2.69100022       1.00259113    
   2.69200015       1.00256574    
   2.69300008       1.00254059    
   2.69400024       1.00251603    
   2.69500017       1.00249195    
   2.69600010       1.00246835    
   2.69700003       1.00244510    
   2.69800019       1.00242233    
   2.69900012       1.00240004    
   2.70000005       1.00237823    
   2.70100021       1.00235689    
   2.70200014       1.00233591    
   2.70300007       1.00231540    
   2.70400023       1.00229537    
   2.70500016       1.00227582    
   2.70600009       1.00225663    
   2.70700002       1.00223792    
   2.70800018       1.00221968    
   2.70900011       1.00220191    
   2.71000004       1.00218451    
   2.71100020       1.00216746    
   2.71200013       1.00215101    
   2.71300006       1.00213492    
   2.71400023       1.00211930    
   2.71500015       1.00210404    
   2.71600008       1.00208926    
   2.71700025       1.00207484    
   2.71800017       1.00206089    
   2.71900010       1.00204742    
   2.72000003       1.00203431    
   2.72100019       1.00202155    
   2.72200012       1.00200939    
   2.72300005       1.00199747    
   2.72400022       1.00198603    
   2.72500014       1.00197494    
   2.72600007       1.00196445    
   2.72700024       1.00195420    
   2.72800016       1.00194442    
   2.72900009       1.00193489    
   2.73000002       1.00192595    
   2.73100019       1.00191736    
   2.73200011       1.00190926    
   2.73300004       1.00190139    
   2.73400021       1.00189400    
   2.73500013       1.00188696    
   2.73600006       1.00188041    
   2.73700023       1.00187409    
   2.73800015       1.00186837    
   2.73900008       1.00186288    
   2.74000025       1.00185788    
   2.74100018       1.00185311    
   2.74200010       1.00184894    
   2.74300003       1.00184500    
   2.74400020       1.00184143    
   2.74500012       1.00183833    
   2.74600005       1.00183558    
   2.74700022       1.00183308    
   2.74800014       1.00183117    
   2.74900007       1.00182950    
   2.75000024       1.00182819    
   2.75100017       1.00182724    
   2.75200009       1.00182676    
   2.75300002       1.00182652    
   2.75400019       1.00182676    
   2.75500011       1.00182724    
   2.75600004       1.00182819    
   2.75700021       1.00182939    
   2.75800014       1.00183105    
   2.75900006       1.00183296    
   2.76000023       1.00183523    
   2.76100016       1.00183785    
   2.76200008       1.00184095    
   2.76300025       1.00184429    
   2.76400018       1.00184798    
   2.76500010       1.00185204    
   2.76600003       1.00185645    
   2.76700020       1.00186110    
   2.76800013       1.00186622    
   2.76900005       1.00187159    
   2.77000022       1.00187731    
   2.77100015       1.00188339    
   2.77200007       1.00188982    
   2.77300024       1.00189638    
   2.77400017       1.00190353    
   2.77500010       1.00191081    
   2.77600002       1.00191855    
   2.77700019       1.00192654    
   2.77800012       1.00193489    
   2.77900004       1.00194347    
   2.78000021       1.00195253    
   2.78100014       1.00196171    
   2.78200006       1.00197136    
   2.78300023       1.00198126    
   2.78400016       1.00199151    
   2.78500009       1.00200200    
   2.78600001       1.00201285    
   2.78700018       1.00202394    
   2.78800011       1.00203538    
   2.78900003       1.00204706    
   2.79000020       1.00205910    
   2.79100013       1.00207138    
   2.79200006       1.00208402    
   2.79300022       1.00209689    
   2.79400015       1.00211012    
   2.79500008       1.00212348    
   2.79600024       1.00213730    
   2.79700017       1.00215137    
   2.79800010       1.00216568    
   2.79900002       1.00218022    
   2.80000019       1.00219524    
   2.80100012       1.00221026    
   2.80200005       1.00222576    
   2.80300021       1.00224149    
   2.80400014       1.00225747    
   2.80500007       1.00227368    
   2.80600023       1.00229025    
   2.80700016       1.00230706    
   2.80800009       1.00232410    
   2.80900002       1.00234139    
   2.81000018       1.00235903    
   2.81100011       1.00237679    
   2.81200004       1.00239491    
   2.81300020       1.00241315    
   2.81400013       1.00243187    
   2.81500006       1.00245059    
   2.81600022       1.00246978    
   2.81700015       1.00248909    
   2.81800008       1.00250876    
   2.81900024       1.00252855    
   2.82000017       1.00254858    
   2.82100010       1.00256884    
   2.82200003       1.00258946    
   2.82300019       1.00261021    
   2.82400012       1.00263131    
   2.82500005       1.00265253    
   2.82600021       1.00267398    
   2.82700014       1.00269568    
   2.82800007       1.00271761    
   2.82900023       1.00273979    
   2.83000016       1.00276220    
   2.83100009       1.00278473    
   2.83200002       1.00280762    
   2.83300018       1.00283062    
   2.83400011       1.00285399    
   2.83500004       1.00287735    
   2.83600020       1.00290108    
   2.83700013       1.00292492    
   2.83800006       1.00294912    
   2.83900023       1.00297332    
   2.84000015       1.00299788    
   2.84100008       1.00302255    
   2.84200025       1.00304759    
   2.84300017       1.00307262    
   2.84400010       1.00309789    
   2.84500003       1.00312340    
   2.84600019       1.00314915    
   2.84700012       1.00317502    
   2.84800005       1.00320113    
   2.84900022       1.00322735    
   2.85000014       1.00325382    
   2.85100007       1.00328040    
   2.85200024       1.00330722    
   2.85300016       1.00333416    
   2.85400009       1.00336134    
   2.85500002       1.00338864    
   2.85600019       1.00341630    
   2.85700011       1.00344384    
   2.85800004       1.00347173    
   2.85900021       1.00349975    
   2.86000013       1.00352800    
   2.86100006       1.00355625    
   2.86200023       1.00358486    
   2.86300015       1.00361347    
   2.86400008       1.00364232    
   2.86500025       1.00367129    
   2.86600018       1.00370049    
   2.86700010       1.00372970    
   2.86800003       1.00375926    
   2.86900020       1.00378883    
   2.87000012       1.00381863    
   2.87100005       1.00384843    
   2.87200022       1.00387847    
   2.87300014       1.00390863    
   2.87400007       1.00393903    
   2.87500024       1.00396943    
   2.87600017       1.00400007    
   2.87700009       1.00403070    
   2.87800002       1.00406158    
   2.87900019       1.00409245    
   2.88000011       1.00412369    
   2.88100004       1.00415480    
   2.88200021       1.00418627    
   2.88300014       1.00421762    
   2.88400006       1.00424933    
   2.88500023       1.00428092    
   2.88600016       1.00431287    
   2.88700008       1.00434470    
   2.88800025       1.00437689    
   2.88900018       1.00440896    
   2.89000010       1.00444126    
   2.89100003       1.00447357    
   2.89200020       1.00450611    
   2.89300013       1.00453866    
   2.89400005       1.00457144    
   2.89500022       1.00460410    
   2.89600015       1.00463712    
   2.89700007       1.00466990    
   2.89800024       1.00470316    
   2.89900017       1.00473619    
   2.90000010       1.00476956    
   2.90100002       1.00480282    
   2.90200019       1.00483620    
   2.90300012       1.00486970    
   2.90400004       1.00490332    
   2.90500021       1.00493693    
   2.90600014       1.00497079    
   2.90700006       1.00500453    
   2.90800023       1.00503850    
   2.90900016       1.00507236    
   2.91000009       1.00510645    
   2.91100025       1.00514042    
   2.91200018       1.00517464    
   2.91300011       1.00520885    
   2.91400003       1.00524318    
   2.91500020       1.00527751    
   2.91600013       1.00531197    
   2.91700006       1.00534630    
   2.91800022       1.00538099    
   2.91900015       1.00541544    
   2.92000008       1.00545013    
   2.92100024       1.00548470    
   2.92200017       1.00551951    
   2.92300010       1.00555420    
   2.92400002       1.00558901    
   2.92500019       1.00562382    
   2.92600012       1.00565875    
   2.92700005       1.00569367    
   2.92800021       1.00572860    
   2.92900014       1.00576353    
   2.93000007       1.00579870    
   2.93100023       1.00583363    
   2.93200016       1.00586879    
   2.93300009       1.00590384    
   2.93400025       1.00593901    
   2.93500018       1.00597405    
   2.93600011       1.00600934    
   2.93700004       1.00604439    
   2.93800020       1.00607967    
   2.93900013       1.00611484    
   2.94000006       1.00615013    
   2.94100022       1.00618529    
   2.94200015       1.00622058    
   2.94300008       1.00625575    
   2.94400024       1.00629103    
   2.94500017       1.00632632    
   2.94600010       1.00636160    
   2.94700003       1.00639677    
   2.94800019       1.00643206    
   2.94900012       1.00646734    
   2.95000005       1.00650263    
   2.95100021       1.00653780    
   2.95200014       1.00657308    
   2.95300007       1.00660825    
   2.95400023       1.00664341    
   2.95500016       1.00667858    
   2.95600009       1.00671375    
   2.95700026       1.00674891    
   2.95800018       1.00678408    
   2.95900011       1.00681913    
   2.96000004       1.00685418    
   2.96100020       1.00688922    
   2.96200013       1.00692427    
   2.96300006       1.00695920    
   2.96400023       1.00699425    
   2.96500015       1.00702906    
   2.96600008       1.00706398    
   2.96700025       1.00709879    
   2.96800017       1.00713360    
   2.96900010       1.00716829    
   2.97000003       1.00720310    
   2.97100019       1.00723767    
   2.97200012       1.00727236    
   2.97300005       1.00730693    
   2.97400022       1.00734150    
   2.97500014       1.00737596    
   2.97600007       1.00741041    
   2.97700024       1.00744462    
   2.97800016       1.00747907    
   2.97900009       1.00751317    
   2.98000026       1.00754750    
   2.98100019       1.00758147    
   2.98200011       1.00761569    
   2.98300004       1.00764954    
   2.98400021       1.00768352    
   2.98500013       1.00771737    
   2.98600006       1.00775123    
   2.98700023       1.00778484    
   2.98800015       1.00781846    
   2.98900008       1.00785196    
   2.99000025       1.00788546    
   2.99100018       1.00791883    
   2.99200010       1.00795221    
   2.99300003       1.00798535    
   2.99400020       1.00801849    
   2.99500012       1.00805151    
   2.99600005       1.00808454    
   2.99700022       1.00811732    
   2.99800014       1.00815022    
   2.99900007       1.00818276    
   3.00000024       1.00821555    
   3.00100017       1.00824785    
   3.00200009       1.00828040    
   3.00300026       1.00831258    
   3.00400019       1.00834489    
   3.00500011       1.00837684    
   3.00600004       1.00840890    
   3.00700021       1.00844073    
   3.00800014       1.00847256    
   3.00900006       1.00850415    
   3.01000023       1.00853574    
   3.01100016       1.00856709    
   3.01200008       1.00859845    
   3.01300025       1.00862956    
   3.01400018       1.00866079    
   3.01500010       1.00869167    
   3.01600003       1.00872254    
   3.01700020       1.00875318    
   3.01800013       1.00878382    
   3.01900005       1.00881422    
   3.02000022       1.00884461    
   3.02100015       1.00887477    
   3.02200007       1.00890493    
   3.02300024       1.00893474    
   3.02400017       1.00896466    
   3.02500010       1.00899434    
   3.02600026       1.00902390    
   3.02700019       1.00905323    
   3.02800012       1.00908256    
   3.02900004       1.00911164    
   3.03000021       1.00914073    
   3.03100014       1.00916946    
   3.03200006       1.00919819    
   3.03300023       1.00922680    
   3.03400016       1.00925517    
   3.03500009       1.00928342    
   3.03600025       1.00931156    
   3.03700018       1.00933945    
   3.03800011       1.00936735    
   3.03900003       1.00939488    
   3.04000020       1.00942254    
   3.04100013       1.00944972    
   3.04200006       1.00947702    
   3.04300022       1.00950396    
   3.04400015       1.00953090    
   3.04500008       1.00955749    
   3.04600024       1.00958419    
   3.04700017       1.00961041    
   3.04800010       1.00963676    
   3.04900026       1.00966275    
   3.05000019       1.00968862    
   3.05100012       1.00971425    
   3.05200005       1.00973988    
   3.05300021       1.00976515    
   3.05400014       1.00979042    
   3.05500007       1.00981534    
   3.05600023       1.00984025    
   3.05700016       1.00986493    
   3.05800009       1.00988948    
   3.05900025       1.00991368    
   3.06000018       1.00993788    
   3.06100011       1.00996184    
   3.06200004       1.00998569    
   3.06300020       1.01000917    
   3.06400013       1.01003265    
   3.06500006       1.01005578    
   3.06600022       1.01007891    
   3.06700015       1.01010168    
   3.06800008       1.01012444    
   3.06900024       1.01014686    
   3.07000017       1.01016915    
   3.07100010       1.01019120    
   3.07200003       1.01021314    
   3.07300019       1.01023483    
   3.07400012       1.01025641    
   3.07500005       1.01027775    
   3.07600021       1.01029885    
   3.07700014       1.01031971    
   3.07800007       1.01034057    
   3.07900023       1.01036108    
   3.08000016       1.01038146    
   3.08100009       1.01040161    
   3.08200026       1.01042163    
   3.08300018       1.01044130    
   3.08400011       1.01046085    
   3.08500004       1.01048017    
   3.08600020       1.01049936    
   3.08700013       1.01051819    
   3.08800006       1.01053703    
   3.08900023       1.01055551    
   3.09000015       1.01057386    
   3.09100008       1.01059198    
   3.09200025       1.01060987    
   3.09300017       1.01062751    
   3.09400010       1.01064515    
   3.09500003       1.01066232    
   3.09600019       1.01067948    
   3.09700012       1.01069629    
   3.09800005       1.01071298    
   3.09900022       1.01072931    
   3.10000014       1.01074564    
   3.10100007       1.01076162    
   3.10200024       1.01077747    
   3.10300016       1.01079297    
   3.10400009       1.01080847    
   3.10500026       1.01082349    
   3.10600019       1.01083851    
   3.10700011       1.01085317    
   3.10800004       1.01086771    
   3.10900021       1.01088202    
   3.11000013       1.01089609    
   3.11100006       1.01090991    
   3.11200023       1.01092362    
   3.11300015       1.01093698    
   3.11400008       1.01095021    
   3.11500025       1.01096320    
   3.11600018       1.01097596    
   3.11700010       1.01098847    
   3.11800003       1.01100087    
   3.11900020       1.01101291    
   3.12000012       1.01102483    
   3.12100005       1.01103640    
   3.12200022       1.01104796    
   3.12300014       1.01105917    
   3.12400007       1.01107013    
   3.12500024       1.01108086    
   3.12600017       1.01109147    
   3.12700009       1.01110172    
   3.12800026       1.01111197    
   3.12900019       1.01112175    
   3.13000011       1.01113141    
   3.13100004       1.01114082    
   3.13200021       1.01115012    
   3.13300014       1.01115906    
   3.13400006       1.01116788    
   3.13500023       1.01117635    
   3.13600016       1.01118469    
   3.13700008       1.01119268    
   3.13800025       1.01120067    
   3.13900018       1.01120830    
   3.14000010       1.01121569    
   3.14100003       1.01122284    
   3.14200020       1.01122987    
   3.14300013       1.01123655    
   3.14400005       1.01124310    
   3.14500022       1.01124930    
   3.14600015       1.01125550    
   3.14700007       1.01126122    
   3.14800024       1.01126695    
   3.14900017       1.01127231    
   3.15000010       1.01127756    
   3.15100026       1.01128232    
   3.15200019       1.01128721    
   3.15300012       1.01129162    
   3.15400004       1.01129591    
   3.15500021       1.01129997    
   3.15600014       1.01130378    
   3.15700006       1.01130736    
   3.15800023       1.01131082    
   3.15900016       1.01131392    
   3.16000009       1.01131690    
   3.16100025       1.01131952    
   3.16200018       1.01132214    
   3.16300011       1.01132429    
   3.16400003       1.01132643    
   3.16500020       1.01132822    
   3.16600013       1.01132977    
   3.16700006       1.01133120    
   3.16800022       1.01133239    
   3.16900015       1.01133323    
   3.17000008       1.01133406    
   3.17100024       1.01133442    
   3.17200017       1.01133478    
   3.17300010       1.01133478    
   3.17400026       1.01133466    
   3.17500019       1.01133430    
   3.17600012       1.01133370    
   3.17700005       1.01133287    
   3.17800021       1.01133180    
   3.17900014       1.01133049    
   3.18000007       1.01132917    
   3.18100023       1.01132739    
   3.18200016       1.01132560    
   3.18300009       1.01132333    
   3.18400025       1.01132107    
   3.18500018       1.01131856    
   3.18600011       1.01131582    
   3.18700004       1.01131272    
   3.18800020       1.01130962    
   3.18900013       1.01130617    
   3.19000006       1.01130259    
   3.19100022       1.01129878    
   3.19200015       1.01129472    
   3.19300008       1.01129043    
   3.19400024       1.01128614    
   3.19500017       1.01128137    
   3.19600010       1.01127660    
   3.19700027       1.01127148    
   3.19800019       1.01126623    
   3.19900012       1.01126063    
   3.20000005       1.01125503    
   3.20100021       1.01124907    
   3.20200014       1.01124299    
   3.20300007       1.01123667    
   3.20400023       1.01123011    
   3.20500016       1.01122344    
   3.20600009       1.01121652    
   3.20700026       1.01120937    
   3.20800018       1.01120210    
   3.20900011       1.01119447    
   3.21000004       1.01118684    
   3.21100020       1.01117885    
   3.21200013       1.01117074    
   3.21300006       1.01116240    
   3.21400023       1.01115394    
   3.21500015       1.01114523    
   3.21600008       1.01113629    
   3.21700025       1.01112711    
   3.21800017       1.01111794    
   3.21900010       1.01110840    
   3.22000027       1.01109874    
   3.22100019       1.01108885    
   3.22200012       1.01107883    
   3.22300005       1.01106846    
   3.22400022       1.01105809    
   3.22500014       1.01104736    
   3.22600007       1.01103663    
   3.22700024       1.01102567    
   3.22800016       1.01101446    
   3.22900009       1.01100302    
   3.23000026       1.01099157    
   3.23100019       1.01097965    
   3.23200011       1.01096785    
   3.23300004       1.01095569    
   3.23400021       1.01094341    
   3.23500013       1.01093090    
   3.23600006       1.01091838    
   3.23700023       1.01090550    
   3.23800015       1.01089251    
   3.23900008       1.01087928    
   3.24000025       1.01086593    
   3.24100018       1.01085234    
   3.24200010       1.01083875    
   3.24300027       1.01082480    
   3.24400020       1.01081085    
   3.24500012       1.01079655    
   3.24600005       1.01078224    
   3.24700022       1.01076758    
   3.24800014       1.01075292    
   3.24900007       1.01073802    
   3.25000024       1.01072299    
   3.25100017       1.01070774    
   3.25200009       1.01069236    
   3.25300026       1.01067686    
   3.25400019       1.01066113    
   3.25500011       1.01064527    
   3.25600004       1.01062918    
   3.25700021       1.01061296    
   3.25800014       1.01059675    
   3.25900006       1.01058018    
   3.26000023       1.01056349    
   3.26100016       1.01054668    
   3.26200008       1.01052976    
   3.26300025       1.01051259    
   3.26400018       1.01049531    
   3.26500010       1.01047790    
   3.26600027       1.01046038    
   3.26700020       1.01044250    
   3.26800013       1.01042473    
   3.26900005       1.01040661    
   3.27000022       1.01038849    
   3.27100015       1.01037014    
   3.27200007       1.01035178    
   3.27300024       1.01033306    
   3.27400017       1.01031446    
   3.27500010       1.01029551    
   3.27600026       1.01027656    
   3.27700019       1.01025724    
   3.27800012       1.01023805    
   3.27900004       1.01021850    
   3.28000021       1.01019907    
   3.28100014       1.01017928    
   3.28200006       1.01015949    
   3.28300023       1.01013947    
   3.28400016       1.01011944    
   3.28500009       1.01009917    
   3.28600025       1.01007879    
   3.28700018       1.01005828    
   3.28800011       1.01003766    
   3.28900027       1.01001692    
   3.29000020       1.00999606    
   3.29100013       1.00997508    
   3.29200006       1.00995398    
   3.29300022       1.00993276    
   3.29400015       1.00991142    
   3.29500008       1.00988984    
   3.29600024       1.00986826    
   3.29700017       1.00984657    
   3.29800010       1.00982475    
   3.29900026       1.00980282    
   3.30000019       1.00978076    
   3.30100012       1.00975859    
   3.30200005       1.00973630    
   3.30300021       1.00971389    
   3.30400014       1.00969136    
   3.30500007       1.00966883    
   3.30600023       1.00964606    
   3.30700016       1.00962317    
   3.30800009       1.00960028    
   3.30900025       1.00957727    
   3.31000018       1.00955415    
   3.31100011       1.00953090    
   3.31200027       1.00950754    
   3.31300020       1.00948405    
   3.31400013       1.00946057    
   3.31500006       1.00943696    
   3.31600022       1.00941324    
   3.31700015       1.00938940    
   3.31800008       1.00936544    
   3.31900024       1.00934136    
   3.32000017       1.00931728    
   3.32100010       1.00929308    
   3.32200027       1.00926888    
   3.32300019       1.00924444    
   3.32400012       1.00922000    
   3.32500005       1.00919533    
   3.32600021       1.00917077    
   3.32700014       1.00914598    
   3.32800007       1.00912130    
   3.32900023       1.00909638    
   3.33000016       1.00907135    
   3.33100009       1.00904632    
   3.33200026       1.00902116    
   3.33300018       1.00899601    
   3.33400011       1.00897074    
   3.33500028       1.00894535    
   3.33600020       1.00891995    
   3.33700013       1.00889432    
   3.33800006       1.00886881    
   3.33900023       1.00884318    
   3.34000015       1.00881743    
   3.34100008       1.00879169    
   3.34200025       1.00876582    
   3.34300017       1.00873983    
   3.34400010       1.00871384    
   3.34500027       1.00868785    
   3.34600019       1.00866163    
   3.34700012       1.00863552    
   3.34800005       1.00860929    
   3.34900022       1.00858295    
   3.35000014       1.00855660    
   3.35100007       1.00853014    
   3.35200024       1.00850368    
   3.35300016       1.00847709    
   3.35400009       1.00845051    
   3.35500026       1.00842381    
   3.35600019       1.00839710    
   3.35700011       1.00837028    
   3.35800028       1.00834358    
   3.35900021       1.00831664    
   3.36000013       1.00828981    
   3.36100006       1.00826287    
   3.36200023       1.00823581    
   3.36300015       1.00820875    
   3.36400008       1.00818169    
   3.36500025       1.00815451    
   3.36600018       1.00812733    
   3.36700010       1.00810003    
   3.36800027       1.00807285    
   3.36900020       1.00804543    
   3.37000012       1.00801814    
   3.37100005       1.00799072    
   3.37200022       1.00796330    
   3.37300014       1.00793588    
   3.37400007       1.00790834    
   3.37500024       1.00788081    
   3.37600017       1.00785327    
   3.37700009       1.00782561    
   3.37800026       1.00779808    
   3.37900019       1.00777042    
   3.38000011       1.00774276    
   3.38100004       1.00771499    
   3.38200021       1.00768721    
   3.38300014       1.00765944    
   3.38400006       1.00763166    
   3.38500023       1.00760388    
   3.38600016       1.00757599    
   3.38700008       1.00754809    
   3.38800025       1.00752032    
   3.38900018       1.00749230    
   3.39000010       1.00746441    
   3.39100027       1.00743651    
   3.39200020       1.00740850    
   3.39300013       1.00738049    
   3.39400005       1.00735259    
   3.39500022       1.00732446    
   3.39600015       1.00729656    
   3.39700007       1.00726843    
   3.39800024       1.00724041    
   3.39900017       1.00721228    
   3.40000010       1.00718427    
   3.40100026       1.00715613    
   3.40200019       1.00712812    
   3.40300012       1.00709999    
   3.40400004       1.00707185    
   3.40500021       1.00704372    
   3.40600014       1.00701559    
   3.40700006       1.00698745    
   3.40800023       1.00695944    
   3.40900016       1.00693119    
   3.41000009       1.00690317    
   3.41100025       1.00687492    
   3.41200018       1.00684690    
   3.41300011       1.00681877    
   3.41400027       1.00679064    
   3.41500020       1.00676250    
   3.41600013       1.00673437    
   3.41700006       1.00670624    
   3.41800022       1.00667810    
   3.41900015       1.00664997    
   3.42000008       1.00662196    
   3.42100024       1.00659382    
   3.42200017       1.00656581    
   3.42300010       1.00653768    
   3.42400026       1.00650966    
   3.42500019       1.00648153    
   3.42600012       1.00645351    
   3.42700005       1.00642550    
   3.42800021       1.00639749    
   3.42900014       1.00636947    
   3.43000007       1.00634146    
   3.43100023       1.00631356    
   3.43200016       1.00628555    
   3.43300009       1.00625765    
   3.43400025       1.00622976    
   3.43500018       1.00620186    
   3.43600011       1.00617397    
   3.43700027       1.00614607    
   3.43800020       1.00611830    
   3.43900013       1.00609040    
   3.44000006       1.00606263    
   3.44100022       1.00603485    
   3.44200015       1.00600719    
   3.44300008       1.00597942    
   3.44400024       1.00595176    
   3.44500017       1.00592411    
   3.44600010       1.00589645    
   3.44700027       1.00586879    
   3.44800019       1.00584126    
   3.44900012       1.00581372    
   3.45000005       1.00578618    
   3.45100021       1.00575864    
   3.45200014       1.00573123    
   3.45300007       1.00570381    
   3.45400023       1.00567639    
   3.45500016       1.00564897    
   3.45600009       1.00562167    
   3.45700026       1.00559437    
   3.45800018       1.00556719    
   3.45900011       1.00553989    
   3.46000028       1.00551271    
   3.46100020       1.00548553    
   3.46200013       1.00545847    
   3.46300006       1.00543141    
   3.46400023       1.00540435    
   3.46500015       1.00537741    
   3.46600008       1.00535047    
   3.46700025       1.00532353    
   3.46800017       1.00529659    
   3.46900010       1.00526977    
   3.47000027       1.00524306    
   3.47100019       1.00521624    
   3.47200012       1.00518954    
   3.47300005       1.00516295    
   3.47400022       1.00513637    
   3.47500014       1.00510979    
   3.47600007       1.00508320    
   3.47700024       1.00505674    
   3.47800016       1.00503039    
   3.47900009       1.00500393    
   3.48000026       1.00497758    
   3.48100019       1.00495136    
   3.48200011       1.00492513    
   3.48300028       1.00489891    
   3.48400021       1.00487280    
   3.48500013       1.00484669    
   3.48600006       1.00482070    
   3.48700023       1.00479472    
   3.48800015       1.00476885    
   3.48900008       1.00474298    
   3.49000025       1.00471711    
   3.49100018       1.00469136    
   3.49200010       1.00466561    
   3.49300027       1.00463998    
   3.49400020       1.00461435    
   3.49500012       1.00458884    
   3.49600005       1.00456333    
   3.49700022       1.00453794    
   3.49800014       1.00451255    
   3.49900007       1.00448728    
   3.50000024       1.00446200    
   3.50100017       1.00443673    
   3.50200009       1.00441158    
   3.50300026       1.00438654    
   3.50400019       1.00436151    
   3.50500011       1.00433660    
   3.50600028       1.00431168    
   3.50700021       1.00428677    
   3.50800014       1.00426209    
   3.50900006       1.00423729    
   3.51000023       1.00421262    
   3.51100016       1.00418806    
   3.51200008       1.00416350    
   3.51300025       1.00413907    
   3.51400018       1.00411463    
   3.51500010       1.00409031    
   3.51600027       1.00406599    
   3.51700020       1.00404179    
   3.51800013       1.00401759    
   3.51900005       1.00399351    
   3.52000022       1.00396955    
   3.52100015       1.00394547    
   3.52200007       1.00392163    
   3.52300024       1.00389779    
   3.52400017       1.00387406    
   3.52500010       1.00385034    
   3.52600026       1.00382674    
   3.52700019       1.00380313    
   3.52800012       1.00377965    
   3.52900028       1.00375617    
   3.53000021       1.00373280    
   3.53100014       1.00370955    
   3.53200006       1.00368631    
   3.53300023       1.00366318    
   3.53400016       1.00364006    
   3.53500009       1.00361705    
   3.53600025       1.00359404    
   3.53700018       1.00357115    
   3.53800011       1.00354838    
   3.53900027       1.00352561    
   3.54000020       1.00350296    
   3.54100013       1.00348032    
   3.54200006       1.00345778    
   3.54300022       1.00343537    
   3.54400015       1.00341296    
   3.54500008       1.00339055    
   3.54600024       1.00336838    
   3.54700017       1.00334620    
   3.54800010       1.00332403    
   3.54900026       1.00330198    
   3.55000019       1.00328004    
   3.55100012       1.00325811    
   3.55200028       1.00323629    
   3.55300021       1.00321460    
   3.55400014       1.00319290    
   3.55500007       1.00317132    
   3.55600023       1.00314975    
   3.55700016       1.00312829    
   3.55800009       1.00310683    
   3.55900025       1.00308561    
   3.56000018       1.00306427    
   3.56100011       1.00304317    
   3.56200027       1.00302207    
   3.56300020       1.00300097    
   3.56400013       1.00298011    
   3.56500006       1.00295913    
   3.56600022       1.00293839    
   3.56700015       1.00291765    
   3.56800008       1.00289702    
   3.56900024       1.00287640    
   3.57000017       1.00285590    
   3.57100010       1.00283551    
   3.57200027       1.00281513    
   3.57300019       1.00279486    
   3.57400012       1.00277460    
   3.57500029       1.00275445    
   3.57600021       1.00273442    
   3.57700014       1.00271440    
   3.57800007       1.00269449    
   3.57900023       1.00267458    
   3.58000016       1.00265491    
   3.58100009       1.00263524    
   3.58200026       1.00261557    
   3.58300018       1.00259602    
   3.58400011       1.00257659    
   3.58500028       1.00255716    
   3.58600020       1.00253785    
   3.58700013       1.00251853    
   3.58800006       1.00249946    
   3.58900023       1.00248039    
   3.59000015       1.00246131    
   3.59100008       1.00244236    
   3.59200025       1.00242352    
   3.59300017       1.00240469    
   3.59400010       1.00238597    
   3.59500027       1.00236738    
   3.59600019       1.00234878    
   3.59700012       1.00233030    
   3.59800029       1.00231183    
   3.59900022       1.00229347    
   3.60000014       1.00227523    
   3.60100007       1.00225711    
   3.60200024       1.00223899    
   3.60300016       1.00222087    
   3.60400009       1.00220287    
   3.60500026       1.00218499    
   3.60600019       1.00216722    
   3.60700011       1.00214946    
   3.60800028       1.00213182    
   3.60900021       1.00211418    
   3.61000013       1.00209665    
   3.61100006       1.00207925    
   3.61200023       1.00206184    
   3.61300015       1.00204456    
   3.61400008       1.00202739    
   3.61500025       1.00201023    
   3.61600018       1.00199318    
   3.61700010       1.00197613    
   3.61800027       1.00195920    
   3.61900020       1.00194240    
   3.62000012       1.00192559    
   3.62100029       1.00190890    
   3.62200022       1.00189233    
   3.62300014       1.00187576    
   3.62400007       1.00185931    
   3.62500024       1.00184298    
   3.62600017       1.00182652    
   3.62700009       1.00181031    
   3.62800026       1.00179422    
   3.62900019       1.00177813    
   3.63000011       1.00176203    
   3.63100028       1.00174606    
   3.63200021       1.00173020    
   3.63300014       1.00171447    
   3.63400006       1.00169873    
   3.63500023       1.00168300    
   3.63600016       1.00166738    
   3.63700008       1.00165188    
   3.63800025       1.00163651    
   3.63900018       1.00162113    
   3.64000010       1.00160587    
   3.64100027       1.00159061    
   3.64200020       1.00157547    
   3.64300013       1.00156045    
   3.64400029       1.00154543    
   3.64500022       1.00153053    
   3.64600015       1.00151563    
   3.64700007       1.00150084    
   3.64800024       1.00148618    
   3.64900017       1.00147152    
   3.65000010       1.00145698    
   3.65100026       1.00144255    
   3.65200019       1.00142813    
   3.65300012       1.00141370    
   3.65400028       1.00139952    
   3.65500021       1.00138521    
   3.65600014       1.00137115    
   3.65700006       1.00135708    
   3.65800023       1.00134313    
   3.65900016       1.00132918    
   3.66000009       1.00131536    
   3.66100025       1.00130165    
   3.66200018       1.00128794    
   3.66300011       1.00127423    
   3.66400027       1.00126076    
   3.66500020       1.00124729    
   3.66600013       1.00123382    
   3.66700006       1.00122046    
   3.66800022       1.00120723    
   3.66900015       1.00119400    
   3.67000008       1.00118089    
   3.67100024       1.00116789    
   3.67200017       1.00115490    
   3.67300010       1.00114191    
   3.67400026       1.00112903    
   3.67500019       1.00111628    
   3.67600012       1.00110364    
   3.67700028       1.00109100    
   3.67800021       1.00107837    
   3.67900014       1.00106585    
   3.68000007       1.00105345    
   3.68100023       1.00104117    
   3.68200016       1.00102878    
   3.68300009       1.00101662    
   3.68400025       1.00100446    
   3.68500018       1.00099242    
   3.68600011       1.00098038    
   3.68700027       1.00096846    
   3.68800020       1.00095654    
   3.68900013       1.00094473    
   3.69000006       1.00093293    
   3.69100022       1.00092137    
   3.69200015       1.00090969    
   3.69300008       1.00089812    
   3.69400024       1.00088668    
   3.69500017       1.00087535    
   3.69600010       1.00086391    
   3.69700027       1.00085270    
   3.69800019       1.00084150    
   3.69900012       1.00083041    
   3.70000029       1.00081933    
   3.70100021       1.00080836    
   3.70200014       1.00079739    
   3.70300007       1.00078654    
   3.70400023       1.00077569    
   3.70500016       1.00076497    
   3.70600009       1.00075424    
   3.70700026       1.00074375    
   3.70800018       1.00073314    
   3.70900011       1.00072265    
   3.71000028       1.00071228    
   3.71100020       1.00070190    
   3.71200013       1.00069165    
   3.71300006       1.00068152    
   3.71400023       1.00067127    
   3.71500015       1.00066125    
   3.71600008       1.00065124    
   3.71700025       1.00064123    
   3.71800017       1.00063133    
   3.71900010       1.00062156    
   3.72000027       1.00061178    
   3.72100019       1.00060213    
   3.72200012       1.00059247    
   3.72300029       1.00058293    
   3.72400022       1.00057340    
   3.72500014       1.00056398    
   3.72600007       1.00055456    
   3.72700024       1.00054526    
   3.72800016       1.00053596    
   3.72900009       1.00052679    
   3.73000026       1.00051773    
   3.73100019       1.00050867    
   3.73200011       1.00049961    
   3.73300028       1.00049067    
   3.73400021       1.00048184    
   3.73500013       1.00047302    
   3.73600006       1.00046420    
   3.73700023       1.00045562    
   3.73800015       1.00044692    
   3.73900008       1.00043833    
   3.74000025       1.00042987    
   3.74100018       1.00042140    
   3.74200010       1.00041306    
   3.74300027       1.00040472    
   3.74400020       1.00039637    
   3.74500012       1.00038826    
   3.74600029       1.00038004    
   3.74700022       1.00037205    
   3.74800014       1.00036395    
   3.74900007       1.00035596    
   3.75000024       1.00034809    
   3.75100017       1.00034022    
   3.75200009       1.00033247    
   3.75300026       1.00032473    
   3.75400019       1.00031710    
   3.75500011       1.00030947    
   3.75600028       1.00030184    
   3.75700021       1.00029445    
   3.75800014       1.00028694    
   3.75900006       1.00027955    
   3.76000023       1.00027227    
   3.76100016       1.00026500    
   3.76200008       1.00025773    
   3.76300025       1.00025070    
   3.76400018       1.00024354    
   3.76500010       1.00023651    
   3.76600027       1.00022948    
   3.76700020       1.00022268    
   3.76800013       1.00021577    
   3.76900029       1.00020897    
   3.77000022       1.00020218    
   3.77100015       1.00019550    
   3.77200007       1.00018883    
   3.77300024       1.00018227    
   3.77400017       1.00017571    
   3.77500010       1.00016928    
   3.77600026       1.00016284    
   3.77700019       1.00015652    
   3.77800012       1.00015020    
   3.77900028       1.00014400    
   3.78000021       1.00013769    
   3.78100014       1.00013161    
   3.78200006       1.00012553    
   3.78300023       1.00011945    
   3.78400016       1.00011349    
   3.78500009       1.00010765    
   3.78600025       1.00010169    
   3.78700018       1.00009584    
   3.78800011       1.00009012    
   3.78900027       1.00008440    
   3.79000020       1.00007880    
   3.79100013       1.00007319    
   3.79200029       1.00006759    
   3.79300022       1.00006211    
   3.79400015       1.00005662    
   3.79500008       1.00005126    
   3.79600024       1.00004590    
   3.79700017       1.00004065    
   3.79800010       1.00003541    
   3.79900026       1.00003016    
   3.80000019       1.00002503    
   3.80100012       1.00001991    
   3.80200028       1.00001490    
   3.80300021       1.00000989    
   3.80400014       1.00000501    
   3.80500007       1.00000012    
   3.80600023      0.999995232    
   3.80700016      0.999990463    
   3.80800009      0.999985754    
   3.80900025      0.999981046    
   3.81000018      0.999976397    
   3.81100011      0.999971867    
   3.81200027      0.999967277    
   3.81300020      0.999962807    
   3.81400013      0.999958336    
   3.81500030      0.999953985    
   3.81600022      0.999949634    
   3.81700015      0.999945343    
   3.81800008      0.999941111    
   3.81900024      0.999936879    
   3.82000017      0.999932766    
   3.82100010      0.999928653    
   3.82200027      0.999924600    
   3.82300019      0.999920607    
   3.82400012      0.999916613    
   3.82500029      0.999912739    
   3.82600021      0.999908864    
   3.82700014      0.999905050    
   3.82800007      0.999901235    
   3.82900023      0.999897540    
   3.83000016      0.999893844    
   3.83100009      0.999890268    
   3.83200026      0.999886632    
   3.83300018      0.999883115    
   3.83400011      0.999879599    
   3.83500028      0.999876142    
   3.83600020      0.999872744    
   3.83700013      0.999869406    
   3.83800030      0.999866068    
   3.83900023      0.999862790    
   3.84000015      0.999859571    
   3.84100008      0.999856412    
   3.84200025      0.999853253    
   3.84300017      0.999850154    
   3.84400010      0.999847114    
   3.84500027      0.999844134    
   3.84600019      0.999841154    
   3.84700012      0.999838233    
   3.84800029      0.999835312    
   3.84900022      0.999832511    
   3.85000014      0.999829710    
   3.85100007      0.999826968    
   3.85200024      0.999824226    
   3.85300016      0.999821603    
   3.85400009      0.999818981    
   3.85500026      0.999816418    
   3.85600019      0.999813855    
   3.85700011      0.999811351    
   3.85800028      0.999808908    
   3.85900021      0.999806464    
   3.86000013      0.999804080    
   3.86100030      0.999801815    
   3.86200023      0.999799490    
   3.86300015      0.999797225    
   3.86400008      0.999795020    
   3.86500025      0.999792874    
   3.86600018      0.999790728    
   3.86700010      0.999788642    
   3.86800027      0.999786556    
   3.86900020      0.999784589    
   3.87000012      0.999782562    
   3.87100029      0.999780655    
   3.87200022      0.999778748    
   3.87300014      0.999776900    
   3.87400007      0.999775052    
   3.87500024      0.999773324    
   3.87600017      0.999771535    
   3.87700009      0.999769866    
   3.87800026      0.999768198    
   3.87900019      0.999766588    
   3.88000011      0.999764979    
   3.88100028      0.999763429    
   3.88200021      0.999761879    
   3.88300014      0.999760449    
   3.88400030      0.999758959    
   3.88500023      0.999757588    
   3.88600016      0.999756217    
   3.88700008      0.999754906    
   3.88800025      0.999753535    
   3.88900018      0.999752343    
   3.89000010      0.999751091    
   3.89100027      0.999749899    
   3.89200020      0.999748707    
   3.89300013      0.999747634    
   3.89400029      0.999746501    
   3.89500022      0.999745488    
   3.89600015      0.999744475    
   3.89700007      0.999743521    
   3.89800024      0.999742508    
   3.89900017      0.999741673    
   3.90000010      0.999740720    
   3.90100026      0.999739945    
   3.90200019      0.999739110    
   3.90300012      0.999738336    
   3.90400028      0.999737561    
   3.90500021      0.999736905    
   3.90600014      0.999736190    
   3.90700030      0.999735534    
   3.90800023      0.999734938    
   3.90900016      0.999734342    
   3.91000009      0.999733806    
   3.91100025      0.999733329    
   3.91200018      0.999732792    
   3.91300011      0.999732375    
   3.91400027      0.999731898    
   3.91500020      0.999731541    
   3.91600013      0.999731183    
   3.91700029      0.999730885    
   3.91800022      0.999730527    
   3.91900015      0.999730289    
   3.92000008      0.999730051    
   3.92100024      0.999729872    
   3.92200017      0.999729693    
   3.92300010      0.999729574    
   3.92400026      0.999729395    
   3.92500019      0.999729335    
   3.92600012      0.999729276    
   3.92700028      0.999729276    
   3.92800021      0.999729216    
   3.92900014      0.999729276    
   3.93000031      0.999729335    
   3.93100023      0.999729455    
   3.93200016      0.999729514    
   3.93300009      0.999729693    
   3.93400025      0.999729872    
   3.93500018      0.999730051    
   3.93600011      0.999730289    
   3.93700027      0.999730527    
   3.93800020      0.999730825    
   3.93900013      0.999731123    
   3.94000030      0.999731481    
   3.94100022      0.999731839    
   3.94200015      0.999732196    
   3.94300008      0.999732673    
   3.94400024      0.999733090    
   3.94500017      0.999733567    
   3.94600010      0.999734044    
   3.94700027      0.999734581    
   3.94800019      0.999735117    
   3.94900012      0.999735653    
   3.95000029      0.999736249    
   3.95100021      0.999736905    
   3.95200014      0.999737501    
   3.95300007      0.999738216    
   3.95400023      0.999738872    
   3.95500016      0.999739647    
   3.95600009      0.999740362    
   3.95700026      0.999741137    
   3.95800018      0.999741912    
   3.95900011      0.999742746    
   3.96000028      0.999743521    
   3.96100020      0.999744415    
   3.96200013      0.999745309    
   3.96300030      0.999746203    
   3.96400023      0.999747097    
   3.96500015      0.999748111    
   3.96600008      0.999749064    
   3.96700025      0.999750078    
   3.96800017      0.999751031    
   3.96900010      0.999752104    
   3.97000027      0.999753118    
   3.97100019      0.999754250    
   3.97200012      0.999755323    
   3.97300029      0.999756455    
   3.97400022      0.999757588    
   3.97500014      0.999758780    
   3.97600007      0.999759912    
   3.97700024      0.999761164    
   3.97800016      0.999762356    
   3.97900009      0.999763608    
   3.98000026      0.999764860    
   3.98100019      0.999766171    
   3.98200011      0.999767482    
   3.98300028      0.999768794    
   3.98400021      0.999770105    
   3.98500013      0.999771476    
   3.98600030      0.999772847    
   3.98700023      0.999774277    
   3.98800015      0.999775648    
   3.98900008      0.999777138    
   3.99000025      0.999778569    
   3.99100018      0.999780059    
   3.99200010      0.999781489    
   3.99300027      0.999783039    
   3.99400020      0.999784529    
   3.99500012      0.999786079    
   3.99600029      0.999787629    
   3.99700022      0.999789238    
   3.99800014      0.999790788    
   3.99900007      0.999792397    
   4.00000000      0.999794006    
   4.00100040      0.999795675    
   4.00200033      0.999797285    
   4.00300026      0.999799013    
   4.00400019      0.999800682    
   4.00500011      0.999802411    
   4.00600004      0.999804080    
   4.00699997      0.999805808    
   4.00800037      0.999807537    
   4.00900030      0.999809325    
   4.01000023      0.999811053    
   4.01100016      0.999812901    
   4.01200008      0.999814689    
   4.01300001      0.999816477    
   4.01400042      0.999818325    
   4.01500034      0.999820173    
   4.01600027      0.999822021    
   4.01700020      0.999823868    
   4.01800013      0.999825776    
   4.01900005      0.999827683    
   4.01999998      0.999829590    
   4.02100039      0.999831498    
   4.02200031      0.999833405    
   4.02300024      0.999835372    
   4.02400017      0.999837279    
   4.02500010      0.999839306    
   4.02600002      0.999841273    
   4.02700043      0.999843240    
   4.02800035      0.999845266    
   4.02900028      0.999847293    
   4.03000021      0.999849260    
   4.03100014      0.999851286    
   4.03200006      0.999853373    
   4.03299999      0.999855399    
   4.03400040      0.999857485    
   4.03500032      0.999859571    
   4.03600025      0.999861598    
   4.03700018      0.999863744    
   4.03800011      0.999865830    
   4.03900003      0.999867916    
   4.03999996      0.999870062    
   4.04100037      0.999872208    
   4.04200029      0.999874294    
   4.04300022      0.999876440    
   4.04400015      0.999878585    
   4.04500008      0.999880791    
   4.04600000      0.999882936    
   4.04700041      0.999885142    
   4.04800034      0.999887288    
   4.04900026      0.999889493    
   4.05000019      0.999891698    
   4.05100012      0.999893904    
   4.05200005      0.999896109    
   4.05299997      0.999898314    
   4.05400038      0.999900579    
   4.05500031      0.999902785    
   4.05600023      0.999905050    
   4.05700016      0.999907315    
   4.05800009      0.999909520    
   4.05900002      0.999911785    
   4.06000042      0.999914050    
   4.06100035      0.999916315    
   4.06200027      0.999918580    
   4.06300020      0.999920905    
   4.06400013      0.999923170    
   4.06500006      0.999925435    
   4.06599998      0.999927759    
   4.06700039      0.999930024    
   4.06800032      0.999932349    
   4.06900024      0.999934614    
   4.07000017      0.999936938    
   4.07100010      0.999939263    
   4.07200003      0.999941587    
   4.07300043      0.999943912    
   4.07400036      0.999946177    
   4.07500029      0.999948502    
   4.07600021      0.999950826    
   4.07700014      0.999953210    
   4.07800007      0.999955535    
   4.07900000      0.999957860    
   4.08000040      0.999960184    
   4.08100033      0.999962509    
   4.08200026      0.999964833    
   4.08300018      0.999967217    
   4.08400011      0.999969542    
   4.08500004      0.999971867    
   4.08599997      0.999974191    
   4.08700037      0.999976575    
   4.08800030      0.999978900    
   4.08900023      0.999981225    
   4.09000015      0.999983609    
   4.09100008      0.999985933    
   4.09200001      0.999988258    
   4.09300041      0.999990642    
   4.09400034      0.999992967    
   4.09500027      0.999995291    
   4.09600019      0.999997675    
