   1.00000005E-03   8.82148743E-06
   2.00000009E-03   8.82148743E-06
   3.00000003E-03   3.03983688E-06
   4.00000019E-03   8.82148743E-06
   5.00000035E-03   5.42402267E-06
   6.00000005E-03   3.03983688E-06
   7.00000022E-03   1.37090683E-06
   8.00000038E-03   8.82148743E-06
   9.00000054E-03   1.78813934E-06
   1.00000007E-02   5.42402267E-06
   1.10000009E-02  -1.19209290E-07
   1.20000001E-02   3.03983688E-06
   1.30000003E-02   5.72204590E-06
   1.40000004E-02   1.37090683E-06
   1.50000006E-02   3.87430191E-06
   1.60000008E-02   8.82148743E-06
   1.70000009E-02   5.12599945E-06
   1.80000011E-02   1.78813934E-06
   1.90000013E-02   8.64267349E-06
   2.00000014E-02   5.42402267E-06
   2.10000016E-02   2.56299973E-06
   2.20000017E-02  -1.19209290E-07
   2.30000019E-02   5.66244125E-06
   2.40000002E-02   3.03983688E-06
   2.50000004E-02   7.15255737E-07
   2.60000005E-02   5.72204590E-06
   2.70000007E-02   3.51667404E-06
   2.80000009E-02   1.37090683E-06
   2.90000010E-02  -4.76837158E-07
   3.00000012E-02   3.87430191E-06
   3.10000014E-02   1.96695328E-06
   3.20000015E-02   8.82148743E-06
   3.29999998E-02   1.25169754E-06
   3.40000018E-02   5.12599945E-06
   3.50000001E-02   8.70227814E-06
   3.60000022E-02   1.78813934E-06
   3.70000005E-02   5.24520874E-06
   3.80000025E-02   8.64267349E-06
   3.90000008E-02   2.20537186E-06
   4.00000028E-02   5.42402267E-06
   4.10000011E-02  -5.96046448E-07
   4.20000032E-02   2.56299973E-06
   4.30000015E-02   5.48362732E-06
   4.40000035E-02  -1.19209290E-07
   4.50000018E-02   2.80141830E-06
   4.60000038E-02   5.66244125E-06
   4.70000021E-02   2.98023224E-07
   4.80000004E-02   3.03983688E-06
   4.90000024E-02   5.72204590E-06
   5.00000007E-02   7.15255737E-07
   5.10000028E-02   3.27825546E-06
   5.20000011E-02   5.72204590E-06
   5.30000031E-02   1.13248825E-06
   5.40000014E-02   3.51667404E-06
   5.50000034E-02   5.78165054E-06
   5.60000017E-02   1.37090683E-06
   5.70000038E-02   3.69548798E-06
   5.80000021E-02  -4.76837158E-07
   5.90000041E-02   1.72853470E-06
   6.00000024E-02   3.87430191E-06
   6.10000044E-02  -1.19209290E-07
   6.20000027E-02   1.96695328E-06
   6.30000010E-02   3.87430191E-06
   6.40000030E-02   8.82148743E-06
   6.50000051E-02  -7.15255737E-07
   6.59999996E-02   1.25169754E-06
   6.70000017E-02   3.21865082E-06
   6.80000037E-02   5.12599945E-06
   6.90000057E-02   7.03334808E-06
   7.00000003E-02   8.70227814E-06
   7.10000023E-02  -1.19209290E-07
   7.20000044E-02   1.78813934E-06
   7.30000064E-02   3.57627869E-06
   7.40000010E-02   5.24520874E-06
   7.50000030E-02   6.97374344E-06
   7.60000050E-02   8.64267349E-06
   7.70000070E-02   5.96046448E-07
   7.80000016E-02   2.20537186E-06
   7.90000036E-02   3.75509262E-06
   8.00000057E-02   5.42402267E-06
   8.10000002E-02   6.91413879E-06
   8.20000023E-02  -5.96046448E-07
   8.30000043E-02   1.01327896E-06
   8.40000063E-02   2.56299973E-06
   8.50000009E-02   4.05311584E-06
   8.60000029E-02   5.48362732E-06
   8.70000049E-02   6.91413879E-06
   8.80000070E-02  -1.19209290E-07
   8.90000015E-02   1.31130219E-06
   9.00000036E-02   2.80141830E-06
   9.10000056E-02   4.23192978E-06
   9.20000076E-02   5.66244125E-06
   9.30000022E-02   6.97374344E-06
   9.40000042E-02   2.98023224E-07
   9.50000063E-02   1.72853470E-06
   9.60000008E-02   3.03983688E-06
   9.70000029E-02   4.35113907E-06
   9.80000049E-02   5.72204590E-06
   9.90000069E-02  -4.76837158E-07
  0.100000001       7.15255737E-07
  0.101000004       2.08616257E-06
  0.102000006       3.27825546E-06
  0.103000008       4.52995300E-06
  0.104000002       5.72204590E-06
  0.105000004      -1.19209290E-07
  0.106000006       1.13248825E-06
  0.107000008       2.38418579E-06
  0.108000003       3.51667404E-06
  0.109000005       4.70876694E-06
  0.110000007       5.78165054E-06
  0.111000009       2.98023224E-07
  0.112000003       1.37090683E-06
  0.113000005       2.56299973E-06
  0.114000008       3.69548798E-06
  0.115000002       4.76837158E-06
  0.116000004      -4.76837158E-07
  0.117000006       6.55651093E-07
  0.118000008       1.72853470E-06
  0.119000003       2.74181366E-06
  0.120000005       3.87430191E-06
  0.121000007       4.94718552E-06
  0.122000009      -1.19209290E-07
  0.123000003       8.94069672E-07
  0.124000005       1.96695328E-06
  0.125000000       2.98023224E-06
  0.126000002       3.87430191E-06
  0.127000004       7.86781311E-06
  0.128000006       8.82148743E-06
  0.129000008       9.83476639E-06
  0.130000010      -7.15255737E-07
  0.131000012       3.57627869E-07
  0.131999999       1.25169754E-06
  0.133000001       2.26497650E-06
  0.134000003       3.21865082E-06
  0.135000005       4.17232513E-06
  0.136000007       5.12599945E-06
  0.137000009       6.07967377E-06
  0.138000011       7.03334808E-06
  0.139000013       7.92741776E-06
  0.140000001       8.70227814E-06
  0.141000003       9.53674316E-06
  0.142000005      -1.19209290E-07
  0.143000007       8.34465027E-07
  0.144000009       1.78813934E-06
  0.145000011       2.68220901E-06
  0.146000013       3.57627869E-06
  0.147000000       4.35113907E-06
  0.148000002       5.24520874E-06
  0.149000004       6.07967377E-06
  0.150000006       6.97374344E-06
  0.151000008       7.80820847E-06
  0.152000010       8.64267349E-06
  0.153000012      -2.38418579E-07
  0.154000014       5.96046448E-07
  0.155000001       1.37090683E-06
  0.156000003       2.20537186E-06
  0.157000005       2.92062759E-06
  0.158000007       3.75509262E-06
  0.159000009       4.58955765E-06
  0.160000011       5.42402267E-06
  0.161000013       6.19888306E-06
  0.162000000       6.91413879E-06
  0.163000003       7.68899918E-06
  0.164000005      -5.96046448E-07
  0.165000007       1.78813934E-07
  0.166000009       1.01327896E-06
  0.167000011       1.78813934E-06
  0.168000013       2.56299973E-06
  0.169000015       3.33786011E-06
  0.170000002       4.05311584E-06
  0.171000004       4.76837158E-06
  0.172000006       5.48362732E-06
  0.173000008       6.19888306E-06
  0.174000010       6.91413879E-06
  0.175000012      -8.34465027E-07
  0.176000014      -1.19209290E-07
  0.177000001       5.96046448E-07
  0.178000003       1.31130219E-06
  0.179000005       2.08616257E-06
  0.180000007       2.80141830E-06
  0.181000009       3.51667404E-06
  0.182000011       4.23192978E-06
  0.183000013       4.94718552E-06
  0.184000015       5.66244125E-06
  0.185000002       6.25848770E-06
  0.186000004       6.97374344E-06
  0.187000006      -3.57627869E-07
  0.188000008       2.98023224E-07
  0.189000010       1.01327896E-06
  0.190000013       1.72853470E-06
  0.191000015       2.44379044E-06
  0.192000002       3.03983688E-06
  0.193000004       3.69548798E-06
  0.194000006       4.35113907E-06
  0.195000008       5.06639481E-06
  0.196000010       5.72204590E-06
  0.197000012       6.37769699E-06
  0.198000014      -4.76837158E-07
  0.199000016       1.78813934E-07
  0.200000003       7.15255737E-07
  0.201000005       1.43051147E-06
  0.202000007       2.08616257E-06
  0.203000009       2.74181366E-06
  0.204000011       3.27825546E-06
  0.205000013       3.93390656E-06
  0.206000015       4.52995300E-06
  0.207000017       5.18560410E-06
  0.208000004       5.72204590E-06
  0.209000006      -8.34465027E-07
  0.210000008      -1.19209290E-07
  0.211000010       4.76837158E-07
  0.212000012       1.13248825E-06
  0.213000014       1.72853470E-06
  0.214000016       2.38418579E-06
  0.215000004       2.92062759E-06
  0.216000006       3.51667404E-06
  0.217000008       4.11272049E-06
  0.218000010       4.70876694E-06
  0.219000012       5.24520874E-06
  0.220000014       5.78165054E-06
  0.221000016      -3.57627869E-07
  0.222000018       2.98023224E-07
  0.223000005       7.74860382E-07
  0.224000007       1.37090683E-06
  0.225000009       1.96695328E-06
  0.226000011       2.56299973E-06
  0.227000013       3.15904617E-06
  0.228000015       3.69548798E-06
  0.229000017       4.29153442E-06
  0.230000004       4.76837158E-06
  0.231000006       5.36441803E-06
  0.232000008      -4.76837158E-07
  0.233000010       5.96046448E-08
  0.234000012       6.55651093E-07
  0.235000014       1.13248825E-06
  0.236000016       1.72853470E-06
  0.237000018       2.26497650E-06
  0.238000005       2.74181366E-06
  0.239000008       3.27825546E-06
  0.240000010       3.87430191E-06
  0.241000012       4.41074371E-06
  0.242000014       4.94718552E-06
  0.243000016      -7.15255737E-07
  0.244000018      -1.19209290E-07
  0.245000005       3.57627869E-07
  0.246000007       8.94069672E-07
  0.247000009       1.43051147E-06
  0.248000011       1.96695328E-06
  0.249000013       2.50339508E-06
  0.250000000       2.98023224E-06
  0.251000017       3.45706940E-06
  0.252000004       3.87430191E-06
  0.253000021       1.54972076E-06
  0.254000008       7.86781311E-06
  0.255000025       2.56299973E-06
  0.256000012       8.82148743E-06
  0.256999999       3.45706940E-06
  0.258000016       9.83476639E-06
  0.259000003       4.47034836E-06
  0.260000020      -7.15255737E-07
  0.261000007       5.48362732E-06
  0.262000024       3.57627869E-07
  0.263000011       6.43730164E-06
  0.263999999       1.25169754E-06
  0.265000015       7.45058060E-06
  0.266000003       2.26497650E-06
  0.267000020       8.34465027E-06
  0.268000007       3.21865082E-06
  0.269000024       9.29832458E-06
  0.270000011       4.17232513E-06
  0.271000028      -7.15255737E-07
  0.272000015       5.12599945E-06
  0.273000002       1.19209290E-07
  0.274000019       6.07967377E-06
  0.275000006       1.07288361E-06
  0.276000023       7.03334808E-06
  0.277000010       2.02655792E-06
  0.278000027       7.92741776E-06
  0.279000014       2.98023224E-06
  0.280000001       8.70227814E-06
  0.281000018       3.93390656E-06
  0.282000005       9.53674316E-06
  0.283000022       4.76837158E-06
  0.284000009      -1.19209290E-07
  0.285000026       5.66244125E-06
  0.286000013       8.34465027E-07
  0.287000000       6.43730164E-06
  0.288000017       1.78813934E-06
  0.289000005       7.33137131E-06
  0.290000021       2.68220901E-06
  0.291000009       8.16583633E-06
  0.292000026       3.57627869E-06
  0.293000013       9.05990601E-06
  0.294000000       4.35113907E-06
  0.295000017      -2.38418579E-07
  0.296000004       5.24520874E-06
  0.297000021       7.15255737E-07
  0.298000008       6.07967377E-06
  0.299000025       1.60932541E-06
  0.300000012       6.97374344E-06
  0.301000029       2.50339508E-06
  0.302000016       7.80820847E-06
  0.303000003       3.21865082E-06
  0.304000020       8.64267349E-06
  0.305000007       4.11272049E-06
  0.306000024      -2.38418579E-07
  0.307000011       4.94718552E-06
  0.308000028       5.96046448E-07
  0.309000015       5.78165054E-06
  0.310000002       1.37090683E-06
  0.311000019       6.61611557E-06
  0.312000006       2.20537186E-06
  0.313000023       7.33137131E-06
  0.314000010       2.92062759E-06
  0.315000027       8.16583633E-06
  0.316000015       3.75509262E-06
  0.317000002      -5.96046448E-07
  0.318000019       4.58955765E-06
  0.319000006       2.98023224E-07
  0.320000023       5.42402267E-06
  0.321000010       1.13248825E-06
  0.322000027       6.19888306E-06
  0.323000014       1.96695328E-06
  0.324000001       6.91413879E-06
  0.325000018       2.74181366E-06
  0.326000005       7.68899918E-06
  0.327000022       3.57627869E-06
  0.328000009      -5.96046448E-07
  0.329000026       4.35113907E-06
  0.330000013       1.78813934E-07
  0.331000030       5.12599945E-06
  0.332000017       1.01327896E-06
  0.333000004       5.84125519E-06
  0.334000021       1.78813934E-06
  0.335000008       6.55651093E-06
  0.336000025       2.56299973E-06
  0.337000012       7.33137131E-06
  0.338000029       3.33786011E-06
  0.339000016      -7.15255737E-07
  0.340000004       4.05311584E-06
  0.341000021       5.96046448E-08
  0.342000008       4.76837158E-06
  0.343000025       8.94069672E-07
  0.344000012       5.48362732E-06
  0.345000029       1.54972076E-06
  0.346000016       6.19888306E-06
  0.347000003       2.20537186E-06
  0.348000020       6.91413879E-06
  0.349000007       2.98023224E-06
  0.350000024      -8.34465027E-07
  0.351000011       3.75509262E-06
  0.352000028      -1.19209290E-07
  0.353000015       4.47034836E-06
  0.354000002       5.96046448E-07
  0.355000019       5.18560410E-06
  0.356000006       1.31130219E-06
  0.357000023       5.90085983E-06
  0.358000010       2.08616257E-06
  0.359000027       6.61611557E-06
  0.360000014       2.80141830E-06
  0.361000031      -9.53674316E-07
  0.362000018       3.51667404E-06
  0.363000005      -2.38418579E-07
  0.364000022       4.23192978E-06
  0.365000010       4.76837158E-07
  0.366000026       4.94718552E-06
  0.367000014       1.19209290E-06
  0.368000031       5.66244125E-06
  0.369000018       1.96695328E-06
  0.370000005       6.25848770E-06
  0.371000022       2.62260437E-06
  0.372000009       6.97374344E-06
  0.373000026       3.33786011E-06
  0.374000013      -3.57627869E-07
  0.375000030       4.05311584E-06
  0.376000017       2.98023224E-07
  0.377000004       4.58955765E-06
  0.378000021       1.01327896E-06
  0.379000008       5.24520874E-06
  0.380000025       1.72853470E-06
  0.381000012       5.96046448E-06
  0.382000029       2.44379044E-06
  0.383000016       6.61611557E-06
  0.384000003       3.03983688E-06
  0.385000020      -4.76837158E-07
  0.386000007       3.69548798E-06
  0.387000024       2.38418579E-07
  0.388000011       4.35113907E-06
  0.389000028       8.94069672E-07
  0.390000015       5.06639481E-06
  0.391000032       1.60932541E-06
  0.392000020       5.72204590E-06
  0.393000007       2.20537186E-06
  0.394000024       6.37769699E-06
  0.395000011       2.86102295E-06
  0.396000028      -4.76837158E-07
  0.397000015       3.51667404E-06
  0.398000032       1.78813934E-07
  0.399000019       4.17232513E-06
  0.400000006       7.15255737E-07
  0.401000023       4.82797623E-06
  0.402000010       1.43051147E-06
  0.403000027       5.48362732E-06
  0.404000014       2.08616257E-06
  0.405000031       6.07967377E-06
  0.406000018       2.74181366E-06
  0.407000005      -7.15255737E-07
  0.408000022       3.27825546E-06
  0.409000009      -1.19209290E-07
  0.410000026       3.93390656E-06
  0.411000013       5.96046448E-07
  0.412000030       4.52995300E-06
  0.413000017       1.25169754E-06
  0.414000034       5.18560410E-06
  0.415000021       1.84774399E-06
  0.416000009       5.72204590E-06
  0.417000026       2.50339508E-06
  0.418000013      -8.34465027E-07
  0.419000030       3.15904617E-06
  0.420000017      -1.19209290E-07
  0.421000034       3.75509262E-06
  0.422000021       4.76837158E-07
  0.423000008       4.29153442E-06
  0.424000025       1.13248825E-06
  0.425000012       4.88758087E-06
  0.426000029       1.72853470E-06
  0.427000016       5.54323196E-06
  0.428000033       2.38418579E-06
  0.429000020      -8.34465027E-07
  0.430000007       2.92062759E-06
  0.431000024      -2.38418579E-07
  0.432000011       3.51667404E-06
  0.433000028       4.17232513E-07
  0.434000015       4.11272049E-06
  0.435000032       1.01327896E-06
  0.436000019       4.70876694E-06
  0.437000006       1.54972076E-06
  0.438000023       5.24520874E-06
  0.439000010       2.08616257E-06
  0.440000027       5.78165054E-06
  0.441000015       2.68220901E-06
  0.442000031      -3.57627869E-07
  0.443000019       3.27825546E-06
  0.444000036       2.98023224E-07
  0.445000023       3.87430191E-06
  0.446000010       7.74860382E-07
  0.447000027       4.47034836E-06
  0.448000014       1.37090683E-06
  0.449000031       5.06639481E-06
  0.450000018       1.96695328E-06
  0.451000035       5.54323196E-06
  0.452000022       2.56299973E-06
  0.453000009      -4.76837158E-07
  0.454000026       3.15904617E-06
  0.455000013       1.19209290E-07
  0.456000030       3.69548798E-06
  0.457000017       7.15255737E-07
  0.458000034       4.29153442E-06
  0.459000021       1.31130219E-06
  0.460000008       4.76837158E-06
  0.461000025       1.84774399E-06
  0.462000012       5.36441803E-06
  0.463000029       2.44379044E-06
  0.464000016      -4.76837158E-07
  0.465000033       3.03983688E-06
  0.466000021       5.96046448E-08
  0.467000008       3.51667404E-06
  0.468000025       6.55651093E-07
  0.469000012       3.99351120E-06
  0.470000029       1.13248825E-06
  0.471000016       4.52995300E-06
  0.472000033       1.72853470E-06
  0.473000020       5.12599945E-06
  0.474000037       2.26497650E-06
  0.475000024      -5.96046448E-07
  0.476000011       2.74181366E-06
  0.477000028      -1.19209290E-07
  0.478000015       3.27825546E-06
  0.479000032       4.76837158E-07
  0.480000019       3.87430191E-06
  0.481000036       1.07288361E-06
  0.482000023       4.41074371E-06
  0.483000010       1.54972076E-06
  0.484000027       4.94718552E-06
  0.485000014       2.08616257E-06
  0.486000031      -7.15255737E-07
  0.487000018       2.62260437E-06
  0.488000035      -1.19209290E-07
  0.489000022       3.15904617E-06
  0.490000010       3.57627869E-07
  0.491000026       3.69548798E-06
  0.492000014       8.94069672E-07
  0.493000031       4.23192978E-06
  0.494000018       1.43051147E-06
  0.495000035       4.76837158E-06
  0.496000022       1.96695328E-06
  0.497000009      -8.34465027E-07
  0.498000026       2.50339508E-06
  0.499000013      -2.38418579E-07
  0.500000000       2.98023224E-06
  0.501000047       6.19888306E-06
  0.502000034       3.45706940E-06
  0.503000021       6.61611557E-06
  0.504000008       3.87430191E-06
  0.504999995       7.09295273E-06
  0.506000042       1.54972076E-06
  0.507000029       1.06096268E-05
  0.508000016       7.86781311E-06
  0.509000003       5.12599945E-06
  0.510000050       2.56299973E-06
  0.511000037      -1.19209290E-07
  0.512000024       8.82148743E-06
  0.513000011       6.13927841E-06
  0.513999999       3.45706940E-06
  0.515000045       9.53674316E-07
  0.516000032       9.83476639E-06
  0.517000020       7.15255737E-06
  0.518000007       4.47034836E-06
  0.519000053       1.96695328E-06
  0.520000041      -7.15255737E-07
  0.521000028       8.10623169E-06
  0.522000015       5.48362732E-06
  0.523000002       2.86102295E-06
  0.524000049       3.57627869E-07
  0.525000036       9.05990601E-06
  0.526000023       6.43730164E-06
  0.527000010       3.87430191E-06
  0.527999997       1.25169754E-06
  0.529000044       1.00135803E-05
  0.530000031       7.45058060E-06
  0.531000018       4.82797623E-06
  0.532000005       2.26497650E-06
  0.533000052      -2.38418579E-07
  0.534000039       8.34465027E-06
  0.535000026       5.78165054E-06
  0.536000013       3.21865082E-06
  0.537000000       6.55651093E-07
  0.538000047       9.29832458E-06
  0.539000034       6.73532486E-06
  0.540000021       4.17232513E-06
  0.541000009       1.66893005E-06
  0.542000055      -7.15255737E-07
  0.543000042       7.68899918E-06
  0.544000030       5.12599945E-06
  0.545000017       2.62260437E-06
  0.546000004       1.19209290E-07
  0.547000051       8.58306885E-06
  0.548000038       6.07967377E-06
  0.549000025       3.57627869E-06
  0.550000012       1.07288361E-06
  0.550999999       9.41753387E-06
  0.552000046       7.03334808E-06
  0.553000033       4.52995300E-06
  0.554000020       2.02655792E-06
  0.555000007      -4.76837158E-07
  0.556000054       7.92741776E-06
  0.557000041       5.48362732E-06
  0.558000028       2.98023224E-06
  0.559000015       5.36441803E-07
  0.560000002       8.70227814E-06
  0.561000049       6.37769699E-06
  0.562000036       3.93390656E-06
  0.563000023       1.37090683E-06
  0.564000010       9.53674316E-06
  0.564999998       7.09295273E-06
  0.566000044       4.76837158E-06
  0.567000031       2.32458115E-06
  0.568000019      -1.19209290E-07
  0.569000006       7.98702240E-06
  0.570000052       5.66244125E-06
  0.571000040       3.21865082E-06
  0.572000027       8.34465027E-07
  0.573000014       8.82148743E-06
  0.574000001       6.43730164E-06
  0.575000048       4.17232513E-06
  0.576000035       1.78813934E-06
  0.577000022      -5.96046448E-07
  0.578000009       7.33137131E-06
  0.579000056       5.06639481E-06
  0.580000043       2.68220901E-06
  0.581000030       2.98023224E-07
  0.582000017       8.16583633E-06
  0.583000004       5.84125519E-06
  0.584000051       3.57627869E-06
  0.585000038       1.25169754E-06
  0.586000025       9.05990601E-06
  0.587000012       6.67572021E-06
  0.588000000       4.35113907E-06
  0.589000046       2.14576721E-06
  0.590000033      -2.38418579E-07
  0.591000021       7.56978989E-06
  0.592000008       5.24520874E-06
  0.593000054       3.03983688E-06
  0.594000041       7.15255737E-07
  0.595000029       8.40425491E-06
  0.596000016       6.07967377E-06
  0.597000003       3.81469727E-06
  0.598000050       1.60932541E-06
  0.599000037      -7.15255737E-07
  0.600000024       6.97374344E-06
  0.601000011       4.64916229E-06
  0.602000058       2.50339508E-06
  0.603000045       1.78813934E-07
  0.604000032       7.80820847E-06
  0.605000019       5.54323196E-06
  0.606000006       3.21865082E-06
  0.607000053       1.07288361E-06
  0.608000040       8.64267349E-06
  0.609000027       6.37769699E-06
  0.610000014       4.11272049E-06
  0.611000001       1.84774399E-06
  0.612000048      -2.38418579E-07
  0.613000035       7.21216202E-06
  0.614000022       4.94718552E-06
  0.615000010       2.74181366E-06
  0.616000056       5.96046448E-07
  0.617000043       8.04662704E-06
  0.618000031       5.78165054E-06
  0.619000018       3.57627869E-06
  0.620000005       1.37090683E-06
  0.621000051      -7.15255737E-07
  0.622000039       6.61611557E-06
  0.623000026       4.41074371E-06
  0.624000013       2.20537186E-06
  0.625000000       0.00000000    
  0.626000047       7.33137131E-06
  0.627000034       5.12599945E-06
  0.628000021       2.92062759E-06
  0.629000008       7.74860382E-07
  0.630000055       8.16583633E-06
  0.631000042       5.96046448E-06
  0.632000029       3.75509262E-06
  0.633000016       1.60932541E-06
  0.634000003      -5.96046448E-07
  0.635000050       6.73532486E-06
  0.636000037       4.58955765E-06
  0.637000024       2.44379044E-06
  0.638000011       2.98023224E-07
  0.639000058       7.56978989E-06
  0.640000045       5.42402267E-06
  0.641000032       3.27825546E-06
  0.642000020       1.13248825E-06
  0.643000007       8.16583633E-06
  0.644000053       6.19888306E-06
  0.645000041       4.05311584E-06
  0.646000028       1.96695328E-06
  0.647000015      -2.38418579E-07
  0.648000002       6.91413879E-06
  0.649000049       4.88758087E-06
  0.650000036       2.74181366E-06
  0.651000023       6.55651093E-07
  0.652000010       7.68899918E-06
  0.653000057       5.66244125E-06
  0.654000044       3.57627869E-06
  0.655000031       1.43051147E-06
  0.656000018      -5.96046448E-07
  0.657000005       6.37769699E-06
  0.658000052       4.35113907E-06
  0.659000039       2.26497650E-06
  0.660000026       1.78813934E-07
  0.661000013       7.15255737E-06
  0.662000060       5.12599945E-06
  0.663000047       3.03983688E-06
  0.664000034       1.01327896E-06
  0.665000021       7.86781311E-06
  0.666000009       5.84125519E-06
  0.667000055       3.81469727E-06
  0.668000042       1.78813934E-06
  0.669000030      -2.38418579E-07
  0.670000017       6.55651093E-06
  0.671000004       4.52995300E-06
  0.672000051       2.56299973E-06
  0.673000038       5.36441803E-07
  0.674000025       7.33137131E-06
  0.675000012       5.30481339E-06
  0.676000059       3.33786011E-06
  0.677000046       1.31130219E-06
  0.678000033      -7.15255737E-07
  0.679000020       6.07967377E-06
  0.680000007       4.05311584E-06
  0.681000054       2.08616257E-06
  0.682000041       5.96046448E-08
  0.683000028       6.79492950E-06
  0.684000015       4.76837158E-06
  0.685000062       2.86102295E-06
  0.686000049       8.94069672E-07
  0.687000036       7.56978989E-06
  0.688000023       5.48362732E-06
  0.689000010       3.45706940E-06
  0.690000057       1.54972076E-06
  0.691000044      -4.76837158E-07
  0.692000031       6.19888306E-06
  0.693000019       4.23192978E-06
  0.694000006       2.20537186E-06
  0.695000052       3.57627869E-07
  0.696000040       6.91413879E-06
  0.697000027       4.94718552E-06
  0.698000014       2.98023224E-06
  0.699000061       1.13248825E-06
  0.700000048      -8.34465027E-07
  0.701000035       5.72204590E-06
  0.702000022       3.75509262E-06
  0.703000009       1.78813934E-06
  0.704000056      -1.19209290E-07
  0.705000043       6.43730164E-06
  0.706000030       4.47034836E-06
  0.707000017       2.50339508E-06
  0.708000004       5.96046448E-07
  0.709000051       7.15255737E-06
  0.710000038       5.18560410E-06
  0.711000025       3.27825546E-06
  0.712000012       1.31130219E-06
  0.713000059      -4.76837158E-07
  0.714000046       5.90085983E-06
  0.715000033       3.99351120E-06
  0.716000021       2.08616257E-06
  0.717000008       1.78813934E-07
  0.718000054       6.61611557E-06
  0.719000041       4.70876694E-06
  0.720000029       2.80141830E-06
  0.721000016       8.94069672E-07
  0.722000062      -9.53674316E-07
  0.723000050       5.42402267E-06
  0.724000037       3.51667404E-06
  0.725000024       1.66893005E-06
  0.726000011      -2.38418579E-07
  0.727000058       6.13927841E-06
  0.728000045       4.23192978E-06
  0.729000032       2.38418579E-06
  0.730000019       4.76837158E-07
  0.731000006       6.79492950E-06
  0.732000053       4.94718552E-06
  0.733000040       3.09944153E-06
  0.734000027       1.19209290E-06
  0.735000014      -5.96046448E-07
  0.736000061       5.66244125E-06
  0.737000048       3.81469727E-06
  0.738000035       1.96695328E-06
  0.739000022       5.96046448E-08
  0.740000010       6.25848770E-06
  0.741000056       4.52995300E-06
  0.742000043       2.62260437E-06
  0.743000031       7.74860382E-07
  0.744000018       6.97374344E-06
  0.745000064       5.18560410E-06
  0.746000051       3.33786011E-06
  0.747000039       1.49011612E-06
  0.748000026      -3.57627869E-07
  0.749000013       5.78165054E-06
  0.750000060       4.05311584E-06
  0.751000047       2.14576721E-06
  0.752000034       2.98023224E-07
  0.753000021       6.43730164E-06
  0.754000008       4.58955765E-06
  0.755000055       2.86102295E-06
  0.756000042       1.01327896E-06
  0.757000029      -8.34465027E-07
  0.758000016       5.24520874E-06
  0.759000063       3.51667404E-06
  0.760000050       1.72853470E-06
  0.761000037      -1.19209290E-07
  0.762000024       5.96046448E-06
  0.763000011       4.11272049E-06
  0.764000058       2.44379044E-06
  0.765000045       5.96046448E-07
  0.766000032       6.61611557E-06
  0.767000020       4.82797623E-06
  0.768000007       3.03983688E-06
  0.769000053       1.31130219E-06
  0.770000041      -4.76837158E-07
  0.771000028       5.48362732E-06
  0.772000015       3.69548798E-06
  0.773000062       2.02655792E-06
  0.774000049       2.38418579E-07
  0.775000036       6.13927841E-06
  0.776000023       4.35113907E-06
  0.777000010       2.62260437E-06
  0.778000057       8.94069672E-07
  0.779000044      -8.34465027E-07
  0.780000031       5.06639481E-06
  0.781000018       3.27825546E-06
  0.782000065       1.60932541E-06
  0.783000052      -1.19209290E-07
  0.784000039       5.72204590E-06
  0.785000026       3.93390656E-06
  0.786000013       2.20537186E-06
  0.787000060       5.36441803E-07
  0.788000047       6.37769699E-06
  0.789000034       4.58955765E-06
  0.790000021       2.86102295E-06
  0.791000009       1.13248825E-06
  0.792000055      -4.76837158E-07
  0.793000042       5.24520874E-06
  0.794000030       3.51667404E-06
  0.795000017       1.78813934E-06
  0.796000063       1.78813934E-07
  0.797000051       5.90085983E-06
  0.798000038       4.17232513E-06
  0.799000025       2.44379044E-06
  0.800000012       7.15255737E-07
  0.801000059       6.49690628E-06
  0.802000046       4.82797623E-06
  0.803000033       3.09944153E-06
  0.804000020       1.43051147E-06
  0.805000067      -2.38418579E-07
  0.806000054       5.48362732E-06
  0.807000041       3.75509262E-06
  0.808000028       2.08616257E-06
  0.809000015       3.57627869E-07
  0.810000062       6.07967377E-06
  0.811000049       4.41074371E-06
  0.812000036       2.74181366E-06
  0.813000023       9.53674316E-07
  0.814000010      -7.15255737E-07
  0.815000057       4.94718552E-06
  0.816000044       3.27825546E-06
  0.817000031       1.60932541E-06
  0.818000019      -1.19209290E-07
  0.819000065       5.60283661E-06
  0.820000052       3.93390656E-06
  0.821000040       2.26497650E-06
  0.822000027       5.96046448E-07
  0.823000014       6.13927841E-06
  0.824000061       4.52995300E-06
  0.825000048       2.86102295E-06
  0.826000035       1.25169754E-06
  0.827000022      -4.76837158E-07
  0.828000069       5.18560410E-06
  0.829000056       3.51667404E-06
  0.830000043       1.84774399E-06
  0.831000030       2.38418579E-07
  0.832000017       5.72204590E-06
  0.833000064       4.17232513E-06
  0.834000051       2.50339508E-06
  0.835000038       8.34465027E-07
  0.836000025       6.31809235E-06
  0.837000012       4.70876694E-06
  0.838000059       3.15904617E-06
  0.839000046       1.49011612E-06
  0.840000033      -1.19209290E-07
  0.841000021       5.30481339E-06
  0.842000067       3.75509262E-06
  0.843000054       2.14576721E-06
  0.844000041       4.76837158E-07
  0.845000029       5.90085983E-06
  0.846000016       4.29153442E-06
  0.847000062       2.74181366E-06
  0.848000050       8.16583633E-06
  0.849000037       6.55651093E-06
  0.850000024       4.88758087E-06
  0.851000011       1.03116035E-05
  0.852000058       8.76188278E-06
  0.853000045       1.41263008E-05
  0.854000032       1.25169754E-05
  0.855000019       1.78217888E-05
  0.856000066       2.32458115E-05
  0.857000053       2.86102295E-05
  0.858000040       3.39150429E-05
  0.859000027       3.92198563E-05
  0.860000014       5.14388084E-05
  0.861000061       6.37173653E-05
  0.862000048       7.58767128E-05
  0.863000035       9.48905945E-05
  0.864000022       1.13904476E-04
  0.865000069       1.32918358E-04
  0.866000056       1.65581703E-04
  0.867000043       1.98185444E-04
  0.868000031       2.30729580E-04
  0.869000018       2.76923180E-04
  0.870000064       3.29852104E-04
  0.871000051       3.96370888E-04
  0.872000039       4.69505787E-04
  0.873000026       5.49316406E-04
  0.874000013       6.49452209E-04
  0.875000060       7.62999058E-04
  0.876000047       8.89778137E-04
  0.877000034       1.04349852E-03
  0.878000021       1.21730566E-03
  0.879000068       1.41102076E-03
  0.880000055       1.63817406E-03
  0.881000042       1.89185143E-03
  0.882000029       2.17872858E-03
  0.883000016       2.50548124E-03
  0.884000063       2.87878513E-03
  0.885000050       3.29154730E-03
  0.886000037       3.75717878E-03
  0.887000024       4.28223610E-03
  0.888000071       4.86665964E-03
  0.889000058       5.51670790E-03
  0.890000045       6.24561310E-03
  0.891000032       7.05319643E-03
  0.892000020       7.94583559E-03
  0.893000066       8.93002748E-03
  0.894000053       1.00185871E-02
  0.895000041       1.12179518E-02
  0.896000028       1.25343204E-02
  0.897000015       1.39740705E-02
  0.898000062       1.55566931E-02
  0.899000049       1.72815919E-02
  0.900000036       1.91615224E-02
  0.901000023       2.12028027E-02
  0.902000070       2.34245658E-02
  0.903000057       2.58327723E-02
  0.904000044       2.84334421E-02
  0.905000031       3.12457681E-02
  0.906000018       3.42755914E-02
  0.907000065       3.75418663E-02
  0.908000052       4.10503149E-02
  0.909000039       4.48133945E-02
  0.910000026       4.88431454E-02
  0.911000073       5.31457663E-02
  0.912000060       5.77458143E-02
  0.913000047       6.26492500E-02
  0.914000034       6.78679347E-02
  0.915000021       7.34139681E-02
  0.916000068       7.92993307E-02
  0.917000055       8.55357051E-02
  0.918000042       9.21288729E-02
  0.919000030       9.91031528E-02
  0.920000017      0.106457472    
  0.921000063      0.114203632    
  0.922000051      0.122359574    
  0.923000038      0.130930603    
  0.924000025      0.139921665    
  0.925000072      0.149350822    
  0.926000059      0.159216523    
  0.927000046      0.169536829    
  0.928000033      0.180310071    
  0.929000020      0.191547871    
  0.930000067      0.203255057    
  0.931000054      0.215436399    
  0.932000041      0.228095353    
  0.933000028      0.241241157    
  0.934000015      0.254867613    
  0.935000062      0.268988311    
  0.936000049      0.283587873    
  0.937000036      0.298690617    
  0.938000023      0.314278841    
  0.939000070      0.330367386    
  0.940000057      0.346930504    
  0.941000044      0.363987505    
  0.942000031      0.381525338    
  0.943000019      0.399550617    
  0.944000065      0.418036580    
  0.945000052      0.437006831    
  0.946000040      0.456428468    
  0.947000027      0.476317227    
  0.948000073      0.496640563    
  0.949000061      0.517417073    
  0.950000048      0.538608015    
  0.951000035      0.560236752    
  0.952000022      0.582258463    
  0.953000069      0.604696631    
  0.954000056      0.627500415    
  0.955000043      0.650699019    
  0.956000030      0.674236298    
  0.957000017      0.698141098    
  0.958000064      0.722357631    
  0.959000051      0.746913671    
  0.960000038      0.771750510    
  0.961000025      0.796896338    
  0.962000072      0.822292686    
  0.963000059      0.847965240    
  0.964000046      0.873851418    
  0.965000033      0.899984002    
  0.966000021      0.926295280    
  0.967000067      0.952821672    
  0.968000054      0.979488671    
  0.969000041       1.00633347    
  0.970000029       1.03328395    
  0.971000075       1.06038117    
  0.972000062       1.08754504    
  0.973000050       1.11481857    
  0.974000037       1.14212322    
  0.975000024       1.16950214    
  0.976000071       1.19687808    
  0.977000058       1.22429144    
  0.978000045       1.25166416    
  0.979000032       1.27904153    
  0.980000019       1.30634236    
  0.981000066       1.33361721    
  0.982000053       1.36077690    
  0.983000040       1.38787746    
  0.984000027       1.41482997    
  0.985000074       1.44169593    
  0.986000061       1.46837902    
  0.987000048       1.49493957    
  0.988000035       1.52129078    
  0.989000022       1.54749191    
  0.990000069       1.57345450    
  0.991000056       1.59923494    
  0.992000043       1.62474680    
  0.993000031       1.65005946    
  0.994000018       1.67507124    
  0.995000064       1.69985795    
  0.996000051       1.72432590    
  0.997000039       1.74854112    
  0.998000026       1.77241540    
  0.999000072       1.79601514    
   1.00000000       1.81925178    
   1.00100005       1.84220266    
   1.00200009       1.86476493    
   1.00300002       1.88701916    
   1.00400007       1.90887380    
   1.00500000       1.93040562    
   1.00600004       1.95152164    
   1.00700009       1.97230494    
   1.00800002       1.99265194    
   1.00900006       2.01264811    
   1.00999999       2.03220606    
   1.01100004       2.05140686    
   1.01200008       2.07015800    
   1.01300001       2.08854198    
   1.01400006       2.10646653    
   1.01500010       2.12401485    
   1.01600003       2.14109564    
   1.01700008       2.15779066    
   1.01800001       2.17401981    
   1.01900005       2.18987632    
   1.02000010       2.20524788    
   1.02100003       2.22022700    
   1.02200007       2.23474455    
   1.02300000       2.24886799    
   1.02400005       2.26251960    
   1.02500010       2.27577877    
   1.02600002       2.28855944    
   1.02700007       2.30095553    
   1.02800000       2.31288624    
   1.02900004       2.32443476    
   1.03000009       2.33550096    
   1.03100002       2.34619331    
   1.03200006       2.35642862    
   1.03299999       2.36628556    
   1.03400004       2.37567544    
   1.03500009       2.38470078    
   1.03600001       2.39327145    
   1.03700006       2.40148067    
   1.03800011       2.40924311    
   1.03900003       2.41664696    
   1.04000008       2.42361832    
   1.04100001       2.43023229    
   1.04200006       2.43642187    
   1.04300010       2.44227886    
   1.04400003       2.44770336    
   1.04500008       2.45279741    
   1.04600000       2.45748329    
   1.04700005       2.46185207    
   1.04800010       2.46581507    
   1.04900002       2.46946335    
   1.05000007       2.47272992    
   1.05100000       2.47568417    
   1.05200005       2.47826600    
   1.05300009       2.48055673    
   1.05400002       2.48246646    
   1.05500007       2.48411155    
   1.05599999       2.48539329    
   1.05700004       2.48640108    
   1.05800009       2.48705912    
   1.05900002       2.48746634    
   1.06000006       2.48753667    
   1.06100011       2.48735905    
   1.06200004       2.48685694    
   1.06300008       2.48611951    
   1.06400001       2.48507023    
   1.06500006       2.48379850    
   1.06600010       2.48221731    
   1.06700003       2.48042560    
   1.06800008       2.47834730    
   1.06900001       2.47607207    
   1.07000005       2.47351170    
   1.07100010       2.47075558    
   1.07200003       2.46773815    
   1.07300007       2.46453667    
   1.07400000       2.46107578    
   1.07500005       2.45745373    
   1.07600009       2.45357442    
   1.07700002       2.44954538    
   1.07800007       2.44528151    
   1.07900000       2.44085932    
   1.08000004       2.43622494    
   1.08100009       2.43144464    
   1.08200002       2.42645311    
   1.08300006       2.42132711    
   1.08400011       2.41600227    
   1.08500004       2.41055489    
   1.08600008       2.40492010    
   1.08700001       2.39916420    
   1.08800006       2.39323282    
   1.08900011       2.38720202    
   1.09000003       2.38099718    
   1.09100008       2.37468958    
   1.09200001       2.36822677    
   1.09300005       2.36166573    
   1.09400010       2.35496092    
   1.09500003       2.34818172    
   1.09600008       2.34125257    
   1.09700000       2.33424854    
   1.09800005       2.32710648    
   1.09900010       2.31991053    
   1.10000002       2.31257915    
   1.10100007       2.30519176    
   1.10200000       2.29768968    
   1.10300004       2.29013634    
   1.10400009       2.28246832    
   1.10500002       2.27475858    
   1.10600007       2.26694655    
   1.10699999       2.25910211    
   1.10800004       2.25115538    
   1.10900009       2.24316931    
   1.11000001       2.23510170    
   1.11100006       2.22701430    
   1.11200011       2.21883583    
   1.11300004       2.21063948    
   1.11400008       2.20236301    
   1.11500001       2.19407725    
   1.11600006       2.18572235    
   1.11700010       2.17735004    
   1.11800003       2.16891885    
   1.11900008       2.16048074    
   1.12000000       2.15199399    
   1.12100005       2.14349031    
   1.12200010       2.13493872    
   1.12300003       2.12640119    
   1.12400007       2.11780548    
   1.12500000       2.10921431    
   1.12600005       2.10058546    
   1.12700009       2.09197164    
   1.12800002       2.08331108    
   1.12900007       2.07467413    
   1.13000000       2.06600118    
   1.13100004       2.05734301    
   1.13200009       2.04865837    
   1.13300002       2.03999925    
   1.13400006       2.03130341    
   1.13500011       2.02264309    
   1.13600004       2.01395679    
   1.13700008       2.00529575    
   1.13800001       1.99661911    
   1.13900006       1.98797774    
   1.14000010       1.97931063    
   1.14100003       1.97068906    
   1.14200008       1.96204209    
   1.14300001       1.95344067    
   1.14400005       1.94483352    
   1.14500010       1.93625200    
   1.14600003       1.92767489    
   1.14700007       1.91913342    
   1.14800000       1.91058874    
   1.14900005       1.90208554    
   1.15000010       1.89358854    
   1.15100002       1.88512719    
   1.15200007       1.87667298    
   1.15300000       1.86826158    
   1.15400004       1.85985470    
   1.15500009       1.85149300    
   1.15600002       1.84313607    
   1.15700006       1.83483136    
   1.15800011       1.82653153    
   1.15900004       1.81828403    
   1.16000009       1.81004596    
   1.16100001       1.80185771    
   1.16200006       1.79368377    
   1.16300011       1.78555942    
   1.16400003       1.77744484    
   1.16500008       1.76938915    
   1.16600001       1.76134419    
   1.16700006       1.75335586    
   1.16800010       1.74538279    
   1.16900003       1.73746395    
   1.17000008       1.72955918    
   1.17100000       1.72171307    
   1.17200005       1.71388578    
   1.17300010       1.70611238    
   1.17400002       1.69836259    
   1.17500007       1.69066608    
   1.17600000       1.68298841    
   1.17700005       1.67536902    
   1.17800009       1.66777253    
   1.17900002       1.66023445    
   1.18000007       1.65271449    
   1.18100011       1.64525723    
   1.18200004       1.63781834    
   1.18300009       1.63044155    
   1.18400002       1.62308335    
   1.18500006       1.61578703    
   1.18600011       1.60851336    
   1.18700004       1.60130179    
   1.18800008       1.59411287    
   1.18900001       1.58698094    
   1.19000006       1.57987618    
   1.19100010       1.57282805    
   1.19200003       1.56580710    
   1.19300008       1.55884266    
   1.19400001       1.55190539    
   1.19500005       1.54502881    
   1.19600010       1.53817916    
   1.19700003       1.53138542    
   1.19800007       1.52461839    
   1.19900000       1.51791096    
   1.20000005       1.51122713    
   1.20100009       1.50460732    
   1.20200002       1.49800920    
   1.20300007       1.49147117    
   1.20400012       1.48496389    
   1.20500004       1.47850704    
   1.20600009       1.47208560    
   1.20700002       1.46571875    
   1.20800006       1.45937812    
   1.20900011       1.45309198    
   1.21000004       1.44684076    
   1.21100008       1.44063926    
   1.21200001       1.43447256    
   1.21300006       1.42835534    
   1.21400011       1.42227268    
   1.21500003       1.41623950    
   1.21600008       1.41023946    
   1.21700001       1.40429187    
   1.21800005       1.39837408    
   1.21900010       1.39250946    
   1.22000003       1.38667464    
   1.22100008       1.38089275    
   1.22200000       1.37514019    
   1.22300005       1.36944079    
   1.22400010       1.36377013    
   1.22500002       1.35815251    
   1.22600007       1.35256362    
   1.22700012       1.34702718    
   1.22800004       1.34151793    
   1.22900009       1.33606195    
   1.23000002       1.33063316    
   1.23100007       1.32525587    
   1.23200011       1.31990719    
   1.23300004       1.31461048    
   1.23400009       1.30933964    
   1.23500001       1.30412030    
   1.23600006       1.29892898    
   1.23700011       1.29378676    
   1.23800004       1.28867245    
   1.23900008       1.28360701    
   1.24000001       1.27856934    
   1.24100006       1.27358091    
   1.24200010       1.26861858    
   1.24300003       1.26370525    
   1.24400008       1.25881934    
   1.24500000       1.25398016    
   1.24600005       1.24916887    
   1.24700010       1.24440241    
   1.24800003       1.23966420    
   1.24900007       1.23497200    
   1.25000000       1.23030663    
   1.25100005       1.22568655    
   1.25200009       1.22109318    
   1.25300002       1.21654499    
   1.25400007       1.21202111    
   1.25500011       1.20754409    
   1.25600004       1.20309150    
   1.25700009       1.19868386    
   1.25800002       1.19430113    
   1.25900006       1.18996251    
   1.26000011       1.18564808    
   1.26100004       1.18137753    
   1.26200008       1.17713106    
   1.26300001       1.17292786    
   1.26400006       1.16874826    
   1.26500010       1.16461182    
   1.26600003       1.16049898    
   1.26700008       1.15642750    
   1.26800001       1.15238047    
   1.26900005       1.14837348    
   1.27000010       1.14439070    
   1.27100003       1.14044881    
   1.27200007       1.13652921    
   1.27300000       1.13265026    
   1.27400005       1.12879407    
   1.27500010       1.12497747    
   1.27600002       1.12118363    
   1.27700007       1.11742806    
   1.27800012       1.11369503    
   1.27900004       1.11000121    
   1.28000009       1.10632873    
   1.28100002       1.10269415    
   1.28200006       1.09908187    
   1.28300011       1.09550655    
   1.28400004       1.09195304    
   1.28500009       1.08843648    
   1.28600001       1.08494115    
   1.28700006       1.08148181    
   1.28800011       1.07804346    
   1.28900003       1.07464123    
   1.29000008       1.07125926    
   1.29100001       1.06791306    
   1.29200006       1.06458700    
   1.29300010       1.06129599    
   1.29400003       1.05802512    
   1.29500008       1.05478859    
   1.29600000       1.05157185    
   1.29700005       1.04838896    
   1.29800010       1.04522562    
   1.29900002       1.04209590    
   1.30000007       1.03898525    
   1.30100012       1.03590786    
   1.30200005       1.03284931    
   1.30300009       1.02982330    
   1.30400002       1.02681613    
   1.30500007       1.02384090    
   1.30600011       1.02088404    
   1.30700004       1.01795912    
   1.30800009       1.01505220    
   1.30900002       1.01217663    
   1.31000006       1.00931883    
   1.31100011       1.00649166    
   1.31200004       1.00368249    
   1.31300008       1.00090337    
   1.31400001      0.998141944    
   1.31500006      0.995410085    
   1.31600010      0.992695570    
   1.31700003      0.990010619    
   1.31800008      0.987342417    
   1.31900001      0.984703422    
   1.32000005      0.982081056    
   1.32100010      0.979487121    
   1.32200003      0.976909935    
   1.32300007      0.974360704    
   1.32400012      0.971827865    
   1.32500005      0.969322860    
   1.32600009      0.966833830    
   1.32700002      0.964372158    
   1.32800007      0.961926222    
   1.32900012      0.959507227    
   1.33000004      0.957103968    
   1.33100009      0.954727232    
   1.33200002      0.952365935    
   1.33300006      0.950030804    
   1.33400011      0.947710633    
   1.33500004      0.945416689    
   1.33600008      0.943137228    
   1.33700001      0.940883636    
   1.33800006      0.938644409    
   1.33900011      0.936430395    
   1.34000003      0.934231102    
   1.34100008      0.932056069    
   1.34200001      0.929895937    
   1.34300005      0.927759528    
   1.34400010      0.925637543    
   1.34500003      0.923539877    
   1.34600008      0.921455801    
   1.34700012      0.919395089    
   1.34800005      0.917348623    
   1.34900010      0.915325284    
   1.35000002      0.913315773    
   1.35100007      0.911328852    
   1.35200012      0.909355044    
   1.35300004      0.907404780    
   1.35400009      0.905467033    
   1.35500002      0.903551936    
   1.35600007      0.901649475    
   1.35700011      0.899769068    
   1.35800004      0.897901177    
   1.35900009      0.896055818    
   1.36000001      0.894222081    
   1.36100006      0.892410934    
   1.36200011      0.890611470    
   1.36300004      0.888833165    
   1.36400008      0.887066960    
   1.36500001      0.885322154    
   1.36600006      0.883588314    
   1.36700010      0.881876230    
   1.36800003      0.880175710    
   1.36900008      0.878495395    
   1.37000012      0.876825929    
   1.37100005      0.875177383    
   1.37200010      0.873540401    
   1.37300003      0.871923029    
   1.37400007      0.870316982    
   1.37500012      0.868730307    
   1.37600005      0.867154837    
   1.37700009      0.865598679    
   1.37800002      0.864052832    
   1.37900007      0.862527132    
   1.38000011      0.861011446    
   1.38100004      0.859515071    
   1.38200009      0.858028591    
   1.38300002      0.856561303    
   1.38400006      0.855103850    
   1.38500011      0.853665531    
   1.38600004      0.852236986    
   1.38700008      0.850826502    
   1.38800001      0.849426031    
   1.38900006      0.848043919    
   1.39000010      0.846671700    
   1.39100003      0.845316529    
   1.39200008      0.843971729    
   1.39300001      0.842644751    
   1.39400005      0.841326535    
   1.39500010      0.840025961    
   1.39600003      0.838734806    
   1.39700007      0.837460399    
   1.39800012      0.836195290    
   1.39900005      0.834947884    
   1.40000010      0.833708763    
   1.40100002      0.832487226    
   1.40200007      0.831273496    
   1.40300012      0.830077112    
   1.40400004      0.828888774    
   1.40500009      0.827717483    
   1.40600002      0.826554477    
   1.40700006      0.825407863    
   1.40800011      0.824269474    
   1.40900004      0.823147893    
   1.41000009      0.822033882    
   1.41100001      0.820935607    
   1.41200006      0.819845259    
   1.41300011      0.818771899    
   1.41400003      0.817705095    
   1.41500008      0.816654444    
   1.41600001      0.815611660    
   1.41700006      0.814584911    
   1.41800010      0.813564122    
   1.41900003      0.812561095    
   1.42000008      0.811564147    
   1.42100012      0.810581028    
   1.42200005      0.809607625    
   1.42300010      0.808648109    
   1.42400002      0.807696342    
   1.42500007      0.806758404    
   1.42600012      0.805828094    
   1.42700005      0.804911554    
   1.42800009      0.804003179    
   1.42900002      0.803109467    
   1.43000007      0.802221894    
   1.43100011      0.801349878    
   1.43200004      0.800483465    
   1.43300009      0.799632549    
   1.43400002      0.798787355    
   1.43500006      0.797955632    
   1.43600011      0.797131300    
   1.43700004      0.796320498    
   1.43800008      0.795517087    
   1.43900001      0.794725180    
   1.44000006      0.793942630    
   1.44100010      0.793171465    
   1.44200003      0.792407632    
   1.44300008      0.791657090    
   1.44400012      0.790911973    
   1.44500005      0.790180087    
   1.44600010      0.789455473    
   1.44700003      0.788744092    
   1.44800007      0.788038015    
   1.44900012      0.787345052    
   1.45000005      0.786657333    
   1.45100009      0.785982788    
   1.45200002      0.785315335    
   1.45300007      0.784659028    
   1.45400012      0.784009814    
   1.45500004      0.783371747    
   1.45600009      0.782740712    
   1.45700002      0.782122612    
   1.45800006      0.781507850    
   1.45900011      0.780907750    
   1.46000004      0.780312777    
   1.46100008      0.779728770    
   1.46200001      0.779149830    
   1.46300006      0.778585553    
   1.46400011      0.778024435    
   1.46500003      0.777476072    
   1.46600008      0.776932657    
   1.46700013      0.776401281    
   1.46800005      0.775874436    
   1.46900010      0.775360644    
   1.47000003      0.774851322    
   1.47100008      0.774354041    
   1.47200012      0.773861527    
   1.47300005      0.773379683    
   1.47400010      0.772902727    
   1.47500002      0.772438347    
   1.47600007      0.771978736    
   1.47700012      0.771529794    
   1.47800004      0.771087527    
   1.47900009      0.770653903    
   1.48000002      0.770226896    
   1.48100007      0.769810438    
   1.48200011      0.769396901    
   1.48300004      0.768997490    
   1.48400009      0.768601060    
   1.48500001      0.768214941    
   1.48600006      0.767833531    
   1.48700011      0.767464459    
   1.48800004      0.767098069    
   1.48900008      0.766744018    
   1.49000013      0.766392589    
   1.49100006      0.766053498    
   1.49200010      0.765717030    
   1.49300003      0.765392780    
   1.49400008      0.765071154    
   1.49500012      0.764761686    
   1.49600005      0.764454901    
   1.49700010      0.764160037    
   1.49800003      0.763868093    
   1.49900007      0.763586223    
   1.50000012      0.763308764    
   1.50100005      0.763041496    
   1.50200009      0.762778640    
   1.50300002      0.762525976    
   1.50400007      0.762277722    
   1.50500011      0.762037635    
   1.50600004      0.761803806    
   1.50700009      0.761578143    
   1.50800002      0.761356890    
   1.50900006      0.761145592    
   1.51000011      0.760936856    
   1.51100004      0.760739923    
   1.51200008      0.760545373    
   1.51300013      0.760360897    
   1.51400006      0.760180652    
   1.51500010      0.760008454    
   1.51600003      0.759842396    
   1.51700008      0.759684026    
   1.51800013      0.759528697    
   1.51900005      0.759384692    
   1.52000010      0.759243071    
   1.52100003      0.759111285    
   1.52200007      0.758981884    
   1.52300012      0.758862257    
   1.52400005      0.758746743    
   1.52500010      0.758641005    
   1.52600002      0.758537471    
   1.52700007      0.758443832    
   1.52800012      0.758352399    
   1.52900004      0.758271992    
   1.53000009      0.758192956    
   1.53100002      0.758124888    
   1.53200006      0.758059204    
   1.53300011      0.758001208    
   1.53400004      0.757947206    
   1.53500009      0.757902920    
   1.53600001      0.757860780    
   1.53700006      0.757828236    
   1.53800011      0.757797837    
   1.53900003      0.757776976    
   1.54000008      0.757760108    
   1.54100013      0.757750869    
   1.54200006      0.757743835    
   1.54300010      0.757746339    
   1.54400003      0.757752657    
   1.54500008      0.757766604    
   1.54600012      0.757782757    
   1.54700005      0.757808268    
   1.54800010      0.757837653    
   1.54900002      0.757874608    
   1.55000007      0.757913649    
   1.55100012      0.757962108    
   1.55200005      0.758014321    
   1.55300009      0.758072257    
   1.55400002      0.758135915    
   1.55500007      0.758205175    
   1.55600011      0.758278251    
   1.55700004      0.758360684    
   1.55800009      0.758445024    
   1.55900002      0.758536935    
   1.56000006      0.758632481    
   1.56100011      0.758735478    
   1.56200004      0.758841217    
   1.56300008      0.758954644    
   1.56400013      0.759072542    
   1.56500006      0.759196043    
   1.56600010      0.759323239    
   1.56700003      0.759459317    
   1.56800008      0.759595990    
   1.56900012      0.759741604    
   1.57000005      0.759890795    
   1.57100010      0.760045588    
   1.57200003      0.760205746    
   1.57300007      0.760371447    
   1.57400012      0.760540783    
   1.57500005      0.760717332    
   1.57600009      0.760895729    
   1.57700002      0.761083126    
   1.57800007      0.761272430    
   1.57900012      0.761468828    
   1.58000004      0.761667073    
   1.58100009      0.761874318    
   1.58200002      0.762083292    
   1.58300006      0.762301087    
   1.58400011      0.762519121    
   1.58500004      0.762746036    
   1.58600008      0.762974560    
   1.58700013      0.763212025    
   1.58800006      0.763449550    
   1.58900011      0.763695896    
   1.59000003      0.763945639    
   1.59100008      0.764200807    
   1.59200013      0.764458656    
   1.59300005      0.764723301    
   1.59400010      0.764990568    
   1.59500003      0.765266657    
   1.59600008      0.765542746    
   1.59700012      0.765827537    
   1.59800005      0.766113997    
   1.59900010      0.766407549    
   1.60000002      0.766702533    
   1.60100007      0.767006397    
   1.60200012      0.767311931    
   1.60300004      0.767622590    
   1.60400009      0.767938375    
   1.60500002      0.768259287    
   1.60600007      0.768581748    
   1.60700011      0.768913090    
   1.60800004      0.769245863    
   1.60900009      0.769585371    
   1.61000013      0.769926786    
   1.61100006      0.770274937    
   1.61200011      0.770626366    
   1.61300004      0.770982921    
   1.61400008      0.771342635    
   1.61500013      0.771709263    
   1.61600006      0.772077501    
   1.61700010      0.772452533    
   1.61800003      0.772828937    
   1.61900008      0.773213983    
   1.62000012      0.773598790    
   1.62100005      0.773992121    
   1.62200010      0.774386823    
   1.62300003      0.774788380    
   1.62400007      0.775191367    
   1.62500012      0.775601149    
   1.62600005      0.776014090    
   1.62700009      0.776431978    
   1.62800002      0.776853085    
   1.62900007      0.777279139    
   1.63000011      0.777708292    
   1.63100004      0.778144121    
   1.63200009      0.778581500    
   1.63300014      0.779025435    
   1.63400006      0.779470801    
   1.63500011      0.779922843    
   1.63600004      0.780377984    
   1.63700008      0.780838013    
   1.63800013      0.781301081    
   1.63900006      0.781769156    
   1.64000010      0.782240212    
   1.64100003      0.782716215    
   1.64200008      0.783195198    
   1.64300013      0.783680856    
   1.64400005      0.784167707    
   1.64500010      0.784661293    
   1.64600003      0.785156131    
   1.64700007      0.785657406    
   1.64800012      0.786161780    
   1.64900005      0.786671042    
   1.65000010      0.787183106    
   1.65100002      0.787700176    
   1.65200007      0.788218677    
   1.65300012      0.788744926    
   1.65400004      0.789272666    
   1.65500009      0.789805174    
   1.65600014      0.790340662    
   1.65700006      0.790882528    
   1.65800011      0.791425765    
   1.65900004      0.791973710    
   1.66000009      0.792524457    
   1.66100013      0.793081820    
   1.66200006      0.793640256    
   1.66300011      0.794205189    
   1.66400003      0.794771314    
   1.66500008      0.795343757    
   1.66600013      0.795919180    
   1.66700006      0.796499252    
   1.66800010      0.797080517    
   1.66900003      0.797668099    
   1.67000008      0.798258603    
   1.67100012      0.798853755    
   1.67200005      0.799449980    
   1.67300010      0.800054312    
   1.67400002      0.800658047    
   1.67500007      0.801269174    
   1.67600012      0.801881075    
   1.67700005      0.802499652    
   1.67800009      0.803118885    
   1.67900014      0.803745508    
   1.68000007      0.804372191    
   1.68100011      0.805005550    
   1.68200004      0.805640638    
   1.68300009      0.806280315    
   1.68400013      0.806922734    
   1.68500006      0.807571352    
   1.68600011      0.808221161    
   1.68700004      0.808875442    
   1.68800008      0.809532404    
   1.68900013      0.810195684    
   1.69000006      0.810859978    
   1.69100010      0.811528802    
   1.69200003      0.812200308    
   1.69300008      0.812878013    
   1.69400012      0.813556731    
   1.69500005      0.814241648    
   1.69600010      0.814927578    
   1.69700003      0.815619648    
   1.69800007      0.816312730    
   1.69900012      0.817011952    
   1.70000005      0.817712188    
   1.70100009      0.818418503    
   1.70200002      0.819125831    
   1.70300007      0.819839299    
   1.70400012      0.820553660    
   1.70500004      0.821274161    
   1.70600009      0.821995616    
   1.70700014      0.822723150    
   1.70800006      0.823453307    
   1.70900011      0.824187040    
   1.71000004      0.824923396    
   1.71100008      0.825664937    
   1.71200013      0.826407433    
   1.71300006      0.827155948    
   1.71400011      0.827907085    
   1.71500003      0.828662515    
   1.71600008      0.829418898    
   1.71700013      0.830181360    
   1.71800005      0.830946267    
   1.71900010      0.831715584    
   1.72000003      0.832487345    
   1.72100008      0.833263516    
   1.72200012      0.834040642    
   1.72300005      0.834825218    
   1.72400010      0.835609078    
   1.72500002      0.836400509    
   1.72600007      0.837191284    
   1.72700012      0.837989569    
   1.72800004      0.838787079    
   1.72900009      0.839592159    
   1.73000014      0.840398073    
   1.73100007      0.841208220    
   1.73200011      0.842020869    
   1.73300004      0.842837811    
   1.73400009      0.843657136    
   1.73500013      0.844482422    
   1.73600006      0.845308423    
   1.73700011      0.846138716    
   1.73800004      0.846971452    
   1.73900008      0.847810090    
   1.74000013      0.848649442    
   1.74100006      0.849494696    
   1.74200010      0.850340724    
   1.74300003      0.851192594    
   1.74400008      0.852045178    
   1.74500012      0.852903605    
   1.74600005      0.853762805    
   1.74700010      0.854627848    
   1.74800003      0.855495214    
   1.74900007      0.856366396    
   1.75000012      0.857239485    
   1.75100005      0.858117640    
   1.75200009      0.858998060    
   1.75300014      0.859882653    
   1.75400007      0.860769570    
   1.75500011      0.861660659    
   1.75600004      0.862554014    
   1.75700009      0.863452375    
   1.75800014      0.864352226    
   1.75900006      0.865257025    
   1.76000011      0.866163313    
   1.76100004      0.867074549    
   1.76200008      0.867987990    
   1.76300013      0.868905663    
   1.76400006      0.869825482    
   1.76500010      0.870750248    
   1.76600003      0.871676445    
   1.76700008      0.872607589    
   1.76800013      0.873540163    
   1.76900005      0.874478400    
   1.77000010      0.875417352    
   1.77100003      0.876361907    
   1.77200007      0.877307892    
   1.77300012      0.878258765    
   1.77400005      0.879211009    
   1.77500010      0.880168200    
   1.77600014      0.881127477    
   1.77700007      0.882091582    
   1.77800012      0.883057177    
   1.77900004      0.884027541    
   1.78000009      0.884999335    
   1.78100014      0.885975957    
   1.78200006      0.886954665    
   1.78300011      0.887938261    
   1.78400004      0.888923168    
   1.78500009      0.889912903    
   1.78600013      0.890904784    
   1.78700006      0.891901374    
   1.78800011      0.892899454    
   1.78900003      0.893902183    
   1.79000008      0.894906342    
   1.79100013      0.895915985    
   1.79200006      0.896926999    
   1.79300010      0.897942722    
   1.79400003      0.898960531    
   1.79500008      0.899982393    
   1.79600012      0.901006341    
   1.79700005      0.902034938    
   1.79800010      0.903065681    
   1.79900014      0.904100299    
   1.80000007      0.905137062    
   1.80100012      0.906178534    
   1.80200005      0.907221973    
   1.80300009      0.908270121    
   1.80400014      0.909319639    
   1.80500007      0.910373926    
   1.80600011      0.911430061    
   1.80700004      0.912490845    
   1.80800009      0.913553774    
   1.80900013      0.914620578    
   1.81000006      0.915690184    
   1.81100011      0.916763663    
   1.81200004      0.917839170    
   1.81300008      0.918919206    
   1.81400013      0.920000613    
   1.81500006      0.921087384    
   1.81600010      0.922175407    
   1.81700003      0.923268020    
   1.81800008      0.924362659    
   1.81900012      0.925461829    
   1.82000005      0.926562965    
   1.82100010      0.927668750    
   1.82200015      0.928775728    
   1.82300007      0.929888070    
   1.82400012      0.931001782    
   1.82500005      0.932120204    
   1.82600009      0.933240294    
   1.82700014      0.934364915    
   1.82800007      0.935491443    
   1.82900012      0.936622500    
   1.83000004      0.937755227    
   1.83100009      0.938892722    
   1.83200014      0.940031886    
   1.83300006      0.941175520    
   1.83400011      0.942321062    
   1.83500004      0.943470955    
   1.83600008      0.944622755    
   1.83700013      0.945779204    
   1.83800006      0.946937203    
   1.83900011      0.948099732    
   1.84000003      0.949264109    
   1.84100008      0.950432956    
   1.84200013      0.951603711    
   1.84300005      0.952778578    
   1.84400010      0.953955650    
   1.84500003      0.955136836    
   1.84600008      0.956319988    
   1.84700012      0.957507312    
   1.84800005      0.958696604    
   1.84900010      0.959890366    
   1.85000014      0.961085796    
   1.85100007      0.962285578    
   1.85200012      0.963487089    
   1.85300004      0.964692950    
   1.85400009      0.965900600    
   1.85500014      0.967112303    
   1.85600007      0.968326032    
   1.85700011      0.969543874    
   1.85800004      0.970763564    
   1.85900009      0.971987307    
   1.86000013      0.973212898    
   1.86100006      0.974442601    
   1.86200011      0.975674033    
   1.86300004      0.976909578    
   1.86400008      0.978146791    
   1.86500013      0.979388118    
   1.86600006      0.980631113    
   1.86700010      0.981878042    
   1.86800003      0.983126760    
   1.86900008      0.984379292    
   1.87000012      0.985633433    
   1.87100005      0.986891627    
   1.87200010      0.988151252    
   1.87300014      0.989414752    
   1.87400007      0.990679860    
   1.87500012      0.991948664    
   1.87600005      0.993219018    
   1.87700009      0.994493008    
   1.87800014      0.995768487    
   1.87900007      0.997047603    
   1.88000011      0.998328030    
   1.88100004      0.999612093    
   1.88200009       1.00089741    
   1.88300014       1.00218630    
   1.88400006       1.00347638    
   1.88500011       1.00476980    
   1.88600004       1.00606453    
   1.88700008       1.00736248    
   1.88800013       1.00866151    
   1.88900006       1.00996375    
   1.89000010       1.01126695    
   1.89100003       1.01257336    
   1.89200008       1.01388061    
   1.89300013       1.01519096    
   1.89400005       1.01650202    
   1.89500010       1.01781595    
   1.89600015       1.01913059    
   1.89700007       1.02044809    
   1.89800012       1.02176607    
   1.89900005       1.02308667    
   1.90000010       1.02440786    
   1.90100014       1.02573144    
   1.90200007       1.02705538    
   1.90300012       1.02838171    
   1.90400004       1.02970827    
   1.90500009       1.03103697    
   1.90600014       1.03236580    
   1.90700006       1.03369665    
   1.90800011       1.03502727    
   1.90900004       1.03635991    
   1.91000009       1.03769231    
   1.91100013       1.03902650    
   1.91200006       1.04036033    
   1.91300011       1.04169548    
   1.91400003       1.04303026    
   1.91500008       1.04436612    
   1.91600013       1.04570150    
   1.91700006       1.04703796    
   1.91800010       1.04837334    
   1.91900015       1.04970980    
   1.92000008       1.05104506    
   1.92100012       1.05238116    
   1.92200005       1.05371571    
   1.92300010       1.05505085    
   1.92400014       1.05638456    
   1.92500007       1.05771852    
   1.92600012       1.05905080    
   1.92700005       1.06038296    
   1.92800009       1.06171322    
   1.92900014       1.06304336    
   1.93000007       1.06437135    
   1.93100011       1.06569850    
   1.93200004       1.06702399    
   1.93300009       1.06834781    
   1.93400013       1.06966984    
   1.93500006       1.07099009    
   1.93600011       1.07230794    
   1.93700004       1.07362461    
   1.93800008       1.07493758    
   1.93900013       1.07624960    
   1.94000006       1.07755792    
   1.94100010       1.07886457    
   1.94200015       1.08016741    
   1.94300008       1.08146834    
   1.94400012       1.08276546    
   1.94500005       1.08405983    
   1.94600010       1.08534980    
   1.94700015       1.08663762    
   1.94800007       1.08792031    
   1.94900012       1.08920038    
   1.95000005       1.09047568    
   1.95100009       1.09174764    
   1.95200014       1.09301436    
   1.95300007       1.09427762    
   1.95400012       1.09553564    
   1.95500004       1.09678948    
   1.95600009       1.09803796    
   1.95700014       1.09928179    
   1.95800006       1.10052013    
   1.95900011       1.10175359    
   1.96000004       1.10298061    
   1.96100008       1.10420299    
   1.96200013       1.10541892    
   1.96300006       1.10662925    
   1.96400011       1.10783279    
   1.96500015       1.10903096    
   1.96600008       1.11022210    
   1.96700013       1.11140704    
   1.96800005       1.11258459    
   1.96900010       1.11375642    
   1.97000015       1.11492002    
   1.97100008       1.11607683    
   1.97200012       1.11722612    
   1.97300005       1.11836839    
   1.97400010       1.11950195    
   1.97500014       1.12062848    
   1.97600007       1.12174654    
   1.97700012       1.12285709    
   1.97800004       1.12395883    
   1.97900009       1.12505209    
   1.98000014       1.12613654    
   1.98100007       1.12721276    
   1.98200011       1.12828016    
   1.98300004       1.12933815    
   1.98400009       1.13038599    
   1.98500013       1.13142550    
   1.98600006       1.13245606    
   1.98700011       1.13347554    
   1.98800004       1.13448608    
   1.98900008       1.13548684    
   1.99000013       1.13647735    
   1.99100006       1.13745689    
   1.99200010       1.13842607    
   1.99300015       1.13938558    
   1.99400008       1.14033484    
   1.99500012       1.14127278    
   1.99600005       1.14219940    
   1.99700010       1.14311481    
   1.99800014       1.14402008    
   1.99900007       1.14491284    
   2.00000000       1.14579535    
   2.00100017       1.14666533    
   2.00200009       1.14752388    
   2.00300002       1.14837122    
   2.00400019       1.14920592    
   2.00500011       1.15002942    
   2.00600004       1.15084112    
   2.00700021       1.15163934    
   2.00800014       1.15242600    
   2.00900006       1.15320027    
   2.00999999       1.15396166    
   2.01100016       1.15471065    
   2.01200008       1.15544641    
   2.01300001       1.15616930    
   2.01400018       1.15688014    
   2.01500010       1.15757751    
   2.01600003       1.15826070    
   2.01700020       1.15893281    
   2.01800013       1.15958953    
   2.01900005       1.16023409    
   2.01999998       1.16086555    
   2.02100015       1.16148341    
   2.02200007       1.16208649    
   2.02300000       1.16267765    
   2.02400017       1.16325390    
   2.02500010       1.16381657    
   2.02600002       1.16436529    
   2.02700019       1.16490030    
   2.02800012       1.16542137    
   2.02900004       1.16592884    
   2.03000021       1.16642261    
   2.03100014       1.16690123    
   2.03200006       1.16736615    
   2.03299999       1.16781735    
   2.03400016       1.16825354    
   2.03500009       1.16867614    
   2.03600001       1.16908371    
   2.03700018       1.16947770    
   2.03800011       1.16985798    
   2.03900003       1.17022228    
   2.04000020       1.17057383    
   2.04100013       1.17090964    
   2.04200006       1.17123282    
   2.04299998       1.17154002    
   2.04400015       1.17183363    
   2.04500008       1.17211258    
   2.04600000       1.17237663    
   2.04700017       1.17262721    
   2.04800010       1.17286301    
   2.04900002       1.17308426    
   2.05000019       1.17329073    
   2.05100012       1.17348361    
   2.05200005       1.17366183    
   2.05300021       1.17382562    
   2.05400014       1.17397583    
   2.05500007       1.17411065    
   2.05599999       1.17423272    
   2.05700016       1.17433941    
   2.05800009       1.17443132    
   2.05900002       1.17451024    
   2.06000018       1.17457449    
   2.06100011       1.17462444    
   2.06200004       1.17466092    
   2.06300020       1.17468333    
   2.06400013       1.17469239    
   2.06500006       1.17468584    
   2.06599998       1.17466748    
   2.06700015       1.17463362    
   2.06800008       1.17458653    
   2.06900001       1.17452562    
   2.07000017       1.17445230    
   2.07100010       1.17436385    
   2.07200003       1.17426252    
   2.07300019       1.17414820    
   2.07400012       1.17401969    
   2.07500005       1.17387843    
   2.07600021       1.17372417    
   2.07700014       1.17355609    
   2.07800007       1.17337489    
   2.07900000       1.17318130    
   2.08000016       1.17297471    
   2.08100009       1.17275560    
   2.08200002       1.17252362    
   2.08300018       1.17227805    
   2.08400011       1.17202151    
   2.08500004       1.17175090    
   2.08600020       1.17146981    
   2.08700013       1.17117500    
   2.08800006       1.17086852    
   2.08899999       1.17054904    
   2.09000015       1.17021918    
   2.09100008       1.16987562    
   2.09200001       1.16952217    
   2.09300017       1.16915512    
   2.09400010       1.16877818    
   2.09500003       1.16838896    
   2.09600019       1.16798866    
   2.09700012       1.16757607    
   2.09800005       1.16715384    
   2.09900022       1.16671932    
   2.10000014       1.16627514    
   2.10100007       1.16581869    
   2.10200000       1.16535270    
   2.10300016       1.16487586    
   2.10400009       1.16438818    
   2.10500002       1.16389048    
   2.10600019       1.16338289    
   2.10700011       1.16286409    
   2.10800004       1.16233587    
   2.10900021       1.16179705    
   2.11000013       1.16124976    
   2.11100006       1.16069198    
   2.11199999       1.16012478    
   2.11300015       1.15954828    
   2.11400008       1.15896249    
   2.11500001       1.15836740    
   2.11600018       1.15776300    
   2.11700010       1.15714943    
   2.11800003       1.15652847    
   2.11900020       1.15589702    
   2.12000012       1.15525830    
   2.12100005       1.15461040    
   2.12200022       1.15395463    
   2.12300014       1.15329015    
   2.12400007       1.15261841    
   2.12500000       1.15193796    
   2.12600017       1.15125096    
   2.12700009       1.15055382    
   2.12800002       1.14985132    
   2.12900019       1.14913988    
   2.13000011       1.14842200    
   2.13100004       1.14769650    
   2.13200021       1.14696455    
   2.13300014       1.14622498    
   2.13400006       1.14547920    
   2.13499999       1.14472568    
   2.13600016       1.14396703    
   2.13700008       1.14319980    
   2.13800001       1.14242864    
   2.13900018       1.14164901    
   2.14000010       1.14086509    
   2.14100003       1.14007318    
   2.14200020       1.13927722    
   2.14300013       1.13847470    
   2.14400005       1.13766694    
   2.14500022       1.13685262    
   2.14600015       1.13603461    
   2.14700007       1.13521063    
   2.14800000       1.13438177    
   2.14900017       1.13354683    
   2.15000010       1.13270831    
   2.15100002       1.13186288    
   2.15200019       1.13101470    
   2.15300012       1.13016081    
   2.15400004       1.12930441    
   2.15500021       1.12844121    
   2.15600014       1.12757564    
   2.15700006       1.12670422    
   2.15799999       1.12583065    
   2.15900016       1.12495136    
   2.16000009       1.12407064    
   2.16100001       1.12318349    
   2.16200018       1.12229502    
   2.16300011       1.12140214    
   2.16400003       1.12050605    
   2.16500020       1.11960649    
   2.16600013       1.11870372    
   2.16700006       1.11779773    
   2.16800022       1.11689091    
   2.16900015       1.11597872    
   2.17000008       1.11506546    
   2.17100000       1.11414790    
   2.17200017       1.11322939    
   2.17300010       1.11230767    
   2.17400002       1.11138415    
   2.17500019       1.11045754    
   2.17600012       1.10953009    
   2.17700005       1.10859954    
   2.17800021       1.10766816    
   2.17900014       1.10673356    
   2.18000007       1.10579872    
   2.18099999       1.10486066    
   2.18200016       1.10392272    
   2.18300009       1.10298169    
   2.18400002       1.10204124    
   2.18500018       1.10109770    
   2.18600011       1.10015440    
   2.18700004       1.09920859    
   2.18800020       1.09826291    
   2.18900013       1.09731543    
   2.19000006       1.09636855    
   2.19100022       1.09541893    
   2.19200015       1.09447050    
   2.19300008       1.09352028    
   2.19400001       1.09257090    
   2.19500017       1.09161913    
   2.19600010       1.09066880    
   2.19700003       1.08971691    
   2.19800019       1.08876646    
   2.19900012       1.08781421    
   2.20000005       1.08686328    
   2.20100021       1.08591127    
   2.20200014       1.08496070    
   2.20300007       1.08400846    
   2.20400000       1.08305871    
   2.20500016       1.08210719    
   2.20600009       1.08115768    
   2.20700002       1.08020747    
   2.20800018       1.07925928    
   2.20900011       1.07831013    
   2.21000004       1.07736301    
   2.21100020       1.07641554    
   2.21200013       1.07547021    
   2.21300006       1.07452393    
   2.21399999       1.07358074    
   2.21500015       1.07263660    
   2.21600008       1.07169533    
   2.21700001       1.07075322    
   2.21800017       1.06981409    
   2.21900010       1.06887484    
   2.22000003       1.06793869    
   2.22100019       1.06700194    
   2.22200012       1.06606841    
   2.22300005       1.06513453    
   2.22400022       1.06420398    
   2.22500014       1.06327331    
   2.22600007       1.06234622    
   2.22700000       1.06141901    
   2.22800016       1.06049514    
   2.22900009       1.05957162    
   2.23000002       1.05865145    
   2.23100019       1.05773151    
   2.23200011       1.05681503    
   2.23300004       1.05589926    
   2.23400021       1.05498707    
   2.23500013       1.05407524    
   2.23600006       1.05316746    
   2.23699999       1.05225992    
   2.23800015       1.05135643    
   2.23900008       1.05045354    
   2.24000001       1.04955471    
   2.24100018       1.04865646    
   2.24200010       1.04776227    
   2.24300003       1.04686892    
   2.24400020       1.04597974    
   2.24500012       1.04509139    
   2.24600005       1.04420733    
   2.24700022       1.04332411    
   2.24800014       1.04244530    
   2.24900007       1.04156744    
   2.25000000       1.04069388    
   2.25100017       1.03982139    
   2.25200009       1.03895354    
   2.25300002       1.03808665    
   2.25400019       1.03722441    
   2.25500011       1.03636336    
   2.25600004       1.03550684    
   2.25700021       1.03465152    
   2.25800014       1.03380096    
   2.25900006       1.03295159    
   2.25999999       1.03210711    
   2.26100016       1.03126371    
   2.26200008       1.03042531    
   2.26300001       1.02958822    
   2.26400018       1.02875626    
   2.26500010       1.02792537    
   2.26600003       1.02709961    
   2.26700020       1.02627516    
   2.26800013       1.02545583    
   2.26900005       1.02463794    
   2.27000022       1.02382517    
   2.27100015       1.02301383    
   2.27200007       1.02220774    
   2.27300000       1.02140307    
   2.27400017       1.02060366    
   2.27500010       1.01980579    
   2.27600002       1.01901329    
   2.27700019       1.01822221    
   2.27800012       1.01743650    
   2.27900004       1.01665235    
   2.28000021       1.01587355    
   2.28100014       1.01509643    
   2.28200006       1.01432467    
   2.28299999       1.01355457    
   2.28400016       1.01278996    
   2.28500009       1.01202703    
   2.28600001       1.01126945    
   2.28700018       1.01051366    
   2.28800011       1.00976348    
   2.28900003       1.00901484    
   2.29000020       1.00827181    
   2.29100013       1.00753057    
   2.29200006       1.00679493    
   2.29300022       1.00606096    
   2.29400015       1.00533259    
   2.29500008       1.00460601    
   2.29600000       1.00388527    
   2.29700017       1.00316596    
   2.29800010       1.00245261    
   2.29900002       1.00174081    
   2.30000019       1.00103498    
   2.30100012       1.00033069    
   2.30200005      0.999632418    
   2.30300021      0.998935699    
   2.30400014      0.998244941    
   2.30500007      0.997555792    
   2.30599999      0.996872604    
   2.30700016      0.996191025    
   2.30800009      0.995515525    
   2.30900002      0.994841576    
   2.31000018      0.994173646    
   2.31100011      0.993507385    
   2.31200004      0.992847145    
   2.31300020      0.992188513    
   2.31400013      0.991536021    
   2.31500006      0.990885019    
   2.31600022      0.990240216    
   2.31700015      0.989596963    
   2.31800008      0.988959849    
   2.31900001      0.988324344    
   2.32000017      0.987694979    
   2.32100010      0.987067163    
   2.32200003      0.986445546    
   2.32300019      0.985825539    
   2.32400012      0.985211611    
   2.32500005      0.984599292    
   2.32600021      0.983993173    
   2.32700014      0.983388603    
   2.32800007      0.982790232    
   2.32900000      0.982193410    
   2.33000016      0.981602788    
   2.33100009      0.981013775    
   2.33200002      0.980430901    
   2.33300018      0.979849577    
   2.33400011      0.979274511    
   2.33500004      0.978700936    
   2.33600020      0.978133559    
   2.33700013      0.977567792    
   2.33800006      0.977008224    
   2.33900023      0.976450145    
   2.34000015      0.975898325    
   2.34100008      0.975347996    
   2.34200001      0.974803925    
   2.34300017      0.974261284    
   2.34400010      0.973724902    
   2.34500003      0.973190010    
   2.34600019      0.972661376    
   2.34700012      0.972134173    
   2.34800005      0.971613288    
   2.34900022      0.971093655    
   2.35000014      0.970580459    
   2.35100007      0.970068574    
   2.35200000      0.969563127    
   2.35300016      0.969058871    
   2.35400009      0.968561053    
   2.35500002      0.968064487    
   2.35600019      0.967574239    
   2.35700011      0.967085183    
   2.35800004      0.966602683    
   2.35900021      0.966121316    
   2.36000013      0.965646267    
   2.36100006      0.965172410    
   2.36200023      0.964705110    
   2.36300015      0.964238882    
   2.36400008      0.963779032    
   2.36500001      0.963320315    
   2.36600018      0.962868035    
   2.36700010      0.962416828    
   2.36800003      0.961972117    
   2.36900020      0.961528361    
   2.37000012      0.961091101    
   2.37100005      0.960654855    
   2.37200022      0.960224926    
   2.37300014      0.959796190    
   2.37400007      0.959373832    
   2.37500000      0.958952427    
   2.37600017      0.958537459    
   2.37700009      0.958123386    
   2.37800002      0.957715869    
   2.37900019      0.957309127    
   2.38000011      0.956908882    
   2.38100004      0.956509590    
   2.38200021      0.956116676    
   2.38300014      0.955724657    
   2.38400006      0.955339074    
   2.38500023      0.954954267    
   2.38600016      0.954575896    
   2.38700008      0.954198241    
   2.38800001      0.953827083    
   2.38900018      0.953456759    
   2.39000010      0.953092873    
   2.39100003      0.952729583    
   2.39200020      0.952372789    
   2.39300013      0.952016711    
   2.39400005      0.951667130    
   2.39500022      0.951318145    
   2.39600015      0.950975537    
   2.39700007      0.950633645    
   2.39800000      0.950298131    
   2.39900017      0.949963272    
   2.40000010      0.949634790    
   2.40100002      0.949307024    
   2.40200019      0.948985457    
   2.40300012      0.948664606    
   2.40400004      0.948349953    
   2.40500021      0.948036015    
   2.40600014      0.947728336    
   2.40700006      0.947421491    
   2.40800023      0.947120547    
   2.40900016      0.946820080    
   2.41000009      0.946526587    
   2.41100001      0.946233034    
   2.41200018      0.945945859    
   2.41300011      0.945659041    
   2.41400003      0.945378900    
   2.41500020      0.945099175    
   2.41600013      0.944825232    
   2.41700006      0.944552124    
   2.41800022      0.944285393    
   2.41900015      0.944018483    
   2.42000008      0.943758249    
   2.42100000      0.943498373    
   2.42200017      0.943244815    
   2.42300010      0.942991495    
   2.42400002      0.942744493    
   2.42500019      0.942497730    
   2.42600012      0.942257226    
   2.42700005      0.942016542    
   2.42800021      0.941782594    
   2.42900014      0.941548944    
   2.43000007      0.941321492    
   2.43100023      0.941093802    
   2.43200016      0.940872908    
   2.43300009      0.940651596    
   2.43400002      0.940437138    
   2.43500018      0.940222383    
   2.43600011      0.940013885    
   2.43700004      0.939805567    
   2.43800020      0.939603448    
   2.43900013      0.939401031    
   2.44000006      0.939205348    
   2.44100022      0.939009309    
   2.44200015      0.938819885    
   2.44300008      0.938629866    
   2.44400001      0.938446403    
   2.44500017      0.938263118    
   2.44600010      0.938085496    
   2.44700003      0.937908053    
   2.44800019      0.937736750    
   2.44900012      0.937565625    
   2.45000005      0.937400162    
   2.45100021      0.937234819    
   2.45200014      0.937075675    
   2.45300007      0.936916173    
   2.45400023      0.936763227    
   2.45500016      0.936609447    
   2.45600009      0.936462283    
   2.45700002      0.936314642    
   2.45800018      0.936173558    
   2.45900011      0.936031818    
   2.46000004      0.935896158    
   2.46100020      0.935760081    
   2.46200013      0.935630500    
   2.46300006      0.935500503    
   2.46400023      0.935376644    
   2.46500015      0.935251832    
   2.46600008      0.935133696    
   2.46700001      0.935014963    
   2.46800017      0.934902430    
   2.46900010      0.934789419    
   2.47000003      0.934682488    
   2.47100019      0.934575021    
   2.47200012      0.934473693    
   2.47300005      0.934371889    
   2.47400022      0.934276104    
   2.47500014      0.934179842    
   2.47600007      0.934089661    
   2.47700024      0.933998942    
   2.47800016      0.933914244    
   2.47900009      0.933828652    
   2.48000002      0.933749497    
   2.48100019      0.933669329    
   2.48200011      0.933595479    
   2.48300004      0.933520615    
   2.48400021      0.933452427    
   2.48500013      0.933382750    
   2.48600006      0.933319628    
   2.48700023      0.933255434    
   2.48800015      0.933197737    
   2.48900008      0.933138967    
   2.49000001      0.933086216    
   2.49100018      0.933032393    
   2.49200010      0.932985067    
   2.49300003      0.932936609    
   2.49400020      0.932894230    
   2.49500012      0.932850659    
   2.49600005      0.932813644    
   2.49700022      0.932775080    
   2.49800014      0.932743013    
   2.49900007      0.932709575    
   2.50000000      0.932682753    
   2.50100017      0.932683468    
   2.50200009      0.932690144    
   2.50300002      0.932695627    
   2.50400019      0.932707548    
   2.50500011      0.932717800    
   2.50600004      0.932733893    
   2.50700021      0.932749033    
   2.50800014      0.932770312    
   2.50900006      0.932789981    
   2.51000023      0.932815611    
   2.51100016      0.932839990    
   2.51200008      0.932870269    
   2.51300001      0.932899356    
   2.51400018      0.932934344    
   2.51500010      0.932968080    
   2.51600003      0.933007181    
   2.51700020      0.933045626    
   2.51800013      0.933089375    
   2.51900005      0.933131933    
   2.52000022      0.933180332    
   2.52100015      0.933227539    
   2.52200007      0.933280528    
   2.52300000      0.933331847    
   2.52400017      0.933389008    
   2.52500010      0.933444858    
   2.52600002      0.933506608    
   2.52700019      0.933566570    
   2.52800012      0.933632851    
   2.52900004      0.933696985    
   2.53000021      0.933767200    
   2.53100014      0.933836281    
   2.53200006      0.933910668    
   2.53300023      0.933983386    
   2.53400016      0.934062243    
   2.53500009      0.934139431    
   2.53600001      0.934222281    
   2.53700018      0.934303522    
   2.53800011      0.934390485    
   2.53900003      0.934475660    
   2.54000020      0.934567034    
   2.54100013      0.934656203    
   2.54200006      0.934751511    
   2.54300022      0.934844732    
   2.54400015      0.934944093    
   2.54500008      0.935041666    
   2.54600000      0.935144484    
   2.54700017      0.935245991    
   2.54800010      0.935353220    
   2.54900002      0.935458601    
   2.55000019      0.935569346    
   2.55100012      0.935678720    
   2.55200005      0.935793281    
   2.55300021      0.935906589    
   2.55400014      0.936025023    
   2.55500007      0.936142206    
   2.55600023      0.936264515    
   2.55700016      0.936385036    
   2.55800009      0.936511278    
   2.55900002      0.936635673    
   2.56000018      0.936765730    
   2.56100011      0.936893463    
   2.56200004      0.937027335    
   2.56300020      0.937158942    
   2.56400013      0.937296212    
   2.56500006      0.937431633    
   2.56600022      0.937572300    
   2.56700015      0.937711358    
   2.56800008      0.937855780    
   2.56900001      0.937998235    
   2.57000017      0.938145936    
   2.57100010      0.938291788    
   2.57200003      0.938443542    
   2.57300019      0.938592732    
   2.57400012      0.938747942    
   2.57500005      0.938900828    
   2.57600021      0.939058781    
   2.57700014      0.939215183    
   2.57800007      0.939377010    
   2.57900023      0.939536393    
   2.58000016      0.939701378    
   2.58100009      0.939864397    
   2.58200002      0.940032601    
   2.58300018      0.940198898    
   2.58400011      0.940370619    
   2.58500004      0.940539777    
   2.58600020      0.940714836    
   2.58700013      0.940887451    
   2.58800006      0.941065609    
   2.58900023      0.941241145    
   2.59000015      0.941422582    
   2.59100008      0.941601574    
   2.59200001      0.941785693    
   2.59300017      0.941967845    
   2.59400010      0.942155123    
   2.59500003      0.942340434    
   2.59600019      0.942530870    
   2.59700012      0.942718863    
   2.59800005      0.942912400    
   2.59900022      0.943103492    
   2.60000014      0.943300128    
   2.60100007      0.943493843    
   2.60200024      0.943693578    
   2.60300016      0.943890452    
   2.60400009      0.944092810    
   2.60500002      0.944292307    
   2.60600019      0.944497705    
   2.60700011      0.944700181    
   2.60800004      0.944908261    
   2.60900021      0.945113778    
   2.61000013      0.945324421    
   2.61100006      0.945532918    
   2.61200023      0.945746243    
   2.61300015      0.945957422    
   2.61400008      0.946173668    
   2.61500001      0.946387351    
   2.61600018      0.946606159    
   2.61700010      0.946822405    
   2.61800003      0.947044194    
   2.61900020      0.947263002    
   2.62000012      0.947487295    
   2.62100005      0.947708607    
   2.62200022      0.947935402    
   2.62300014      0.948159695    
   2.62400007      0.948388994    
   2.62500024      0.948615372    
   2.62600017      0.948847175    
   2.62700009      0.949076474    
   2.62800002      0.949310660    
   2.62900019      0.949541986    
   2.63000011      0.949778795    
   2.63100004      0.950012505    
   2.63200021      0.950251698    
   2.63300014      0.950487971    
   2.63400006      0.950729132    
   2.63500023      0.950967789    
   2.63600016      0.951211393    
   2.63700008      0.951452494    
   2.63800001      0.951698542    
   2.63900018      0.951941550    
   2.64000010      0.952189684    
   2.64100003      0.952435136    
   2.64200020      0.952685535    
   2.64300013      0.952933133    
   2.64400005      0.953185678    
   2.64500022      0.953435302    
   2.64600015      0.953690052    
   2.64700007      0.953941882    
   2.64800024      0.954198658    
   2.64900017      0.954452515    
   2.65000010      0.954711258    
   2.65100002      0.954967201    
   2.65200019      0.955228090    
   2.65300012      0.955485940    
   2.65400004      0.955748856    
   2.65500021      0.956008613    
   2.65600014      0.956273377    
   2.65700006      0.956535220    
   2.65800023      0.956801891    
   2.65900016      0.957065523    
   2.66000009      0.957334161    
   2.66100001      0.957599580    
   2.66200018      0.957870126    
   2.66300011      0.958137274    
   2.66400003      0.958409607    
   2.66500020      0.958678603    
   2.66600013      0.958952606    
   2.66700006      0.959223390    
   2.66800022      0.959499121    
   2.66900015      0.959771693    
   2.67000008      0.960049033    
   2.67100024      0.960323215    
   2.67200017      0.960602283    
   2.67300010      0.960878015    
   2.67400002      0.961158693    
   2.67500019      0.961436152    
   2.67600012      0.961718202    
   2.67700005      0.961997211    
   2.67800021      0.962280929    
   2.67900014      0.962561429    
   2.68000007      0.962846696    
   2.68100023      0.963128626    
   2.68200016      0.963415325    
   2.68300009      0.963698745    
   2.68400002      0.963986874    
   2.68500018      0.964271724    
   2.68600011      0.964561224    
   2.68700004      0.964847326    
   2.68800020      0.965138137    
   2.68900013      0.965425670    
   2.69000006      0.965717912    
   2.69100022      0.966006756    
   2.69200015      0.966300070    
   2.69300008      0.966590106    
   2.69400024      0.966884851    
   2.69500017      0.967176080    
   2.69600010      0.967472017    
   2.69700003      0.967764497    
   2.69800019      0.968061447    
   2.69900012      0.968355119    
   2.70000005      0.968653262    
   2.70100021      0.968947947    
   2.70200014      0.969247222    
   2.70300007      0.969542921    
   2.70400023      0.969843149    
   2.70500016      0.970140040    
   2.70600009      0.970441341    
   2.70700002      0.970739186    
   2.70800018      0.971041322    
   2.70900011      0.971340239    
   2.71000004      0.971643329    
   2.71100020      0.971942961    
   2.71200013      0.972247005    
   2.71300006      0.972547710    
   2.71400023      0.972852647    
   2.71500015      0.973153949    
   2.71600008      0.973459721    
   2.71700025      0.973761976    
   2.71800017      0.974068403    
   2.71900010      0.974371433    
   2.72000003      0.974678814    
   2.72100019      0.974982440    
   2.72200012      0.975290477    
   2.72300005      0.975594819    
   2.72400022      0.975903451    
   2.72500014      0.976208508    
   2.72600007      0.976517677    
   2.72700024      0.976823449    
   2.72800016      0.977133334    
   2.72900009      0.977439523    
   2.73000002      0.977749944    
   2.73100019      0.978056729    
   2.73200011      0.978367627    
   2.73300004      0.978674948    
   2.73400021      0.978986323    
   2.73500013      0.979294002    
   2.73600006      0.979605854    
   2.73700023      0.979913950    
   2.73800015      0.980226219    
   2.73900008      0.980534732    
   2.74000025      0.980847299    
   2.74100018      0.981156170    
   2.74200010      0.981469095    
   2.74300003      0.981778264    
   2.74400020      0.982091486    
   2.74500012      0.982400835    
   2.74600005      0.982714295    
   2.74700022      0.983023942    
   2.74800014      0.983337581    
   2.74900007      0.983647406    
   2.75000024      0.983961225    
   2.75100017      0.984271228    
   2.75200009      0.984585166    
   2.75300002      0.984895229    
   2.75400019      0.985209227    
   2.75500011      0.985519409    
   2.75600004      0.985833406    
   2.75700021      0.986143649    
   2.75800014      0.986457705    
   2.75900006      0.986767888    
   2.76000023      0.987081885    
   2.76100016      0.987392068    
   2.76200008      0.987705946    
   2.76300025      0.988016009    
   2.76400018      0.988329828    
   2.76500010      0.988639772    
   2.76600003      0.988953412    
   2.76700020      0.989263177    
   2.76800013      0.989576638    
   2.76900005      0.989886165    
   2.77000022      0.990199387    
   2.77100015      0.990508735    
   2.77200007      0.990821660    
   2.77300024      0.991130710    
   2.77400017      0.991443336    
   2.77500010      0.991752028    
   2.77600002      0.992064297    
   2.77700019      0.992372632    
   2.77800012      0.992684484    
   2.77900004      0.992992461    
   2.78000021      0.993303835    
   2.78100014      0.993611395    
   2.78200006      0.993922293    
   2.78300023      0.994229257    
   2.78400016      0.994539797    
   2.78500009      0.994846225    
   2.78600001      0.995156109    
   2.78700018      0.995462000    
   2.78800011      0.995771289    
   2.78900003      0.996076584    
   2.79000020      0.996385217    
   2.79100013      0.996689856    
   2.79200006      0.996997833    
   2.79300022      0.997301757    
   2.79400015      0.997609079    
   2.79500008      0.997912228    
   2.79600024      0.998218775    
   2.79700017      0.998521209    
   2.79800010      0.998826921    
   2.79900002      0.999128520    
   2.80000019      0.999433398    
   2.80100012      0.999734163    
   2.80200005       1.00003815    
   2.80300021       1.00033796    
   2.80400014       1.00064099    
   2.80500007       1.00093997    
   2.80600023       1.00124204    
   2.80700016       1.00154006    
   2.80800009       1.00184107    
   2.80900002       1.00213802    
   2.81000018       1.00243807    
   2.81100011       1.00273395    
   2.81200004       1.00303292    
   2.81300020       1.00332773    
   2.81400013       1.00362551    
   2.81500006       1.00391912    
   2.81600022       1.00421572    
   2.81700015       1.00450814    
   2.81800008       1.00480366    
   2.81900024       1.00509489    
   2.82000017       1.00538898    
   2.82100010       1.00567889    
   2.82200003       1.00597179    
   2.82300019       1.00626040    
   2.82400012       1.00655198    
   2.82500005       1.00683928    
   2.82600021       1.00712943    
   2.82700014       1.00741529    
   2.82800007       1.00770402    
   2.82900023       1.00798845    
   2.83000016       1.00827563    
   2.83100009       1.00855875    
   2.83200002       1.00884438    
   2.83300018       1.00912595    
   2.83400011       1.00941002    
   2.83500004       1.00969005    
   2.83600020       1.00997257    
   2.83700013       1.01025093    
   2.83800006       1.01053178    
   2.83900023       1.01080847    
   2.84000015       1.01108778    
   2.84100008       1.01136279    
   2.84200025       1.01164031    
   2.84300017       1.01191354    
   2.84400010       1.01218939    
   2.84500003       1.01246083    
   2.84600019       1.01273477    
   2.84700012       1.01300442    
   2.84800005       1.01327670    
   2.84900022       1.01354444    
   2.85000014       1.01381469    
   2.85100007       1.01408052    
   2.85200024       1.01434886    
   2.85300016       1.01461279    
   2.85400009       1.01487923    
   2.85500002       1.01514113    
   2.85600019       1.01540554    
   2.85700011       1.01566541    
   2.85800004       1.01592779    
   2.85900021       1.01618564    
   2.86000013       1.01644588    
   2.86100006       1.01670158    
   2.86200023       1.01695967    
   2.86300015       1.01721323    
   2.86400008       1.01746917    
   2.86500025       1.01772046    
   2.86600018       1.01797414    
   2.86700010       1.01822329    
   2.86800003       1.01847470    
   2.86900020       1.01872158    
   2.87000012       1.01897061    
   2.87100005       1.01921523    
   2.87200022       1.01946199    
   2.87300014       1.01970410    
   2.87400007       1.01994848    
   2.87500024       1.02018833    
   2.87600017       1.02043009    
   2.87700009       1.02066755    
   2.87800002       1.02090693    
   2.87900019       1.02114177    
   2.88000011       1.02137876    
   2.88100004       1.02161109    
   2.88200021       1.02184534    
   2.88300014       1.02207506    
   2.88400006       1.02230692    
   2.88500023       1.02253401    
   2.88600016       1.02276313    
   2.88700008       1.02298760    
   2.88800025       1.02321410    
   2.88900018       1.02343583    
   2.89000010       1.02365947    
   2.89100003       1.02387857    
   2.89200020       1.02409935    
   2.89300013       1.02431583    
   2.89400005       1.02453387    
   2.89500022       1.02474737    
   2.89600015       1.02496266    
   2.89700007       1.02517331    
   2.89800024       1.02538562    
   2.89900017       1.02559340    
   2.90000010       1.02580285    
   2.90100002       1.02600753    
   2.90200019       1.02621400    
   2.90300012       1.02641594    
   2.90400004       1.02661932    
   2.90500021       1.02681816    
   2.90600014       1.02701867    
   2.90700006       1.02721441    
   2.90800023       1.02741170    
   2.90900016       1.02760446    
   2.91000009       1.02779853    
   2.91100025       1.02798820    
   2.91200018       1.02817929    
   2.91300011       1.02836561    
   2.91400003       1.02855349    
   2.91500020       1.02873659    
   2.91600013       1.02892125    
   2.91700006       1.02910125    
   2.91800022       1.02928257    
   2.91900015       1.02945936    
   2.92000008       1.02963734    
   2.92100024       1.02981067    
   2.92200017       1.02998531    
   2.92300010       1.03015542    
   2.92400002       1.03032660    
   2.92500019       1.03049338    
   2.92600012       1.03066123    
   2.92700005       1.03082442    
   2.92800021       1.03098893    
   2.92900014       1.03114879    
   2.93000007       1.03130960    
   2.93100023       1.03146601    
   2.93200016       1.03162348    
   2.93300009       1.03177619    
   2.93400025       1.03193009    
   2.93500018       1.03207946    
   2.93600011       1.03222966    
   2.93700004       1.03237534    
   2.93800020       1.03252208    
   2.93900013       1.03266406    
   2.94000006       1.03280711    
   2.94100022       1.03294563    
   2.94200015       1.03308487    
   2.94300008       1.03321970    
   2.94400024       1.03335547    
   2.94500017       1.03348649    
   2.94600010       1.03361833    
   2.94700003       1.03374577    
   2.94800019       1.03387380    
   2.94900012       1.03399742    
   2.95000005       1.03412187    
   2.95100021       1.03424168    
   2.95200014       1.03436220    
   2.95300007       1.03447819    
   2.95400023       1.03459489    
   2.95500016       1.03470719    
   2.95600009       1.03482008    
   2.95700026       1.03492844    
   2.95800018       1.03503728    
   2.95900011       1.03514171    
   2.96000004       1.03524673    
   2.96100020       1.03534746    
   2.96200013       1.03544855    
   2.96300006       1.03554511    
   2.96400023       1.03564227    
   2.96500015       1.03573501    
   2.96600008       1.03582811    
   2.96700025       1.03591681    
   2.96800017       1.03600597    
   2.96900010       1.03609085    
   2.97000003       1.03617585    
   2.97100019       1.03625667    
   2.97200012       1.03633785    
   2.97300005       1.03641474    
   2.97400022       1.03649175    
   2.97500014       1.03656447    
   2.97600007       1.03663743    
   2.97700024       1.03670621    
   2.97800016       1.03677511    
   2.97900009       1.03683972    
   2.98000026       1.03690457    
   2.98100019       1.03696513    
   2.98200011       1.03702593    
   2.98300004       1.03708243    
   2.98400021       1.03713894    
   2.98500013       1.03719139    
   2.98600006       1.03724384    
   2.98700023       1.03729212    
   2.98800015       1.03734064    
   2.98900008       1.03738463    
   2.99000025       1.03742898    
   2.99100018       1.03746903    
   2.99200010       1.03750908    
   2.99300003       1.03754508    
   2.99400020       1.03758109    
   2.99500012       1.03761280    
   2.99600005       1.03764462    
   2.99700022       1.03767240    
   2.99800014       1.03769994    
   2.99900007       1.03772354    
   3.00000024       1.03774703    
   3.00100017       1.03776646    
   3.00200009       1.03778577    
   3.00300026       1.03780103    
   3.00400019       1.03781629    
   3.00500011       1.03782749    
   3.00600004       1.03783846    
   3.00700021       1.03784549    
   3.00800014       1.03785241    
   3.00900006       1.03785527    
   3.01000023       1.03785801    
   3.01100016       1.03785682    
   3.01200008       1.03785539    
   3.01300025       1.03785014    
   3.01400018       1.03784466    
   3.01500010       1.03783524    
   3.01600003       1.03782570    
   3.01700020       1.03781211    
   3.01800013       1.03779840    
   3.01900005       1.03778088    
   3.02000022       1.03776300    
   3.02100015       1.03774130    
   3.02200007       1.03771937    
   3.02300024       1.03769374    
   3.02400017       1.03766775    
   3.02500010       1.03763795    
   3.02600026       1.03760791    
   3.02700019       1.03757417    
   3.02800012       1.03754008    
   3.02900004       1.03750241    
   3.03000021       1.03746426    
   3.03100014       1.03742254    
   3.03200006       1.03738034    
   3.03300023       1.03733480    
   3.03400016       1.03728867    
   3.03500009       1.03723896    
   3.03600025       1.03718889    
   3.03700018       1.03713536    
   3.03800011       1.03708136    
   3.03900003       1.03702390    
   3.04000020       1.03696609    
   3.04100013       1.03690469    
   3.04200006       1.03684282    
   3.04300022       1.03677773    
   3.04400015       1.03671217    
   3.04500008       1.03664303    
   3.04600024       1.03657365    
   3.04700017       1.03650081    
   3.04800010       1.03642762    
   3.04900026       1.03635108    
   3.05000019       1.03627396    
   3.05100012       1.03619373    
   3.05200005       1.03611302    
   3.05300021       1.03602898    
   3.05400014       1.03594446    
   3.05500007       1.03585684    
   3.05600023       1.03576887    
   3.05700016       1.03567755    
   3.05800009       1.03558576    
   3.05900025       1.03549087    
   3.06000018       1.03539550    
   3.06100011       1.03529704    
   3.06200004       1.03519821    
   3.06300020       1.03509617    
   3.06400013       1.03499389    
   3.06500006       1.03488839    
   3.06600022       1.03478241    
   3.06700015       1.03467357    
   3.06800008       1.03456426    
   3.06900024       1.03445196    
   3.07000017       1.03433931    
   3.07100010       1.03422368    
   3.07200003       1.03410745    
   3.07300019       1.03398860    
   3.07400012       1.03386927    
   3.07500005       1.03374696    
   3.07600021       1.03362429    
   3.07700014       1.03349888    
   3.07800007       1.03337312    
   3.07900023       1.03324449    
   3.08000016       1.03311539    
   3.08100009       1.03298366    
   3.08200026       1.03285146    
   3.08300018       1.03271675    
   3.08400011       1.03258145    
   3.08500004       1.03244364    
   3.08600020       1.03230524    
   3.08700013       1.03216457    
   3.08800006       1.03202319    
   3.08900023       1.03187954    
   3.09000015       1.03173530    
   3.09100008       1.03158867    
   3.09200025       1.03144157    
   3.09300017       1.03129220    
   3.09400010       1.03114212    
   3.09500003       1.03099000    
   3.09600019       1.03083730    
   3.09700012       1.03068244    
   3.09800005       1.03052688    
   3.09900022       1.03036940    
   3.10000014       1.03021133    
   3.10100007       1.03005111    
   3.10200024       1.02989042    
   3.10300016       1.02972770    
   3.10400009       1.02956438    
   3.10500026       1.02939928    
   3.10600019       1.02923334    
   3.10700011       1.02906573    
   3.10800004       1.02889752    
   3.10900021       1.02872741    
   3.11000013       1.02855682    
   3.11100006       1.02838457    
   3.11200023       1.02821159    
   3.11300015       1.02803683    
   3.11400008       1.02786160    
   3.11500025       1.02768481    
   3.11600018       1.02750731    
   3.11700010       1.02732837    
   3.11800003       1.02714872    
   3.11900020       1.02696764    
   3.12000012       1.02678597    
   3.12100005       1.02660286    
   3.12200022       1.02641916    
   3.12300014       1.02623403    
   3.12400007       1.02604830    
   3.12500024       1.02586138    
   3.12600017       1.02567351    
   3.12700009       1.02548480    
   3.12800026       1.02529526    
   3.12900019       1.02510464    
   3.13000011       1.02491319    
   3.13100004       1.02472091    
   3.13200021       1.02452779    
   3.13300014       1.02433372    
   3.13400006       1.02413905    
   3.13500023       1.02394331    
   3.13600016       1.02374697    
   3.13700008       1.02354980    
   3.13800025       1.02335179    
   3.13900018       1.02315319    
   3.14000010       1.02295387    
   3.14100003       1.02275360    
   3.14200020       1.02255273    
   3.14300013       1.02235126    
   3.14400005       1.02214909    
   3.14500022       1.02194619    
   3.14600015       1.02174258    
   3.14700007       1.02153862    
   3.14800024       1.02133393    
   3.14900017       1.02112854    
   3.15000010       1.02092254    
   3.15100026       1.02071607    
   3.15200019       1.02050912    
   3.15300012       1.02030158    
   3.15400004       1.02009344    
   3.15500021       1.01988494    
   3.15600014       1.01967573    
   3.15700006       1.01946628    
   3.15800023       1.01925623    
   3.15900016       1.01904583    
   3.16000009       1.01883495    
   3.16100025       1.01862371    
   3.16200018       1.01841187    
   3.16300011       1.01819992    
   3.16400003       1.01798737    
   3.16500020       1.01777458    
   3.16600013       1.01756132    
   3.16700006       1.01734805    
   3.16800022       1.01713407    
   3.16900015       1.01692021    
   3.17000008       1.01670563    
   3.17100024       1.01649117    
   3.17200017       1.01627612    
   3.17300010       1.01606107    
   3.17400026       1.01584566    
   3.17500019       1.01563025    
   3.17600012       1.01541436    
   3.17700005       1.01519859    
   3.17800021       1.01498222    
   3.17900014       1.01476622    
   3.18000007       1.01454961    
   3.18100023       1.01433325    
   3.18200016       1.01411641    
   3.18300009       1.01389992    
   3.18400025       1.01368284    
   3.18500018       1.01346624    
   3.18600011       1.01324892    
   3.18700004       1.01303232    
   3.18800020       1.01281500    
   3.18900013       1.01259828    
   3.19000006       1.01238096    
   3.19100022       1.01216424    
   3.19200015       1.01194692    
   3.19300008       1.01173031    
   3.19400024       1.01151299    
   3.19500017       1.01129651    
   3.19600010       1.01107943    
   3.19700027       1.01086318    
   3.19800019       1.01064622    
   3.19900012       1.01043010    
   3.20000005       1.01021349    
   3.20100021       1.00999761    
   3.20200014       1.00978124    
   3.20300007       1.00956583    
   3.20400023       1.00934970    
   3.20500016       1.00913465    
   3.20600009       1.00891888    
   3.20700026       1.00870430    
   3.20800018       1.00848901    
   3.20900011       1.00827491    
   3.21000004       1.00806010    
   3.21100020       1.00784659    
   3.21200013       1.00763226    
   3.21300006       1.00741923    
   3.21400023       1.00720561    
   3.21500015       1.00699317    
   3.21600008       1.00678015    
   3.21700025       1.00656843    
   3.21800017       1.00635600    
   3.21900010       1.00614512    
   3.22000027       1.00593340    
   3.22100019       1.00572312    
   3.22200012       1.00551224    
   3.22300005       1.00530291    
   3.22400022       1.00509274    
   3.22500014       1.00488424    
   3.22600007       1.00467491    
   3.22700024       1.00446725    
   3.22800016       1.00425887    
   3.22900009       1.00405216    
   3.23000026       1.00384474    
   3.23100019       1.00363898    
   3.23200011       1.00343251    
   3.23300004       1.00322783    
   3.23400021       1.00302243    
   3.23500013       1.00281870    
   3.23600006       1.00261438    
   3.23700023       1.00241172    
   3.23800015       1.00220859    
   3.23900008       1.00200713    
   3.24000025       1.00180495    
   3.24100018       1.00160468    
   3.24200010       1.00140369    
   3.24300027       1.00120473    
   3.24400020       1.00100493    
   3.24500012       1.00080717    
   3.24600005       1.00060868    
   3.24700022       1.00041211    
   3.24800014       1.00021493    
   3.24900007       1.00001979    
   3.25000024      0.999823809    
   3.25100017      0.999629974    
   3.25200009      0.999435425    
   3.25300026      0.999243021    
   3.25400019      0.999049783    
   3.25500011      0.998858809    
   3.25600004      0.998667061    
   3.25700021      0.998477519    
   3.25800014      0.998287201    
   3.25900006      0.998099148    
   3.26000023      0.997910261    
   3.26100016      0.997723758    
   3.26200008      0.997536421    
   3.26300025      0.997351408    
   3.26400018      0.997165680    
   3.26500010      0.996982217    
   3.26600027      0.996798038    
   3.26700020      0.996616244    
   3.26800013      0.996433616    
   3.26900005      0.996253431    
   3.27000022      0.996072471    
   3.27100015      0.995893955    
   3.27200007      0.995714664    
   3.27300024      0.995537817    
   3.27400017      0.995360196    
   3.27500010      0.995185018    
   3.27600026      0.995009184    
   3.27700019      0.994835734    
   3.27800012      0.994661570    
   3.27900004      0.994489968    
   3.28000021      0.994317532    
   3.28100014      0.994147718    
   3.28200006      0.993977129    
   3.28300023      0.993809044    
   3.28400016      0.993640244    
   3.28500009      0.993474066    
   3.28600025      0.993307114    
   3.28700018      0.993142724    
   3.28800011      0.992977619    
   3.28900027      0.992815137    
   3.29000020      0.992651880    
   3.29100013      0.992491305    
   3.29200006      0.992329955    
   3.29300022      0.992171288    
   3.29400015      0.992011845    
   3.29500008      0.991855145    
   3.29600024      0.991697609    
   3.29700017      0.991542816    
   3.29800010      0.991387248    
   3.29900026      0.991234481    
   3.30000019      0.991080880    
   3.30100012      0.990930080    
   3.30200005      0.990778446    
   3.30300021      0.990629673    
   3.30400014      0.990480065    
   3.30500007      0.990333319    
   3.30600023      0.990185738    
   3.30700016      0.990041018    
   3.30800009      0.989895463    
   3.30900025      0.989752769    
   3.31000018      0.989609241    
   3.31100011      0.989468694    
   3.31200027      0.989327192    
   3.31300020      0.989188731    
   3.31400013      0.989049315    
   3.31500006      0.988912940    
   3.31600022      0.988775611    
   3.31700015      0.988641322    
   3.31800008      0.988506138    
   3.31900024      0.988373935    
   3.32000017      0.988240838    
   3.32100010      0.988110840    
   3.32200027      0.987979829    
   3.32300019      0.987851977    
   3.32400012      0.987723112    
   3.32500005      0.987597346    
   3.32600021      0.987470686    
   3.32700014      0.987347066    
   3.32800007      0.987222552    
   3.32900023      0.987101138    
   3.33000016      0.986978769    
   3.33100009      0.986859560    
   3.33200026      0.986739397    
   3.33300018      0.986622334    
   3.33400011      0.986504316    
   3.33500028      0.986389458    
   3.33600020      0.986273587    
   3.33700013      0.986160994    
   3.33800006      0.986047328    
   3.33900023      0.985936880    
   3.34000015      0.985825479    
   3.34100008      0.985717237    
   3.34200025      0.985607982    
   3.34300017      0.985502005    
   3.34400010      0.985395014    
   3.34500027      0.985291243    
   3.34600019      0.985186398    
   3.34700012      0.985084891    
   3.34800005      0.984982312    
   3.34900022      0.984883010    
   3.35000014      0.984782636    
   3.35100007      0.984685540    
   3.35200024      0.984587431    
   3.35300016      0.984492600    
   3.35400009      0.984396696    
   3.35500026      0.984304130    
   3.35600019      0.984210432    
   3.35700011      0.984120071    
   3.35800028      0.984028697    
   3.35900021      0.983940601    
   3.36000013      0.983851373    
   3.36100006      0.983765543    
   3.36200023      0.983678579    
   3.36300015      0.983595014    
   3.36400008      0.983510256    
   3.36500025      0.983428955    
   3.36600018      0.983346462    
   3.36700010      0.983267367    
   3.36800027      0.983187079    
   3.36900020      0.983110309    
   3.37000012      0.983032227    
   3.37100005      0.982957721    
   3.37200022      0.982881904    
   3.37300014      0.982809603    
   3.37400007      0.982735991    
   3.37500024      0.982665956    
   3.37600017      0.982594609    
   3.37700009      0.982526779    
   3.37800026      0.982457638    
   3.37900019      0.982392132    
   3.38000011      0.982325196    
   3.38100004      0.982261896    
   3.38200021      0.982197225    
   3.38300014      0.982136130    
   3.38400006      0.982073665    
   3.38500023      0.982014835    
   3.38600016      0.981954575    
   3.38700008      0.981897950    
   3.38800025      0.981839955    
   3.38900018      0.981785536    
   3.39000010      0.981729686    
   3.39100027      0.981677532    
   3.39200020      0.981623888    
   3.39300013      0.981573939    
   3.39400005      0.981522501    
   3.39500022      0.981474757    
   3.39600015      0.981425524    
   3.39700007      0.981379986    
   3.39800024      0.981332898    
   3.39900017      0.981289625    
   3.40000010      0.981244624    
   3.40100026      0.981203556    
   3.40200019      0.981160820    
   3.40300012      0.981121838    
   3.40400004      0.981081307    
   3.40500021      0.981044531    
   3.40600014      0.981006205    
   3.40700006      0.980971515    
   3.40800023      0.980935335    
   3.40900016      0.980902851    
   3.41000009      0.980868757    
   3.41100025      0.980838478    
   3.41200018      0.980806589    
   3.41300011      0.980778337    
   3.41400027      0.980748653    
   3.41500020      0.980722547    
   3.41600013      0.980694890    
   3.41700006      0.980670869    
   3.41800022      0.980645418    
   3.41900015      0.980623543    
   3.42000008      0.980600119    
   3.42100024      0.980580449    
   3.42200017      0.980559051    
   3.42300010      0.980541468    
   3.42400026      0.980522215    
   3.42500019      0.980506718    
   3.42600012      0.980489433    
   3.42700005      0.980476022    
   3.42800021      0.980460882    
   3.42900014      0.980449557    
   3.43000007      0.980436385    
   3.43100023      0.980427146    
   3.43200016      0.980416119    
   3.43300009      0.980408907    
   3.43400025      0.980399787    
   3.43500018      0.980394602    
   3.43600011      0.980387628    
   3.43700027      0.980384469    
   3.43800020      0.980379403    
   3.43900013      0.980378330    
   3.44000006      0.980375230    
   3.44100022      0.980376124    
   3.44200015      0.980375051    
   3.44300008      0.980377913    
   3.44400024      0.980378747    
   3.44500017      0.980383694    
   3.44600010      0.980386496    
   3.44700027      0.980393350    
   3.44800019      0.980398059    
   3.44900012      0.980406940    
   3.45000005      0.980413556    
   3.45100021      0.980424345    
   3.45200014      0.980432868    
   3.45300007      0.980445564    
   3.45400023      0.980456054    
   3.45500016      0.980470657    
   3.45600009      0.980483115    
   3.45700026      0.980499506    
   3.45800018      0.980513811    
   3.45900011      0.980532110    
   3.46000028      0.980548322    
   3.46100020      0.980568469    
   3.46200013      0.980586469    
   3.46300006      0.980608523    
   3.46400023      0.980628431    
   3.46500015      0.980652213    
   3.46600008      0.980673969    
   3.46700025      0.980699658    
   3.46800017      0.980723143    
   3.46900010      0.980750561    
   3.47000027      0.980775952    
   3.47100019      0.980805218    
   3.47200012      0.980832279    
   3.47300005      0.980863273    
   3.47400022      0.980892181    
   3.47500014      0.980924904    
   3.47600007      0.980955482    
   3.47700024      0.980990052    
   3.47800016      0.981022358    
   3.47900009      0.981058598    
   3.48000026      0.981092572    
   3.48100019      0.981130540    
   3.48200011      0.981166363    
   3.48300028      0.981205940    
   3.48400021      0.981243432    
   3.48500013      0.981284678    
   3.48600006      0.981323779    
   3.48700023      0.981366754    
   3.48800015      0.981407464    
   3.48900008      0.981452167    
   3.49000025      0.981494486    
   3.49100018      0.981540740    
   3.49200010      0.981584668    
   3.49300027      0.981632531    
   3.49400020      0.981678128    
   3.49500012      0.981727540    
   3.49600005      0.981774628    
   3.49700022      0.981825709    
   3.49800014      0.981874406    
   3.49900007      0.981926978    
   3.50000024      0.981977224    
   3.50100017      0.982031345    
   3.50200009      0.982083082    
   3.50300026      0.982138693    
   3.50400019      0.982191920    
   3.50500011      0.982249081    
   3.50600028      0.982303798    
   3.50700021      0.982362449    
   3.50800014      0.982418597    
   3.50900006      0.982478738    
   3.51000023      0.982536316    
   3.51100016      0.982597888    
   3.51200008      0.982656956    
   3.51300025      0.982719958    
   3.51400018      0.982780397    
   3.51500010      0.982844770    
   3.51600027      0.982906640    
   3.51700020      0.982972383    
   3.51800013      0.983035624    
   3.51900005      0.983102798    
   3.52000022      0.983167350    
   3.52100015      0.983235836    
   3.52200007      0.983301699    
   3.52300024      0.983371556    
   3.52400017      0.983438730    
   3.52500010      0.983509898    
   3.52600026      0.983578384    
   3.52700019      0.983650804    
   3.52800012      0.983720601    
   3.52900028      0.983794332    
   3.53000021      0.983865321    
   3.53100014      0.983940244    
   3.53200006      0.984012544    
   3.53300023      0.984088719    
   3.53400016      0.984162152    
   3.53500009      0.984239638    
   3.53600025      0.984314203    
   3.53700018      0.984392822    
   3.53800011      0.984468639    
   3.53900027      0.984548450    
   3.54000020      0.984625399    
   3.54100013      0.984706342    
   3.54200006      0.984784424    
   3.54300022      0.984866500    
   3.54400015      0.984945714    
   3.54500008      0.985028863    
   3.54600024      0.985109150    
   3.54700017      0.985193431    
   3.54800010      0.985274792    
   3.54900026      0.985360146    
   3.55000019      0.985442579    
   3.55100012      0.985528946    
   3.55200028      0.985612392    
   3.55300021      0.985699773    
   3.55400014      0.985784233    
   3.55500007      0.985872626    
   3.55600023      0.985958099    
   3.55700016      0.986047447    
   3.55800009      0.986133933    
   3.55900025      0.986224234    
   3.56000018      0.986311615    
   3.56100011      0.986402869    
   3.56200027      0.986491203    
   3.56300020      0.986583412    
   3.56400013      0.986672640    
   3.56500006      0.986765742    
   3.56600022      0.986855805    
   3.56700015      0.986949801    
   3.56800008      0.987040818    
   3.56900024      0.987135589    
   3.57000017      0.987227440    
   3.57100010      0.987323105    
   3.57200027      0.987415731    
   3.57300019      0.987512231    
   3.57400012      0.987605631    
   3.57500029      0.987702906    
   3.57600021      0.987797141    
   3.57700014      0.987895191    
   3.57800007      0.987990201    
   3.57900023      0.988088965    
   3.58000016      0.988184690    
   3.58100009      0.988284230    
   3.58200026      0.988380671    
   3.58300018      0.988480926    
   3.58400011      0.988578022    
   3.58500028      0.988678992    
   3.58600020      0.988776743    
   3.58700013      0.988878369    
   3.58800006      0.988976836    
   3.58900023      0.989079118    
   3.59000015      0.989178181    
   3.59100008      0.989281058    
   3.59200025      0.989380717    
   3.59300017      0.989484251    
   3.59400010      0.989584506    
   3.59500027      0.989688635    
   3.59600019      0.989789367    
   3.59700012      0.989894092    
   3.59800029      0.989995420    
   3.59900022      0.990100682    
   3.60000014      0.990202546    
   3.60100007      0.990308285    
   3.60200024      0.990410626    
   3.60300016      0.990516901    
   3.60400009      0.990619659    
   3.60500026      0.990726471    
   3.60600019      0.990829766    
   3.60700011      0.990936935    
   3.60800028      0.991040647    
   3.60900021      0.991148293    
   3.61000013      0.991252422    
   3.61100006      0.991360426    
   3.61200023      0.991465032    
   3.61300015      0.991573453    
   3.61400008      0.991678357    
   3.61500025      0.991787195    
   3.61600018      0.991892457    
   3.61700010      0.992001593    
   3.61800027      0.992107213    
   3.61900020      0.992216706    
   3.62000012      0.992322624    
   3.62100029      0.992432415    
   3.62200022      0.992538631    
   3.62300014      0.992648721    
   3.62400007      0.992755234    
   3.62500024      0.992865562    
   3.62600017      0.992972314    
   3.62700009      0.993082881    
   3.62800026      0.993189812    
   3.62900019      0.993300676    
   3.63000011      0.993407845    
   3.63100028      0.993518889    
   3.63200021      0.993626237    
   3.63300014      0.993737459    
   3.63400006      0.993844986    
   3.63500023      0.993956387    
   3.63600016      0.994064033    
   3.63700008      0.994175553    
   3.63800025      0.994283319    
   3.63900018      0.994394958    
   3.64000010      0.994502842    
   3.64100027      0.994614601    
   3.64200020      0.994722545    
   3.64300013      0.994834423    
   3.64400029      0.994942427    
   3.64500022      0.995054364    
   3.64600015      0.995162368    
   3.64700007      0.995274365    
   3.64800024      0.995382428    
   3.64900017      0.995494366    
   3.65000010      0.995602489    
   3.65100026      0.995714426    
   3.65200019      0.995822489    
   3.65300012      0.995934427    
   3.65400028      0.996042430    
   3.65500021      0.996154368    
   3.65600014      0.996262312    
   3.65700006      0.996374130    
   3.65800023      0.996482015    
   3.65900016      0.996593773    
   3.66000009      0.996701539    
   3.66100025      0.996813238    
   3.66200018      0.996920884    
   3.66300011      0.997032404    
   3.66400027      0.997139931    
   3.66500020      0.997251272    
   3.66600013      0.997358680    
   3.66700006      0.997469902    
   3.66800022      0.997577071    
   3.66900015      0.997688115    
   3.67000008      0.997795165    
   3.67100024      0.997905910    
   3.67200017      0.998012722    
   3.67300010      0.998123288    
   3.67400026      0.998229861    
   3.67500019      0.998340249    
   3.67600012      0.998446524    
   3.67700028      0.998556614    
   3.67800021      0.998662651    
   3.67900014      0.998772442    
   3.68000007      0.998878121    
   3.68100023      0.998987675    
   3.68200016      0.999093115    
   3.68300009      0.999202311    
   3.68400025      0.999307394    
   3.68500018      0.999416232    
   3.68600011      0.999520957    
   3.68700027      0.999629438    
   3.68800020      0.999733806    
   3.68900013      0.999841928    
   3.69000006      0.999945879    
   3.69100022       1.00005364    
   3.69200015       1.00015712    
   3.69300008       1.00026453    
   3.69400024       1.00036764    
   3.69500017       1.00047445    
   3.69600010       1.00057721    
   3.69700027       1.00068355    
   3.69800019       1.00078583    
   3.69900012       1.00089180    
   3.70000029       1.00099349    
   3.70100021       1.00109899    
   3.70200014       1.00120020    
   3.70300007       1.00130522    
   3.70400023       1.00140595    
   3.70500016       1.00151038    
   3.70600009       1.00161052    
   3.70700026       1.00171447    
   3.70800018       1.00181401    
   3.70900011       1.00191736    
   3.71000028       1.00201643    
   3.71100020       1.00211918    
   3.71200013       1.00221765    
   3.71300006       1.00231981    
   3.71400023       1.00241768    
   3.71500015       1.00251925    
   3.71600008       1.00261652    
   3.71700025       1.00271738    
   3.71800017       1.00281405    
   3.71900010       1.00291419    
   3.72000027       1.00301015    
   3.72100019       1.00310969    
   3.72200012       1.00320506    
   3.72300029       1.00330400    
   3.72400022       1.00339854    
   3.72500014       1.00349677    
   3.72600007       1.00359070    
   3.72700024       1.00368810    
   3.72800016       1.00378132    
   3.72900009       1.00387800    
   3.73000026       1.00397050    
   3.73100019       1.00406647    
   3.73200011       1.00415814    
   3.73300028       1.00425327    
   3.73400021       1.00434422    
   3.73500013       1.00443864    
   3.73600006       1.00452888    
   3.73700023       1.00462246    
   3.73800015       1.00471175    
   3.73900008       1.00480461    
   3.74000025       1.00489306    
   3.74100018       1.00498509    
   3.74200010       1.00507271    
   3.74300027       1.00516391    
   3.74400020       1.00525069    
   3.74500012       1.00534093    
   3.74600029       1.00542700    
   3.74700022       1.00551629    
   3.74800014       1.00560141    
   3.74900007       1.00568986    
   3.75000024       1.00577414    
   3.75100017       1.00586164    
   3.75200009       1.00594497    
   3.75300026       1.00603163    
   3.75400019       1.00611401    
   3.75500011       1.00619972    
   3.75600028       1.00628114    
   3.75700021       1.00636590    
   3.75800014       1.00644636    
   3.75900006       1.00653017    
   3.76000023       1.00660968    
   3.76100016       1.00669253    
   3.76200008       1.00677109    
   3.76300025       1.00685287    
   3.76400018       1.00693035    
   3.76500010       1.00701118    
   3.76600027       1.00708771    
   3.76700020       1.00716758    
   3.76800013       1.00724304    
   3.76900029       1.00732183    
   3.77000022       1.00739634    
   3.77100015       1.00747406    
   3.77200007       1.00754750    
   3.77300024       1.00762415    
   3.77400017       1.00769651    
   3.77500010       1.00777209    
   3.77600026       1.00784338    
   3.77700019       1.00791776    
   3.77800012       1.00798810    
   3.77900028       1.00806141    
   3.78000021       1.00813055    
   3.78100014       1.00820279    
   3.78200006       1.00827086    
   3.78300023       1.00834203    
   3.78400016       1.00840890    
   3.78500009       1.00847888    
   3.78600025       1.00854468    
   3.78700018       1.00861359    
   3.78800011       1.00867820    
   3.78900027       1.00874591    
   3.79000020       1.00880933    
   3.79100013       1.00887585    
   3.79200029       1.00893819    
   3.79300022       1.00900352    
   3.79400015       1.00906467    
   3.79500008       1.00912881    
   3.79600024       1.00918889    
   3.79700017       1.00925171    
   3.79800010       1.00931048    
   3.79900026       1.00937223    
   3.80000019       1.00942981    
   3.80100012       1.00949037    
   3.80200028       1.00954676    
   3.80300021       1.00960600    
   3.80400014       1.00966108    
   3.80500007       1.00971913    
   3.80600023       1.00977302    
   3.80700016       1.00982976    
   3.80800009       1.00988245    
   3.80900025       1.00993788    
   3.81000018       1.00998938    
   3.81100011       1.01004350    
   3.81200027       1.01009369    
   3.81300020       1.01014662    
   3.81400013       1.01019549    
   3.81500030       1.01024723    
   3.81600022       1.01029480    
   3.81700015       1.01034522    
   3.81800008       1.01039147    
   3.81900024       1.01044059    
   3.82000017       1.01048553    
   3.82100010       1.01053333    
   3.82200027       1.01057696    
   3.82300019       1.01062346    
   3.82400012       1.01066589    
   3.82500029       1.01071095    
   3.82600021       1.01075208    
   3.82700014       1.01079583    
   3.82800007       1.01083565    
   3.82900023       1.01087809    
   3.83000016       1.01091647    
   3.83100009       1.01095760    
   3.83200026       1.01099467    
   3.83300018       1.01103437    
   3.83400011       1.01107013    
   3.83500028       1.01110852    
   3.83600020       1.01114297    
   3.83700013       1.01117992    
   3.83800030       1.01121306    
   3.83900023       1.01124859    
   3.84000015       1.01128030    
   3.84100008       1.01131451    
   3.84200025       1.01134491    
   3.84300017       1.01137781    
   3.84400010       1.01140678    
   3.84500027       1.01143825    
   3.84600019       1.01146579    
   3.84700012       1.01149595    
   3.84800029       1.01152217    
   3.84900022       1.01155078    
   3.85000014       1.01157570    
   3.85100007       1.01160300    
   3.85200024       1.01162648    
   3.85300016       1.01165223    
   3.85400009       1.01167440    
   3.85500026       1.01169884    
   3.85600019       1.01171947    
   3.85700011       1.01174259    
   3.85800028       1.01176190    
   3.85900021       1.01178348    
   3.86000013       1.01180148    
   3.86100030       1.01182163    
   3.86200023       1.01183820    
   3.86300015       1.01185691    
   3.86400008       1.01187205    
   3.86500025       1.01188946    
   3.86600018       1.01190305    
   3.86700010       1.01191914    
   3.86800027       1.01193142    
   3.86900020       1.01194596    
   3.87000012       1.01195681    
   3.87100029       1.01196992    
   3.87200022       1.01197946    
   3.87300014       1.01199114    
   3.87400007       1.01199913    
   3.87500024       1.01200938    
   3.87600017       1.01201606    
   3.87700009       1.01202488    
   3.87800026       1.01203012    
   3.87900019       1.01203763    
   3.88000011       1.01204145    
   3.88100028       1.01204741    
   3.88200021       1.01204991    
   3.88300014       1.01205444    
   3.88400030       1.01205540    
   3.88500023       1.01205862    
   3.88600016       1.01205826    
   3.88700008       1.01205993    
   3.88800025       1.01205814    
   3.88900018       1.01205838    
   3.89000010       1.01205528    
   3.89100027       1.01205409    
   3.89200020       1.01204956    
   3.89300013       1.01204693    
   3.89400029       1.01204097    
   3.89500022       1.01203704    
   3.89600015       1.01202965    
   3.89700007       1.01202428    
   3.89800024       1.01201558    
   3.89900017       1.01200879    
   3.90000010       1.01199853    
   3.90100026       1.01199043    
   3.90200019       1.01197875    
   3.90300012       1.01196921    
   3.90400028       1.01195633    
   3.90500021       1.01194525    
   3.90600014       1.01193094    
   3.90700030       1.01191854    
   3.90800023       1.01190293    
   3.90900016       1.01188910    
   3.91000009       1.01187205    
   3.91100025       1.01185679    
   3.91200018       1.01183844    
   3.91300011       1.01182187    
   3.91400027       1.01180208    
   3.91500020       1.01178420    
   3.91600013       1.01176298    
   3.91700029       1.01174366    
   3.91800022       1.01172125    
   3.91900015       1.01170051    
   3.92000008       1.01167679    
   3.92100024       1.01165462    
   3.92200017       1.01162946    
   3.92300010       1.01160610    
   3.92400026       1.01157963    
   3.92500019       1.01155484    
   3.92600012       1.01152706    
   3.92700028       1.01150095    
   3.92800021       1.01147187    
   3.92900014       1.01144445    
   3.93000031       1.01141393    
   3.93100023       1.01138532    
   3.93200016       1.01135349    
   3.93300009       1.01132345    
   3.93400025       1.01129043    
   3.93500018       1.01125908    
   3.93600011       1.01122475    
   3.93700027       1.01119208    
   3.93800020       1.01115656    
   3.93900013       1.01112258    
   3.94000030       1.01108575    
   3.94100022       1.01105046    
   3.94200015       1.01101232    
   3.94300008       1.01097596    
   3.94400024       1.01093662    
   3.94500017       1.01089883    
   3.94600010       1.01085818    
   3.94700027       1.01081920    
   3.94800019       1.01077735    
   3.94900012       1.01073706    
   3.95000029       1.01069403    
   3.95100021       1.01065254    
   3.95200014       1.01060843    
   3.95300007       1.01056564    
   3.95400023       1.01052010    
   3.95500016       1.01047623    
   3.95600009       1.01042962    
   3.95700026       1.01038444    
   3.95800018       1.01033664    
   3.95900011       1.01029038    
   3.96000028       1.01024151    
   3.96100020       1.01019394    
   3.96200013       1.01014388    
   3.96300030       1.01009524    
   3.96400023       1.01004398    
   3.96500015       1.00999415    
   3.96600008       1.00994182    
   3.96700025       1.00989091    
   3.96800017       1.00983739    
   3.96900010       1.00978541    
   3.97000027       1.00973082    
   3.97100019       1.00967765    
   3.97200012       1.00962210    
   3.97300029       1.00956774    
   3.97400022       1.00951111    
   3.97500014       1.00945568    
   3.97600007       1.00939798    
   3.97700024       1.00934160    
   3.97800016       1.00928271    
   3.97900009       1.00922525    
   3.98000026       1.00916541    
   3.98100019       1.00910687    
   3.98200011       1.00904608    
   3.98300028       1.00898647    
   3.98400021       1.00892472    
   3.98500013       1.00886405    
   3.98600030       1.00880134    
   3.98700023       1.00873971    
   3.98800015       1.00867605    
   3.98900008       1.00861335    
   3.99000025       1.00854874    
   3.99100018       1.00848520    
   3.99200010       1.00841963    
   3.99300027       1.00835514    
   3.99400020       1.00828850    
   3.99500012       1.00822318    
   3.99600029       1.00815570    
   3.99700022       1.00808942    
   3.99800014       1.00802100    
   3.99900007       1.00795376    
   4.00000000       1.00788462    
   4.00100040       1.00781655    
   4.00200033       1.00774646    
   4.00300026       1.00767756    
   4.00400019       1.00760674    
   4.00500011       1.00753689    
   4.00600004       1.00746512    
   4.00699997       1.00739455    
   4.00800037       1.00732207    
   4.00900030       1.00725055    
   4.01000023       1.00717723    
   4.01100016       1.00710499    
   4.01200008       1.00703096    
   4.01300001       1.00695789    
   4.01400042       1.00688314    
   4.01500034       1.00680935    
   4.01600027       1.00673389    
   4.01700020       1.00665939    
   4.01800013       1.00658309    
   4.01900005       1.00650787    
   4.01999998       1.00643098    
   4.02100039       1.00635493    
   4.02200031       1.00627732    
   4.02300024       1.00620091    
   4.02400017       1.00612259    
   4.02500010       1.00604534    
   4.02600002       1.00596631    
   4.02700043       1.00588846    
   4.02800035       1.00580895    
   4.02900028       1.00573039    
   4.03000021       1.00565028    
   4.03100014       1.00557113    
   4.03200006       1.00549054    
   4.03299999       1.00541079    
   4.03400040       1.00532949    
   4.03500032       1.00524926    
   4.03600025       1.00516760    
   4.03700018       1.00508666    
   4.03800011       1.00500441    
   4.03900003       1.00492311    
   4.03999996       1.00484037    
   4.04100037       1.00475848    
   4.04200029       1.00467515    
   4.04300022       1.00459290    
   4.04400015       1.00450921    
   4.04500008       1.00442636    
   4.04600000       1.00434220    
   4.04700041       1.00425899    
   4.04800034       1.00417459    
   4.04900026       1.00409079    
   4.05000019       1.00400579    
   4.05100012       1.00392175    
   4.05200005       1.00383651    
   4.05299997       1.00375187    
   4.05400038       1.00366628    
   4.05500031       1.00358164    
   4.05600023       1.00349557    
   4.05700016       1.00341046    
   4.05800009       1.00332403    
   4.05900002       1.00323868    
   4.06000042       1.00315201    
   4.06100035       1.00306630    
   4.06200027       1.00297928    
   4.06300020       1.00289333    
   4.06400013       1.00280643    
   4.06500006       1.00271988    
   4.06599998       1.00263250    
   4.06700039       1.00254619    
   4.06800032       1.00245857    
   4.06900024       1.00237191    
   4.07000017       1.00228393    
   4.07100010       1.00219738    
   4.07200003       1.00210953    
   4.07300043       1.00202262    
   4.07400036       1.00193405    
   4.07500029       1.00184703    
   4.07600021       1.00175905    
   4.07700014       1.00167155    
   4.07800007       1.00158310    
   4.07900000       1.00149584    
   4.08000040       1.00140786    
   4.08100033       1.00132036    
   4.08200026       1.00123131    
   4.08300018       1.00114441    
   4.08400011       1.00105584    
   4.08500004       1.00096798    
   4.08599997       1.00087905    
   4.08700037       1.00079286    
   4.08800030       1.00070381    
   4.08900023       1.00061679    
   4.09000015       1.00052702    
   4.09100008       1.00044131    
   4.09200001       1.00035083    
   4.09300041       1.00026596    
   4.09400034       1.00017309    
   4.09500027       1.00009012    
