   1.00000005E-03   0.00000000    
   2.00000009E-03   0.00000000    
   3.00000003E-03   0.00000000    
   4.00000019E-03   0.00000000    
   5.00000035E-03   0.00000000    
   6.00000005E-03   0.00000000    
   7.00000022E-03   0.00000000    
   8.00000038E-03   0.00000000    
   9.00000054E-03   0.00000000    
   1.00000007E-02   0.00000000    
   1.10000009E-02   0.00000000    
   1.20000001E-02   0.00000000    
   1.30000003E-02   0.00000000    
   1.40000004E-02   0.00000000    
   1.50000006E-02   0.00000000    
   1.60000008E-02   0.00000000    
   1.70000009E-02   0.00000000    
   1.80000011E-02   0.00000000    
   1.90000013E-02   0.00000000    
   2.00000014E-02   0.00000000    
   2.10000016E-02   0.00000000    
   2.20000017E-02   0.00000000    
   2.30000019E-02   0.00000000    
   2.40000002E-02   0.00000000    
   2.50000004E-02   0.00000000    
   2.60000005E-02   0.00000000    
   2.70000007E-02   0.00000000    
   2.80000009E-02   0.00000000    
   2.90000010E-02   0.00000000    
   3.00000012E-02   0.00000000    
   3.10000014E-02   0.00000000    
   3.20000015E-02   0.00000000    
   3.29999998E-02   0.00000000    
   3.40000018E-02   0.00000000    
   3.50000001E-02   0.00000000    
   3.60000022E-02   0.00000000    
   3.70000005E-02   0.00000000    
   3.80000025E-02   0.00000000    
   3.90000008E-02   0.00000000    
   4.00000028E-02   0.00000000    
   4.10000011E-02   0.00000000    
   4.20000032E-02   0.00000000    
   4.30000015E-02   0.00000000    
   4.40000035E-02   0.00000000    
   4.50000018E-02   0.00000000    
   4.60000038E-02   0.00000000    
   4.70000021E-02   0.00000000    
   4.80000004E-02   0.00000000    
   4.90000024E-02   0.00000000    
   5.00000007E-02   0.00000000    
   5.10000028E-02   0.00000000    
   5.20000011E-02   0.00000000    
   5.30000031E-02   0.00000000    
   5.40000014E-02   0.00000000    
   5.50000034E-02   0.00000000    
   5.60000017E-02   0.00000000    
   5.70000038E-02   0.00000000    
   5.80000021E-02   0.00000000    
   5.90000041E-02   0.00000000    
   6.00000024E-02   0.00000000    
   6.10000044E-02   0.00000000    
   6.20000027E-02   0.00000000    
   6.30000010E-02   0.00000000    
   6.40000030E-02   0.00000000    
   6.50000051E-02   0.00000000    
   6.59999996E-02   0.00000000    
   6.70000017E-02   0.00000000    
   6.80000037E-02   0.00000000    
   6.90000057E-02   0.00000000    
   7.00000003E-02   0.00000000    
   7.10000023E-02   0.00000000    
   7.20000044E-02   0.00000000    
   7.30000064E-02   0.00000000    
   7.40000010E-02   0.00000000    
   7.50000030E-02   0.00000000    
   7.60000050E-02   0.00000000    
   7.70000070E-02   0.00000000    
   7.80000016E-02   0.00000000    
   7.90000036E-02   0.00000000    
   8.00000057E-02   0.00000000    
   8.10000002E-02   0.00000000    
   8.20000023E-02   0.00000000    
   8.30000043E-02   0.00000000    
   8.40000063E-02   0.00000000    
   8.50000009E-02   0.00000000    
   8.60000029E-02   0.00000000    
   8.70000049E-02   0.00000000    
   8.80000070E-02   0.00000000    
   8.90000015E-02   0.00000000    
   9.00000036E-02   0.00000000    
   9.10000056E-02   0.00000000    
   9.20000076E-02   0.00000000    
   9.30000022E-02   0.00000000    
   9.40000042E-02   0.00000000    
   9.50000063E-02   0.00000000    
   9.60000008E-02   0.00000000    
   9.70000029E-02   0.00000000    
   9.80000049E-02   0.00000000    
   9.90000069E-02   0.00000000    
  0.100000001       0.00000000    
  0.101000004       0.00000000    
  0.102000006       0.00000000    
  0.103000008       0.00000000    
  0.104000002       0.00000000    
  0.105000004       0.00000000    
  0.106000006       0.00000000    
  0.107000008       0.00000000    
  0.108000003       0.00000000    
  0.109000005       0.00000000    
  0.110000007       0.00000000    
  0.111000009       0.00000000    
  0.112000003       0.00000000    
  0.113000005       0.00000000    
  0.114000008       0.00000000    
  0.115000002       0.00000000    
  0.116000004       0.00000000    
  0.117000006       0.00000000    
  0.118000008       0.00000000    
  0.119000003       0.00000000    
  0.120000005       0.00000000    
  0.121000007       0.00000000    
  0.122000009       0.00000000    
  0.123000003       0.00000000    
  0.124000005       0.00000000    
  0.125000000       0.00000000    
  0.126000002       0.00000000    
  0.127000004       0.00000000    
  0.128000006       0.00000000    
  0.129000008       0.00000000    
  0.130000010       0.00000000    
  0.131000012       0.00000000    
  0.131999999       0.00000000    
  0.133000001       0.00000000    
  0.134000003       0.00000000    
  0.135000005       0.00000000    
  0.136000007       0.00000000    
  0.137000009       0.00000000    
  0.138000011       0.00000000    
  0.139000013       0.00000000    
  0.140000001       0.00000000    
  0.141000003       0.00000000    
  0.142000005       0.00000000    
  0.143000007       0.00000000    
  0.144000009       0.00000000    
  0.145000011       0.00000000    
  0.146000013       0.00000000    
  0.147000000       0.00000000    
  0.148000002       0.00000000    
  0.149000004       0.00000000    
  0.150000006       0.00000000    
  0.151000008       0.00000000    
  0.152000010       0.00000000    
  0.153000012       0.00000000    
  0.154000014       0.00000000    
  0.155000001       0.00000000    
  0.156000003       0.00000000    
  0.157000005       0.00000000    
  0.158000007       0.00000000    
  0.159000009       0.00000000    
  0.160000011       0.00000000    
  0.161000013       0.00000000    
  0.162000000       0.00000000    
  0.163000003       0.00000000    
  0.164000005       0.00000000    
  0.165000007       0.00000000    
  0.166000009       0.00000000    
  0.167000011       0.00000000    
  0.168000013       0.00000000    
  0.169000015       0.00000000    
  0.170000002       0.00000000    
  0.171000004       0.00000000    
  0.172000006       0.00000000    
  0.173000008       0.00000000    
  0.174000010       0.00000000    
  0.175000012       0.00000000    
  0.176000014       0.00000000    
  0.177000001       0.00000000    
  0.178000003       0.00000000    
  0.179000005       0.00000000    
  0.180000007       0.00000000    
  0.181000009       0.00000000    
  0.182000011       0.00000000    
  0.183000013       0.00000000    
  0.184000015       0.00000000    
  0.185000002       0.00000000    
  0.186000004       0.00000000    
  0.187000006       0.00000000    
  0.188000008       0.00000000    
  0.189000010       0.00000000    
  0.190000013       0.00000000    
  0.191000015       0.00000000    
  0.192000002       0.00000000    
  0.193000004       0.00000000    
  0.194000006       0.00000000    
  0.195000008       0.00000000    
  0.196000010       0.00000000    
  0.197000012       0.00000000    
  0.198000014       0.00000000    
  0.199000016       0.00000000    
  0.200000003       0.00000000    
  0.201000005       0.00000000    
  0.202000007       0.00000000    
  0.203000009       0.00000000    
  0.204000011       0.00000000    
  0.205000013       0.00000000    
  0.206000015       0.00000000    
  0.207000017       0.00000000    
  0.208000004       0.00000000    
  0.209000006       0.00000000    
  0.210000008       0.00000000    
  0.211000010       0.00000000    
  0.212000012       0.00000000    
  0.213000014       0.00000000    
  0.214000016       0.00000000    
  0.215000004       0.00000000    
  0.216000006       0.00000000    
  0.217000008       0.00000000    
  0.218000010       0.00000000    
  0.219000012       0.00000000    
  0.220000014       0.00000000    
  0.221000016       0.00000000    
  0.222000018       0.00000000    
  0.223000005       0.00000000    
  0.224000007       0.00000000    
  0.225000009       0.00000000    
  0.226000011       0.00000000    
  0.227000013       0.00000000    
  0.228000015       0.00000000    
  0.229000017       0.00000000    
  0.230000004       0.00000000    
  0.231000006       0.00000000    
  0.232000008       0.00000000    
  0.233000010       0.00000000    
  0.234000012       0.00000000    
  0.235000014       0.00000000    
  0.236000016       0.00000000    
  0.237000018       0.00000000    
  0.238000005       0.00000000    
  0.239000008       0.00000000    
  0.240000010       0.00000000    
  0.241000012       0.00000000    
  0.242000014       0.00000000    
  0.243000016       0.00000000    
  0.244000018       0.00000000    
  0.245000005       0.00000000    
  0.246000007       0.00000000    
  0.247000009       0.00000000    
  0.248000011       0.00000000    
  0.249000013       0.00000000    
  0.250000000       0.00000000    
  0.251000017       0.00000000    
  0.252000004       0.00000000    
  0.253000021       0.00000000    
  0.254000008       0.00000000    
  0.255000025       0.00000000    
  0.256000012       0.00000000    
  0.256999999       0.00000000    
  0.258000016       0.00000000    
  0.259000003       0.00000000    
  0.260000020       0.00000000    
  0.261000007       0.00000000    
  0.262000024       0.00000000    
  0.263000011       0.00000000    
  0.263999999       0.00000000    
  0.265000015       0.00000000    
  0.266000003       0.00000000    
  0.267000020       0.00000000    
  0.268000007       0.00000000    
  0.269000024       0.00000000    
  0.270000011       0.00000000    
  0.271000028       0.00000000    
  0.272000015       0.00000000    
  0.273000002       0.00000000    
  0.274000019       0.00000000    
  0.275000006       0.00000000    
  0.276000023       0.00000000    
  0.277000010       0.00000000    
  0.278000027       0.00000000    
  0.279000014       0.00000000    
  0.280000001       0.00000000    
  0.281000018       0.00000000    
  0.282000005       0.00000000    
  0.283000022       0.00000000    
  0.284000009       0.00000000    
  0.285000026       0.00000000    
  0.286000013       0.00000000    
  0.287000000       0.00000000    
  0.288000017       0.00000000    
  0.289000005       0.00000000    
  0.290000021       0.00000000    
  0.291000009       0.00000000    
  0.292000026       0.00000000    
  0.293000013       0.00000000    
  0.294000000       0.00000000    
  0.295000017       0.00000000    
  0.296000004       0.00000000    
  0.297000021       0.00000000    
  0.298000008       0.00000000    
  0.299000025       0.00000000    
  0.300000012       0.00000000    
  0.301000029       0.00000000    
  0.302000016       0.00000000    
  0.303000003       0.00000000    
  0.304000020       0.00000000    
  0.305000007       0.00000000    
  0.306000024       0.00000000    
  0.307000011       0.00000000    
  0.308000028       0.00000000    
  0.309000015       0.00000000    
  0.310000002       0.00000000    
  0.311000019       0.00000000    
  0.312000006       0.00000000    
  0.313000023       0.00000000    
  0.314000010       0.00000000    
  0.315000027       0.00000000    
  0.316000015       0.00000000    
  0.317000002       0.00000000    
  0.318000019       0.00000000    
  0.319000006       0.00000000    
  0.320000023       0.00000000    
  0.321000010       0.00000000    
  0.322000027       0.00000000    
  0.323000014       0.00000000    
  0.324000001       0.00000000    
  0.325000018       0.00000000    
  0.326000005       0.00000000    
  0.327000022       0.00000000    
  0.328000009       0.00000000    
  0.329000026       0.00000000    
  0.330000013       0.00000000    
  0.331000030       0.00000000    
  0.332000017       0.00000000    
  0.333000004       0.00000000    
  0.334000021       0.00000000    
  0.335000008       0.00000000    
  0.336000025       0.00000000    
  0.337000012       0.00000000    
  0.338000029       0.00000000    
  0.339000016       0.00000000    
  0.340000004       0.00000000    
  0.341000021       0.00000000    
  0.342000008       0.00000000    
  0.343000025       0.00000000    
  0.344000012       0.00000000    
  0.345000029       0.00000000    
  0.346000016       0.00000000    
  0.347000003       0.00000000    
  0.348000020       0.00000000    
  0.349000007       0.00000000    
  0.350000024       0.00000000    
  0.351000011       0.00000000    
  0.352000028       0.00000000    
  0.353000015       0.00000000    
  0.354000002       0.00000000    
  0.355000019       0.00000000    
  0.356000006       0.00000000    
  0.357000023       0.00000000    
  0.358000010       0.00000000    
  0.359000027       0.00000000    
  0.360000014       0.00000000    
  0.361000031       0.00000000    
  0.362000018       0.00000000    
  0.363000005       0.00000000    
  0.364000022       0.00000000    
  0.365000010       0.00000000    
  0.366000026       0.00000000    
  0.367000014       0.00000000    
  0.368000031       0.00000000    
  0.369000018       0.00000000    
  0.370000005       0.00000000    
  0.371000022       0.00000000    
  0.372000009       0.00000000    
  0.373000026       0.00000000    
  0.374000013       0.00000000    
  0.375000030       0.00000000    
  0.376000017       0.00000000    
  0.377000004       0.00000000    
  0.378000021       0.00000000    
  0.379000008       0.00000000    
  0.380000025       0.00000000    
  0.381000012       0.00000000    
  0.382000029       0.00000000    
  0.383000016       0.00000000    
  0.384000003       0.00000000    
  0.385000020       0.00000000    
  0.386000007       0.00000000    
  0.387000024       0.00000000    
  0.388000011       0.00000000    
  0.389000028       0.00000000    
  0.390000015       0.00000000    
  0.391000032       0.00000000    
  0.392000020       0.00000000    
  0.393000007       0.00000000    
  0.394000024       0.00000000    
  0.395000011       0.00000000    
  0.396000028       0.00000000    
  0.397000015       0.00000000    
  0.398000032       0.00000000    
  0.399000019       0.00000000    
  0.400000006       0.00000000    
  0.401000023       0.00000000    
  0.402000010       0.00000000    
  0.403000027       0.00000000    
  0.404000014       0.00000000    
  0.405000031       0.00000000    
  0.406000018       0.00000000    
  0.407000005       0.00000000    
  0.408000022       0.00000000    
  0.409000009       0.00000000    
  0.410000026       0.00000000    
  0.411000013       0.00000000    
  0.412000030       0.00000000    
  0.413000017       0.00000000    
  0.414000034       0.00000000    
  0.415000021       0.00000000    
  0.416000009       0.00000000    
  0.417000026       0.00000000    
  0.418000013       0.00000000    
  0.419000030       0.00000000    
  0.420000017       0.00000000    
  0.421000034       0.00000000    
  0.422000021       0.00000000    
  0.423000008       0.00000000    
  0.424000025       0.00000000    
  0.425000012       0.00000000    
  0.426000029       0.00000000    
  0.427000016       0.00000000    
  0.428000033       0.00000000    
  0.429000020       0.00000000    
  0.430000007       0.00000000    
  0.431000024       0.00000000    
  0.432000011       0.00000000    
  0.433000028       0.00000000    
  0.434000015       0.00000000    
  0.435000032       0.00000000    
  0.436000019       0.00000000    
  0.437000006       0.00000000    
  0.438000023       0.00000000    
  0.439000010       0.00000000    
  0.440000027       0.00000000    
  0.441000015       0.00000000    
  0.442000031       0.00000000    
  0.443000019       0.00000000    
  0.444000036       0.00000000    
  0.445000023       0.00000000    
  0.446000010       0.00000000    
  0.447000027       0.00000000    
  0.448000014       0.00000000    
  0.449000031       0.00000000    
  0.450000018       0.00000000    
  0.451000035       0.00000000    
  0.452000022       0.00000000    
  0.453000009       0.00000000    
  0.454000026       0.00000000    
  0.455000013       0.00000000    
  0.456000030       0.00000000    
  0.457000017       0.00000000    
  0.458000034       0.00000000    
  0.459000021       0.00000000    
  0.460000008       0.00000000    
  0.461000025       0.00000000    
  0.462000012       0.00000000    
  0.463000029       0.00000000    
  0.464000016       0.00000000    
  0.465000033       0.00000000    
  0.466000021       0.00000000    
  0.467000008       0.00000000    
  0.468000025       0.00000000    
  0.469000012       0.00000000    
  0.470000029       0.00000000    
  0.471000016       0.00000000    
  0.472000033       0.00000000    
  0.473000020       0.00000000    
  0.474000037       0.00000000    
  0.475000024       0.00000000    
  0.476000011       0.00000000    
  0.477000028       0.00000000    
  0.478000015       0.00000000    
  0.479000032       0.00000000    
  0.480000019       0.00000000    
  0.481000036       0.00000000    
  0.482000023       0.00000000    
  0.483000010       0.00000000    
  0.484000027       0.00000000    
  0.485000014       0.00000000    
  0.486000031       0.00000000    
  0.487000018       0.00000000    
  0.488000035       0.00000000    
  0.489000022       0.00000000    
  0.490000010       0.00000000    
  0.491000026       0.00000000    
  0.492000014       0.00000000    
  0.493000031       0.00000000    
  0.494000018       0.00000000    
  0.495000035       0.00000000    
  0.496000022       0.00000000    
  0.497000009       0.00000000    
  0.498000026       0.00000000    
  0.499000013       0.00000000    
  0.500000000       0.00000000    
  0.501000047       0.00000000    
  0.502000034       0.00000000    
  0.503000021       0.00000000    
  0.504000008       0.00000000    
  0.504999995       0.00000000    
  0.506000042       0.00000000    
  0.507000029       0.00000000    
  0.508000016       0.00000000    
  0.509000003       0.00000000    
  0.510000050       0.00000000    
  0.511000037       0.00000000    
  0.512000024       0.00000000    
  0.513000011       0.00000000    
  0.513999999       0.00000000    
  0.515000045       0.00000000    
  0.516000032       0.00000000    
  0.517000020       0.00000000    
  0.518000007       0.00000000    
  0.519000053       0.00000000    
  0.520000041       0.00000000    
  0.521000028       0.00000000    
  0.522000015       0.00000000    
  0.523000002       0.00000000    
  0.524000049       0.00000000    
  0.525000036       0.00000000    
  0.526000023       0.00000000    
  0.527000010       0.00000000    
  0.527999997       0.00000000    
  0.529000044       0.00000000    
  0.530000031       0.00000000    
  0.531000018       0.00000000    
  0.532000005       0.00000000    
  0.533000052       0.00000000    
  0.534000039       0.00000000    
  0.535000026       0.00000000    
  0.536000013       0.00000000    
  0.537000000       0.00000000    
  0.538000047       0.00000000    
  0.539000034       0.00000000    
  0.540000021       0.00000000    
  0.541000009       0.00000000    
  0.542000055       0.00000000    
  0.543000042       0.00000000    
  0.544000030       0.00000000    
  0.545000017       0.00000000    
  0.546000004       0.00000000    
  0.547000051       0.00000000    
  0.548000038       0.00000000    
  0.549000025       0.00000000    
  0.550000012       0.00000000    
  0.550999999       0.00000000    
  0.552000046       0.00000000    
  0.553000033       0.00000000    
  0.554000020       0.00000000    
  0.555000007       0.00000000    
  0.556000054       0.00000000    
  0.557000041       0.00000000    
  0.558000028       0.00000000    
  0.559000015       0.00000000    
  0.560000002       0.00000000    
  0.561000049       0.00000000    
  0.562000036       0.00000000    
  0.563000023       0.00000000    
  0.564000010       0.00000000    
  0.564999998       0.00000000    
  0.566000044       0.00000000    
  0.567000031       0.00000000    
  0.568000019       0.00000000    
  0.569000006       0.00000000    
  0.570000052       0.00000000    
  0.571000040       0.00000000    
  0.572000027       0.00000000    
  0.573000014       0.00000000    
  0.574000001       0.00000000    
  0.575000048       0.00000000    
  0.576000035       0.00000000    
  0.577000022       0.00000000    
  0.578000009       0.00000000    
  0.579000056       0.00000000    
  0.580000043       0.00000000    
  0.581000030       0.00000000    
  0.582000017       0.00000000    
  0.583000004       0.00000000    
  0.584000051       0.00000000    
  0.585000038       0.00000000    
  0.586000025       0.00000000    
  0.587000012       0.00000000    
  0.588000000       0.00000000    
  0.589000046       0.00000000    
  0.590000033       0.00000000    
  0.591000021       0.00000000    
  0.592000008       0.00000000    
  0.593000054       0.00000000    
  0.594000041       0.00000000    
  0.595000029       0.00000000    
  0.596000016       0.00000000    
  0.597000003       0.00000000    
  0.598000050       0.00000000    
  0.599000037       0.00000000    
  0.600000024       0.00000000    
  0.601000011       0.00000000    
  0.602000058       0.00000000    
  0.603000045       0.00000000    
  0.604000032       0.00000000    
  0.605000019       0.00000000    
  0.606000006       0.00000000    
  0.607000053       0.00000000    
  0.608000040       0.00000000    
  0.609000027       0.00000000    
  0.610000014       0.00000000    
  0.611000001       0.00000000    
  0.612000048       0.00000000    
  0.613000035       0.00000000    
  0.614000022       0.00000000    
  0.615000010       0.00000000    
  0.616000056       0.00000000    
  0.617000043       0.00000000    
  0.618000031       0.00000000    
  0.619000018       0.00000000    
  0.620000005       0.00000000    
  0.621000051       0.00000000    
  0.622000039       0.00000000    
  0.623000026       0.00000000    
  0.624000013       0.00000000    
  0.625000000       0.00000000    
  0.626000047       0.00000000    
  0.627000034       0.00000000    
  0.628000021       0.00000000    
  0.629000008       0.00000000    
  0.630000055       0.00000000    
  0.631000042       0.00000000    
  0.632000029       0.00000000    
  0.633000016       0.00000000    
  0.634000003       0.00000000    
  0.635000050       0.00000000    
  0.636000037       0.00000000    
  0.637000024       0.00000000    
  0.638000011       0.00000000    
  0.639000058       0.00000000    
  0.640000045       0.00000000    
  0.641000032       0.00000000    
  0.642000020       0.00000000    
  0.643000007       0.00000000    
  0.644000053       0.00000000    
  0.645000041       0.00000000    
  0.646000028       0.00000000    
  0.647000015       0.00000000    
  0.648000002       0.00000000    
  0.649000049       0.00000000    
  0.650000036       0.00000000    
  0.651000023       0.00000000    
  0.652000010       0.00000000    
  0.653000057       0.00000000    
  0.654000044       0.00000000    
  0.655000031       0.00000000    
  0.656000018       0.00000000    
  0.657000005       0.00000000    
  0.658000052       0.00000000    
  0.659000039       0.00000000    
  0.660000026       0.00000000    
  0.661000013       0.00000000    
  0.662000060       0.00000000    
  0.663000047       0.00000000    
  0.664000034       0.00000000    
  0.665000021       0.00000000    
  0.666000009       0.00000000    
  0.667000055       0.00000000    
  0.668000042       0.00000000    
  0.669000030       0.00000000    
  0.670000017       0.00000000    
  0.671000004       0.00000000    
  0.672000051       0.00000000    
  0.673000038       0.00000000    
  0.674000025       0.00000000    
  0.675000012       0.00000000    
  0.676000059       0.00000000    
  0.677000046       0.00000000    
  0.678000033       0.00000000    
  0.679000020       0.00000000    
  0.680000007       0.00000000    
  0.681000054       0.00000000    
  0.682000041       0.00000000    
  0.683000028       0.00000000    
  0.684000015       0.00000000    
  0.685000062       0.00000000    
  0.686000049       0.00000000    
  0.687000036       0.00000000    
  0.688000023       0.00000000    
  0.689000010       0.00000000    
  0.690000057       0.00000000    
  0.691000044       0.00000000    
  0.692000031       0.00000000    
  0.693000019       0.00000000    
  0.694000006       0.00000000    
  0.695000052       0.00000000    
  0.696000040       0.00000000    
  0.697000027       0.00000000    
  0.698000014       0.00000000    
  0.699000061       0.00000000    
  0.700000048       0.00000000    
  0.701000035       0.00000000    
  0.702000022       0.00000000    
  0.703000009       0.00000000    
  0.704000056       0.00000000    
  0.705000043       0.00000000    
  0.706000030       0.00000000    
  0.707000017       0.00000000    
  0.708000004       0.00000000    
  0.709000051       0.00000000    
  0.710000038       0.00000000    
  0.711000025       0.00000000    
  0.712000012       0.00000000    
  0.713000059       0.00000000    
  0.714000046       0.00000000    
  0.715000033       0.00000000    
  0.716000021       0.00000000    
  0.717000008       0.00000000    
  0.718000054       0.00000000    
  0.719000041       0.00000000    
  0.720000029       0.00000000    
  0.721000016       0.00000000    
  0.722000062       0.00000000    
  0.723000050       0.00000000    
  0.724000037       0.00000000    
  0.725000024       0.00000000    
  0.726000011       0.00000000    
  0.727000058       0.00000000    
  0.728000045       0.00000000    
  0.729000032       0.00000000    
  0.730000019       0.00000000    
  0.731000006       0.00000000    
  0.732000053       0.00000000    
  0.733000040       0.00000000    
  0.734000027       0.00000000    
  0.735000014       0.00000000    
  0.736000061       0.00000000    
  0.737000048       0.00000000    
  0.738000035       0.00000000    
  0.739000022       2.80259693E-45
  0.740000010       1.54142831E-44
  0.741000056       8.82818033E-44
  0.742000043       5.11473939E-43
  0.743000031       2.85024108E-42
  0.744000018       1.54058753E-41
  0.745000064       8.07610344E-41
  0.746000051       4.10989629E-40
  0.747000039       2.03059498E-39
  0.748000026       9.74837379E-39
  0.749000013       4.54978630E-38
  0.750000060       2.06536394E-37
  0.751000047       9.12568608E-37
  0.752000034       3.92532533E-36
  0.753000021       1.64485223E-35
  0.754000008       6.71752949E-35
  0.755000055       2.67524859E-34
  0.756000042       1.03952272E-33
  0.757000029       3.94203353E-33
  0.758000016       1.45976503E-32
  0.759000063       5.28067680E-32
  0.760000050       1.86712513E-31
  0.761000037       6.45439827E-31
  0.762000024       2.18254563E-30
  0.763000011       7.22221247E-30
  0.764000058       2.33962887E-29
  0.765000045       7.42325141E-29
  0.766000032       2.30736326E-28
  0.767000020       7.02958507E-28
  0.768000007       2.09976592E-27
  0.769000053       6.15196412E-27
  0.770000041       1.76865080E-26
  0.771000028       4.99032423E-26
  0.772000015       1.38257623E-25
  0.773000062       3.76222015E-25
  0.774000049       1.00592624E-24
  0.775000036       2.64334963E-24
  0.776000023       6.82891563E-24
  0.777000010       1.73507653E-23
  0.778000057       4.33699601E-23
  0.779000044       1.06684362E-22
  0.780000031       2.58311203E-22
  0.781000018       6.15822486E-22
  0.782000065       1.44602298E-21
  0.783000052       3.34524724E-21
  0.784000039       7.62609472E-21
  0.785000026       1.71368736E-20
  0.786000013       3.79692574E-20
  0.787000060       8.29653559E-20
  0.788000047       1.78848119E-19
  0.789000034       3.80406741E-19
  0.790000021       7.98565540E-19
  0.791000009       1.65492898E-18
  0.792000055       3.38661184E-18
  0.793000042       6.84471153E-18
  0.794000030       1.36659874E-17
  0.795000017       2.69600711E-17
  0.796000063       5.25637181E-17
  0.797000051       1.01312711E-16
  0.798000038       1.93062301E-16
  0.799000025       3.63823971E-16
  0.800000012       6.78168935E-16
  0.801000059       1.25061069E-15
  0.802000046       2.28207405E-15
  0.803000033       4.12132901E-15
  0.804000020       7.36739601E-15
  0.805000067       1.30391642E-14
  0.806000054       2.28531048E-14
  0.807000041       3.96677862E-14
  0.808000028       6.82047667E-14
  0.809000015       1.16186398E-13
  0.810000062       1.96125058E-13
  0.811000049       3.28110125E-13
  0.812000036       5.44093416E-13
  0.813000023       8.94465654E-13
  0.814000010       1.45799518E-12
  0.815000057       2.35680290E-12
  0.816000044       3.77873080E-12
  0.817000031       6.00965241E-12
  0.818000019       9.48234980E-12
  0.819000065       1.48457305E-11
  0.820000052       2.30667881E-11
  0.821000040       3.55705257E-11
  0.822000027       5.44509125E-11
  0.823000014       8.27486829E-11
  0.824000061       1.24860899E-10
  0.825000048       1.87099253E-10
  0.826000035       2.78429307E-10
  0.827000022       4.11558482E-10
  0.828000069       6.04318096E-10
  0.829000056       8.81617723E-10
  0.830000043       1.27790489E-09
  0.831000030       1.84073434E-09
  0.832000017       2.63509592E-09
  0.833000064       3.74941145E-09
  0.834000051       5.30329869E-09
  0.835000038       7.45722684E-09
  0.836000025       1.04255449E-08
  0.837000012       1.44932057E-08
  0.838000059       2.00362091E-08
  0.839000046       2.75482872E-08
  0.840000033       3.76732956E-08
  0.841000021       5.12485769E-08
  0.842000067       6.93537956E-08
  0.843000054       9.33796827E-08
  0.844000041       1.25098410E-07
  0.845000029       1.66768345E-07
  0.846000016       2.21242104E-07
  0.847000062       2.92119182E-07
  0.848000050       3.83909423E-07
  0.849000037       5.02217233E-07
  0.850000024       6.54019743E-07
  0.851000011       8.47937144E-07
  0.852000058       1.09457164E-06
  0.853000045       1.40691111E-06
  0.854000032       1.80075051E-06
  0.855000019       2.29527450E-06
  0.856000066       2.91375136E-06
  0.857000053       3.68412020E-06
  0.858000040       4.63984679E-06
  0.859000027       5.82095208E-06
  0.860000014       7.27495353E-06
  0.861000061       9.05818433E-06
  0.862000048       1.12374310E-05
  0.863000035       1.38904452E-05
  0.864000022       1.71089632E-05
  0.865000069       2.09997306E-05
  0.866000056       2.56874937E-05
  0.867000043       3.13154778E-05
  0.868000031       3.80501770E-05
  0.869000018       4.60826086E-05
  0.870000064       5.56322921E-05
  0.871000051       6.69500514E-05
  0.872000039       8.03201037E-05
  0.873000026       9.60680118E-05
  0.874000013       1.14559851E-04
  0.875000060       1.36208633E-04
  0.876000047       1.61482691E-04
  0.877000034       1.90900813E-04
  0.878000021       2.25046460E-04
  0.879000068       2.64571951E-04
  0.880000055       3.10202828E-04
  0.881000042       3.62733670E-04
  0.882000029       4.23050806E-04
  0.883000016       4.92134015E-04
  0.884000063       5.71050216E-04
  0.885000050       6.60983555E-04
  0.886000037       7.63201097E-04
  0.887000024       8.79121828E-04
  0.888000071       1.01024692E-03
  0.889000058       1.15825166E-03
  0.890000045       1.32489344E-03
  0.891000032       1.51211000E-03
  0.892000020       1.72197551E-03
  0.893000066       1.95670407E-03
  0.894000053       2.21871445E-03
  0.895000041       2.51050037E-03
  0.896000028       2.83479318E-03
  0.897000015       3.19447182E-03
  0.898000062       3.59260594E-03
  0.899000049       4.03245073E-03
  0.900000036       4.51739458E-03
  0.901000023       5.05102100E-03
  0.902000070       5.63714001E-03
  0.903000057       6.27977075E-03
  0.904000044       6.98297424E-03
  0.905000031       7.75111374E-03
  0.906000018       8.58870056E-03
  0.907000065       9.50045791E-03
  0.908000052       1.04913339E-02
  0.909000039       1.15661994E-02
  0.910000026       1.27303358E-02
  0.911000073       1.39890919E-02
  0.912000060       1.53481243E-02
  0.913000047       1.68128777E-02
  0.914000034       1.83892157E-02
  0.915000021       2.00830381E-02
  0.916000068       2.19004396E-02
  0.917000055       2.38476768E-02
  0.918000042       2.59307195E-02
  0.919000030       2.81558726E-02
  0.920000017       3.05297319E-02
  0.921000063       3.30585390E-02
  0.922000051       3.57489660E-02
  0.923000038       3.86071950E-02
  0.924000025       4.16399352E-02
  0.925000072       4.48535047E-02
  0.926000059       4.82547358E-02
  0.927000046       5.18494323E-02
  0.928000033       5.56443222E-02
  0.929000020       5.96454404E-02
  0.930000067       6.38591647E-02
  0.931000054       6.82916343E-02
  0.932000041       7.29486495E-02
  0.933000028       7.78360069E-02
  0.934000015       8.29594359E-02
  0.935000062       8.83242041E-02
  0.936000049       9.39360857E-02
  0.937000036       9.97993574E-02
  0.938000023      0.105919540    
  0.939000070      0.112300761    
  0.940000057      0.118948132    
  0.941000044      0.125864729    
  0.942000031      0.133054972    
  0.943000019      0.140522420    
  0.944000065      0.148270458    
  0.945000052      0.156301990    
  0.946000040      0.164619207    
  0.947000027      0.173224524    
  0.948000073      0.182120249    
  0.949000061      0.191308245    
  0.950000048      0.200788885    
  0.951000035      0.210563749    
  0.952000022      0.220633656    
  0.953000069      0.230998144    
  0.954000056      0.241658121    
  0.955000043      0.252612054    
  0.956000030      0.263859659    
  0.957000017      0.275399208    
  0.958000064      0.287230104    
  0.959000051      0.299350321    
  0.960000038      0.311756641    
  0.961000025      0.324446976    
  0.962000072      0.337418884    
  0.963000059      0.350669295    
  0.964000046      0.364193797    
  0.965000033      0.377987921    
  0.966000021      0.392048925    
  0.967000067      0.406371266    
  0.968000054      0.420951843    
  0.969000041      0.435782909    
  0.970000029      0.450860560    
  0.971000075      0.466178328    
  0.972000062      0.481732666    
  0.973000050      0.497514248    
  0.974000037      0.513518691    
  0.975000024      0.529737949    
  0.976000071      0.546166718    
  0.977000058      0.562797844    
  0.978000045      0.579623044    
  0.979000032      0.596634865    
  0.980000019      0.613827229    
  0.981000066      0.631190181    
  0.982000053      0.648719668    
  0.983000040      0.666403770    
  0.984000027      0.684236288    
  0.985000074      0.702208102    
  0.986000061      0.720313311    
  0.987000048      0.738540351    
  0.988000035      0.756883025    
  0.989000022      0.775332093    
  0.990000069      0.793879688    
  0.991000056      0.812517703    
  0.992000043      0.831236064    
  0.993000031      0.850027382    
  0.994000018      0.868882418    
  0.995000064      0.887793124    
  0.996000051      0.906752586    
  0.997000039      0.925749481    
  0.998000026      0.944778025    
  0.999000072      0.963827610    
   1.00000000      0.982893884    
   1.00100005       1.00196218    
   1.00200009       1.02103198    
   1.00300002       1.04009128    
   1.00400007       1.05912936    
   1.00500000       1.07814467    
   1.00600004       1.09712541    
   1.00700009       1.11606586    
   1.00800002       1.13495958    
   1.00900006       1.15379477    
   1.00999999       1.17256904    
   1.01100004       1.19127190    
   1.01200008       1.20990074    
   1.01300001       1.22844613    
   1.01400006       1.24690056    
   1.01500010       1.26525903    
   1.01600003       1.28351569    
   1.01700008       1.30166316    
   1.01800001       1.31969857    
   1.01900005       1.33761096    
   1.02000010       1.35540032    
   1.02100003       1.37305868    
   1.02200007       1.39057946    
   1.02300000       1.40796018    
   1.02400005       1.42519474    
   1.02500010       1.44227862    
   1.02600002       1.45920944    
   1.02700007       1.47597694    
   1.02800000       1.49258387    
   1.02900004       1.50902128    
   1.03000009       1.52529001    
   1.03100002       1.54138196    
   1.03200006       1.55729485    
   1.03299999       1.57302809    
   1.03400004       1.58857548    
   1.03500009       1.60393429    
   1.03600001       1.61910558    
   1.03700006       1.63408053    
   1.03800011       1.64886248    
   1.03900003       1.66344547    
   1.04000008       1.67782736    
   1.04100001       1.69200957    
   1.04200006       1.70598578    
   1.04300010       1.71975803    
   1.04400003       1.73332453    
   1.04500008       1.74667799    
   1.04600000       1.75982702    
   1.04700005       1.77276146    
   1.04800010       1.78548729    
   1.04900002       1.79799950    
   1.05000007       1.81029856    
   1.05100000       1.82238352    
   1.05200005       1.83425438    
   1.05300009       1.84591091    
   1.05400002       1.85735357    
   1.05500007       1.86857843    
   1.05599999       1.87959146    
   1.05700004       1.89038718    
   1.05800009       1.90097034    
   1.05900002       1.91133797    
   1.06000006       1.92149246    
   1.06100011       1.93143320    
   1.06200004       1.94116259    
   1.06300008       1.95067692    
   1.06400001       1.95998299    
   1.06500006       1.96907616    
   1.06600010       1.97796202    
   1.06700003       1.98663855    
   1.06800008       1.99510670    
   1.06900001       2.00336981    
   1.07000005       2.01142764    
   1.07100010       2.01928091    
   1.07200003       2.02693319    
   1.07300007       2.03438258    
   1.07400000       2.04163432    
   1.07500005       2.04868603    
   1.07600009       2.05554318    
   1.07700002       2.06220436    
   1.07800007       2.06867313    
   1.07900000       2.07494926    
   1.08000004       2.08103609    
   1.08100009       2.08693504    
   1.08200002       2.09264898    
   1.08300006       2.09817648    
   1.08400011       2.10352302    
   1.08500004       2.10868788    
   1.08600008       2.11367536    
   1.08700001       2.11848450    
   1.08800006       2.12312055    
   1.08900011       2.12758255    
   1.09000003       2.13187528    
   1.09100008       2.13599849    
   1.09200001       2.13995576    
   1.09300005       2.14374781    
   1.09400010       2.14737844    
   1.09500003       2.15084767    
   1.09600008       2.15415978    
   1.09700000       2.15731525    
   1.09800005       2.16031694    
   1.09900010       2.16316605    
   1.10000002       2.16586733    
   1.10100007       2.16841936    
   1.10200000       2.17082644    
   1.10300004       2.17308998    
   1.10400009       2.17521286    
   1.10500002       2.17719626    
   1.10600007       2.17904377    
   1.10699999       2.18075514    
   1.10800004       2.18233442    
   1.10900009       2.18378305    
   1.11000001       2.18510389    
   1.11100006       2.18629694    
   1.11200011       2.18736696    
   1.11300004       2.18831420    
   1.11400008       2.18914199    
   1.11500001       2.18985057    
   1.11600006       2.19044423    
   1.11700010       2.19092274    
   1.11800003       2.19129014    
   1.11900008       2.19154668    
   1.12000000       2.19169664    
   1.12100005       2.19173908    
   1.12200010       2.19167829    
   1.12300003       2.19151473    
   1.12400007       2.19125199    
   1.12500000       2.19088936    
   1.12600005       2.19043207    
   1.12700009       2.18987870    
   1.12800002       2.18923402    
   1.12900007       2.18849730    
   1.13000000       2.18767285    
   1.13100004       2.18675995    
   1.13200009       2.18576241    
   1.13300002       2.18468022    
   1.13400006       2.18351746    
   1.13500011       2.18227315    
   1.13600004       2.18095160    
   1.13700008       2.17955184    
   1.13800001       2.17807841    
   1.13900006       2.17652988    
   1.14000010       2.17491126    
   1.14100003       2.17322040    
   1.14200008       2.17146254    
   1.14300001       2.16963625    
   1.14400005       2.16774559    
   1.14500010       2.16578960    
   1.14600003       2.16377187    
   1.14700007       2.16169262    
   1.14800000       2.15955424    
   1.14900005       2.15735722    
   1.15000010       2.15510416    
   1.15100002       2.15279436    
   1.15200007       2.15043259    
   1.15300000       2.14801598    
   1.15400004       2.14555001    
   1.15500009       2.14303279    
   1.15600002       2.14046788    
   1.15700006       2.13785481    
   1.15800011       2.13519621    
   1.15900004       2.13249207    
   1.16000009       2.12974548    
   1.16100001       2.12695503    
   1.16200006       2.12412477    
   1.16300011       2.12125301    
   1.16400003       2.11834359    
   1.16500008       2.11539531    
   1.16600001       2.11241102    
   1.16700006       2.10939074    
   1.16800010       2.10633636    
   1.16900003       2.10324788    
   1.17000008       2.10012794    
   1.17100000       2.09697580    
   1.17200005       2.09379411    
   1.17300010       2.09058166    
   1.17400002       2.08734155    
   1.17500007       2.08407378    
   1.17600000       2.08078003    
   1.17700005       2.07745981    
   1.17800009       2.07411504    
   1.17900002       2.07074571    
   1.18000007       2.06735563    
   1.18100011       2.06394076    
   1.18200004       2.06050611    
   1.18300009       2.05705047    
   1.18400002       2.05357528    
   1.18500006       2.05008101    
   1.18600011       2.04656911    
   1.18700004       2.04303885    
   1.18800008       2.03949332    
   1.18900001       2.03593063    
   1.19000006       2.03235388    
   1.19100010       2.02876186    
   1.19200003       2.02515674    
   1.19300008       2.02153778    
   1.19400001       2.01790690    
   1.19500005       2.01426387    
   1.19600010       2.01061034    
   1.19700003       2.00694561    
   1.19800007       2.00327158    
   1.19900000       1.99958730    
   1.20000005       1.99589539    
   1.20100009       1.99219441    
   1.20200002       1.98848653    
   1.20300007       1.98477101    
   1.20400012       1.98104954    
   1.20500004       1.97732127    
   1.20600009       1.97358871    
   1.20700002       1.96985006    
   1.20800006       1.96610796    
   1.20900011       1.96236086    
   1.21000004       1.95861113    
   1.21100008       1.95485771    
   1.21200001       1.95110238    
   1.21300006       1.94734430    
   1.21400011       1.94358492    
   1.21500003       1.93982351    
   1.21600008       1.93606234    
   1.21700001       1.93229985    
   1.21800005       1.92853773    
   1.21900010       1.92477536    
   1.22000003       1.92101419    
   1.22100008       1.91725349    
   1.22200000       1.91349494    
   1.22300005       1.90973783    
   1.22400010       1.90598285    
   1.22500002       1.90222979    
   1.22600007       1.89848065    
   1.22700012       1.89473319    
   1.22800004       1.89098978    
   1.22900009       1.88724983    
   1.23000002       1.88351464    
   1.23100007       1.87978303    
   1.23200011       1.87605596    
   1.23300004       1.87233353    
   1.23400009       1.86861706    
   1.23500001       1.86490500    
   1.23600006       1.86119926    
   1.23700011       1.85749865    
   1.23800004       1.85380459    
   1.23900008       1.85011685    
   1.24000001       1.84643567    
   1.24100006       1.84276092    
   1.24200010       1.83909357    
   1.24300003       1.83543277    
   1.24400008       1.83178043    
   1.24500000       1.82813478    
   1.24600005       1.82449758    
   1.24700010       1.82086754    
   1.24800003       1.81724620    
   1.24900007       1.81363308    
   1.25000000       1.81002879    
   1.25100005       1.80643260    
   1.25200009       1.80284548    
   1.25300002       1.79926693    
   1.25400007       1.79569888    
   1.25500011       1.79213834    
   1.25600004       1.78858829    
   1.25700009       1.78504765    
   1.25800002       1.78151643    
   1.25900006       1.77799535    
   1.26000011       1.77448440    
   1.26100004       1.77098274    
   1.26200008       1.76749218    
   1.26300001       1.76401103    
   1.26400006       1.76054144    
   1.26500010       1.75708127    
   1.26600003       1.75363243    
   1.26700008       1.75019395    
   1.26800001       1.74676633    
   1.26900005       1.74334979    
   1.27000010       1.73994410    
   1.27100003       1.73654902    
   1.27200007       1.73316610    
   1.27300000       1.72979343    
   1.27400005       1.72643292    
   1.27500010       1.72308326    
   1.27600002       1.71974504    
   1.27700007       1.71641850    
   1.27800012       1.71310341    
   1.27900004       1.70979977    
   1.28000009       1.70650852    
   1.28100002       1.70322847    
   1.28200006       1.69996059    
   1.28300011       1.69670403    
   1.28400004       1.69345963    
   1.28500009       1.69022715    
   1.28600001       1.68700683    
   1.28700006       1.68379855    
   1.28800011       1.68060219    
   1.28900003       1.67741752    
   1.29000008       1.67424572    
   1.29100001       1.67108548    
   1.29200006       1.66793787    
   1.29300010       1.66480219    
   1.29400003       1.66167879    
   1.29500008       1.65856791    
   1.29600000       1.65546894    
   1.29700005       1.65238249    
   1.29800010       1.64930832    
   1.29900002       1.64624619    
   1.30000007       1.64319706    
   1.30100012       1.64015937    
   1.30200005       1.63713491    
   1.30300009       1.63412237    
   1.30400002       1.63112247    
   1.30500007       1.62813473    
   1.30600011       1.62515938    
   1.30700004       1.62219632    
   1.30800009       1.61924624    
   1.30900002       1.61630797    
   1.31000006       1.61338258    
   1.31100011       1.61046898    
   1.31200004       1.60756826    
   1.31300008       1.60467958    
   1.31400001       1.60180342    
   1.31500006       1.59893990    
   1.31600010       1.59608841    
   1.31700003       1.59324920    
   1.31800008       1.59042263    
   1.31900001       1.58760798    
   1.32000005       1.58480620    
   1.32100010       1.58201623    
   1.32200003       1.57923877    
   1.32300007       1.57647336    
   1.32400012       1.57372046    
   1.32500005       1.57097948    
   1.32600009       1.56825101    
   1.32700002       1.56553459    
   1.32800007       1.56283057    
   1.32900012       1.56013834    
   1.33000004       1.55745828    
   1.33100009       1.55479050    
   1.33200002       1.55213475    
   1.33300006       1.54949105    
   1.33400011       1.54685926    
   1.33500004       1.54423952    
   1.33600008       1.54163206    
   1.33700001       1.53903592    
   1.33800006       1.53645241    
   1.33900011       1.53388011    
   1.34000003       1.53131998    
   1.34100008       1.52877188    
   1.34200001       1.52623534    
   1.34300005       1.52371049    
   1.34400010       1.52119744    
   1.34500003       1.51869619    
   1.34600008       1.51620674    
   1.34700012       1.51372850    
   1.34800005       1.51126206    
   1.34900010       1.50880742    
   1.35000002       1.50636423    
   1.35100007       1.50393248    
   1.35200012       1.50151205    
   1.35300004       1.49910283    
   1.35400009       1.49670589    
   1.35500002       1.49431956    
   1.35600007       1.49194503    
   1.35700011       1.48958135    
   1.35800004       1.48722899    
   1.35900009       1.48488796    
   1.36000001       1.48255813    
   1.36100006       1.48023939    
   1.36200011       1.47793174    
   1.36300004       1.47563517    
   1.36400008       1.47334981    
   1.36500001       1.47107494    
   1.36600006       1.46881151    
   1.36700010       1.46655869    
   1.36800003       1.46431684    
   1.36900008       1.46208572    
   1.37000012       1.45986545    
   1.37100005       1.45765591    
   1.37200010       1.45545721    
   1.37300003       1.45326889    
   1.37400007       1.45109153    
   1.37500012       1.44892454    
   1.37600005       1.44676805    
   1.37700009       1.44462216    
   1.37800002       1.44248676    
   1.37900007       1.44036186    
   1.38000011       1.43824720    
   1.38100004       1.43614268    
   1.38200009       1.43404889    
   1.38300002       1.43196499    
   1.38400006       1.42989159    
   1.38500011       1.42782795    
   1.38600004       1.42577481    
   1.38700008       1.42373180    
   1.38800001       1.42169845    
   1.38900006       1.41967535    
   1.39000010       1.41766214    
   1.39100003       1.41565883    
   1.39200008       1.41366553    
   1.39300001       1.41168177    
   1.39400005       1.40970838    
   1.39500010       1.40774417    
   1.39600003       1.40578985    
   1.39700007       1.40384531    
   1.39800012       1.40191019    
   1.39900005       1.39998472    
   1.40000010       1.39806902    
   1.40100002       1.39616239    
   1.40200007       1.39426553    
   1.40300012       1.39237797    
   1.40400004       1.39049971    
   1.40500009       1.38863099    
   1.40600002       1.38677144    
   1.40700006       1.38492119    
   1.40800011       1.38308012    
   1.40900004       1.38124812    
   1.41000009       1.37942541    
   1.41100001       1.37761164    
   1.41200006       1.37580717    
   1.41300011       1.37401140    
   1.41400003       1.37222445    
   1.41500008       1.37044680    
   1.41600001       1.36867785    
   1.41700006       1.36691773    
   1.41800010       1.36516631    
   1.41900003       1.36342371    
   1.42000008       1.36169016    
   1.42100012       1.35996485    
   1.42200005       1.35824811    
   1.42300010       1.35654020    
   1.42400002       1.35484076    
   1.42500007       1.35315013    
   1.42600012       1.35146773    
   1.42700005       1.34979343    
   1.42800009       1.34812808    
   1.42900002       1.34647059    
   1.43000007       1.34482181    
   1.43100011       1.34318101    
   1.43200004       1.34154856    
   1.43300009       1.33992434    
   1.43400002       1.33830822    
   1.43500006       1.33670032    
   1.43600011       1.33510041    
   1.43700004       1.33350825    
   1.43800008       1.33192468    
   1.43900001       1.33034873    
   1.44000006       1.32878077    
   1.44100010       1.32722056    
   1.44200003       1.32566810    
   1.44300008       1.32412374    
   1.44400012       1.32258689    
   1.44500005       1.32105780    
   1.44600010       1.31953681    
   1.44700003       1.31802297    
   1.44800007       1.31651711    
   1.44900012       1.31501865    
   1.45000005       1.31352758    
   1.45100009       1.31204426    
   1.45200002       1.31056833    
   1.45300007       1.30909991    
   1.45400012       1.30763876    
   1.45500004       1.30618501    
   1.45600009       1.30473852    
   1.45700002       1.30329943    
   1.45800006       1.30186760    
   1.45900011       1.30044293    
   1.46000004       1.29902518    
   1.46100008       1.29761505    
   1.46200001       1.29621172    
   1.46300006       1.29481554    
   1.46400011       1.29342628    
   1.46500003       1.29204416    
   1.46600008       1.29066920    
   1.46700013       1.28930068    
   1.46800005       1.28793943    
   1.46900010       1.28658509    
   1.47000003       1.28523719    
   1.47100008       1.28389645    
   1.47200012       1.28256238    
   1.47300005       1.28123498    
   1.47400010       1.27991438    
   1.47500002       1.27860022    
   1.47600007       1.27729297    
   1.47700012       1.27599227    
   1.47800004       1.27469778    
   1.47900009       1.27341008    
   1.48000002       1.27212894    
   1.48100007       1.27085435    
   1.48200011       1.26958573    
   1.48300004       1.26832390    
   1.48400009       1.26706851    
   1.48500001       1.26581919    
   1.48600006       1.26457632    
   1.48700011       1.26333964    
   1.48800004       1.26210928    
   1.48900008       1.26088512    
   1.49000013       1.25966704    
   1.49100006       1.25845504    
   1.49200010       1.25724924    
   1.49300003       1.25604963    
   1.49400008       1.25485599    
   1.49500012       1.25366843    
   1.49600005       1.25248659    
   1.49700010       1.25131106    
   1.49800003       1.25014126    
   1.49900007       1.24897754    
   1.50000012       1.24781942    
   1.50100005       1.24666727    
   1.50200009       1.24552107    
   1.50300002       1.24438047    
   1.50400007       1.24324572    
   1.50500011       1.24211657    
   1.50600004       1.24099326    
   1.50700009       1.23987579    
   1.50800002       1.23876357    
   1.50900006       1.23765719    
   1.51000011       1.23655629    
   1.51100004       1.23546088    
   1.51200008       1.23437130    
   1.51300013       1.23328686    
   1.51400006       1.23220813    
   1.51500010       1.23113477    
   1.51600003       1.23006666    
   1.51700008       1.22900426    
   1.51800013       1.22794712    
   1.51900005       1.22689509    
   1.52000010       1.22584856    
   1.52100003       1.22480726    
   1.52200007       1.22377133    
   1.52300012       1.22274041    
   1.52400005       1.22171485    
   1.52500010       1.22069454    
   1.52600002       1.21967912    
   1.52700007       1.21866906    
   1.52800012       1.21766376    
   1.52900004       1.21666384    
   1.53000009       1.21566892    
   1.53100002       1.21467900    
   1.53200006       1.21369410    
   1.53300011       1.21271408    
   1.53400004       1.21173894    
   1.53500009       1.21076906    
   1.53600001       1.20980370    
   1.53700006       1.20884335    
   1.53800011       1.20788789    
   1.53900003       1.20693707    
   1.54000008       1.20599127    
   1.54100013       1.20505023    
   1.54200006       1.20411360    
   1.54300010       1.20318222    
   1.54400003       1.20225525    
   1.54500008       1.20133305    
   1.54600012       1.20041537    
   1.54700005       1.19950235    
   1.54800010       1.19859397    
   1.54900002       1.19769025    
   1.55000007       1.19679105    
   1.55100012       1.19589639    
   1.55200005       1.19500601    
   1.55300009       1.19412065    
   1.55400002       1.19323933    
   1.55500007       1.19236255    
   1.55600011       1.19149029    
   1.55700004       1.19062209    
   1.55800009       1.18975866    
   1.55900002       1.18889940    
   1.56000006       1.18804467    
   1.56100011       1.18719411    
   1.56200004       1.18634784    
   1.56300008       1.18550587    
   1.56400013       1.18466818    
   1.56500006       1.18383467    
   1.56600010       1.18300545    
   1.56700003       1.18218029    
   1.56800008       1.18135953    
   1.56900012       1.18054271    
   1.57000005       1.17973006    
   1.57100010       1.17892146    
   1.57200003       1.17811704    
   1.57300007       1.17731678    
   1.57400012       1.17652047    
   1.57500005       1.17572808    
   1.57600009       1.17493975    
   1.57700002       1.17415547    
   1.57800007       1.17337525    
   1.57900012       1.17259872    
   1.58000004       1.17182624    
   1.58100009       1.17105782    
   1.58200002       1.17029297    
   1.58300006       1.16953230    
   1.58400011       1.16877532    
   1.58500004       1.16802227    
   1.58600008       1.16727293    
   1.58700013       1.16652739    
   1.58800006       1.16578567    
   1.58900011       1.16504765    
   1.59000003       1.16431344    
   1.59100008       1.16358304    
   1.59200013       1.16285622    
   1.59300005       1.16213298    
   1.59400010       1.16141355    
   1.59500003       1.16069782    
   1.59600008       1.15998554    
   1.59700012       1.15927708    
   1.59800005       1.15857196    
   1.59900010       1.15787065    
   1.60000002       1.15717292    
   1.60100007       1.15647852    
   1.60200012       1.15578783    
   1.60300004       1.15510046    
   1.60400009       1.15441668    
   1.60500002       1.15373635    
   1.60600007       1.15305960    
   1.60700011       1.15238619    
   1.60800004       1.15171611    
   1.60900009       1.15104973    
   1.61000013       1.15038645    
   1.61100006       1.14972663    
   1.61200011       1.14907026    
   1.61300004       1.14841723    
   1.61400008       1.14776731    
   1.61500013       1.14712107    
   1.61600006       1.14647782    
   1.61700010       1.14583790    
   1.61800003       1.14520121    
   1.61900008       1.14456785    
   1.62000012       1.14393771    
   1.62100005       1.14331079    
   1.62200010       1.14268708    
   1.62300003       1.14206648    
   1.62400007       1.14144909    
   1.62500012       1.14083493    
   1.62600005       1.14022374    
   1.62700009       1.13961589    
   1.62800002       1.13901103    
   1.62900007       1.13840926    
   1.63000011       1.13781059    
   1.63100004       1.13721502    
   1.63200009       1.13662243    
   1.63300014       1.13603294    
   1.63400006       1.13544643    
   1.63500011       1.13486302    
   1.63600004       1.13428235    
   1.63700008       1.13370502    
   1.63800013       1.13313031    
   1.63900006       1.13255882    
   1.64000010       1.13199008    
   1.64100003       1.13142443    
   1.64200008       1.13086140    
   1.64300013       1.13030159    
   1.64400005       1.12974453    
   1.64500010       1.12919033    
   1.64600003       1.12863898    
   1.64700007       1.12809050    
   1.64800012       1.12754488    
   1.64900005       1.12700188    
   1.65000010       1.12646198    
   1.65100002       1.12592483    
   1.65200007       1.12539029    
   1.65300012       1.12485850    
   1.65400004       1.12432957    
   1.65500009       1.12380338    
   1.65600014       1.12327981    
   1.65700006       1.12275910    
   1.65800011       1.12224090    
   1.65900004       1.12172556    
   1.66000009       1.12121284    
   1.66100013       1.12070274    
   1.66200006       1.12019539    
   1.66300011       1.11969054    
   1.66400003       1.11918831    
   1.66500008       1.11868894    
   1.66600013       1.11819184    
   1.66700006       1.11769748    
   1.66800010       1.11720574    
   1.66900003       1.11671650    
   1.67000008       1.11622989    
   1.67100012       1.11574590    
   1.67200005       1.11526418    
   1.67300010       1.11478508    
   1.67400002       1.11430860    
   1.67500007       1.11383450    
   1.67600012       1.11336291    
   1.67700005       1.11289382    
   1.67800009       1.11242712    
   1.67900014       1.11196291    
   1.68000007       1.11150110    
   1.68100011       1.11104190    
   1.68200004       1.11058486    
   1.68300009       1.11013043    
   1.68400013       1.10967827    
   1.68500006       1.10922849    
   1.68600011       1.10878122    
   1.68700004       1.10833609    
   1.68800008       1.10789347    
   1.68900013       1.10745323    
   1.69000006       1.10701513    
   1.69100010       1.10657954    
   1.69200003       1.10614610    
   1.69300008       1.10571516    
   1.69400012       1.10528648    
   1.69500005       1.10485983    
   1.69600010       1.10443568    
   1.69700003       1.10401368    
   1.69800007       1.10359406    
   1.69900012       1.10317659    
   1.70000005       1.10276127    
   1.70100009       1.10234833    
   1.70200002       1.10193741    
   1.70300007       1.10152888    
   1.70400012       1.10112238    
   1.70500004       1.10071814    
   1.70600009       1.10031605    
   1.70700014       1.09991610    
   1.70800006       1.09951830    
   1.70900011       1.09912264    
   1.71000004       1.09872913    
   1.71100008       1.09833789    
   1.71200013       1.09794855    
   1.71300006       1.09756136    
   1.71400011       1.09717631    
   1.71500003       1.09679341    
   1.71600008       1.09641242    
   1.71700013       1.09603357    
   1.71800005       1.09565675    
   1.71900010       1.09528208    
   1.72000003       1.09490931    
   1.72100008       1.09453869    
   1.72200012       1.09416997    
   1.72300005       1.09380329    
   1.72400010       1.09343874    
   1.72500002       1.09307611    
   1.72600007       1.09271550    
   1.72700012       1.09235680    
   1.72800004       1.09199989    
   1.72900009       1.09164524    
   1.73000014       1.09129250    
   1.73100007       1.09094155    
   1.73200011       1.09059262    
   1.73300004       1.09024572    
   1.73400009       1.08990073    
   1.73500013       1.08955753    
   1.73600006       1.08921623    
   1.73700011       1.08887684    
   1.73800004       1.08853936    
   1.73900008       1.08820379    
   1.74000013       1.08787000    
   1.74100006       1.08753812    
   1.74200010       1.08720815    
   1.74300003       1.08687997    
   1.74400008       1.08655369    
   1.74500012       1.08622897    
   1.74600005       1.08590639    
   1.74700010       1.08558547    
   1.74800003       1.08526647    
   1.74900007       1.08494914    
   1.75000012       1.08463383    
   1.75100005       1.08431995    
   1.75200009       1.08400822    
   1.75300014       1.08369792    
   1.75400007       1.08338964    
   1.75500011       1.08308291    
   1.75600004       1.08277798    
   1.75700009       1.08247495    
   1.75800014       1.08217347    
   1.75900006       1.08187389    
   1.76000011       1.08157587    
   1.76100004       1.08127964    
   1.76200008       1.08098519    
   1.76300013       1.08069217    
   1.76400006       1.08040106    
   1.76500010       1.08011162    
   1.76600003       1.07982373    
   1.76700008       1.07953763    
   1.76800013       1.07925320    
   1.76900005       1.07897031    
   1.77000010       1.07868910    
   1.77100003       1.07840955    
   1.77200007       1.07813168    
   1.77300012       1.07785535    
   1.77400005       1.07758069    
   1.77500010       1.07730770    
   1.77600014       1.07703614    
   1.77700007       1.07676637    
   1.77800012       1.07649815    
   1.77900004       1.07623148    
   1.78000009       1.07596636    
   1.78100014       1.07570291    
   1.78200006       1.07544100    
   1.78300011       1.07518065    
   1.78400004       1.07492173    
   1.78500009       1.07466447    
   1.78600013       1.07440877    
   1.78700006       1.07415462    
   1.78800011       1.07390189    
   1.78900003       1.07365072    
   1.79000008       1.07340109    
   1.79100013       1.07315302    
   1.79200006       1.07290637    
   1.79300010       1.07266128    
   1.79400003       1.07241774    
   1.79500008       1.07217550    
   1.79600012       1.07193494    
   1.79700005       1.07169569    
   1.79800010       1.07145810    
   1.79900014       1.07122171    
   1.80000007       1.07098711    
   1.80100012       1.07075369    
   1.80200005       1.07052183    
   1.80300009       1.07029140    
   1.80400014       1.07006228    
   1.80500007       1.06983483    
   1.80600011       1.06960881    
   1.80700004       1.06938398    
   1.80800009       1.06916058    
   1.80900013       1.06893873    
   1.81000006       1.06871819    
   1.81100011       1.06849909    
   1.81200004       1.06828141    
   1.81300008       1.06806505    
   1.81400013       1.06784999    
   1.81500006       1.06763637    
   1.81600010       1.06742430    
   1.81700003       1.06721330    
   1.81800008       1.06700397    
   1.81900012       1.06679559    
   1.82000005       1.06658900    
   1.82100010       1.06638348    
   1.82200015       1.06617928    
   1.82300007       1.06597650    
   1.82400012       1.06577516    
   1.82500005       1.06557488    
   1.82600009       1.06537616    
   1.82700014       1.06517851    
   1.82800007       1.06498241    
   1.82900012       1.06478751    
   1.83000004       1.06459391    
   1.83100009       1.06440151    
   1.83200014       1.06421041    
   1.83300006       1.06402063    
   1.83400011       1.06383228    
   1.83500004       1.06364489    
   1.83600008       1.06345916    
   1.83700013       1.06327438    
   1.83800006       1.06309092    
   1.83900011       1.06290877    
   1.84000003       1.06272781    
   1.84100008       1.06254804    
   1.84200013       1.06236959    
   1.84300005       1.06219244    
   1.84400010       1.06201649    
   1.84500003       1.06184173    
   1.84600008       1.06166816    
   1.84700012       1.06149578    
   1.84800005       1.06132472    
   1.84900010       1.06115472    
   1.85000014       1.06098604    
   1.85100007       1.06081843    
   1.85200012       1.06065226    
   1.85300004       1.06048691    
   1.85400009       1.06032300    
   1.85500014       1.06016016    
   1.85600007       1.05999863    
   1.85700011       1.05983806    
   1.85800004       1.05967879    
   1.85900009       1.05952072    
   1.86000013       1.05936372    
   1.86100006       1.05920792    
   1.86200011       1.05905330    
   1.86300004       1.05889976    
   1.86400008       1.05874741    
   1.86500013       1.05859601    
   1.86600006       1.05844593    
   1.86700010       1.05829692    
   1.86800003       1.05814910    
   1.86900008       1.05800223    
   1.87000012       1.05785656    
   1.87100005       1.05771196    
   1.87200010       1.05756867    
   1.87300014       1.05742621    
   1.87400007       1.05728495    
   1.87500012       1.05714464    
   1.87600005       1.05700576    
   1.87700009       1.05686772    
   1.87800014       1.05673075    
   1.87900007       1.05659485    
   1.88000011       1.05646026    
   1.88100004       1.05632639    
   1.88200009       1.05619371    
   1.88300014       1.05606210    
   1.88400006       1.05593157    
   1.88500011       1.05580199    
   1.88600004       1.05567360    
   1.88700008       1.05554605    
   1.88800013       1.05541980    
   1.88900006       1.05529428    
   1.89000010       1.05517006    
   1.89100003       1.05504668    
   1.89200008       1.05492449    
   1.89300013       1.05480313    
   1.89400005       1.05468297    
   1.89500010       1.05456352    
   1.89600015       1.05444539    
   1.89700007       1.05432796    
   1.89800012       1.05421174    
   1.89900005       1.05409646    
   1.90000010       1.05398214    
   1.90100014       1.05386865    
   1.90200007       1.05375648    
   1.90300012       1.05364501    
   1.90400004       1.05353463    
   1.90500009       1.05342507    
   1.90600014       1.05331659    
   1.90700006       1.05320895    
   1.90800011       1.05310237    
   1.90900004       1.05299664    
   1.91000009       1.05289197    
   1.91100013       1.05278814    
   1.91200006       1.05268538    
   1.91300011       1.05258322    
   1.91400003       1.05248237    
   1.91500008       1.05238223    
   1.91600013       1.05228293    
   1.91700006       1.05218482    
   1.91800010       1.05208731    
   1.91900015       1.05199075    
   1.92000008       1.05189514    
   1.92100012       1.05180037    
   1.92200005       1.05170679    
   1.92300010       1.05161357    
   1.92400014       1.05152166    
   1.92500007       1.05143046    
   1.92600012       1.05133998    
   1.92700005       1.05125046    
   1.92800009       1.05116200    
   1.92900014       1.05107403    
   1.93000007       1.05098724    
   1.93100011       1.05090106    
   1.93200004       1.05081582    
   1.93300009       1.05073130    
   1.93400013       1.05064762    
   1.93500006       1.05056489    
   1.93600011       1.05048287    
   1.93700004       1.05040145    
   1.93800008       1.05032134    
   1.93900013       1.05024147    
   1.94000006       1.05016279    
   1.94100010       1.05008471    
   1.94200015       1.05000746    
   1.94300008       1.04993105    
   1.94400012       1.04985535    
   1.94500005       1.04978025    
   1.94600010       1.04970622    
   1.94700015       1.04963267    
   1.94800007       1.04956007    
   1.94900012       1.04948795    
   1.95000005       1.04941690    
   1.95100009       1.04934633    
   1.95200014       1.04927671    
   1.95300007       1.04920733    
   1.95400012       1.04913926    
   1.95500004       1.04907155    
   1.95600009       1.04900455    
   1.95700014       1.04893839    
   1.95800006       1.04887283    
   1.95900011       1.04880786    
   1.96000004       1.04874384    
   1.96100008       1.04868019    
   1.96200013       1.04861748    
   1.96300006       1.04855514    
   1.96400011       1.04849362    
   1.96500015       1.04843259    
   1.96600008       1.04837251    
   1.96700013       1.04831266    
   1.96800005       1.04825377    
   1.96900010       1.04819524    
   1.97000015       1.04813755    
   1.97100008       1.04808033    
   1.97200012       1.04802370    
   1.97300005       1.04796767    
   1.97400010       1.04791248    
   1.97500014       1.04785728    
   1.97600007       1.04780328    
   1.97700012       1.04774940    
   1.97800004       1.04769647    
   1.97900009       1.04764366    
   1.98000014       1.04759181    
   1.98100007       1.04754019    
   1.98200011       1.04748940    
   1.98300004       1.04743886    
   1.98400009       1.04738903    
   1.98500013       1.04733944    
   1.98600006       1.04729056    
   1.98700011       1.04724216    
   1.98800004       1.04719424    
   1.98900008       1.04714668    
   1.99000013       1.04709983    
   1.99100006       1.04705322    
   1.99200010       1.04700732    
   1.99300015       1.04696155    
   1.99400008       1.04691660    
   1.99500012       1.04687190    
   1.99600005       1.04682767    
   1.99700010       1.04678380    
   1.99800014       1.04674053    
   1.99900007       1.04669738    
   2.00000000       1.04665506    
   2.00100017       1.04661274    
   2.00200009       1.04657102    
   2.00300002       1.04652953    
   2.00400019       1.04648852    
   2.00500011       1.04644763    
   2.00600004       1.04640770    
   2.00700021       1.04636765    
   2.00800014       1.04632807    
   2.00900006       1.04628873    
   2.00999999       1.04624999    
   2.01100016       1.04621112    
   2.01200008       1.04617310    
   2.01300001       1.04613495    
   2.01400018       1.04609752    
   2.01500010       1.04606020    
   2.01600003       1.04602325    
   2.01700020       1.04598629    
   2.01800013       1.04594994    
   2.01900005       1.04591346    
   2.01999998       1.04587781    
   2.02100015       1.04584181    
   2.02200007       1.04580677    
   2.02300000       1.04577124    
   2.02400017       1.04573655    
   2.02500010       1.04570162    
   2.02600002       1.04566729    
   2.02700019       1.04563284    
   2.02800012       1.04559898    
   2.02900004       1.04556501    
   2.03000021       1.04553151    
   2.03100014       1.04549778    
   2.03200006       1.04546463    
   2.03299999       1.04543149    
   2.03400016       1.04539859    
   2.03500009       1.04536569    
   2.03600001       1.04533327    
   2.03700018       1.04530048    
   2.03800011       1.04526830    
   2.03900003       1.04523599    
   2.04000020       1.04520392    
   2.04100013       1.04517186    
   2.04200006       1.04514027    
   2.04299998       1.04510832    
   2.04400015       1.04507697    
   2.04500008       1.04504526    
   2.04600000       1.04501390    
   2.04700017       1.04498243    
   2.04800010       1.04495132    
   2.04900002       1.04491997    
   2.05000019       1.04488909    
   2.05100012       1.04485774    
   2.05200005       1.04482698    
   2.05300021       1.04479587    
   2.05400014       1.04476500    
   2.05500007       1.04473400    
   2.05599999       1.04470325    
   2.05700016       1.04467225    
   2.05800009       1.04464173    
   2.05900002       1.04461062    
   2.06000018       1.04458010    
   2.06100011       1.04454911    
   2.06200004       1.04451859    
   2.06300020       1.04448760    
   2.06400013       1.04445696    
   2.06500006       1.04442596    
   2.06599998       1.04439533    
   2.06700015       1.04436433    
   2.06800008       1.04433358    
   2.06900001       1.04430246    
   2.07000017       1.04427159    
   2.07100010       1.04424036    
   2.07200003       1.04420948    
   2.07300019       1.04417813    
   2.07400012       1.04414701    
   2.07500005       1.04411566    
   2.07600021       1.04408455    
   2.07700014       1.04405296    
   2.07800007       1.04402149    
   2.07900000       1.04398978    
   2.08000016       1.04395819    
   2.08100009       1.04392624    
   2.08200002       1.04389465    
   2.08300018       1.04386222    
   2.08400011       1.04383028    
   2.08500004       1.04379785    
   2.08600020       1.04376578    
   2.08700013       1.04373300    
   2.08800006       1.04370081    
   2.08899999       1.04366779    
   2.09000015       1.04363513    
   2.09100008       1.04360199    
   2.09200001       1.04356909    
   2.09300017       1.04353559    
   2.09400010       1.04350233    
   2.09500003       1.04346859    
   2.09600019       1.04343510    
   2.09700012       1.04340100    
   2.09800005       1.04336703    
   2.09900022       1.04333282    
   2.10000014       1.04329848    
   2.10100007       1.04326367    
   2.10200000       1.04322922    
   2.10300016       1.04319406    
   2.10400009       1.04315925    
   2.10500002       1.04312372    
   2.10600019       1.04308844    
   2.10700011       1.04305255    
   2.10800004       1.04301703    
   2.10900021       1.04298055    
   2.11000013       1.04294467    
   2.11100006       1.04290795    
   2.11199999       1.04287148    
   2.11300015       1.04283452    
   2.11400008       1.04279757    
   2.11500001       1.04276001    
   2.11600018       1.04272282    
   2.11700010       1.04268479    
   2.11800003       1.04264712    
   2.11900020       1.04260886    
   2.12000012       1.04257071    
   2.12100005       1.04253185    
   2.12200022       1.04249322    
   2.12300014       1.04245400    
   2.12400007       1.04241490    
   2.12500000       1.04237533    
   2.12600017       1.04233575    
   2.12700009       1.04229558    
   2.12800002       1.04225564    
   2.12900019       1.04221487    
   2.13000011       1.04217446    
   2.13100004       1.04213321    
   2.13200021       1.04209232    
   2.13300014       1.04205072    
   2.13400006       1.04200923    
   2.13499999       1.04196727    
   2.13600016       1.04192519    
   2.13700008       1.04188263    
   2.13800001       1.04184031    
   2.13900018       1.04179716    
   2.14000010       1.04175413    
   2.14100003       1.04171050    
   2.14200020       1.04166710    
   2.14300013       1.04162300    
   2.14400005       1.04157913    
   2.14500022       1.04153430    
   2.14600015       1.04148996    
   2.14700007       1.04144478    
   2.14800000       1.04139984    
   2.14900017       1.04135418    
   2.15000010       1.04130876    
   2.15100002       1.04126239    
   2.15200019       1.04121649    
   2.15300012       1.04116976    
   2.15400004       1.04112327    
   2.15500021       1.04107594    
   2.15600014       1.04102898    
   2.15700006       1.04098117    
   2.15799999       1.04093361    
   2.15900016       1.04088533    
   2.16000009       1.04083729    
   2.16100001       1.04078853    
   2.16200018       1.04073989    
   2.16300011       1.04069054    
   2.16400003       1.04064143    
   2.16500020       1.04059172    
   2.16600013       1.04054189    
   2.16700006       1.04049158    
   2.16800022       1.04044139    
   2.16900015       1.04039061    
   2.17000008       1.04033995    
   2.17100000       1.04028845    
   2.17200017       1.04023731    
   2.17300010       1.04018533    
   2.17400002       1.04013360    
   2.17500019       1.04008114    
   2.17600012       1.04002893    
   2.17700005       1.03997588    
   2.17800021       1.03992319    
   2.17900014       1.03986979    
   2.18000007       1.03981638    
   2.18099999       1.03976250    
   2.18200016       1.03970873    
   2.18300009       1.03965414    
   2.18400002       1.03959990    
   2.18500018       1.03954482    
   2.18600011       1.03949010    
   2.18700004       1.03943467    
   2.18800020       1.03937924    
   2.18900013       1.03932345    
   2.19000006       1.03926766    
   2.19100022       1.03921103    
   2.19200015       1.03915477    
   2.19300008       1.03909779    
   2.19400001       1.03904116    
   2.19500017       1.03898370    
   2.19600010       1.03892636    
   2.19700003       1.03886843    
   2.19800019       1.03881085    
   2.19900012       1.03875232    
   2.20000005       1.03869426    
   2.20100021       1.03863525    
   2.20200014       1.03857660    
   2.20300007       1.03851724    
   2.20400000       1.03845823    
   2.20500016       1.03839827    
   2.20600009       1.03833866    
   2.20700002       1.03827846    
   2.20800018       1.03821850    
   2.20900011       1.03815770    
   2.21000004       1.03809714    
   2.21100020       1.03803599    
   2.21200013       1.03797519    
   2.21300006       1.03791344    
   2.21399999       1.03785217    
   2.21500015       1.03779006    
   2.21600008       1.03772819    
   2.21700001       1.03766572    
   2.21800017       1.03760362    
   2.21900010       1.03754067    
   2.22000003       1.03747797    
   2.22100019       1.03741467    
   2.22200012       1.03735161    
   2.22300005       1.03728783    
   2.22400022       1.03722441    
   2.22500014       1.03716028    
   2.22600007       1.03709638    
   2.22700000       1.03703177    
   2.22800016       1.03696752    
   2.22900009       1.03690255    
   2.23000002       1.03683794    
   2.23100019       1.03677261    
   2.23200011       1.03670764    
   2.23300004       1.03664184    
   2.23400021       1.03657639    
   2.23500013       1.03651035    
   2.23600006       1.03644466    
   2.23699999       1.03637815    
   2.23800015       1.03631210    
   2.23900008       1.03624511    
   2.24000001       1.03617871    
   2.24100018       1.03611147    
   2.24200010       1.03604472    
   2.24300003       1.03597713    
   2.24400020       1.03590989    
   2.24500012       1.03584206    
   2.24600005       1.03577459    
   2.24700022       1.03570640    
   2.24800014       1.03563845    
   2.24900007       1.03556991    
   2.25000000       1.03550172    
   2.25100017       1.03543293    
   2.25200009       1.03536451    
   2.25300002       1.03529537    
   2.25400019       1.03522658    
   2.25500011       1.03515697    
   2.25600004       1.03508782    
   2.25700021       1.03501809    
   2.25800014       1.03494871    
   2.25900006       1.03487873    
   2.25999999       1.03480899    
   2.26100016       1.03473878    
   2.26200008       1.03466868    
   2.26300001       1.03459811    
   2.26400018       1.03452790    
   2.26500010       1.03445697    
   2.26600003       1.03438652    
   2.26700020       1.03431523    
   2.26800013       1.03424454    
   2.26900005       1.03417313    
   2.27000022       1.03410220    
   2.27100015       1.03403032    
   2.27200007       1.03395915    
   2.27300000       1.03388715    
   2.27400017       1.03381586    
   2.27500010       1.03374362    
   2.27600002       1.03367186    
   2.27700019       1.03359950    
   2.27800012       1.03352749    
   2.27900004       1.03345501    
   2.28000021       1.03338277    
   2.28100014       1.03330994    
   2.28200006       1.03323758    
   2.28299999       1.03316450    
   2.28400016       1.03309190    
   2.28500009       1.03301871    
   2.28600001       1.03294599    
   2.28700018       1.03287256    
   2.28800011       1.03279948    
   2.28900003       1.03272605    
   2.29000020       1.03265274    
   2.29100013       1.03257895    
   2.29200006       1.03250575    
   2.29300022       1.03243172    
   2.29400015       1.03235817    
   2.29500008       1.03228414    
   2.29600000       1.03221047    
   2.29700017       1.03213620    
   2.29800010       1.03206241    
   2.29900002       1.03198791    
   2.30000019       1.03191388    
   2.30100012       1.03183913    
   2.30200005       1.03176510    
   2.30300021       1.03169036    
   2.30400014       1.03161609    
   2.30500007       1.03154135    
   2.30599999       1.03146684    
   2.30700016       1.03139186    
   2.30800009       1.03131723    
   2.30900002       1.03124237    
   2.31000018       1.03116763    
   2.31100011       1.03109241    
   2.31200004       1.03101766    
   2.31300020       1.03094232    
   2.31400013       1.03086758    
   2.31500006       1.03079200    
   2.31600022       1.03071702    
   2.31700015       1.03064144    
   2.31800008       1.03056645    
   2.31900001       1.03049088    
   2.32000017       1.03041565    
   2.32100010       1.03033996    
   2.32200003       1.03026485    
   2.32300019       1.03018904    
   2.32400012       1.03011370    
   2.32500005       1.03003788    
   2.32600021       1.02996242    
   2.32700014       1.02988648    
   2.32800007       1.02981114    
   2.32900000       1.02973509    
   2.33000016       1.02965975    
   2.33100009       1.02958357    
   2.33200002       1.02950811    
   2.33300018       1.02943194    
   2.33400011       1.02935648    
   2.33500004       1.02928030    
   2.33600020       1.02920461    
   2.33700013       1.02912831    
   2.33800006       1.02905273    
   2.33900023       1.02897656    
   2.34000015       1.02890086    
   2.34100008       1.02882457    
   2.34200001       1.02874887    
   2.34300017       1.02867258    
   2.34400010       1.02859676    
   2.34500003       1.02852058    
   2.34600019       1.02844489    
   2.34700012       1.02836859    
   2.34800005       1.02829278    
   2.34900022       1.02821648    
   2.35000014       1.02814066    
   2.35100007       1.02806437    
   2.35200000       1.02798879    
   2.35300016       1.02791226    
   2.35400009       1.02783668    
   2.35500002       1.02776027    
   2.35600019       1.02768457    
   2.35700011       1.02760828    
   2.35800004       1.02753270    
   2.35900021       1.02745628    
   2.36000013       1.02738070    
   2.36100006       1.02730453    
   2.36200023       1.02722883    
   2.36300015       1.02715254    
   2.36400008       1.02707684    
   2.36500001       1.02700078    
   2.36600018       1.02692521    
   2.36700010       1.02684903    
   2.36800003       1.02677345    
   2.36900020       1.02669740    
   2.37000012       1.02662182    
   2.37100005       1.02654564    
   2.37200022       1.02647030    
   2.37300014       1.02639437    
   2.37400007       1.02631879    
   2.37500000       1.02624297    
   2.37600017       1.02616763    
   2.37700009       1.02609169    
   2.37800002       1.02601647    
   2.37900019       1.02594054    
   2.38000011       1.02586544    
   2.38100004       1.02578950    
   2.38200021       1.02571440    
   2.38300014       1.02563870    
   2.38400006       1.02556360    
   2.38500023       1.02548802    
   2.38600016       1.02541304    
   2.38700008       1.02533746    
   2.38800001       1.02526259    
   2.38900018       1.02518713    
   2.39000010       1.02511227    
   2.39100003       1.02503693    
   2.39200020       1.02496231    
   2.39300013       1.02488697    
   2.39400005       1.02481234    
   2.39500022       1.02473712    
   2.39600015       1.02466261    
   2.39700007       1.02458739    
   2.39800000       1.02451301    
   2.39900017       1.02443802    
   2.40000010       1.02436364    
   2.40100002       1.02428877    
   2.40200019       1.02421463    
   2.40300012       1.02413988    
   2.40400004       1.02406561    
   2.40500021       1.02399111    
   2.40600014       1.02391708    
   2.40700006       1.02384245    
   2.40800023       1.02376866    
   2.40900016       1.02369404    
   2.41000009       1.02362037    
   2.41100001       1.02354598    
   2.41200018       1.02347243    
   2.41300011       1.02339828    
   2.41400003       1.02332473    
   2.41500020       1.02325070    
   2.41600013       1.02317739    
   2.41700006       1.02310348    
   2.41800022       1.02303004    
   2.41900015       1.02295637    
   2.42000008       1.02288330    
   2.42100000       1.02280962    
   2.42200017       1.02273667    
   2.42300010       1.02266312    
   2.42400002       1.02259028    
   2.42500019       1.02251697    
   2.42600012       1.02244425    
   2.42700005       1.02237093    
   2.42800021       1.02229857    
   2.42900014       1.02222550    
   2.43000007       1.02215302    
   2.43100023       1.02208018    
   2.43200016       1.02200794    
   2.43300009       1.02193499    
   2.43400002       1.02186298    
   2.43500018       1.02179039    
   2.43600011       1.02171838    
   2.43700004       1.02164602    
   2.43800020       1.02157414    
   2.43900013       1.02150190    
   2.44000006       1.02143049    
   2.44100022       1.02135825    
   2.44200015       1.02128673    
   2.44300008       1.02121484    
   2.44400001       1.02114344    
   2.44500017       1.02107167    
   2.44600010       1.02100074    
   2.44700003       1.02092886    
   2.44800019       1.02085793    
   2.44900012       1.02078664    
   2.45000005       1.02071583    
   2.45100021       1.02064466    
   2.45200014       1.02057397    
   2.45300007       1.02050292    
   2.45400023       1.02043247    
   2.45500016       1.02036166    
   2.45600009       1.02029133    
   2.45700002       1.02022064    
   2.45800018       1.02015066    
   2.45900011       1.02008009    
   2.46000004       1.02001011    
   2.46100020       1.01993978    
   2.46200013       1.01987004    
   2.46300006       1.01979971    
   2.46400023       1.01973033    
   2.46500015       1.01966035    
   2.46600008       1.01959097    
   2.46700001       1.01952136    
   2.46800017       1.01945210    
   2.46900010       1.01938260    
   2.47000003       1.01931369    
   2.47100019       1.01924419    
   2.47200012       1.01917541    
   2.47300005       1.01910615    
   2.47400022       1.01903772    
   2.47500014       1.01896870    
   2.47600007       1.01890028    
   2.47700024       1.01883149    
   2.47800016       1.01876330    
   2.47900009       1.01869476    
   2.48000002       1.01862669    
   2.48100019       1.01855826    
   2.48200011       1.01849043    
   2.48300004       1.01842225    
   2.48400021       1.01835477    
   2.48500013       1.01828671    
   2.48600006       1.01821935    
   2.48700023       1.01815152    
   2.48800015       1.01808441    
   2.48900008       1.01801682    
   2.49000001       1.01794982    
   2.49100018       1.01788247    
   2.49200010       1.01781595    
   2.49300003       1.01774859    
   2.49400020       1.01768208    
   2.49500012       1.01761520    
   2.49600005       1.01754892    
   2.49700022       1.01748204    
   2.49800014       1.01741588    
   2.49900007       1.01734936    
   2.50000000       1.01728356    
   2.50100017       1.01721716    
   2.50200009       1.01718318    
   2.50300002       1.01714861    
   2.50400019       1.01711464    
   2.50500011       1.01708019    
   2.50600004       1.01704633    
   2.50700021       1.01701176    
   2.50800014       1.01697791    
   2.50900006       1.01694345    
   2.51000023       1.01690960    
   2.51100016       1.01687527    
   2.51200008       1.01684141    
   2.51300001       1.01680708    
   2.51400018       1.01677346    
   2.51500010       1.01673901    
   2.51600003       1.01670539    
   2.51700020       1.01667106    
   2.51800013       1.01663744    
   2.51900005       1.01660323    
   2.52000022       1.01656961    
   2.52100015       1.01653540    
   2.52200007       1.01650178    
   2.52300000       1.01646781    
   2.52400017       1.01643419    
   2.52500010       1.01640022    
   2.52600002       1.01636672    
   2.52700019       1.01633275    
   2.52800012       1.01629937    
   2.52900004       1.01626539    
   2.53000021       1.01623201    
   2.53100014       1.01619816    
   2.53200006       1.01616490    
   2.53300023       1.01613104    
   2.53400016       1.01609778    
   2.53500009       1.01606405    
   2.53600001       1.01603091    
   2.53700018       1.01599717    
   2.53800011       1.01596415    
   2.53900003       1.01593041    
   2.54000020       1.01589739    
   2.54100013       1.01586378    
   2.54200006       1.01583087    
   2.54300022       1.01579738    
   2.54400015       1.01576447    
   2.54500008       1.01573098    
   2.54600000       1.01569819    
   2.54700017       1.01566470    
   2.54800010       1.01563203    
   2.54900002       1.01559865    
   2.55000019       1.01556599    
   2.55100012       1.01553273    
   2.55200005       1.01550019    
   2.55300021       1.01546705    
   2.55400014       1.01543450    
   2.55500007       1.01540136    
   2.55600023       1.01536894    
   2.55700016       1.01533592    
   2.55800009       1.01530361    
   2.55900002       1.01527059    
   2.56000018       1.01523840    
   2.56100011       1.01520550    
   2.56200004       1.01517332    
   2.56300020       1.01514041    
   2.56400013       1.01510835    
   2.56500006       1.01507568    
   2.56600022       1.01504362    
   2.56700015       1.01501095    
   2.56800008       1.01497900    
   2.56900001       1.01494646    
   2.57000017       1.01491463    
   2.57100010       1.01488209    
   2.57200003       1.01485038    
   2.57300019       1.01481795    
   2.57400012       1.01478624    
   2.57500005       1.01475394    
   2.57600021       1.01472235    
   2.57700014       1.01469016    
   2.57800007       1.01465857    
   2.57900023       1.01462650    
   2.58000016       1.01459503    
   2.58100009       1.01456308    
   2.58200002       1.01453173    
   2.58300018       1.01449978    
   2.58400011       1.01446855    
   2.58500004       1.01443672    
   2.58600020       1.01440549    
   2.58700013       1.01437378    
   2.58800006       1.01434267    
   2.58900023       1.01431096    
   2.59000015       1.01427996    
   2.59100008       1.01424849    
   2.59200001       1.01421750    
   2.59300017       1.01418614    
   2.59400010       1.01415527    
   2.59500003       1.01412392    
   2.59600019       1.01409316    
   2.59700012       1.01406193    
   2.59800005       1.01403129    
   2.59900022       1.01400018    
   2.60000014       1.01396966    
   2.60100007       1.01393855    
   2.60200024       1.01390815    
   2.60300016       1.01387715    
   2.60400009       1.01384687    
   2.60500002       1.01381600    
   2.60600019       1.01378572    
   2.60700011       1.01375496    
   2.60800004       1.01372480    
   2.60900021       1.01369417    
   2.61000013       1.01366413    
   2.61100006       1.01363349    
   2.61200023       1.01360357    
   2.61300015       1.01357305    
   2.61400008       1.01354325    
   2.61500001       1.01351285    
   2.61600018       1.01348317    
   2.61700010       1.01345289    
   2.61800003       1.01342320    
   2.61900020       1.01339304    
   2.62000012       1.01336360    
   2.62100005       1.01333344    
   2.62200022       1.01330411    
   2.62300014       1.01327407    
   2.62400007       1.01324475    
   2.62500024       1.01321495    
   2.62600017       1.01318574    
   2.62700009       1.01315594    
   2.62800002       1.01312685    
   2.62900019       1.01309717    
   2.63000011       1.01306820    
   2.63100004       1.01303864    
   2.63200021       1.01300967    
   2.63300014       1.01298022    
   2.63400006       1.01295149    
   2.63500023       1.01292217    
   2.63600016       1.01289344    
   2.63700008       1.01286423    
   2.63800001       1.01283562    
   2.63900018       1.01280653    
   2.64000010       1.01277804    
   2.64100003       1.01274896    
   2.64200020       1.01272058    
   2.64300013       1.01269174    
   2.64400005       1.01266348    
   2.64500022       1.01263463    
   2.64600015       1.01260650    
   2.64700007       1.01257777    
   2.64800024       1.01254976    
   2.64900017       1.01252115    
   2.65000010       1.01249313    
   2.65100002       1.01246476    
   2.65200019       1.01243687    
   2.65300012       1.01240849    
   2.65400004       1.01238072    
   2.65500021       1.01235247    
   2.65600014       1.01232493    
   2.65700006       1.01229668    
   2.65800023       1.01226926    
   2.65900016       1.01224113    
   2.66000009       1.01221371    
   2.66100001       1.01218581    
   2.66200018       1.01215851    
   2.66300011       1.01213074    
   2.66400003       1.01210356    
   2.66500020       1.01207578    
   2.66600013       1.01204872    
   2.66700006       1.01202106    
   2.66800022       1.01199412    
   2.66900015       1.01196659    
   2.67000008       1.01193976    
   2.67100024       1.01191235    
   2.67200017       1.01188564    
   2.67300010       1.01185834    
   2.67400002       1.01183164    
   2.67500019       1.01180458    
   2.67600012       1.01177800    
   2.67700005       1.01175094    
   2.67800021       1.01172447    
   2.67900014       1.01169753    
   2.68000007       1.01167130    
   2.68100023       1.01164448    
   2.68200016       1.01161826    
   2.68300009       1.01159143    
   2.68400002       1.01156545    
   2.68500018       1.01153874    
   2.68600011       1.01151276    
   2.68700004       1.01148629    
   2.68800020       1.01146042    
   2.68900013       1.01143408    
   2.69000006       1.01140821    
   2.69100022       1.01138198    
   2.69200015       1.01135635    
   2.69300008       1.01133013    
   2.69400024       1.01130462    
   2.69500017       1.01127851    
   2.69600010       1.01125300    
   2.69700003       1.01122713    
   2.69800019       1.01120186    
   2.69900012       1.01117599    
   2.70000005       1.01115072    
   2.70100021       1.01112497    
   2.70200014       1.01109993    
   2.70300007       1.01107430    
   2.70400023       1.01104927    
   2.70500016       1.01102376    
   2.70600009       1.01099885    
   2.70700002       1.01097345    
   2.70800018       1.01094866    
   2.70900011       1.01092339    
   2.71000004       1.01089871    
   2.71100020       1.01087356    
   2.71200013       1.01084900    
   2.71300006       1.01082397    
   2.71400023       1.01079941    
   2.71500015       1.01077449    
   2.71600008       1.01075017    
   2.71700025       1.01072526    
   2.71800017       1.01070106    
   2.71900010       1.01067638    
   2.72000003       1.01065218    
   2.72100019       1.01062751    
   2.72200012       1.01060355    
   2.72300005       1.01057899    
   2.72400022       1.01055515    
   2.72500014       1.01053071    
   2.72600007       1.01050687    
   2.72700024       1.01048255    
   2.72800016       1.01045895    
   2.72900009       1.01043463    
   2.73000002       1.01041114    
   2.73100019       1.01038706    
   2.73200011       1.01036358    
   2.73300004       1.01033962    
   2.73400021       1.01031613    
   2.73500013       1.01029229    
   2.73600006       1.01026905    
   2.73700023       1.01024532    
   2.73800015       1.01022220    
   2.73900008       1.01019847    
   2.74000025       1.01017547    
   2.74100018       1.01015186    
   2.74200010       1.01012897    
   2.74300003       1.01010549    
   2.74400020       1.01008260    
   2.74500012       1.01005936    
   2.74600005       1.01003659    
   2.74700022       1.01001346    
   2.74800014       1.00999069    
   2.74900007       1.00996768    
   2.75000024       1.00994515    
   2.75100017       1.00992215    
   2.75200009       1.00989974    
   2.75300002       1.00987685    
   2.75400019       1.00985444    
   2.75500011       1.00983179    
   2.75600004       1.00980949    
   2.75700021       1.00978684    
   2.75800014       1.00976467    
   2.75900006       1.00974214    
   2.76000023       1.00972021    
   2.76100016       1.00969768    
   2.76200008       1.00967574    
   2.76300025       1.00965345    
   2.76400018       1.00963163    
   2.76500010       1.00960934    
   2.76600003       1.00958765    
   2.76700020       1.00956559    
   2.76800013       1.00954401    
   2.76900005       1.00952184    
   2.77000022       1.00950038    
   2.77100015       1.00947845    
   2.77200007       1.00945711    
   2.77300024       1.00943530    
   2.77400017       1.00941396    
   2.77500010       1.00939226    
   2.77600002       1.00937104    
   2.77700019       1.00934947    
   2.77800012       1.00932837    
   2.77900004       1.00930691    
   2.78000021       1.00928593    
   2.78100014       1.00926447    
   2.78200006       1.00924361    
   2.78300023       1.00922227    
   2.78400016       1.00920153    
   2.78500009       1.00918031    
   2.78600001       1.00915956    
   2.78700018       1.00913846    
   2.78800011       1.00911796    
   2.78900003       1.00909698    
   2.79000020       1.00907648    
   2.79100013       1.00905561    
   2.79200006       1.00903523    
   2.79300022       1.00901437    
   2.79400015       1.00899410    
   2.79500008       1.00897336    
   2.79600024       1.00895321    
   2.79700017       1.00893259    
   2.79800010       1.00891256    
   2.79900002       1.00889206    
   2.80000019       1.00887215    
   2.80100012       1.00885165    
   2.80200005       1.00883186    
   2.80300021       1.00881147    
   2.80400014       1.00879169    
   2.80500007       1.00877154    
   2.80600023       1.00875187    
   2.80700016       1.00873172    
   2.80800009       1.00871217    
   2.80900002       1.00869215    
   2.81000018       1.00867271    
   2.81100011       1.00865281    
   2.81200004       1.00863338    
   2.81300020       1.00861359    
   2.81400013       1.00859427    
   2.81500006       1.00857460    
   2.81600022       1.00855541    
   2.81700015       1.00853574    
   2.81800008       1.00851667    
   2.81900024       1.00849712    
   2.82000017       1.00847816    
   2.82100010       1.00845873    
   2.82200003       1.00843978    
   2.82300019       1.00842047    
   2.82400012       1.00840163    
   2.82500005       1.00838244    
   2.82600021       1.00836372    
   2.82700014       1.00834453    
   2.82800007       1.00832593    
   2.82900023       1.00830686    
   2.83000016       1.00828838    
   2.83100009       1.00826943    
   2.83200002       1.00825095    
   2.83300018       1.00823212    
   2.83400011       1.00821376    
   2.83500004       1.00819492    
   2.83600020       1.00817668    
   2.83700013       1.00815809    
   2.83800006       1.00813997    
   2.83900023       1.00812137    
   2.84000015       1.00810325    
   2.84100008       1.00808477    
   2.84200025       1.00806677    
   2.84300017       1.00804842    
   2.84400010       1.00803053    
   2.84500003       1.00801218    
   2.84600019       1.00799441    
   2.84700012       1.00797617    
   2.84800005       1.00795853    
   2.84900022       1.00794041    
   2.85000014       1.00792277    
   2.85100007       1.00790477    
   2.85200024       1.00788724    
   2.85300016       1.00786924    
   2.85400009       1.00785184    
   2.85500002       1.00783396    
   2.85600019       1.00781667    
   2.85700011       1.00779891    
   2.85800004       1.00778162    
   2.85900021       1.00776398    
   2.86000013       1.00774682    
   2.86100006       1.00772917    
   2.86200023       1.00771213    
   2.86300015       1.00769460    
   2.86400008       1.00767767    
   2.86500025       1.00766027    
   2.86600018       1.00764334    
   2.86700010       1.00762594    
   2.86800003       1.00760913    
   2.86900020       1.00759196    
   2.87000012       1.00757515    
   2.87100005       1.00755799    
   2.87200022       1.00754142    
   2.87300014       1.00752437    
   2.87400007       1.00750780    
   2.87500024       1.00749075    
   2.87600017       1.00747430    
   2.87700009       1.00745738    
   2.87800002       1.00744104    
   2.87900019       1.00742424    
   2.88000011       1.00740790    
   2.88100004       1.00739121    
   2.88200021       1.00737488    
   2.88300014       1.00735831    
   2.88400006       1.00734210    
   2.88500023       1.00732553    
   2.88600016       1.00730956    
   2.88700008       1.00729299    
   2.88800025       1.00727701    
   2.88900018       1.00726068    
   2.89000010       1.00724471    
   2.89100003       1.00722849    
   2.89200020       1.00721264    
   2.89300013       1.00719643    
   2.89400005       1.00718069    
   2.89500022       1.00716448    
   2.89600015       1.00714886    
   2.89700007       1.00713277    
   2.89800024       1.00711715    
   2.89900017       1.00710118    
   2.90000010       1.00708568    
   2.90100002       1.00706983    
   2.90200019       1.00705433    
   2.90300012       1.00703859    
   2.90400004       1.00702322    
   2.90500021       1.00700748    
   2.90600014       1.00699222    
   2.90700006       1.00697649    
   2.90800023       1.00696135    
   2.90900016       1.00694573    
   2.91000009       1.00693059    
   2.91100025       1.00691509    
   2.91200018       1.00690007    
   2.91300011       1.00688469    
   2.91400003       1.00686967    
   2.91500020       1.00685430    
   2.91600013       1.00683939    
   2.91700006       1.00682414    
   2.91800022       1.00680935    
   2.91900015       1.00679421    
   2.92000008       1.00677943    
   2.92100024       1.00676429    
   2.92200017       1.00674963    
   2.92300010       1.00673461    
   2.92400002       1.00671995    
   2.92500019       1.00670505    
   2.92600012       1.00669050    
   2.92700005       1.00667560    
   2.92800021       1.00666118    
   2.92900014       1.00664639    
   2.93000007       1.00663197    
   2.93100023       1.00661719    
   2.93200016       1.00660288    
   2.93300009       1.00658822    
   2.93400025       1.00657403    
   2.93500018       1.00655937    
   2.93600011       1.00654531    
   2.93700004       1.00653076    
   2.93800020       1.00651670    
   2.93900013       1.00650215    
   2.94000006       1.00648820    
   2.94100022       1.00647378    
   2.94200015       1.00645983    
   2.94300008       1.00644553    
   2.94400024       1.00643158    
   2.94500017       1.00641739    
   2.94600010       1.00640357    
   2.94700003       1.00638938    
   2.94800019       1.00637567    
   2.94900012       1.00636160    
   2.95000005       1.00634789    
   2.95100021       1.00633383    
   2.95200014       1.00632024    
   2.95300007       1.00630629    
   2.95400023       1.00629270    
   2.95500016       1.00627887    
   2.95600009       1.00626540    
   2.95700026       1.00625157    
   2.95800018       1.00623810    
   2.95900011       1.00622439    
   2.96000004       1.00621104    
   2.96100020       1.00619733    
   2.96200013       1.00618410    
   2.96300006       1.00617051    
   2.96400023       1.00615728    
   2.96500015       1.00614369    
   2.96600008       1.00613058    
   2.96700025       1.00611711    
   2.96800017       1.00610399    
   2.96900010       1.00609052    
   2.97000003       1.00607753    
   2.97100019       1.00606418    
   2.97200012       1.00605118    
   2.97300005       1.00603795    
   2.97400022       1.00602508    
   2.97500014       1.00601184    
   2.97600007       1.00599897    
   2.97700024       1.00598574    
   2.97800016       1.00597298    
   2.97900009       1.00595987    
   2.98000026       1.00594723    
   2.98100019       1.00593412    
   2.98200011       1.00592148    
   2.98300004       1.00590849    
   2.98400021       1.00589597    
   2.98500013       1.00588310    
   2.98600006       1.00587058    
   2.98700023       1.00585771    
   2.98800015       1.00584519    
   2.98900008       1.00583243    
   2.99000025       1.00582004    
   2.99100018       1.00580728    
   2.99200010       1.00579488    
   2.99300003       1.00578225    
   2.99400020       1.00576997    
   2.99500012       1.00575733    
   2.99600005       1.00574517    
   2.99700022       1.00573254    
   2.99800014       1.00572038    
   2.99900007       1.00570786    
   3.00000024       1.00569582    
   3.00100017       1.00568330    
   3.00200009       1.00567126    
   3.00300026       1.00565886    
   3.00400019       1.00564694    
   3.00500011       1.00563455    
   3.00600004       1.00562263    
   3.00700021       1.00561035    
   3.00800014       1.00559855    
   3.00900006       1.00558627    
   3.01000023       1.00557446    
   3.01100016       1.00556231    
   3.01200008       1.00555050    
   3.01300025       1.00553846    
   3.01400018       1.00552666    
   3.01500010       1.00551462    
   3.01600003       1.00550306    
   3.01700020       1.00549102    
   3.01800013       1.00547945    
   3.01900005       1.00546753    
   3.02000022       1.00545597    
   3.02100015       1.00544405    
   3.02200007       1.00543249    
   3.02300024       1.00542068    
   3.02400017       1.00540924    
   3.02500010       1.00539744    
   3.02600026       1.00538611    
   3.02700019       1.00537431    
   3.02800012       1.00536299    
   3.02900004       1.00535131    
   3.03000021       1.00534010    
   3.03100014       1.00532842    
   3.03200006       1.00531721    
   3.03300023       1.00530565    
   3.03400016       1.00529444    
   3.03500009       1.00528288    
   3.03600025       1.00527179    
   3.03700018       1.00526035    
   3.03800011       1.00524926    
   3.03900003       1.00523782    
   3.04000020       1.00522673    
   3.04100013       1.00521541    
   3.04200006       1.00520444    
   3.04300022       1.00519311    
   3.04400015       1.00518215    
   3.04500008       1.00517094    
   3.04600024       1.00515997    
   3.04700017       1.00514877    
   3.04800010       1.00513792    
   3.04900026       1.00512683    
   3.05000019       1.00511599    
   3.05100012       1.00510490    
   3.05200005       1.00509405    
   3.05300021       1.00508308    
   3.05400014       1.00507236    
   3.05500007       1.00506127    
   3.05600023       1.00505066    
   3.05700016       1.00503969    
   3.05800009       1.00502908    
   3.05900025       1.00501812    
   3.06000018       1.00500762    
   3.06100011       1.00499666    
   3.06200004       1.00498617    
   3.06300020       1.00497532    
   3.06400013       1.00496483    
   3.06500006       1.00495410    
   3.06600022       1.00494361    
   3.06700015       1.00493288    
   3.06800008       1.00492251    
   3.06900024       1.00491178    
   3.07000017       1.00490141    
   3.07100010       1.00489080    
   3.07200003       1.00488055    
   3.07300019       1.00486994    
   3.07400012       1.00485969    
   3.07500005       1.00484908    
   3.07600021       1.00483882    
   3.07700014       1.00482833    
   3.07800007       1.00481820    
   3.07900023       1.00480771    
   3.08000016       1.00479758    
   3.08100009       1.00478721    
   3.08200026       1.00477707    
   3.08300018       1.00476670    
   3.08400011       1.00475657    
   3.08500004       1.00474632    
   3.08600020       1.00473630    
   3.08700013       1.00472593    
   3.08800006       1.00471592    
   3.08900023       1.00470579    
   3.09000015       1.00469577    
   3.09100008       1.00468552    
   3.09200025       1.00467563    
   3.09300017       1.00466549    
   3.09400010       1.00465560    
   3.09500003       1.00464547    
   3.09600019       1.00463569    
   3.09700012       1.00462556    
   3.09800005       1.00461578    
   3.09900022       1.00460577    
   3.10000014       1.00459599    
   3.10100007       1.00458598    
   3.10200024       1.00457633    
   3.10300016       1.00456631    
   3.10400009       1.00455666    
   3.10500026       1.00454676    
   3.10600019       1.00453711    
   3.10700011       1.00452721    
   3.10800004       1.00451767    
   3.10900021       1.00450778    
   3.11000013       1.00449824    
   3.11100006       1.00448847    
   3.11200023       1.00447893    
   3.11300015       1.00446916    
   3.11400008       1.00445962    
   3.11500025       1.00444996    
   3.11600018       1.00444055    
   3.11700010       1.00443077    
   3.11800003       1.00442135    
   3.11900020       1.00441170    
   3.12000012       1.00440240    
   3.12100005       1.00439274    
   3.12200022       1.00438333    
   3.12300014       1.00437379    
   3.12400007       1.00436449    
   3.12500024       1.00435495    
   3.12600017       1.00434566    
   3.12700009       1.00433612    
   3.12800026       1.00432694    
   3.12900019       1.00431740    
   3.13000011       1.00430822    
   3.13100004       1.00429881    
   3.13200021       1.00428963    
   3.13300014       1.00428021    
   3.13400006       1.00427115    
   3.13500023       1.00426173    
   3.13600016       1.00425267    
   3.13700008       1.00424325    
   3.13800025       1.00423419    
   3.13900018       1.00422490    
   3.14000010       1.00421584    
   3.14100003       1.00420666    
   3.14200020       1.00419760    
   3.14300013       1.00418842    
   3.14400005       1.00417948    
   3.14500022       1.00417018    
   3.14600015       1.00416124    
   3.14700007       1.00415218    
   3.14800024       1.00414324    
   3.14900017       1.00413406    
   3.15000010       1.00412524    
   3.15100026       1.00411618    
   3.15200019       1.00410724    
   3.15300012       1.00409818    
   3.15400004       1.00408936    
   3.15500021       1.00408041    
   3.15600014       1.00407159    
   3.15700006       1.00406265    
   3.15800023       1.00405383    
   3.15900016       1.00404489    
   3.16000009       1.00403619    
   3.16100025       1.00402725    
   3.16200018       1.00401855    
   3.16300011       1.00400960    
   3.16400003       1.00400090    
   3.16500020       1.00399208    
   3.16600013       1.00398350    
   3.16700006       1.00397468    
   3.16800022       1.00396597    
   3.16900015       1.00395727    
   3.17000008       1.00394869    
   3.17100024       1.00393987    
   3.17200017       1.00393128    
   3.17300010       1.00392258    
   3.17400026       1.00391412    
   3.17500019       1.00390530    
   3.17600012       1.00389683    
   3.17700005       1.00388813    
   3.17800021       1.00387967    
   3.17900014       1.00387108    
   3.18000007       1.00386262    
   3.18100023       1.00385404    
   3.18200016       1.00384557    
   3.18300009       1.00383699    
   3.18400025       1.00382864    
   3.18500018       1.00382006    
   3.18600011       1.00381172    
   3.18700004       1.00380325    
   3.18800020       1.00379491    
   3.18900013       1.00378644    
   3.19000006       1.00377810    
   3.19100022       1.00376964    
   3.19200015       1.00376141    
   3.19300008       1.00375295    
   3.19400024       1.00374472    
   3.19500017       1.00373626    
   3.19600010       1.00372803    
   3.19700027       1.00371969    
   3.19800019       1.00371146    
   3.19900012       1.00370312    
   3.20000005       1.00369501    
   3.20100021       1.00368667    
   3.20200014       1.00367856    
   3.20300007       1.00367022    
   3.20400023       1.00366211    
   3.20500016       1.00365388    
   3.20600009       1.00364578    
   3.20700026       1.00363755    
   3.20800018       1.00362945    
   3.20900011       1.00362122    
   3.21000004       1.00361323    
   3.21100020       1.00360501    
   3.21200013       1.00359702    
   3.21300006       1.00358880    
   3.21400023       1.00358093    
   3.21500015       1.00357270    
   3.21600008       1.00356483    
   3.21700025       1.00355673    
   3.21800017       1.00354874    
   3.21900010       1.00354064    
   3.22000027       1.00353277    
   3.22100019       1.00352466    
   3.22200012       1.00351679    
   3.22300005       1.00350881    
   3.22400022       1.00350094    
   3.22500014       1.00349295    
   3.22600007       1.00348508    
   3.22700024       1.00347722    
   3.22800016       1.00346935    
   3.22900009       1.00346136    
   3.23000026       1.00345361    
   3.23100019       1.00344574    
   3.23200011       1.00343800    
   3.23300004       1.00343001    
   3.23400021       1.00342238    
   3.23500013       1.00341451    
   3.23600006       1.00340676    
   3.23700023       1.00339890    
   3.23800015       1.00339127    
   3.23900008       1.00338340    
   3.24000025       1.00337577    
   3.24100018       1.00336802    
   3.24200010       1.00336039    
   3.24300027       1.00335252    
   3.24400020       1.00334501    
   3.24500012       1.00333726    
   3.24600005       1.00332963    
   3.24700022       1.00332189    
   3.24800014       1.00331438    
   3.24900007       1.00330663    
   3.25000024       1.00329912    
   3.25100017       1.00329149    
   3.25200009       1.00328398    
   3.25300026       1.00327635    
   3.25400019       1.00326884    
   3.25500011       1.00326121    
   3.25600004       1.00325370    
   3.25700021       1.00324619    
   3.25800014       1.00323868    
   3.25900006       1.00323117    
   3.26000023       1.00322378    
   3.26100016       1.00321615    
   3.26200008       1.00320876    
   3.26300025       1.00320125    
   3.26400018       1.00319386    
   3.26500010       1.00318635    
   3.26600027       1.00317907    
   3.26700020       1.00317156    
   3.26800013       1.00316429    
   3.26900005       1.00315678    
   3.27000022       1.00314951    
   3.27100015       1.00314212    
   3.27200007       1.00313473    
   3.27300024       1.00312734    
   3.27400017       1.00312018    
   3.27500010       1.00311279    
   3.27600026       1.00310552    
   3.27700019       1.00309813    
   3.27800012       1.00309098    
   3.27900004       1.00308359    
   3.28000021       1.00307643    
   3.28100014       1.00306916    
   3.28200006       1.00306201    
   3.28300023       1.00305462    
   3.28400016       1.00304747    
   3.28500009       1.00304031    
   3.28600025       1.00303316    
   3.28700018       1.00302589    
   3.28800011       1.00301886    
   3.28900027       1.00301158    
   3.29000020       1.00300455    
   3.29100013       1.00299728    
   3.29200006       1.00299025    
   3.29300022       1.00298309    
   3.29400015       1.00297606    
   3.29500008       1.00296891    
   3.29600024       1.00296187    
   3.29700017       1.00295484    
   3.29800010       1.00294781    
   3.29900026       1.00294065    
   3.30000019       1.00293374    
   3.30100012       1.00292671    
   3.30200005       1.00291967    
   3.30300021       1.00291264    
   3.30400014       1.00290573    
   3.30500007       1.00289869    
   3.30600023       1.00289178    
   3.30700016       1.00288486    
   3.30800009       1.00287795    
   3.30900025       1.00287092    
   3.31000018       1.00286412    
   3.31100011       1.00285709    
   3.31200027       1.00285029    
   3.31300020       1.00284338    
   3.31400013       1.00283659    
   3.31500006       1.00282967    
   3.31600022       1.00282288    
   3.31700015       1.00281596    
   3.31800008       1.00280917    
   3.31900024       1.00280225    
   3.32000017       1.00279558    
   3.32100010       1.00278866    
   3.32200027       1.00278199    
   3.32300019       1.00277519    
   3.32400012       1.00276840    
   3.32500005       1.00276160    
   3.32600021       1.00275493    
   3.32700014       1.00274813    
   3.32800007       1.00274158    
   3.32900023       1.00273478    
   3.33000016       1.00272810    
   3.33100009       1.00272143    
   3.33200026       1.00271475    
   3.33300018       1.00270808    
   3.33400011       1.00270140    
   3.33500028       1.00269473    
   3.33600020       1.00268817    
   3.33700013       1.00268149    
   3.33800006       1.00267494    
   3.33900023       1.00266838    
   3.34000015       1.00266182    
   3.34100008       1.00265515    
   3.34200025       1.00264859    
   3.34300017       1.00264204    
   3.34400010       1.00263560    
   3.34500027       1.00262892    
   3.34600019       1.00262249    
   3.34700012       1.00261593    
   3.34800005       1.00260949    
   3.34900022       1.00260293    
   3.35000014       1.00259650    
   3.35100007       1.00259006    
   3.35200024       1.00258362    
   3.35300016       1.00257719    
   3.35400009       1.00257075    
   3.35500026       1.00256431    
   3.35600019       1.00255787    
   3.35700011       1.00255144    
   3.35800028       1.00254512    
   3.35900021       1.00253868    
   3.36000013       1.00253236    
   3.36100006       1.00252593    
   3.36200023       1.00251961    
   3.36300015       1.00251329    
   3.36400008       1.00250697    
   3.36500025       1.00250065    
   3.36600018       1.00249434    
   3.36700010       1.00248802    
   3.36800027       1.00248182    
   3.36900020       1.00247550    
   3.37000012       1.00246930    
   3.37100005       1.00246298    
   3.37200022       1.00245678    
   3.37300014       1.00245059    
   3.37400007       1.00244439    
   3.37500024       1.00243807    
   3.37600017       1.00243199    
   3.37700009       1.00242579    
   3.37800026       1.00241959    
   3.37900019       1.00241339    
   3.38000011       1.00240731    
   3.38100004       1.00240111    
   3.38200021       1.00239503    
   3.38300014       1.00238883    
   3.38400006       1.00238276    
   3.38500023       1.00237668    
   3.38600016       1.00237060    
   3.38700008       1.00236452    
   3.38800025       1.00235844    
   3.38900018       1.00235236    
   3.39000010       1.00234640    
   3.39100027       1.00234032    
   3.39200020       1.00233424    
   3.39300013       1.00232828    
   3.39400005       1.00232232    
   3.39500022       1.00231624    
   3.39600015       1.00231028    
   3.39700007       1.00230432    
   3.39800024       1.00229836    
   3.39900017       1.00229239    
   3.40000010       1.00228655    
   3.40100026       1.00228059    
   3.40200019       1.00227463    
   3.40300012       1.00226867    
   3.40400004       1.00226283    
   3.40500021       1.00225699    
   3.40600014       1.00225115    
   3.40700006       1.00224519    
   3.40800023       1.00223935    
   3.40900016       1.00223351    
   3.41000009       1.00222766    
   3.41100025       1.00222182    
   3.41200018       1.00221610    
   3.41300011       1.00221026    
   3.41400027       1.00220454    
   3.41500020       1.00219870    
   3.41600013       1.00219297    
   3.41700006       1.00218725    
   3.41800022       1.00218141    
   3.41900015       1.00217569    
   3.42000008       1.00216997    
   3.42100024       1.00216424    
   3.42200017       1.00215864    
   3.42300010       1.00215292    
   3.42400026       1.00214720    
   3.42500019       1.00214159    
   3.42600012       1.00213587    
   3.42700005       1.00213027    
   3.42800021       1.00212467    
   3.42900014       1.00211895    
   3.43000007       1.00211334    
   3.43100023       1.00210774    
   3.43200016       1.00210214    
   3.43300009       1.00209665    
   3.43400025       1.00209105    
   3.43500018       1.00208545    
   3.43600011       1.00207996    
   3.43700027       1.00207436    
   3.43800020       1.00206888    
   3.43900013       1.00206327    
   3.44000006       1.00205779    
   3.44100022       1.00205231    
   3.44200015       1.00204682    
   3.44300008       1.00204134    
   3.44400024       1.00203598    
   3.44500017       1.00203049    
   3.44600010       1.00202501    
   3.44700027       1.00201952    
   3.44800019       1.00201416    
   3.44900012       1.00200880    
   3.45000005       1.00200331    
   3.45100021       1.00199795    
   3.45200014       1.00199258    
   3.45300007       1.00198722    
   3.45400023       1.00198185    
   3.45500016       1.00197649    
   3.45600009       1.00197124    
   3.45700026       1.00196588    
   3.45800018       1.00196052    
   3.45900011       1.00195527    
   3.46000028       1.00195003    
   3.46100020       1.00194466    
   3.46200013       1.00193942    
   3.46300006       1.00193417    
   3.46400023       1.00192893    
   3.46500015       1.00192368    
   3.46600008       1.00191844    
   3.46700025       1.00191319    
   3.46800017       1.00190806    
   3.46900010       1.00190282    
   3.47000027       1.00189769    
   3.47100019       1.00189245    
   3.47200012       1.00188732    
   3.47300005       1.00188220    
   3.47400022       1.00187707    
   3.47500014       1.00187194    
   3.47600007       1.00186682    
   3.47700024       1.00186169    
   3.47800016       1.00185657    
   3.47900009       1.00185144    
   3.48000026       1.00184643    
   3.48100019       1.00184131    
   3.48200011       1.00183630    
   3.48300028       1.00183117    
   3.48400021       1.00182617    
   3.48500013       1.00182116    
   3.48600006       1.00181615    
   3.48700023       1.00181115    
   3.48800015       1.00180614    
   3.48900008       1.00180113    
   3.49000025       1.00179625    
   3.49100018       1.00179124    
   3.49200010       1.00178635    
   3.49300027       1.00178134    
   3.49400020       1.00177646    
   3.49500012       1.00177157    
   3.49600005       1.00176656    
   3.49700022       1.00176167    
   3.49800014       1.00175679    
   3.49900007       1.00175190    
   3.50000024       1.00174713    
   3.50100017       1.00174224    
   3.50200009       1.00173736    
   3.50300026       1.00173259    
   3.50400019       1.00172770    
   3.50500011       1.00172293    
   3.50600028       1.00171816    
   3.50700021       1.00171328    
   3.50800014       1.00170851    
   3.50900006       1.00170374    
   3.51000023       1.00169897    
   3.51100016       1.00169432    
   3.51200008       1.00168955    
   3.51300025       1.00168478    
   3.51400018       1.00168014    
   3.51500010       1.00167537    
   3.51600027       1.00167072    
   3.51700020       1.00166595    
   3.51800013       1.00166130    
   3.51900005       1.00165665    
   3.52000022       1.00165200    
   3.52100015       1.00164735    
   3.52200007       1.00164270    
   3.52300024       1.00163805    
   3.52400017       1.00163341    
   3.52500010       1.00162888    
   3.52600026       1.00162423    
   3.52700019       1.00161970    
   3.52800012       1.00161505    
   3.52900028       1.00161052    
   3.53000021       1.00160599    
   3.53100014       1.00160146    
   3.53200006       1.00159693    
   3.53300023       1.00159240    
   3.53400016       1.00158787    
   3.53500009       1.00158334    
   3.53600025       1.00157881    
   3.53700018       1.00157440    
   3.53800011       1.00156987    
   3.53900027       1.00156546    
   3.54000020       1.00156093    
   3.54100013       1.00155652    
   3.54200006       1.00155210    
   3.54300022       1.00154769    
   3.54400015       1.00154328    
   3.54500008       1.00153887    
   3.54600024       1.00153446    
   3.54700017       1.00153005    
   3.54800010       1.00152564    
   3.54900026       1.00152135    
   3.55000019       1.00151694    
   3.55100012       1.00151265    
   3.55200028       1.00150824    
   3.55300021       1.00150394    
   3.55400014       1.00149965    
   3.55500007       1.00149536    
   3.55600023       1.00149095    
   3.55700016       1.00148666    
   3.55800009       1.00148237    
   3.55900025       1.00147820    
   3.56000018       1.00147390    
   3.56100011       1.00146961    
   3.56200027       1.00146544    
   3.56300020       1.00146115    
   3.56400013       1.00145698    
   3.56500006       1.00145268    
   3.56600022       1.00144851    
   3.56700015       1.00144434    
   3.56800008       1.00144017    
   3.56900024       1.00143600    
   3.57000017       1.00143182    
   3.57100010       1.00142765    
   3.57200027       1.00142348    
   3.57300019       1.00141931    
   3.57400012       1.00141513    
   3.57500029       1.00141108    
   3.57600021       1.00140691    
   3.57700014       1.00140285    
   3.57800007       1.00139868    
   3.57900023       1.00139463    
   3.58000016       1.00139058    
   3.58100009       1.00138652    
   3.58200026       1.00138247    
   3.58300018       1.00137842    
   3.58400011       1.00137436    
   3.58500028       1.00137031    
   3.58600020       1.00136626    
   3.58700013       1.00136232    
   3.58800006       1.00135827    
   3.58900023       1.00135434    
   3.59000015       1.00135028    
   3.59100008       1.00134635    
   3.59200025       1.00134230    
   3.59300017       1.00133836    
   3.59400010       1.00133443    
   3.59500027       1.00133049    
   3.59600019       1.00132656    
   3.59700012       1.00132263    
   3.59800029       1.00131869    
   3.59900022       1.00131476    
   3.60000014       1.00131083    
   3.60100007       1.00130701    
   3.60200024       1.00130308    
   3.60300016       1.00129914    
   3.60400009       1.00129533    
   3.60500026       1.00129151    
   3.60600019       1.00128758    
   3.60700011       1.00128376    
   3.60800028       1.00127995    
   3.60900021       1.00127614    
   3.61000013       1.00127220    
   3.61100006       1.00126851    
   3.61200023       1.00126469    
   3.61300015       1.00126088    
   3.61400008       1.00125706    
   3.61500025       1.00125325    
   3.61600018       1.00124943    
   3.61700010       1.00124574    
   3.61800027       1.00124192    
   3.61900020       1.00123823    
   3.62000012       1.00123453    
   3.62100029       1.00123072    
   3.62200022       1.00122702    
   3.62300014       1.00122333    
   3.62400007       1.00121963    
   3.62500024       1.00121593    
   3.62600017       1.00121224    
   3.62700009       1.00120854    
   3.62800026       1.00120485    
   3.62900019       1.00120115    
   3.63000011       1.00119746    
   3.63100028       1.00119388    
   3.63200021       1.00119019    
   3.63300014       1.00118661    
   3.63400006       1.00118291    
   3.63500023       1.00117934    
   3.63600016       1.00117564    
   3.63700008       1.00117207    
   3.63800025       1.00116849    
   3.63900018       1.00116491    
   3.64000010       1.00116134    
   3.64100027       1.00115776    
   3.64200020       1.00115418    
   3.64300013       1.00115061    
   3.64400029       1.00114703    
   3.64500022       1.00114346    
   3.64600015       1.00113988    
   3.64700007       1.00113642    
   3.64800024       1.00113285    
   3.64900017       1.00112939    
   3.65000010       1.00112581    
   3.65100026       1.00112236    
   3.65200019       1.00111878    
   3.65300012       1.00111532    
   3.65400028       1.00111187    
   3.65500021       1.00110841    
   3.65600014       1.00110483    
   3.65700006       1.00110137    
   3.65800023       1.00109792    
   3.65900016       1.00109446    
   3.66000009       1.00109100    
   3.66100025       1.00108767    
   3.66200018       1.00108421    
   3.66300011       1.00108075    
   3.66400027       1.00107729    
   3.66500020       1.00107396    
   3.66600013       1.00107050    
   3.66700006       1.00106716    
   3.66800022       1.00106370    
   3.66900015       1.00106037    
   3.67000008       1.00105703    
   3.67100024       1.00105357    
   3.67200017       1.00105023    
   3.67300010       1.00104690    
   3.67400026       1.00104356    
   3.67500019       1.00104022    
   3.67600012       1.00103688    
   3.67700028       1.00103354    
   3.67800021       1.00103021    
   3.67900014       1.00102687    
   3.68000007       1.00102353    
   3.68100023       1.00102031    
   3.68200016       1.00101697    
   3.68300009       1.00101364    
   3.68400025       1.00101042    
   3.68500018       1.00100708    
   3.68600011       1.00100386    
   3.68700027       1.00100064    
   3.68800020       1.00099730    
   3.68900013       1.00099409    
   3.69000006       1.00099075    
   3.69100022       1.00098753    
   3.69200015       1.00098431    
   3.69300008       1.00098109    
   3.69400024       1.00097787    
   3.69500017       1.00097466    
   3.69600010       1.00097144    
   3.69700027       1.00096822    
   3.69800019       1.00096500    
   3.69900012       1.00096190    
   3.70000029       1.00095868    
   3.70100021       1.00095546    
   3.70200014       1.00095236    
   3.70300007       1.00094914    
   3.70400023       1.00094593    
   3.70500016       1.00094283    
   3.70600009       1.00093973    
   3.70700026       1.00093651    
   3.70800018       1.00093341    
   3.70900011       1.00093031    
   3.71000028       1.00092709    
   3.71100020       1.00092399    
   3.71200013       1.00092089    
   3.71300006       1.00091779    
   3.71400023       1.00091469    
   3.71500015       1.00091159    
   3.71600008       1.00090849    
   3.71700025       1.00090539    
   3.71800017       1.00090230    
   3.71900010       1.00089920    
   3.72000027       1.00089622    
   3.72100019       1.00089312    
   3.72200012       1.00089002    
   3.72300029       1.00088704    
   3.72400022       1.00088394    
   3.72500014       1.00088096    
   3.72600007       1.00087786    
   3.72700024       1.00087488    
   3.72800016       1.00087178    
   3.72900009       1.00086880    
   3.73000026       1.00086570    
   3.73100019       1.00086272    
   3.73200011       1.00085974    
   3.73300028       1.00085676    
   3.73400021       1.00085378    
   3.73500013       1.00085080    
   3.73600006       1.00084782    
   3.73700023       1.00084484    
   3.73800015       1.00084186    
   3.73900008       1.00083888    
   3.74000025       1.00083590    
   3.74100018       1.00083292    
   3.74200010       1.00082994    
   3.74300027       1.00082707    
   3.74400020       1.00082409    
   3.74500012       1.00082111    
   3.74600029       1.00081825    
   3.74700022       1.00081527    
   3.74800014       1.00081241    
   3.74900007       1.00080943    
   3.75000024       1.00080657    
   3.75100017       1.00080371    
   3.75200009       1.00080073    
   3.75300026       1.00079787    
   3.75400019       1.00079489    
   3.75500011       1.00079203    
   3.75600028       1.00078917    
   3.75700021       1.00078630    
   3.75800014       1.00078344    
   3.75900006       1.00078058    
   3.76000023       1.00077772    
   3.76100016       1.00077486    
   3.76200008       1.00077200    
   3.76300025       1.00076914    
   3.76400018       1.00076628    
   3.76500010       1.00076342    
   3.76600027       1.00076056    
   3.76700020       1.00075781    
   3.76800013       1.00075495    
   3.76900029       1.00075221    
   3.77000022       1.00074935    
   3.77100015       1.00074649    
   3.77200007       1.00074375    
   3.77300024       1.00074089    
   3.77400017       1.00073814    
   3.77500010       1.00073528    
   3.77600026       1.00073254    
   3.77700019       1.00072980    
   3.77800012       1.00072694    
   3.77900028       1.00072420    
   3.78000021       1.00072145    
   3.78100014       1.00071871    
   3.78200006       1.00071585    
   3.78300023       1.00071311    
   3.78400016       1.00071037    
   3.78500009       1.00070763    
   3.78600025       1.00070488    
   3.78700018       1.00070214    
   3.78800011       1.00069940    
   3.78900027       1.00069678    
   3.79000020       1.00069392    
   3.79100013       1.00069129    
   3.79200029       1.00068855    
   3.79300022       1.00068581    
   3.79400015       1.00068307    
   3.79500008       1.00068045    
   3.79600024       1.00067770    
   3.79700017       1.00067508    
   3.79800010       1.00067234    
   3.79900026       1.00066972    
   3.80000019       1.00066698    
   3.80100012       1.00066435    
   3.80200028       1.00066161    
   3.80300021       1.00065899    
   3.80400014       1.00065625    
   3.80500007       1.00065362    
   3.80600023       1.00065100    
   3.80700016       1.00064826    
   3.80800009       1.00064564    
   3.80900025       1.00064301    
   3.81000018       1.00064039    
   3.81100011       1.00063777    
   3.81200027       1.00063503    
   3.81300020       1.00063252    
   3.81400013       1.00062978    
   3.81500030       1.00062728    
   3.81600022       1.00062454    
   3.81700015       1.00062203    
   3.81800008       1.00061941    
   3.81900024       1.00061679    
   3.82000017       1.00061417    
   3.82100010       1.00061154    
   3.82200027       1.00060892    
   3.82300019       1.00060642    
   3.82400012       1.00060380    
   3.82500029       1.00060117    
   3.82600021       1.00059867    
   3.82700014       1.00059605    
   3.82800007       1.00059342    
   3.82900023       1.00059092    
   3.83000016       1.00058830    
   3.83100009       1.00058579    
   3.83200026       1.00058317    
   3.83300018       1.00058067    
   3.83400011       1.00057817    
   3.83500028       1.00057566    
   3.83600020       1.00057304    
   3.83700013       1.00057054    
   3.83800030       1.00056791    
   3.83900023       1.00056541    
   3.84000015       1.00056291    
   3.84100008       1.00056040    
   3.84200025       1.00055790    
   3.84300017       1.00055540    
   3.84400010       1.00055289    
   3.84500027       1.00055039    
   3.84600019       1.00054777    
   3.84700012       1.00054538    
   3.84800029       1.00054288    
   3.84900022       1.00054038    
   3.85000014       1.00053787    
   3.85100007       1.00053537    
   3.85200024       1.00053287    
   3.85300016       1.00053036    
   3.85400009       1.00052786    
   3.85500026       1.00052547    
   3.85600019       1.00052297    
   3.85700011       1.00052047    
   3.85800028       1.00051796    
   3.85900021       1.00051558    
   3.86000013       1.00051308    
   3.86100030       1.00051069    
   3.86200023       1.00050819    
   3.86300015       1.00050581    
   3.86400008       1.00050330    
   3.86500025       1.00050092    
   3.86600018       1.00049841    
   3.86700010       1.00049603    
   3.86800027       1.00049353    
   3.86900020       1.00049114    
   3.87000012       1.00048876    
   3.87100029       1.00048625    
   3.87200022       1.00048387    
   3.87300014       1.00048149    
   3.87400007       1.00047898    
   3.87500024       1.00047660    
   3.87600017       1.00047421    
   3.87700009       1.00047183    
   3.87800026       1.00046945    
   3.87900019       1.00046706    
   3.88000011       1.00046468    
   3.88100028       1.00046229    
   3.88200021       1.00045991    
   3.88300014       1.00045753    
   3.88400030       1.00045514    
   3.88500023       1.00045276    
   3.88600016       1.00045037    
   3.88700008       1.00044799    
   3.88800025       1.00044560    
   3.88900018       1.00044322    
   3.89000010       1.00044084    
   3.89100027       1.00043857    
   3.89200020       1.00043619    
   3.89300013       1.00043380    
   3.89400029       1.00043142    
   3.89500022       1.00042915    
   3.89600015       1.00042677    
   3.89700007       1.00042439    
   3.89800024       1.00042212    
   3.89900017       1.00041974    
   3.90000010       1.00041735    
   3.90100026       1.00041509    
   3.90200019       1.00041270    
   3.90300012       1.00041044    
   3.90400028       1.00040805    
   3.90500021       1.00040579    
   3.90600014       1.00040340    
   3.90700030       1.00040114    
   3.90800023       1.00039887    
   3.90900016       1.00039649    
   3.91000009       1.00039423    
   3.91100025       1.00039196    
   3.91200018       1.00038958    
   3.91300011       1.00038731    
   3.91400027       1.00038505    
   3.91500020       1.00038278    
   3.91600013       1.00038040    
   3.91700029       1.00037813    
   3.91800022       1.00037587    
   3.91900015       1.00037360    
   3.92000008       1.00037134    
   3.92100024       1.00036907    
   3.92200017       1.00036681    
   3.92300010       1.00036454    
   3.92400026       1.00036216    
   3.92500019       1.00036001    
   3.92600012       1.00035763    
   3.92700028       1.00035548    
   3.92800021       1.00035322    
   3.92900014       1.00035095    
   3.93000031       1.00034869    
   3.93100023       1.00034642    
   3.93200016       1.00034416    
   3.93300009       1.00034189    
   3.93400025       1.00033963    
   3.93500018       1.00033748    
   3.93600011       1.00033522    
   3.93700027       1.00033295    
   3.93800020       1.00033069    
   3.93900013       1.00032854    
   3.94000030       1.00032628    
   3.94100022       1.00032401    
   3.94200015       1.00032187    
   3.94300008       1.00031960    
   3.94400024       1.00031734    
   3.94500017       1.00031519    
   3.94600010       1.00031292    
   3.94700027       1.00031078    
   3.94800019       1.00030851    
   3.94900012       1.00030637    
   3.95000029       1.00030410    
   3.95100021       1.00030196    
   3.95200014       1.00029969    
   3.95300007       1.00029755    
   3.95400023       1.00029528    
   3.95500016       1.00029314    
   3.95600009       1.00029087    
   3.95700026       1.00028872    
   3.95800018       1.00028658    
   3.95900011       1.00028443    
   3.96000028       1.00028217    
   3.96100020       1.00028002    
   3.96200013       1.00027788    
   3.96300030       1.00027561    
   3.96400023       1.00027347    
   3.96500015       1.00027132    
   3.96600008       1.00026917    
   3.96700025       1.00026703    
   3.96800017       1.00026476    
   3.96900010       1.00026262    
   3.97000027       1.00026047    
   3.97100019       1.00025833    
   3.97200012       1.00025618    
   3.97300029       1.00025403    
   3.97400022       1.00025189    
   3.97500014       1.00024974    
   3.97600007       1.00024760    
   3.97700024       1.00024545    
   3.97800016       1.00024331    
   3.97900009       1.00024116    
   3.98000026       1.00023901    
   3.98100019       1.00023687    
   3.98200011       1.00023472    
   3.98300028       1.00023258    
   3.98400021       1.00023043    
   3.98500013       1.00022829    
   3.98600030       1.00022614    
   3.98700023       1.00022411    
   3.98800015       1.00022197    
   3.98900008       1.00021982    
   3.99000025       1.00021768    
   3.99100018       1.00021565    
   3.99200010       1.00021350    
   3.99300027       1.00021136    
   3.99400020       1.00020921    
   3.99500012       1.00020719    
   3.99600029       1.00020504    
   3.99700022       1.00020289    
   3.99800014       1.00020087    
   3.99900007       1.00019872    
   4.00000000       1.00019658    
   4.00100040       1.00019455    
   4.00200033       1.00019240    
   4.00300026       1.00019038    
   4.00400019       1.00018823    
   4.00500011       1.00018609    
   4.00600004       1.00018406    
   4.00699997       1.00018191    
   4.00800037       1.00017989    
   4.00900030       1.00017774    
   4.01000023       1.00017571    
   4.01100016       1.00017357    
   4.01200008       1.00017154    
   4.01300001       1.00016940    
   4.01400042       1.00016737    
   4.01500034       1.00016534    
   4.01600027       1.00016320    
   4.01700020       1.00016117    
   4.01800013       1.00015903    
   4.01900005       1.00015700    
   4.01999998       1.00015497    
   4.02100039       1.00015283    
   4.02200031       1.00015080    
   4.02300024       1.00014877    
   4.02400017       1.00014675    
   4.02500010       1.00014460    
   4.02600002       1.00014257    
   4.02700043       1.00014055    
   4.02800035       1.00013852    
   4.02900028       1.00013638    
   4.03000021       1.00013435    
   4.03100014       1.00013232    
   4.03200006       1.00013030    
   4.03299999       1.00012827    
   4.03400040       1.00012612    
   4.03500032       1.00012410    
   4.03600025       1.00012207    
   4.03700018       1.00012004    
   4.03800011       1.00011802    
   4.03900003       1.00011599    
   4.03999996       1.00011396    
   4.04100037       1.00011194    
   4.04200029       1.00010991    
   4.04300022       1.00010788    
   4.04400015       1.00010586    
   4.04500008       1.00010383    
   4.04600000       1.00010180    
   4.04700041       1.00009978    
   4.04800034       1.00009775    
   4.04900026       1.00009573    
   4.05000019       1.00009370    
   4.05100012       1.00009167    
   4.05200005       1.00008965    
   4.05299997       1.00008762    
   4.05400038       1.00008559    
   4.05500031       1.00008357    
   4.05600023       1.00008154    
   4.05700016       1.00007951    
   4.05800009       1.00007749    
   4.05900002       1.00007546    
   4.06000042       1.00007355    
   4.06100035       1.00007153    
   4.06200027       1.00006950    
   4.06300020       1.00006747    
   4.06400013       1.00006545    
   4.06500006       1.00006354    
   4.06599998       1.00006151    
   4.06700039       1.00005949    
   4.06800032       1.00005746    
   4.06900024       1.00005543    
   4.07000017       1.00005352    
   4.07100010       1.00005150    
   4.07200003       1.00004947    
   4.07300043       1.00004745    
   4.07400036       1.00004554    
   4.07500029       1.00004351    
   4.07600021       1.00004148    
   4.07700014       1.00003958    
   4.07800007       1.00003755    
   4.07900000       1.00003552    
   4.08000040       1.00003362    
   4.08100033       1.00003159    
   4.08200026       1.00002956    
   4.08300018       1.00002766    
   4.08400011       1.00002563    
   4.08500004       1.00002372    
   4.08599997       1.00002170    
   4.08700037       1.00001967    
   4.08800030       1.00001776    
   4.08900023       1.00001574    
   4.09000015       1.00001383    
   4.09100008       1.00001180    
   4.09200001       1.00000989    
   4.09300041       1.00000787    
   4.09400034       1.00000596    
   4.09500027       1.00000393    
   4.09600019       1.00000203    
