   1.00000005E-03   8.82148743E-06
   2.00000009E-03   8.82148743E-06
   3.00000003E-03   3.03983688E-06
   4.00000019E-03   8.82148743E-06
   5.00000035E-03   5.42402267E-06
   6.00000005E-03   3.03983688E-06
   7.00000022E-03   1.37090683E-06
   8.00000038E-03   8.82148743E-06
   9.00000054E-03   1.78813934E-06
   1.00000007E-02   5.42402267E-06
   1.10000009E-02  -1.19209290E-07
   1.20000001E-02   3.03983688E-06
   1.30000003E-02   5.72204590E-06
   1.40000004E-02   1.37090683E-06
   1.50000006E-02   3.87430191E-06
   1.60000008E-02   8.82148743E-06
   1.70000009E-02   5.12599945E-06
   1.80000011E-02   1.78813934E-06
   1.90000013E-02   8.64267349E-06
   2.00000014E-02   5.42402267E-06
   2.10000016E-02   2.56299973E-06
   2.20000017E-02  -1.19209290E-07
   2.30000019E-02   5.66244125E-06
   2.40000002E-02   3.03983688E-06
   2.50000004E-02   7.15255737E-07
   2.60000005E-02   5.72204590E-06
   2.70000007E-02   3.51667404E-06
   2.80000009E-02   1.37090683E-06
   2.90000010E-02  -4.76837158E-07
   3.00000012E-02   3.87430191E-06
   3.10000014E-02   1.96695328E-06
   3.20000015E-02   8.82148743E-06
   3.29999998E-02   1.25169754E-06
   3.40000018E-02   5.12599945E-06
   3.50000001E-02   8.70227814E-06
   3.60000022E-02   1.78813934E-06
   3.70000005E-02   5.24520874E-06
   3.80000025E-02   8.64267349E-06
   3.90000008E-02   2.20537186E-06
   4.00000028E-02   5.42402267E-06
   4.10000011E-02  -5.96046448E-07
   4.20000032E-02   2.56299973E-06
   4.30000015E-02   5.48362732E-06
   4.40000035E-02  -1.19209290E-07
   4.50000018E-02   2.80141830E-06
   4.60000038E-02   5.66244125E-06
   4.70000021E-02   2.98023224E-07
   4.80000004E-02   3.03983688E-06
   4.90000024E-02   5.72204590E-06
   5.00000007E-02   7.15255737E-07
   5.10000028E-02   3.27825546E-06
   5.20000011E-02   5.72204590E-06
   5.30000031E-02   1.13248825E-06
   5.40000014E-02   3.51667404E-06
   5.50000034E-02   5.78165054E-06
   5.60000017E-02   1.37090683E-06
   5.70000038E-02   3.69548798E-06
   5.80000021E-02  -4.76837158E-07
   5.90000041E-02   1.72853470E-06
   6.00000024E-02   3.87430191E-06
   6.10000044E-02  -1.19209290E-07
   6.20000027E-02   1.96695328E-06
   6.30000010E-02   3.87430191E-06
   6.40000030E-02   8.82148743E-06
   6.50000051E-02  -7.15255737E-07
   6.59999996E-02   1.25169754E-06
   6.70000017E-02   3.21865082E-06
   6.80000037E-02   5.12599945E-06
   6.90000057E-02   7.03334808E-06
   7.00000003E-02   8.70227814E-06
   7.10000023E-02  -1.19209290E-07
   7.20000044E-02   1.78813934E-06
   7.30000064E-02   3.57627869E-06
   7.40000010E-02   5.24520874E-06
   7.50000030E-02   6.97374344E-06
   7.60000050E-02   8.64267349E-06
   7.70000070E-02   5.96046448E-07
   7.80000016E-02   2.20537186E-06
   7.90000036E-02   3.75509262E-06
   8.00000057E-02   5.42402267E-06
   8.10000002E-02   6.91413879E-06
   8.20000023E-02  -5.96046448E-07
   8.30000043E-02   1.01327896E-06
   8.40000063E-02   2.56299973E-06
   8.50000009E-02   4.05311584E-06
   8.60000029E-02   5.48362732E-06
   8.70000049E-02   6.91413879E-06
   8.80000070E-02  -1.19209290E-07
   8.90000015E-02   1.31130219E-06
   9.00000036E-02   2.80141830E-06
   9.10000056E-02   4.23192978E-06
   9.20000076E-02   5.66244125E-06
   9.30000022E-02   6.97374344E-06
   9.40000042E-02   2.98023224E-07
   9.50000063E-02   1.72853470E-06
   9.60000008E-02   3.03983688E-06
   9.70000029E-02   4.35113907E-06
   9.80000049E-02   5.72204590E-06
   9.90000069E-02  -4.76837158E-07
  0.100000001       7.15255737E-07
  0.101000004       2.08616257E-06
  0.102000006       3.27825546E-06
  0.103000008       4.52995300E-06
  0.104000002       5.72204590E-06
  0.105000004      -1.19209290E-07
  0.106000006       1.13248825E-06
  0.107000008       2.38418579E-06
  0.108000003       3.51667404E-06
  0.109000005       4.70876694E-06
  0.110000007       5.78165054E-06
  0.111000009       2.98023224E-07
  0.112000003       1.37090683E-06
  0.113000005       2.56299973E-06
  0.114000008       3.69548798E-06
  0.115000002       4.76837158E-06
  0.116000004      -4.76837158E-07
  0.117000006       6.55651093E-07
  0.118000008       1.72853470E-06
  0.119000003       2.74181366E-06
  0.120000005       3.87430191E-06
  0.121000007       4.94718552E-06
  0.122000009      -1.19209290E-07
  0.123000003       8.94069672E-07
  0.124000005       1.96695328E-06
  0.125000000       2.98023224E-06
  0.126000002       3.87430191E-06
  0.127000004       7.86781311E-06
  0.128000006       8.82148743E-06
  0.129000008       9.83476639E-06
  0.130000010      -7.15255737E-07
  0.131000012       3.57627869E-07
  0.131999999       1.25169754E-06
  0.133000001       2.26497650E-06
  0.134000003       3.21865082E-06
  0.135000005       4.17232513E-06
  0.136000007       5.12599945E-06
  0.137000009       6.07967377E-06
  0.138000011       7.03334808E-06
  0.139000013       7.92741776E-06
  0.140000001       8.70227814E-06
  0.141000003       9.53674316E-06
  0.142000005      -1.19209290E-07
  0.143000007       8.34465027E-07
  0.144000009       1.78813934E-06
  0.145000011       2.68220901E-06
  0.146000013       3.57627869E-06
  0.147000000       4.35113907E-06
  0.148000002       5.24520874E-06
  0.149000004       6.07967377E-06
  0.150000006       6.97374344E-06
  0.151000008       7.80820847E-06
  0.152000010       8.64267349E-06
  0.153000012      -2.38418579E-07
  0.154000014       5.96046448E-07
  0.155000001       1.37090683E-06
  0.156000003       2.20537186E-06
  0.157000005       2.92062759E-06
  0.158000007       3.75509262E-06
  0.159000009       4.58955765E-06
  0.160000011       5.42402267E-06
  0.161000013       6.19888306E-06
  0.162000000       6.91413879E-06
  0.163000003       7.68899918E-06
  0.164000005      -5.96046448E-07
  0.165000007       1.78813934E-07
  0.166000009       1.01327896E-06
  0.167000011       1.78813934E-06
  0.168000013       2.56299973E-06
  0.169000015       3.33786011E-06
  0.170000002       4.05311584E-06
  0.171000004       4.76837158E-06
  0.172000006       5.48362732E-06
  0.173000008       6.19888306E-06
  0.174000010       6.91413879E-06
  0.175000012      -8.34465027E-07
  0.176000014      -1.19209290E-07
  0.177000001       5.96046448E-07
  0.178000003       1.31130219E-06
  0.179000005       2.08616257E-06
  0.180000007       2.80141830E-06
  0.181000009       3.51667404E-06
  0.182000011       4.23192978E-06
  0.183000013       4.94718552E-06
  0.184000015       5.66244125E-06
  0.185000002       6.25848770E-06
  0.186000004       6.97374344E-06
  0.187000006      -3.57627869E-07
  0.188000008       2.98023224E-07
  0.189000010       1.01327896E-06
  0.190000013       1.72853470E-06
  0.191000015       2.44379044E-06
  0.192000002       3.03983688E-06
  0.193000004       3.69548798E-06
  0.194000006       4.35113907E-06
  0.195000008       5.06639481E-06
  0.196000010       5.72204590E-06
  0.197000012       6.37769699E-06
  0.198000014      -4.76837158E-07
  0.199000016       1.78813934E-07
  0.200000003       7.15255737E-07
  0.201000005       1.43051147E-06
  0.202000007       2.08616257E-06
  0.203000009       2.74181366E-06
  0.204000011       3.27825546E-06
  0.205000013       3.93390656E-06
  0.206000015       4.52995300E-06
  0.207000017       5.18560410E-06
  0.208000004       5.72204590E-06
  0.209000006      -8.34465027E-07
  0.210000008      -1.19209290E-07
  0.211000010       4.76837158E-07
  0.212000012       1.13248825E-06
  0.213000014       1.72853470E-06
  0.214000016       2.38418579E-06
  0.215000004       2.92062759E-06
  0.216000006       3.51667404E-06
  0.217000008       4.11272049E-06
  0.218000010       4.70876694E-06
  0.219000012       5.24520874E-06
  0.220000014       5.78165054E-06
  0.221000016      -3.57627869E-07
  0.222000018       2.98023224E-07
  0.223000005       7.74860382E-07
  0.224000007       1.37090683E-06
  0.225000009       1.96695328E-06
  0.226000011       2.56299973E-06
  0.227000013       3.15904617E-06
  0.228000015       3.69548798E-06
  0.229000017       4.29153442E-06
  0.230000004       4.76837158E-06
  0.231000006       5.36441803E-06
  0.232000008      -4.76837158E-07
  0.233000010       5.96046448E-08
  0.234000012       6.55651093E-07
  0.235000014       1.13248825E-06
  0.236000016       1.72853470E-06
  0.237000018       2.26497650E-06
  0.238000005       2.74181366E-06
  0.239000008       3.27825546E-06
  0.240000010       3.87430191E-06
  0.241000012       4.41074371E-06
  0.242000014       4.94718552E-06
  0.243000016      -7.15255737E-07
  0.244000018      -1.19209290E-07
  0.245000005       3.57627869E-07
  0.246000007       8.94069672E-07
  0.247000009       1.43051147E-06
  0.248000011       1.96695328E-06
  0.249000013       2.50339508E-06
  0.250000000       2.98023224E-06
  0.251000017       3.45706940E-06
  0.252000004       3.87430191E-06
  0.253000021       1.54972076E-06
  0.254000008       7.86781311E-06
  0.255000025       2.56299973E-06
  0.256000012       8.82148743E-06
  0.256999999       3.45706940E-06
  0.258000016       9.83476639E-06
  0.259000003       4.47034836E-06
  0.260000020      -7.15255737E-07
  0.261000007       5.48362732E-06
  0.262000024       3.57627869E-07
  0.263000011       6.43730164E-06
  0.263999999       1.25169754E-06
  0.265000015       7.45058060E-06
  0.266000003       2.26497650E-06
  0.267000020       8.34465027E-06
  0.268000007       3.21865082E-06
  0.269000024       9.29832458E-06
  0.270000011       4.17232513E-06
  0.271000028      -7.15255737E-07
  0.272000015       5.12599945E-06
  0.273000002       1.19209290E-07
  0.274000019       6.07967377E-06
  0.275000006       1.07288361E-06
  0.276000023       7.03334808E-06
  0.277000010       2.02655792E-06
  0.278000027       7.92741776E-06
  0.279000014       2.98023224E-06
  0.280000001       8.70227814E-06
  0.281000018       3.93390656E-06
  0.282000005       9.53674316E-06
  0.283000022       4.76837158E-06
  0.284000009      -1.19209290E-07
  0.285000026       5.66244125E-06
  0.286000013       8.34465027E-07
  0.287000000       6.43730164E-06
  0.288000017       1.78813934E-06
  0.289000005       7.33137131E-06
  0.290000021       2.68220901E-06
  0.291000009       8.16583633E-06
  0.292000026       3.57627869E-06
  0.293000013       9.05990601E-06
  0.294000000       4.35113907E-06
  0.295000017      -2.38418579E-07
  0.296000004       5.24520874E-06
  0.297000021       7.15255737E-07
  0.298000008       6.07967377E-06
  0.299000025       1.60932541E-06
  0.300000012       6.97374344E-06
  0.301000029       2.50339508E-06
  0.302000016       7.80820847E-06
  0.303000003       3.21865082E-06
  0.304000020       8.64267349E-06
  0.305000007       4.11272049E-06
  0.306000024      -2.38418579E-07
  0.307000011       4.94718552E-06
  0.308000028       5.96046448E-07
  0.309000015       5.78165054E-06
  0.310000002       1.37090683E-06
  0.311000019       6.61611557E-06
  0.312000006       2.20537186E-06
  0.313000023       7.33137131E-06
  0.314000010       2.92062759E-06
  0.315000027       8.16583633E-06
  0.316000015       3.75509262E-06
  0.317000002      -5.96046448E-07
  0.318000019       4.58955765E-06
  0.319000006       2.98023224E-07
  0.320000023       5.42402267E-06
  0.321000010       1.13248825E-06
  0.322000027       6.19888306E-06
  0.323000014       1.96695328E-06
  0.324000001       6.91413879E-06
  0.325000018       2.74181366E-06
  0.326000005       7.68899918E-06
  0.327000022       3.57627869E-06
  0.328000009      -5.96046448E-07
  0.329000026       4.35113907E-06
  0.330000013       1.78813934E-07
  0.331000030       5.12599945E-06
  0.332000017       1.01327896E-06
  0.333000004       5.84125519E-06
  0.334000021       1.78813934E-06
  0.335000008       6.55651093E-06
  0.336000025       2.56299973E-06
  0.337000012       7.33137131E-06
  0.338000029       3.33786011E-06
  0.339000016      -7.15255737E-07
  0.340000004       4.05311584E-06
  0.341000021       5.96046448E-08
  0.342000008       4.76837158E-06
  0.343000025       8.94069672E-07
  0.344000012       5.48362732E-06
  0.345000029       1.54972076E-06
  0.346000016       6.19888306E-06
  0.347000003       2.20537186E-06
  0.348000020       6.91413879E-06
  0.349000007       2.98023224E-06
  0.350000024      -8.34465027E-07
  0.351000011       3.75509262E-06
  0.352000028      -1.19209290E-07
  0.353000015       4.47034836E-06
  0.354000002       5.96046448E-07
  0.355000019       5.18560410E-06
  0.356000006       1.31130219E-06
  0.357000023       5.90085983E-06
  0.358000010       2.08616257E-06
  0.359000027       6.61611557E-06
  0.360000014       2.80141830E-06
  0.361000031      -9.53674316E-07
  0.362000018       3.51667404E-06
  0.363000005      -2.38418579E-07
  0.364000022       4.23192978E-06
  0.365000010       4.76837158E-07
  0.366000026       4.94718552E-06
  0.367000014       1.19209290E-06
  0.368000031       5.66244125E-06
  0.369000018       1.96695328E-06
  0.370000005       6.25848770E-06
  0.371000022       2.62260437E-06
  0.372000009       6.97374344E-06
  0.373000026       3.33786011E-06
  0.374000013      -3.57627869E-07
  0.375000030       4.05311584E-06
  0.376000017       2.98023224E-07
  0.377000004       4.58955765E-06
  0.378000021       1.01327896E-06
  0.379000008       5.24520874E-06
  0.380000025       1.72853470E-06
  0.381000012       5.96046448E-06
  0.382000029       2.44379044E-06
  0.383000016       6.61611557E-06
  0.384000003       3.03983688E-06
  0.385000020      -4.76837158E-07
  0.386000007       3.69548798E-06
  0.387000024       2.38418579E-07
  0.388000011       4.35113907E-06
  0.389000028       8.94069672E-07
  0.390000015       5.06639481E-06
  0.391000032       1.60932541E-06
  0.392000020       5.72204590E-06
  0.393000007       2.20537186E-06
  0.394000024       6.37769699E-06
  0.395000011       2.86102295E-06
  0.396000028      -4.76837158E-07
  0.397000015       3.51667404E-06
  0.398000032       1.78813934E-07
  0.399000019       4.17232513E-06
  0.400000006       7.15255737E-07
  0.401000023       4.82797623E-06
  0.402000010       1.43051147E-06
  0.403000027       5.48362732E-06
  0.404000014       2.08616257E-06
  0.405000031       6.07967377E-06
  0.406000018       2.74181366E-06
  0.407000005      -7.15255737E-07
  0.408000022       3.27825546E-06
  0.409000009      -1.19209290E-07
  0.410000026       3.93390656E-06
  0.411000013       5.96046448E-07
  0.412000030       4.52995300E-06
  0.413000017       1.25169754E-06
  0.414000034       5.18560410E-06
  0.415000021       1.84774399E-06
  0.416000009       5.72204590E-06
  0.417000026       2.50339508E-06
  0.418000013      -8.34465027E-07
  0.419000030       3.15904617E-06
  0.420000017      -1.19209290E-07
  0.421000034       3.75509262E-06
  0.422000021       4.76837158E-07
  0.423000008       4.29153442E-06
  0.424000025       1.13248825E-06
  0.425000012       4.88758087E-06
  0.426000029       1.72853470E-06
  0.427000016       5.54323196E-06
  0.428000033       2.38418579E-06
  0.429000020      -8.34465027E-07
  0.430000007       2.92062759E-06
  0.431000024      -2.38418579E-07
  0.432000011       3.51667404E-06
  0.433000028       4.17232513E-07
  0.434000015       4.11272049E-06
  0.435000032       1.01327896E-06
  0.436000019       4.70876694E-06
  0.437000006       1.54972076E-06
  0.438000023       5.24520874E-06
  0.439000010       2.08616257E-06
  0.440000027       5.78165054E-06
  0.441000015       2.68220901E-06
  0.442000031      -3.57627869E-07
  0.443000019       3.27825546E-06
  0.444000036       2.98023224E-07
  0.445000023       3.87430191E-06
  0.446000010       7.74860382E-07
  0.447000027       4.47034836E-06
  0.448000014       1.37090683E-06
  0.449000031       5.06639481E-06
  0.450000018       1.96695328E-06
  0.451000035       5.54323196E-06
  0.452000022       2.56299973E-06
  0.453000009      -4.76837158E-07
  0.454000026       3.15904617E-06
  0.455000013       1.19209290E-07
  0.456000030       3.69548798E-06
  0.457000017       7.15255737E-07
  0.458000034       4.29153442E-06
  0.459000021       1.31130219E-06
  0.460000008       4.76837158E-06
  0.461000025       1.84774399E-06
  0.462000012       5.36441803E-06
  0.463000029       2.44379044E-06
  0.464000016      -4.76837158E-07
  0.465000033       3.03983688E-06
  0.466000021       5.96046448E-08
  0.467000008       3.51667404E-06
  0.468000025       6.55651093E-07
  0.469000012       3.99351120E-06
  0.470000029       1.13248825E-06
  0.471000016       4.52995300E-06
  0.472000033       1.72853470E-06
  0.473000020       5.12599945E-06
  0.474000037       2.26497650E-06
  0.475000024      -5.96046448E-07
  0.476000011       2.74181366E-06
  0.477000028      -1.19209290E-07
  0.478000015       3.27825546E-06
  0.479000032       4.76837158E-07
  0.480000019       3.87430191E-06
  0.481000036       1.07288361E-06
  0.482000023       4.41074371E-06
  0.483000010       1.54972076E-06
  0.484000027       4.94718552E-06
  0.485000014       2.08616257E-06
  0.486000031      -7.15255737E-07
  0.487000018       2.62260437E-06
  0.488000035      -1.19209290E-07
  0.489000022       3.15904617E-06
  0.490000010       3.57627869E-07
  0.491000026       3.69548798E-06
  0.492000014       8.94069672E-07
  0.493000031       4.23192978E-06
  0.494000018       1.43051147E-06
  0.495000035       4.76837158E-06
  0.496000022       1.96695328E-06
  0.497000009      -8.34465027E-07
  0.498000026       2.50339508E-06
  0.499000013      -2.38418579E-07
  0.500000000       2.98023224E-06
  0.501000047       6.19888306E-06
  0.502000034       3.45706940E-06
  0.503000021       6.61611557E-06
  0.504000008       3.87430191E-06
  0.504999995       7.09295273E-06
  0.506000042       1.54972076E-06
  0.507000029       1.06096268E-05
  0.508000016       7.86781311E-06
  0.509000003       5.12599945E-06
  0.510000050       2.56299973E-06
  0.511000037      -1.19209290E-07
  0.512000024       8.82148743E-06
  0.513000011       6.13927841E-06
  0.513999999       3.45706940E-06
  0.515000045       9.53674316E-07
  0.516000032       9.83476639E-06
  0.517000020       7.15255737E-06
  0.518000007       4.47034836E-06
  0.519000053       1.96695328E-06
  0.520000041      -7.15255737E-07
  0.521000028       8.10623169E-06
  0.522000015       5.48362732E-06
  0.523000002       2.86102295E-06
  0.524000049       3.57627869E-07
  0.525000036       9.05990601E-06
  0.526000023       6.43730164E-06
  0.527000010       3.87430191E-06
  0.527999997       1.25169754E-06
  0.529000044       1.00135803E-05
  0.530000031       7.45058060E-06
  0.531000018       4.82797623E-06
  0.532000005       2.26497650E-06
  0.533000052      -2.38418579E-07
  0.534000039       8.34465027E-06
  0.535000026       5.78165054E-06
  0.536000013       3.21865082E-06
  0.537000000       6.55651093E-07
  0.538000047       9.29832458E-06
  0.539000034       6.73532486E-06
  0.540000021       4.17232513E-06
  0.541000009       1.66893005E-06
  0.542000055      -7.15255737E-07
  0.543000042       7.68899918E-06
  0.544000030       5.12599945E-06
  0.545000017       2.62260437E-06
  0.546000004       1.19209290E-07
  0.547000051       8.58306885E-06
  0.548000038       6.07967377E-06
  0.549000025       3.57627869E-06
  0.550000012       1.07288361E-06
  0.550999999       9.41753387E-06
  0.552000046       7.03334808E-06
  0.553000033       4.52995300E-06
  0.554000020       2.02655792E-06
  0.555000007      -4.76837158E-07
  0.556000054       7.92741776E-06
  0.557000041       5.48362732E-06
  0.558000028       2.98023224E-06
  0.559000015       5.36441803E-07
  0.560000002       8.70227814E-06
  0.561000049       6.37769699E-06
  0.562000036       3.93390656E-06
  0.563000023       1.37090683E-06
  0.564000010       9.53674316E-06
  0.564999998       7.09295273E-06
  0.566000044       4.76837158E-06
  0.567000031       2.32458115E-06
  0.568000019      -1.19209290E-07
  0.569000006       7.98702240E-06
  0.570000052       5.66244125E-06
  0.571000040       3.21865082E-06
  0.572000027       8.34465027E-07
  0.573000014       8.82148743E-06
  0.574000001       6.43730164E-06
  0.575000048       4.17232513E-06
  0.576000035       1.78813934E-06
  0.577000022      -5.96046448E-07
  0.578000009       7.33137131E-06
  0.579000056       5.06639481E-06
  0.580000043       2.68220901E-06
  0.581000030       2.98023224E-07
  0.582000017       8.16583633E-06
  0.583000004       5.84125519E-06
  0.584000051       3.57627869E-06
  0.585000038       1.25169754E-06
  0.586000025       9.05990601E-06
  0.587000012       6.67572021E-06
  0.588000000       4.35113907E-06
  0.589000046       2.14576721E-06
  0.590000033      -2.38418579E-07
  0.591000021       7.56978989E-06
  0.592000008       5.24520874E-06
  0.593000054       3.03983688E-06
  0.594000041       7.15255737E-07
  0.595000029       8.40425491E-06
  0.596000016       6.07967377E-06
  0.597000003       3.81469727E-06
  0.598000050       1.60932541E-06
  0.599000037      -7.15255737E-07
  0.600000024       6.97374344E-06
  0.601000011       4.64916229E-06
  0.602000058       2.50339508E-06
  0.603000045       1.78813934E-07
  0.604000032       7.80820847E-06
  0.605000019       5.54323196E-06
  0.606000006       3.21865082E-06
  0.607000053       1.07288361E-06
  0.608000040       8.64267349E-06
  0.609000027       6.37769699E-06
  0.610000014       4.11272049E-06
  0.611000001       1.84774399E-06
  0.612000048      -2.38418579E-07
  0.613000035       7.21216202E-06
  0.614000022       4.94718552E-06
  0.615000010       2.74181366E-06
  0.616000056       5.96046448E-07
  0.617000043       8.04662704E-06
  0.618000031       5.78165054E-06
  0.619000018       3.57627869E-06
  0.620000005       1.37090683E-06
  0.621000051      -7.15255737E-07
  0.622000039       6.61611557E-06
  0.623000026       4.41074371E-06
  0.624000013       2.20537186E-06
  0.625000000       0.00000000    
  0.626000047       7.33137131E-06
  0.627000034       5.12599945E-06
  0.628000021       2.92062759E-06
  0.629000008       7.74860382E-07
  0.630000055       8.16583633E-06
  0.631000042       5.96046448E-06
  0.632000029       3.75509262E-06
  0.633000016       1.60932541E-06
  0.634000003      -5.96046448E-07
  0.635000050       6.73532486E-06
  0.636000037       4.58955765E-06
  0.637000024       2.44379044E-06
  0.638000011       2.98023224E-07
  0.639000058       7.56978989E-06
  0.640000045       5.42402267E-06
  0.641000032       3.27825546E-06
  0.642000020       1.13248825E-06
  0.643000007       8.16583633E-06
  0.644000053       6.19888306E-06
  0.645000041       4.05311584E-06
  0.646000028       1.96695328E-06
  0.647000015      -2.38418579E-07
  0.648000002       6.91413879E-06
  0.649000049       4.88758087E-06
  0.650000036       2.74181366E-06
  0.651000023       6.55651093E-07
  0.652000010       7.68899918E-06
  0.653000057       5.66244125E-06
  0.654000044       3.57627869E-06
  0.655000031       1.43051147E-06
  0.656000018      -5.96046448E-07
  0.657000005       6.37769699E-06
  0.658000052       4.35113907E-06
  0.659000039       2.26497650E-06
  0.660000026       1.78813934E-07
  0.661000013       7.15255737E-06
  0.662000060       5.12599945E-06
  0.663000047       3.03983688E-06
  0.664000034       1.01327896E-06
  0.665000021       7.86781311E-06
  0.666000009       5.84125519E-06
  0.667000055       3.81469727E-06
  0.668000042       1.78813934E-06
  0.669000030      -2.38418579E-07
  0.670000017       6.55651093E-06
  0.671000004       4.52995300E-06
  0.672000051       2.56299973E-06
  0.673000038       5.36441803E-07
  0.674000025       7.33137131E-06
  0.675000012       5.30481339E-06
  0.676000059       3.33786011E-06
  0.677000046       1.31130219E-06
  0.678000033      -7.15255737E-07
  0.679000020       6.07967377E-06
  0.680000007       4.05311584E-06
  0.681000054       2.08616257E-06
  0.682000041       5.96046448E-08
  0.683000028       6.79492950E-06
  0.684000015       4.76837158E-06
  0.685000062       2.86102295E-06
  0.686000049       8.94069672E-07
  0.687000036       7.56978989E-06
  0.688000023       5.48362732E-06
  0.689000010       3.45706940E-06
  0.690000057       1.54972076E-06
  0.691000044      -4.76837158E-07
  0.692000031       6.19888306E-06
  0.693000019       4.23192978E-06
  0.694000006       2.20537186E-06
  0.695000052       3.57627869E-07
  0.696000040       6.91413879E-06
  0.697000027       4.94718552E-06
  0.698000014       2.98023224E-06
  0.699000061       1.13248825E-06
  0.700000048      -8.34465027E-07
  0.701000035       5.72204590E-06
  0.702000022       3.75509262E-06
  0.703000009       1.78813934E-06
  0.704000056      -1.19209290E-07
  0.705000043       6.43730164E-06
  0.706000030       4.47034836E-06
  0.707000017       2.50339508E-06
  0.708000004       5.96046448E-07
  0.709000051       7.15255737E-06
  0.710000038       5.18560410E-06
  0.711000025       3.27825546E-06
  0.712000012       1.31130219E-06
  0.713000059      -4.76837158E-07
  0.714000046       5.90085983E-06
  0.715000033       3.99351120E-06
  0.716000021       2.08616257E-06
  0.717000008       1.78813934E-07
  0.718000054       6.61611557E-06
  0.719000041       4.70876694E-06
  0.720000029       2.80141830E-06
  0.721000016       8.94069672E-07
  0.722000062      -9.53674316E-07
  0.723000050       5.42402267E-06
  0.724000037       3.51667404E-06
  0.725000024       1.66893005E-06
  0.726000011      -2.38418579E-07
  0.727000058       6.13927841E-06
  0.728000045       4.23192978E-06
  0.729000032       2.38418579E-06
  0.730000019       4.76837158E-07
  0.731000006       6.79492950E-06
  0.732000053       4.94718552E-06
  0.733000040       3.09944153E-06
  0.734000027       1.19209290E-06
  0.735000014      -5.96046448E-07
  0.736000061       5.66244125E-06
  0.737000048       3.81469727E-06
  0.738000035       1.96695328E-06
  0.739000022       5.96046448E-08
  0.740000010       6.25848770E-06
  0.741000056       4.52995300E-06
  0.742000043       2.62260437E-06
  0.743000031       7.74860382E-07
  0.744000018       6.97374344E-06
  0.745000064       5.18560410E-06
  0.746000051       3.33786011E-06
  0.747000039       1.49011612E-06
  0.748000026      -3.57627869E-07
  0.749000013       5.78165054E-06
  0.750000060       4.05311584E-06
  0.751000047       2.14576721E-06
  0.752000034       2.98023224E-07
  0.753000021       6.43730164E-06
  0.754000008       4.58955765E-06
  0.755000055       2.86102295E-06
  0.756000042       1.01327896E-06
  0.757000029      -8.34465027E-07
  0.758000016       5.24520874E-06
  0.759000063       3.51667404E-06
  0.760000050       1.72853470E-06
  0.761000037      -1.19209290E-07
  0.762000024       5.96046448E-06
  0.763000011       4.11272049E-06
  0.764000058       2.44379044E-06
  0.765000045       5.96046448E-07
  0.766000032       6.61611557E-06
  0.767000020       4.82797623E-06
  0.768000007       3.03983688E-06
  0.769000053       1.31130219E-06
  0.770000041      -4.76837158E-07
  0.771000028       5.48362732E-06
  0.772000015       3.69548798E-06
  0.773000062       2.02655792E-06
  0.774000049       2.38418579E-07
  0.775000036       6.13927841E-06
  0.776000023       4.35113907E-06
  0.777000010       2.62260437E-06
  0.778000057       8.94069672E-07
  0.779000044      -8.34465027E-07
  0.780000031       5.06639481E-06
  0.781000018       3.27825546E-06
  0.782000065       1.60932541E-06
  0.783000052      -1.19209290E-07
  0.784000039       5.72204590E-06
  0.785000026       3.93390656E-06
  0.786000013       2.20537186E-06
  0.787000060       5.36441803E-07
  0.788000047       6.37769699E-06
  0.789000034       4.58955765E-06
  0.790000021       2.86102295E-06
  0.791000009       1.13248825E-06
  0.792000055      -4.76837158E-07
  0.793000042       5.24520874E-06
  0.794000030       3.51667404E-06
  0.795000017       1.78813934E-06
  0.796000063       1.78813934E-07
  0.797000051       5.90085983E-06
  0.798000038       4.17232513E-06
  0.799000025       2.44379044E-06
  0.800000012       7.15255737E-07
  0.801000059       6.49690628E-06
  0.802000046       4.82797623E-06
  0.803000033       3.09944153E-06
  0.804000020       1.43051147E-06
  0.805000067      -2.38418579E-07
  0.806000054       5.48362732E-06
  0.807000041       3.75509262E-06
  0.808000028       2.08616257E-06
  0.809000015       3.57627869E-07
  0.810000062       6.07967377E-06
  0.811000049       4.41074371E-06
  0.812000036       2.74181366E-06
  0.813000023       9.53674316E-07
  0.814000010      -7.15255737E-07
  0.815000057       4.94718552E-06
  0.816000044       3.27825546E-06
  0.817000031       1.60932541E-06
  0.818000019      -1.19209290E-07
  0.819000065       5.60283661E-06
  0.820000052       3.93390656E-06
  0.821000040       2.26497650E-06
  0.822000027       5.96046448E-07
  0.823000014       6.13927841E-06
  0.824000061       4.52995300E-06
  0.825000048       2.86102295E-06
  0.826000035       1.25169754E-06
  0.827000022      -4.76837158E-07
  0.828000069       5.18560410E-06
  0.829000056       3.51667404E-06
  0.830000043       1.84774399E-06
  0.831000030       2.38418579E-07
  0.832000017       5.72204590E-06
  0.833000064       4.17232513E-06
  0.834000051       2.50339508E-06
  0.835000038       8.34465027E-07
  0.836000025      -8.34465027E-07
  0.837000012       4.70876694E-06
  0.838000059       3.15904617E-06
  0.839000046       1.49011612E-06
  0.840000033      -1.19209290E-07
  0.841000021       5.30481339E-06
  0.842000067       3.75509262E-06
  0.843000054       2.14576721E-06
  0.844000041       4.76837158E-07
  0.845000029       5.90085983E-06
  0.846000016       4.29153442E-06
  0.847000062       2.74181366E-06
  0.848000050       1.13248825E-06
  0.849000037      -4.76837158E-07
  0.850000024       4.88758087E-06
  0.851000011       3.27825546E-06
  0.852000058       1.72853470E-06
  0.853000045       1.19209290E-07
  0.854000032       5.54323196E-06
  0.855000019       3.87430191E-06
  0.856000066       2.38418579E-06
  0.857000053       7.74860382E-07
  0.858000040       6.13927841E-06
  0.859000027       4.52995300E-06
  0.860000014       2.92062759E-06
  0.861000061       1.37090683E-06
  0.862000048       6.73532486E-06
  0.863000035       5.12599945E-06
  0.864000022       3.51667404E-06
  0.865000069       8.88109207E-06
  0.866000056       7.27176666E-06
  0.867000043       1.25765800E-05
  0.868000031       1.09672546E-05
  0.869000018       1.62720680E-05
  0.870000064       1.47223473E-05
  0.871000051       1.99675560E-05
  0.872000039       2.52127647E-05
  0.873000026       3.04579735E-05
  0.874000013       4.24981117E-05
  0.875000060       4.77433205E-05
  0.876000047       5.96642494E-05
  0.877000034       7.16447830E-05
  0.878000021       9.03606415E-05
  0.879000068       1.09076500E-04
  0.880000055       1.27732754E-04
  0.881000042       1.53124332E-04
  0.882000029       1.85191631E-04
  0.883000016       2.23934650E-04
  0.884000063       2.69353390E-04
  0.885000050       3.21388245E-04
  0.886000037       3.86774540E-04
  0.887000024       4.58717346E-04
  0.888000071       5.43951988E-04
  0.889000058       6.42359257E-04
  0.890000045       7.53939152E-04
  0.891000032       8.85367393E-04
  0.892000020       1.03652477E-03
  0.893000066       1.21414661E-03
  0.894000053       1.41125917E-03
  0.895000041       1.64121389E-03
  0.896000028       1.90395117E-03
  0.897000015       2.19935179E-03
  0.898000062       2.54058838E-03
  0.899000049       2.92074680E-03
  0.900000036       3.35311890E-03
  0.901000023       3.83740664E-03
  0.902000070       4.38016653E-03
  0.903000057       4.99427319E-03
  0.904000044       5.67948818E-03
  0.905000031       6.44230843E-03
  0.906000018       7.28893280E-03
  0.907000065       8.23235512E-03
  0.908000052       9.27865505E-03
  0.909000039       1.04340911E-02
  0.910000026       1.17049217E-02
  0.911000073       1.31103992E-02
  0.912000060       1.46499872E-02
  0.913000047       1.63364410E-02
  0.914000034       1.81885958E-02
  0.915000021       2.02061534E-02
  0.916000068       2.24080682E-02
  0.917000055       2.48001218E-02
  0.918000042       2.74012685E-02
  0.919000030       3.02172303E-02
  0.920000017       3.32667828E-02
  0.921000063       3.65557075E-02
  0.922000051       4.01089191E-02
  0.923000038       4.39257026E-02
  0.924000025       4.80309725E-02
  0.925000072       5.24302125E-02
  0.926000059       5.71418405E-02
  0.927000046       6.21828437E-02
  0.928000033       6.75557852E-02
  0.929000020       7.32880235E-02
  0.930000067       7.93861747E-02
  0.931000054       8.58618021E-02
  0.932000041       9.27326679E-02
  0.933000028      0.100016892    
  0.934000015      0.107713103    
  0.935000062      0.115845621    
  0.936000049      0.124425411    
  0.937000036      0.133457780    
  0.938000023      0.142960012    
  0.939000070      0.152943611    
  0.940000057      0.163413167    
  0.941000044      0.174379945    
  0.942000031      0.185855150    
  0.943000019      0.197854817    
  0.944000065      0.210367203    
  0.945000052      0.223420203    
  0.946000040      0.237005174    
  0.947000027      0.251132846    
  0.948000073      0.265807033    
  0.949000061      0.281034768    
  0.950000048      0.296805680    
  0.951000035      0.313144863    
  0.952000022      0.330026209    
  0.953000069      0.347472489    
  0.954000056      0.365469158    
  0.955000043      0.384021282    
  0.956000030      0.403114378    
  0.957000017      0.422765553    
  0.958000064      0.442945242    
  0.959000051      0.463666499    
  0.960000038      0.484908283    
  0.961000025      0.506681204    
  0.962000072      0.528955340    
  0.963000059      0.551743984    
  0.964000046      0.575007558    
  0.965000033      0.598767519    
  0.966000021      0.622980118    
  0.967000067      0.647666335    
  0.968000054      0.672775805    
  0.969000041      0.698329926    
  0.970000029      0.724276662    
  0.971000075      0.750641704    
  0.972000062      0.777365506    
  0.973000050      0.804472446    
  0.974000037      0.831903517    
  0.975000024      0.859683752    
  0.976000071      0.887752712    
  0.977000058      0.916131914    
  0.978000045      0.944757938    
  0.979000032      0.973658860    
  0.980000019       1.00276399    
  0.981000066       1.03210795    
  0.982000053       1.06161356    
  0.983000040       1.09131289    
  0.984000027       1.12113333    
  0.985000074       1.15110946    
  0.986000061       1.18116105    
  0.987000048       1.21132481    
  0.988000035       1.24152374    
  0.989000022       1.27179337    
  0.990000069       1.30205655    
  0.991000056       1.33234715    
  0.992000043       1.36258745    
  0.993000031       1.39281523    
  0.994000018       1.42295146    
  0.995000064       1.45303905    
  0.996000051       1.48299062    
  0.997000039       1.51285458    
  0.998000026       1.54254389    
  0.999000072       1.57211268    
   1.00000000       1.60146189    
   1.00100005       1.63065195    
   1.00200009       1.65960050    
   1.00300002       1.68834150    
   1.00400007       1.71681082    
   1.00500000       1.74504411    
   1.00600004       1.77296877    
   1.00700009       1.80063558    
   1.00800002       1.82795167    
   1.00900006       1.85497928    
   1.00999999       1.88163805    
   1.01100004       1.90798128    
   1.01200008       1.93392861    
   1.01300001       1.95953274    
   1.01400006       1.98471463    
   1.01500010       2.00953913    
   1.01600003       2.03391266    
   1.01700008       2.05791044    
   1.01800001       2.08144665    
   1.01900005       2.10458231    
   1.02000010       2.12723589    
   1.02100003       2.14947200    
   1.02200007       2.17122054    
   1.02300000       2.19254255    
   1.02400005       2.21335459    
   1.02500010       2.23372459    
   1.02600002       2.25357890    
   1.02700007       2.27298212    
   1.02800000       2.29186964    
   1.02900004       2.31029034    
   1.03000009       2.32819200    
   1.03100002       2.34561586    
   1.03200006       2.36251831    
   1.03299999       2.37894726    
   1.03400004       2.39484787    
   1.03500009       2.41027713    
   1.03600001       2.42516780    
   1.03700006       2.43958879    
   1.03800011       2.45347595    
   1.03900003       2.46689105    
   1.04000008       2.47978401    
   1.04100001       2.49220562    
   1.04200006       2.50409985    
   1.04300010       2.51553154    
   1.04400003       2.52643418    
   1.04500008       2.53689480    
   1.04600000       2.54683304    
   1.04700005       2.55632210    
   1.04800010       2.56530333    
   1.04900002       2.57384372    
   1.05000007       2.58188200    
   1.05100000       2.58949471    
   1.05200005       2.59660721    
   1.05300009       2.60330296    
   1.05400002       2.60951352    
   1.05500007       2.61532140    
   1.05599999       2.62065077    
   1.05700004       2.62558317    
   1.05800009       2.63005328    
   1.05900002       2.63413668    
   1.06000006       2.63777399    
   1.06100011       2.64103937    
   1.06200004       2.64386058    
   1.06300008       2.64632893    
   1.06400001       2.64836693    
   1.06500006       2.65006113    
   1.06600010       2.65134668    
   1.06700003       2.65229082    
   1.06800008       2.65284157    
   1.06900001       2.65306950    
   1.07000005       2.65291643    
   1.07100010       2.65245438    
   1.07200003       2.65162516    
   1.07300007       2.65049767    
   1.07400000       2.64902449    
   1.07500005       2.64725780    
   1.07600009       2.64516163    
   1.07700002       2.64278483    
   1.07800007       2.64009666    
   1.07900000       2.63714075    
   1.08000004       2.63388062    
   1.08100009       2.63037348    
   1.08200002       2.62657475    
   1.08300006       2.62254000    
   1.08400011       2.61822891    
   1.08500004       2.61369443    
   1.08600008       2.60889339    
   1.08700001       2.60388422    
   1.08800006       2.59862757    
   1.08900011       2.59317136    
   1.09000003       2.58748102    
   1.09100008       2.58160067    
   1.09200001       2.57550025    
   1.09300005       2.56922054    
   1.09400010       2.56273794    
   1.09500003       2.55608559    
   1.09600008       2.54923820    
   1.09700000       2.54224062    
   1.09800005       2.53505087    
   1.09900010       2.52772999    
   1.10000002       2.52022862    
   1.10100007       2.51259518    
   1.10200000       2.50480247    
   1.10300004       2.49688888    
   1.10400009       2.48882699    
   1.10500002       2.48065114    
   1.10600007       2.47233224    
   1.10699999       2.46391296    
   1.10800004       2.45537019    
   1.10900009       2.44672823    
   1.11000001       2.43797135    
   1.11100006       2.42912388    
   1.11200011       2.42017317    
   1.11300004       2.41114330    
   1.11400008       2.40201521    
   1.11500001       2.39282036    
   1.11600006       2.38352966    
   1.11700010       2.37418485    
   1.11800003       2.36475420    
   1.11900008       2.35527468    
   1.12000000       2.34571624    
   1.12100005       2.33611202    
   1.12200010       2.32644320    
   1.12300003       2.31673598    
   1.12400007       2.30697107    
   1.12500000       2.29717350    
   1.12600005       2.28731918    
   1.12700009       2.27744627    
   1.12800002       2.26752472    
   1.12900007       2.25758529    
   1.13000000       2.24760056    
   1.13100004       2.23761177    
   1.13200009       2.22757912    
   1.13300002       2.21754551    
   1.13400006       2.20748043    
   1.13500011       2.19741392    
   1.13600004       2.18732500    
   1.13700008       2.17724276    
   1.13800001       2.16713667    
   1.13900006       2.15703845    
   1.14000010       2.14692998    
   1.14100003       2.13683081    
   1.14200008       2.12672281    
   1.14300001       2.11663246    
   1.14400005       2.10653734    
   1.14500010       2.09646130    
   1.14600003       2.08638859    
   1.14700007       2.07633138    
   1.14800000       2.06628561    
   1.14900005       2.05626011    
   1.15000010       2.04624891    
   1.15100002       2.03625965    
   1.15200007       2.02628756    
   1.15300000       2.01634550    
   1.15400004       2.00641561    
   1.15500009       1.99652374    
   1.15600002       1.98664868    
   1.15700006       1.97681141    
   1.15800011       1.96699095    
   1.15900004       1.95720983    
   1.16000009       1.94745612    
   1.16100001       1.93774474    
   1.16200006       1.92805338    
   1.16300011       1.91840959    
   1.16400003       1.90879250    
   1.16500008       1.89922261    
   1.16600001       1.88967943    
   1.16700006       1.88018334    
   1.16800010       1.87072158    
   1.16900003       1.86130476    
   1.17000008       1.85192680    
   1.17100000       1.84259272    
   1.17200005       1.83329868    
   1.17300010       1.82405174    
   1.17400002       1.81484580    
   1.17500007       1.80568957    
   1.17600000       1.79657245    
   1.17700005       1.78750825    
   1.17800009       1.77848291    
   1.17900002       1.76951230    
   1.18000007       1.76058376    
   1.18100011       1.75170815    
   1.18200004       1.74287510    
   1.18300009       1.73409677    
   1.18400002       1.72536254    
   1.18500006       1.71668243    
   1.18600011       1.70804715    
   1.18700004       1.69946671    
   1.18800008       1.69093537    
   1.18900001       1.68245411    
   1.19000006       1.67402339    
   1.19100010       1.66564846    
   1.19200003       1.65731931    
   1.19300008       1.64904439    
   1.19400001       1.64081955    
   1.19500005       1.63265038    
   1.19600010       1.62453032    
   1.19700003       1.61646557    
   1.19800007       1.60844803    
   1.19900000       1.60048890    
   1.20000005       1.59257627    
   1.20100009       1.58471942    
   1.20200002       1.57691371    
   1.20300007       1.56916285    
   1.20400012       1.56146121    
   1.20500004       1.55381680    
   1.20600009       1.54622090    
   1.20700002       1.53868186    
   1.20800006       1.53119028    
   1.20900011       1.52375484    
   1.21000004       1.51637125    
   1.21100008       1.50903952    
   1.21200001       1.50175917    
   1.21300006       1.49453473    
   1.21400011       1.48735690    
   1.21500003       1.48023498    
   1.21600008       1.47316384    
   1.21700001       1.46614373    
   1.21800005       1.45917571    
   1.21900010       1.45226002    
   1.22000003       1.44539618    
   1.22100008       1.43858278    
   1.22200000       1.43181944    
   1.22300005       1.42510748    
   1.22400010       1.41844714    
   1.22500002       1.41183817    
   1.22600007       1.40527678    
   1.22700012       1.39876723    
   1.22800004       1.39230609    
   1.22900009       1.38589680    
   1.23000002       1.37953568    
   1.23100007       1.37322366    
   1.23200011       1.36696124    
   1.23300004       1.36074889    
   1.23400009       1.35458350    
   1.23500001       1.34846687    
   1.23600006       1.34239876    
   1.23700011       1.33637989    
   1.23800004       1.33040714    
   1.23900008       1.32448125    
   1.24000001       1.31860459    
   1.24100006       1.31277466    
   1.24200010       1.30698991    
   1.24300003       1.30125284    
   1.24400008       1.29556203    
   1.24500000       1.28991711    
   1.24600005       1.28431737    
   1.24700010       1.27876425    
   1.24800003       1.27325487    
   1.24900007       1.26779175    
   1.25000000       1.26237249    
   1.25100005       1.25699794    
   1.25200009       1.25166726    
   1.25300002       1.24638093    
   1.25400007       1.24113846    
   1.25500011       1.23593855    
   1.25600004       1.23078251    
   1.25700009       1.22566926    
   1.25800002       1.22059810    
   1.25900006       1.21556985    
   1.26000011       1.21058238    
   1.26100004       1.20563745    
   1.26200008       1.20073366    
   1.26300001       1.19587147    
   1.26400006       1.19105029    
   1.26500010       1.18626881    
   1.26600003       1.18152916    
   1.26700008       1.17682815    
   1.26800001       1.17216825    
   1.26900005       1.16754663    
   1.27000010       1.16296506    
   1.27100003       1.15842199    
   1.27200007       1.15391827    
   1.27300000       1.14945245    
   1.27400005       1.14502561    
   1.27500010       1.14063525    
   1.27600002       1.13628423    
   1.27700007       1.13196921    
   1.27800012       1.12769210    
   1.27900004       1.12345159    
   1.28000009       1.11924791    
   1.28100002       1.11508024    
   1.28200006       1.11094916    
   1.28300011       1.10685265    
   1.28400004       1.10279322    
   1.28500009       1.09876788    
   1.28600001       1.09477878    
   1.28700006       1.09082258    
   1.28800011       1.08690262    
   1.28900003       1.08301556    
   1.29000008       1.07916391    
   1.29100001       1.07534420    
   1.29200006       1.07156003    
   1.29300010       1.06780708    
   1.29400003       1.06408930    
   1.29500008       1.06040180    
   1.29600000       1.05674911    
   1.29700005       1.05312645    
   1.29800010       1.04953802    
   1.29900002       1.04597926    
   1.30000007       1.04245377    
   1.30100012       1.03895783    
   1.30200005       1.03549492    
   1.30300009       1.03206062    
   1.30400002       1.02865911    
   1.30500007       1.02528572    
   1.30600011       1.02194452    
   1.30700004       1.01863122    
   1.30800009       1.01534951    
   1.30900002       1.01209533    
   1.31000006       1.00887215    
   1.31100011       1.00567591    
   1.31200004       1.00251055    
   1.31300008      0.999371350    
   1.31400001      0.996262968    
   1.31500006      0.993180156    
   1.31600010      0.990127444    
   1.31700003      0.987100422    
   1.31800008      0.984102786    
   1.31900001      0.981130183    
   1.32000005      0.978186846    
   1.32100010      0.975267708    
   1.32200003      0.972378016    
   1.32300007      0.969511747    
   1.32400012      0.966674328    
   1.32500005      0.963860571    
   1.32600009      0.961074889    
   1.32700002      0.958312392    
   1.32800007      0.955577493    
   1.32900012      0.952865243    
   1.33000004      0.950180829    
   1.33100009      0.947518408    
   1.33200002      0.944883287    
   1.33300006      0.942269623    
   1.33400011      0.939683080    
   1.33500004      0.937117815    
   1.33600008      0.934579015    
   1.33700001      0.932061195    
   1.33800006      0.929569423    
   1.33900011      0.927098095    
   1.34000003      0.924652994    
   1.34100008      0.922227681    
   1.34200001      0.919828236    
   1.34300005      0.917448163    
   1.34400010      0.915093362    
   1.34500003      0.912758052    
   1.34600008      0.910447598    
   1.34700012      0.908155859    
   1.34800005      0.905889034    
   1.34900010      0.903640866    
   1.35000002      0.901416779    
   1.35100007      0.899211168    
   1.35200012      0.897029042    
   1.35300004      0.894865632    
   1.35400009      0.892725050    
   1.35500002      0.890602708    
   1.35600007      0.888503313    
   1.35700011      0.886421084    
   1.35800004      0.884361982    
   1.35900009      0.882320285    
   1.36000001      0.880300701    
   1.36100006      0.878298283    
   1.36200011      0.876317739    
   1.36300004      0.874354243    
   1.36400008      0.872412205    
   1.36500001      0.870486856    
   1.36600006      0.868582845    
   1.36700010      0.866694927    
   1.36800003      0.864828229    
   1.36900008      0.862977386    
   1.37000012      0.861147523    
   1.37100005      0.859333098    
   1.37200010      0.857539296    
   1.37300003      0.855760992    
   1.37400007      0.854002893    
   1.37500012      0.852259934    
   1.37600005      0.850537241    
   1.37700009      0.848828852    
   1.37800002      0.847140551    
   1.37900007      0.845466912    
   1.38000011      0.843812585    
   1.38100004      0.842172623    
   1.38200009      0.840551853    
   1.38300002      0.838945448    
   1.38400006      0.837358057    
   1.38500011      0.835784078    
   1.38600004      0.834229052    
   1.38700008      0.832687616    
   1.38800001      0.831164718    
   1.38900006      0.829655290    
   1.39000010      0.828164279    
   1.39100003      0.826685965    
   1.39200008      0.825225770    
   1.39300001      0.823778868    
   1.39400005      0.822349548    
   1.39500010      0.820932746    
   1.39600003      0.819534123    
   1.39700007      0.818147063    
   1.39800012      0.816778421    
   1.39900005      0.815421402    
   1.40000010      0.814081252    
   1.40100002      0.812753916    
   1.40200007      0.811442792    
   1.40300012      0.810143948    
   1.40400004      0.808861852    
   1.40500009      0.807591438    
   1.40600002      0.806336701    
   1.40700006      0.805094719    
   1.40800011      0.803868592    
   1.40900004      0.802653491    
   1.41000009      0.801454067    
   1.41100001      0.800266802    
   1.41200006      0.799094796    
   1.41300011      0.797933519    
   1.41400003      0.796788633    
   1.41500008      0.795653760    
   1.41600001      0.794535339    
   1.41700006      0.793426394    
   1.41800010      0.792332530    
   1.41900003      0.791250527    
   1.42000008      0.790182531    
   1.42100012      0.789125443    
   1.42200005      0.788083553    
   1.42300010      0.787050843    
   1.42400002      0.786033154    
   1.42500007      0.785025597    
   1.42600012      0.784032285    
   1.42700005      0.783049047    
   1.42800009      0.782080173    
   1.42900002      0.781120718    
   1.43000007      0.780175805    
   1.43100011      0.779239833    
   1.43200004      0.778318763    
   1.43300009      0.777406156    
   1.43400002      0.776508152    
   1.43500006      0.775618434    
   1.43600011      0.774742246    
   1.43700004      0.773876190    
   1.43800008      0.773023367    
   1.43900001      0.772179425    
   1.44000006      0.771348715    
   1.44100010      0.770526767    
   1.44200003      0.769719005    
   1.44300008      0.768918157    
   1.44400012      0.768130958    
   1.44500005      0.767352819    
   1.44600010      0.766587794    
   1.44700003      0.765830636    
   1.44800007      0.765086293    
   1.44900012      0.764350176    
   1.45000005      0.763627291    
   1.45100009      0.762911141    
   1.45200002      0.762208283    
   1.45300007      0.761514068    
   1.45400012      0.760832071    
   1.45500004      0.760156989    
   1.45600009      0.759494424    
   1.45700002      0.758840561    
   1.45800006      0.758197665    
   1.45900011      0.757563233    
   1.46000004      0.756940424    
   1.46100008      0.756325185    
   1.46200001      0.755721629    
   1.46300006      0.755125761    
   1.46400011      0.754541159    
   1.46500003      0.753964484    
   1.46600008      0.753399789    
   1.46700013      0.752840698    
   1.46800005      0.752294362    
   1.46900010      0.751754642    
   1.47000003      0.751226425    
   1.47100008      0.750705063    
   1.47200012      0.750195801    
   1.47300005      0.749691963    
   1.47400010      0.749200344    
   1.47500002      0.748714805    
   1.47600007      0.748240590    
   1.47700012      0.747772932    
   1.47800004      0.747316241    
   1.47900009      0.746866226    
   1.48000002      0.746427298    
   1.48100007      0.745994210    
   1.48200011      0.745572984    
   1.48300004      0.745156646    
   1.48400009      0.744751096    
   1.48500001      0.744352758    
   1.48600006      0.743965268    
   1.48700011      0.743582308    
   1.48800004      0.743210852    
   1.48900008      0.742844999    
   1.49000013      0.742490649    
   1.49100006      0.742140532    
   1.49200010      0.741801262    
   1.49300003      0.741468370    
   1.49400008      0.741145492    
   1.49500012      0.740828097    
   1.49600005      0.740521312    
   1.49700010      0.740219593    
   1.49800003      0.739928722    
   1.49900007      0.739642441    
   1.50000012      0.739367127    
   1.50100005      0.739096045    
   1.50200009      0.738835573    
   1.50300002      0.738580525    
   1.50400007      0.738334775    
   1.50500011      0.738094926    
   1.50600004      0.737864971    
   1.50700009      0.737639487    
   1.50800002      0.737424135    
   1.50900006      0.737213731    
   1.51000011      0.737013757    
   1.51100004      0.736817241    
   1.51200008      0.736630678    
   1.51300013      0.736449778    
   1.51400006      0.736277759    
   1.51500010      0.736110985    
   1.51600003      0.735953331    
   1.51700008      0.735800624    
   1.51800013      0.735657334    
   1.51900005      0.735518277    
   1.52000010      0.735389471    
   1.52100003      0.735263944    
   1.52200007      0.735147953    
   1.52300012      0.735037088    
   1.52400005      0.734935820    
   1.52500010      0.734837472    
   1.52600002      0.734749317    
   1.52700007      0.734664679    
   1.52800012      0.734590411    
   1.52900004      0.734518886    
   1.53000009      0.734457552    
   1.53100002      0.734399617    
   1.53200006      0.734351516    
   1.53300011      0.734306216    
   1.53400004      0.734270453    
   1.53500009      0.734238863    
   1.53600001      0.734216750    
   1.53700006      0.734197319    
   1.53800011      0.734187365    
   1.53900003      0.734180987    
   1.54000008      0.734183371    
   1.54100013      0.734189987    
   1.54200006      0.734205365    
   1.54300010      0.734224081    
   1.54400003      0.734252095    
   1.54500008      0.734282851    
   1.54600012      0.734322488    
   1.54700005      0.734365821    
   1.54800010      0.734417379    
   1.54900002      0.734473348    
   1.55000007      0.734537005    
   1.55100012      0.734604716    
   1.55200005      0.734681308    
   1.55300009      0.734760046    
   1.55400002      0.734848261    
   1.55500007      0.734938979    
   1.55600011      0.735038280    
   1.55700004      0.735141277    
   1.55800009      0.735252500    
   1.55900002      0.735366702    
   1.56000006      0.735489845    
   1.56100011      0.735615134    
   1.56200004      0.735749543    
   1.56300008      0.735886455    
   1.56400013      0.736031413    
   1.56500006      0.736180186    
   1.56600010      0.736337066    
   1.56700003      0.736496329    
   1.56800008      0.736664534    
   1.56900012      0.736834586    
   1.57000005      0.737013221    
   1.57100010      0.737194955    
   1.57200003      0.737385035    
   1.57300007      0.737577200    
   1.57400012      0.737778187    
   1.57500005      0.737980902    
   1.57600009      0.738192201    
   1.57700002      0.738406301    
   1.57800007      0.738627911    
   1.57900012      0.738852739    
   1.58000004      0.739085138    
   1.58100009      0.739320397    
   1.58200002      0.739563823    
   1.58300006      0.739808977    
   1.58400011      0.740061998    
   1.58500004      0.740318060    
   1.58600008      0.740581453    
   1.58700013      0.740848064    
   1.58800006      0.741122127    
   1.58900011      0.741398573    
   1.59000003      0.741682053    
   1.59100008      0.741969168    
   1.59200013      0.742263079    
   1.59300005      0.742559791    
   1.59400010      0.742864013    
   1.59500003      0.743170500    
   1.59600008      0.743484139    
   1.59700012      0.743801057    
   1.59800005      0.744125068    
   1.59900010      0.744451165    
   1.60000002      0.744784772    
   1.60100007      0.745120883    
   1.60200012      0.745464325    
   1.60300004      0.745810032    
   1.60400009      0.746162593    
   1.60500002      0.746518195    
   1.60600007      0.746881366    
   1.60700011      0.747245550    
   1.60800004      0.747617483    
   1.60900009      0.747991920    
   1.61000013      0.748372912    
   1.61100006      0.748757005    
   1.61200011      0.749147356    
   1.61300004      0.749540865    
   1.61400008      0.749941111    
   1.61500013      0.750343263    
   1.61600006      0.750752985    
   1.61700010      0.751164019    
   1.61800003      0.751582325    
   1.61900008      0.752003014    
   1.62000012      0.752430558    
   1.62100005      0.752860427    
   1.62200010      0.753297389    
   1.62300003      0.753735721    
   1.62400007      0.754181087    
   1.62500012      0.754628956    
   1.62600005      0.755083203    
   1.62700009      0.755540013    
   1.62800002      0.756003797    
   1.62900007      0.756468713    
   1.63000011      0.756941259    
   1.63100004      0.757415235    
   1.63200009      0.757896185    
   1.63300014      0.758378923    
   1.63400006      0.758868158    
   1.63500011      0.759360075    
   1.63600004      0.759858847    
   1.63700008      0.760358453    
   1.63800013      0.760865271    
   1.63900006      0.761374116    
   1.64000010      0.761889219    
   1.64100003      0.762406647    
   1.64200008      0.762930632    
   1.64300013      0.763456225    
   1.64400005      0.763988376    
   1.64500010      0.764522493    
   1.64600003      0.765063882    
   1.64700007      0.765605748    
   1.64800012      0.766154826    
   1.64900005      0.766705513    
   1.65000010      0.767262638    
   1.65100002      0.767821789    
   1.65200007      0.768386900    
   1.65300012      0.768954396    
   1.65400004      0.769528210    
   1.65500009      0.770103514    
   1.65600014      0.770684958    
   1.65700006      0.771268964    
   1.65800011      0.771858454    
   1.65900004      0.772450328    
   1.66000009      0.773048818    
   1.66100013      0.773648024    
   1.66200006      0.774254382    
   1.66300011      0.774861455    
   1.66400003      0.775475144    
   1.66500008      0.776090980    
   1.66600013      0.776712537    
   1.66700006      0.777336240    
   1.66800010      0.777966261    
   1.66900003      0.778597295    
   1.67000008      0.779235125    
   1.67100012      0.779873967    
   1.67200005      0.780518889    
   1.67300010      0.781166315    
   1.67400002      0.781819046    
   1.67500007      0.782473922    
   1.67600012      0.783134818    
   1.67700005      0.783797264    
   1.67800009      0.784465194    
   1.67900014      0.785135627    
   1.68000007      0.785812020    
   1.68100011      0.786489367    
   1.68200004      0.787172914    
   1.68300009      0.787858367    
   1.68400013      0.788549423    
   1.68500006      0.789242387    
   1.68600011      0.789941072    
   1.68700004      0.790641606    
   1.68800008      0.791347563    
   1.68900013      0.792055488    
   1.69000006      0.792769015    
   1.69100010      0.793484628    
   1.69200003      0.794206142    
   1.69300008      0.794928372    
   1.69400012      0.795656860    
   1.69500005      0.796386957    
   1.69600010      0.797123313    
   1.69700003      0.797860503    
   1.69800007      0.798603475    
   1.69900012      0.799348235    
   1.70000005      0.800099015    
   1.70100009      0.800850749    
   1.70200002      0.801608682    
   1.70300007      0.802367806    
   1.70400012      0.803132534    
   1.70500004      0.803899407    
   1.70600009      0.804671586    
   1.70700014      0.805445313    
   1.70800006      0.806224644    
   1.70900011      0.807005525    
   1.71000004      0.807791829    
   1.71100008      0.808580041    
   1.71200013      0.809373796    
   1.71300006      0.810168743    
   1.71400011      0.810969830    
   1.71500003      0.811771631    
   1.71600008      0.812579572    
   1.71700013      0.813388765    
   1.71800005      0.814203322    
   1.71900010      0.815019846    
   1.72000003      0.815841615    
   1.72100008      0.816664994    
   1.72200012      0.817493677    
   1.72300005      0.818324029    
   1.72400010      0.819159567    
   1.72500002      0.819997013    
   1.72600007      0.820839763    
   1.72700012      0.821683705    
   1.72800004      0.822533727    
   1.72900009      0.823384404    
   1.73000014      0.824241102    
   1.73100007      0.825098872    
   1.73200011      0.825961947    
   1.73300004      0.826826930    
   1.73400009      0.827697277    
   1.73500013      0.828568637    
   1.73600006      0.829445958    
   1.73700011      0.830323935    
   1.73800004      0.831207931    
   1.73900008      0.832093000    
   1.74000013      0.832983434    
   1.74100006      0.833875477    
   1.74200010      0.834772587    
   1.74300003      0.835671425    
   1.74400008      0.836575329    
   1.74500012      0.837480903    
   1.74600005      0.838391602    
   1.74700010      0.839303732    
   1.74800003      0.840221047    
   1.74900007      0.841139913    
   1.75000012      0.842064023    
   1.75100005      0.842989564    
   1.75200009      0.843920350    
   1.75300014      0.844852507    
   1.75400007      0.845790029    
   1.75500011      0.846728504    
   1.75600004      0.847672820    
   1.75700009      0.848617971    
   1.75800014      0.849568665    
   1.75900006      0.850520611    
   1.76000011      0.851477623    
   1.76100004      0.852436185    
   1.76200008      0.853399813    
   1.76300013      0.854364932    
   1.76400006      0.855335295    
   1.76500010      0.856307089    
   1.76600003      0.857283950    
   1.76700008      0.858261824    
   1.76800013      0.859245420    
   1.76900005      0.860229850    
   1.77000010      0.861220062    
   1.77100003      0.862210870    
   1.77200007      0.863207579    
   1.77300012      0.864204884    
   1.77400005      0.865208030    
   1.77500010      0.866211712    
   1.77600014      0.867221355    
   1.77700007      0.868231654    
   1.77800012      0.869247615    
   1.77900004      0.870264292    
   1.78000009      0.871286869    
   1.78100014      0.872309864    
   1.78200006      0.873338878    
   1.78300011      0.874368310    
   1.78400004      0.875403643    
   1.78500009      0.876439571    
   1.78600013      0.877481341    
   1.78700006      0.878523588    
   1.78800011      0.879571795    
   1.78900003      0.880620420    
   1.79000008      0.881674945    
   1.79100013      0.882730007    
   1.79200006      0.883790851    
   1.79300010      0.884852290    
   1.79400003      0.885919511    
   1.79500008      0.886987269    
   1.79600012      0.888060868    
   1.79700005      0.889135063    
   1.79800010      0.890214920    
   1.79900014      0.891295373    
   1.80000007      0.892381608    
   1.80100012      0.893468380    
   1.80200005      0.894560933    
   1.80300009      0.895654023    
   1.80400014      0.896752834    
   1.80500007      0.897852361    
   1.80600011      0.898957312    
   1.80700004      0.900063157    
   1.80800009      0.901174486    
   1.80900013      0.902286649    
   1.81000006      0.903404236    
   1.81100011      0.904522598    
   1.81200004      0.905646503    
   1.81300008      0.906771243    
   1.81400013      0.907901406    
   1.81500006      0.909032404    
   1.81600010      0.910168767    
   1.81700003      0.911305964    
   1.81800008      0.912448704    
   1.81900012      0.913592219    
   1.82000005      0.914741158    
   1.82100010      0.915890872    
   1.82200015      0.917046010    
   1.82300007      0.918202102    
   1.82400012      0.919363558    
   1.82500005      0.920525789    
   1.82600009      0.921693504    
   1.82700014      0.922862053    
   1.82800007      0.924035907    
   1.82900012      0.925210595    
   1.83000004      0.926390827    
   1.83100009      0.927571774    
   1.83200014      0.928758204    
   1.83300006      0.929945469    
   1.83400011      0.931137919    
   1.83500004      0.932331443    
   1.83600008      0.933530271    
   1.83700013      0.934729934    
   1.83800006      0.935934961    
   1.83900011      0.937140822    
   1.84000003      0.938352108    
   1.84100008      0.939564228    
   1.84200013      0.940781713    
   1.84300005      0.942000031    
   1.84400010      0.943223655    
   1.84500003      0.944448233    
   1.84600008      0.945678115    
   1.84700012      0.946908772    
   1.84800005      0.948144913    
   1.84900010      0.949381769    
   1.85000014      0.950623989    
   1.85100007      0.951867163    
   1.85200012      0.953115582    
   1.85300004      0.954364896    
   1.85400009      0.955619514    
   1.85500014      0.956874967    
   1.85600007      0.958135784    
   1.85700011      0.959397376    
   1.85800004      0.960664392    
   1.85900009      0.961932123    
   1.86000013      0.963205218    
   1.86100006      0.964479208    
   1.86200011      0.965758443    
   1.86300004      0.967038512    
   1.86400008      0.968323886    
   1.86500013      0.969610095    
   1.86600006      0.970901549    
   1.86700010      0.972193897    
   1.86800003      0.973491430    
   1.86900008      0.974789858    
   1.87000012      0.976093411    
   1.87100005      0.977397919    
   1.87200010      0.978707552    
   1.87300014      0.980018020    
   1.87400007      0.981333733    
   1.87500012      0.982650220    
   1.87600005      0.983971953    
   1.87700009      0.985294402    
   1.87800014      0.986622036    
   1.87900007      0.987950444    
   1.88000011      0.989283979    
   1.88100004      0.990618289    
   1.88200009      0.991957664    
   1.88300014      0.993297815    
   1.88400006      0.994643092    
   1.88500011      0.995989025    
   1.88600004      0.997340024    
   1.88700008      0.998691738    
   1.88800013       1.00004840    
   1.88900006       1.00140584    
   1.89000010       1.00276816    
   1.89100003       1.00413120    
   1.89200008       1.00549901    
   1.89300013       1.00686753    
   1.89400005       1.00824094    
   1.89500010       1.00961483    
   1.89600015       1.01099360    
   1.89700007       1.01237297    
   1.89800012       1.01375687    
   1.89900005       1.01514149    
   1.90000010       1.01653063    
   1.90100014       1.01792037    
   1.90200007       1.01931465    
   1.90300012       1.02070928    
   1.90400004       1.02210844    
   1.90500009       1.02350795    
   1.90600014       1.02491188    
   1.90700006       1.02631629    
   1.90800011       1.02772474    
   1.90900004       1.02913368    
   1.91000009       1.03054667    
   1.91100013       1.03195989    
   1.91200006       1.03337717    
   1.91300011       1.03479457    
   1.91400003       1.03621590    
   1.91500008       1.03763747    
   1.91600013       1.03906262    
   1.91700006       1.04048789    
   1.91800010       1.04191673    
   1.91900015       1.04334557    
   1.92000008       1.04477787    
   1.92100012       1.04620993    
   1.92200005       1.04764533    
   1.92300010       1.04908049    
   1.92400014       1.05051875    
   1.92500007       1.05195677    
   1.92600012       1.05339766    
   1.92700005       1.05483806    
   1.92800009       1.05628121    
   1.92900014       1.05772376    
   1.93000007       1.05916893    
   1.93100011       1.06061327    
   1.93200004       1.06206012    
   1.93300009       1.06350589    
   1.93400013       1.06495404    
   1.93500006       1.06640100    
   1.93600011       1.06784987    
   1.93700004       1.06929743    
   1.93800008       1.07074702    
   1.93900013       1.07219493    
   1.94000006       1.07364452    
   1.94100010       1.07509208    
   1.94200015       1.07654142    
   1.94300008       1.07798874    
   1.94400012       1.07943702    
   1.94500005       1.08088326    
   1.94600010       1.08233035    
   1.94700015       1.08377504    
   1.94800007       1.08522034    
   1.94900012       1.08666277    
   1.95000005       1.08810592    
   1.95100009       1.08954608    
   1.95200014       1.09098613    
   1.95300007       1.09242332    
   1.95400012       1.09386003    
   1.95500004       1.09529316    
   1.95600009       1.09672630    
   1.95700014       1.09815538    
   1.95800006       1.09958363    
   1.95900011       1.10100806    
   1.96000004       1.10243106    
   1.96100008       1.10384977    
   1.96200013       1.10526729    
   1.96300006       1.10668004    
   1.96400011       1.10809112    
   1.96500015       1.10949707    
   1.96600008       1.11090112    
   1.96700013       1.11229968    
   1.96800005       1.11369598    
   1.96900010       1.11508667    
   1.97000015       1.11647439    
   1.97100008       1.11785626    
   1.97200012       1.11923492    
   1.97300005       1.12060714    
   1.97400010       1.12197626    
   1.97500014       1.12333834    
   1.97600007       1.12469673    
   1.97700012       1.12604797    
   1.97800004       1.12739515    
   1.97900009       1.12873507    
   1.98000014       1.13006985    
   1.98100007       1.13139737    
   1.98200011       1.13271940    
   1.98300004       1.13403320    
   1.98400009       1.13534236    
   1.98500013       1.13664269    
   1.98600006       1.13793719    
   1.98700011       1.13922286    
   1.98800004       1.14050233    
   1.98900008       1.14177239    
   1.99000013       1.14303613    
   1.99100006       1.14428997    
   1.99200010       1.14553726    
   1.99300015       1.14677393    
   1.99400008       1.14800406    
   1.99500012       1.14922309    
   1.99600005       1.15043485    
   1.99700010       1.15163600    
   1.99800014       1.15282845    
   1.99900007       1.15400982    
   2.00000000       1.15518308    
   2.00100017       1.15634465    
   2.00200009       1.15749717    
   2.00300002       1.15863764    
   2.00400019       1.15976918    
   2.00500011       1.16088879    
   2.00600004       1.16199803    
   2.00700021       1.16309512    
   2.00800014       1.16418171    
   2.00900006       1.16525602    
   2.00999999       1.16631913    
   2.01100016       1.16736960    
   2.01200008       1.16840875    
   2.01300001       1.16943443    
   2.01400018       1.17044902    
   2.01500010       1.17144942    
   2.01600003       1.17243898    
   2.01700020       1.17341375    
   2.01800013       1.17437685    
   2.01900005       1.17532539    
   2.01999998       1.17626143    
   2.02100015       1.17718244    
   2.02200007       1.17809141    
   2.02300000       1.17898500    
   2.02400017       1.17986572    
   2.02500010       1.18073106    
   2.02600002       1.18158329    
   2.02700019       1.18241990    
   2.02800012       1.18324256    
   2.02900004       1.18404973    
   2.03000021       1.18484271    
   2.03100014       1.18561935    
   2.03200006       1.18638265    
   2.03299999       1.18712902    
   2.03400016       1.18786120    
   2.03500009       1.18857706    
   2.03600001       1.18927789    
   2.03700018       1.18996179    
   2.03800011       1.19063115    
   2.03900003       1.19128370    
   2.04000020       1.19192064    
   2.04100013       1.19254053    
   2.04200006       1.19314551    
   2.04299998       1.19373274    
   2.04400015       1.19430494    
   2.04500008       1.19485903    
   2.04600000       1.19539809    
   2.04700017       1.19591904    
   2.04800010       1.19642472    
   2.04900002       1.19691205    
   2.05000019       1.19738388    
   2.05100012       1.19783759    
   2.05200005       1.19827557    
   2.05300021       1.19869518    
   2.05400014       1.19909906    
   2.05500007       1.19948447    
   2.05599999       1.19985378    
   2.05700016       1.20020521    
   2.05800009       1.20053983    
   2.05900002       1.20085621    
   2.06000018       1.20115674    
   2.06100011       1.20143914    
   2.06200004       1.20170450    
   2.06300020       1.20195174    
   2.06400013       1.20218277    
   2.06500006       1.20239544    
   2.06599998       1.20259190    
   2.06700015       1.20276952    
   2.06800008       1.20293128    
   2.06900001       1.20307446    
   2.07000017       1.20320153    
   2.07100010       1.20331013    
   2.07200003       1.20340252    
   2.07300019       1.20347643    
   2.07400012       1.20353460    
   2.07500005       1.20357442    
   2.07600021       1.20359778    
   2.07700014       1.20360363    
   2.07800007       1.20359254    
   2.07900000       1.20356405    
   2.08000016       1.20351934    
   2.08100009       1.20345724    
   2.08200002       1.20337844    
   2.08300018       1.20328212    
   2.08400011       1.20317030    
   2.08500004       1.20304108    
   2.08600020       1.20289552    
   2.08700013       1.20273280    
   2.08800006       1.20255470    
   2.08899999       1.20235932    
   2.09000015       1.20214844    
   2.09100008       1.20192051    
   2.09200001       1.20167732    
   2.09300017       1.20141733    
   2.09400010       1.20114231    
   2.09500003       1.20085037    
   2.09600019       1.20054388    
   2.09700012       1.20022082    
   2.09800005       1.19988310    
   2.09900022       1.19952893    
   2.10000014       1.19916058    
   2.10100007       1.19877601    
   2.10200000       1.19837749    
   2.10300016       1.19796312    
   2.10400009       1.19753444    
   2.10500002       1.19709027    
   2.10600019       1.19663262    
   2.10700011       1.19615972    
   2.10800004       1.19567311    
   2.10900021       1.19517148    
   2.11000013       1.19465673    
   2.11100006       1.19412708    
   2.11199999       1.19358456    
   2.11300015       1.19302773    
   2.11400008       1.19245768    
   2.11500001       1.19187427    
   2.11600018       1.19127750    
   2.11700010       1.19066727    
   2.11800003       1.19004500    
   2.11900020       1.18940914    
   2.12000012       1.18876100    
   2.12100005       1.18809998    
   2.12200022       1.18742716    
   2.12300014       1.18674195    
   2.12400007       1.18604445    
   2.12500000       1.18533492    
   2.12600017       1.18461430    
   2.12700009       1.18388140    
   2.12800002       1.18313754    
   2.12900019       1.18238187    
   2.13000011       1.18161595    
   2.13100004       1.18083847    
   2.13200021       1.18005025    
   2.13300014       1.17925096    
   2.13400006       1.17844212    
   2.13499999       1.17762220    
   2.13600016       1.17679238    
   2.13700008       1.17595243    
   2.13800001       1.17510295    
   2.13900018       1.17424345    
   2.14000010       1.17337453    
   2.14100003       1.17249656    
   2.14200020       1.17160904    
   2.14300013       1.17071235    
   2.14400005       1.16980708    
   2.14500022       1.16889286    
   2.14600015       1.16797030    
   2.14700007       1.16703916    
   2.14800000       1.16609991    
   2.14900017       1.16515219    
   2.15000010       1.16419721    
   2.15100002       1.16323400    
   2.15200019       1.16226351    
   2.15300012       1.16128516    
   2.15400004       1.16030025    
   2.15500021       1.15930748    
   2.15600014       1.15830851    
   2.15700006       1.15730238    
   2.15799999       1.15628946    
   2.15900016       1.15526986    
   2.16000009       1.15424454    
   2.16100001       1.15321279    
   2.16200018       1.15217495    
   2.16300011       1.15113139    
   2.16400003       1.15008163    
   2.16500020       1.14902651    
   2.16600013       1.14796662    
   2.16700006       1.14690101    
   2.16800022       1.14583027    
   2.16900015       1.14475441    
   2.17000008       1.14367414    
   2.17100000       1.14258921    
   2.17200017       1.14149916    
   2.17300010       1.14040506    
   2.17400002       1.13930702    
   2.17500019       1.13820469    
   2.17600012       1.13709855    
   2.17700005       1.13598824    
   2.17800021       1.13487494    
   2.17900014       1.13375735    
   2.18000007       1.13263714    
   2.18099999       1.13151360    
   2.18200016       1.13038659    
   2.18300009       1.12925661    
   2.18400002       1.12812376    
   2.18500018       1.12698865    
   2.18600011       1.12585044    
   2.18700004       1.12470996    
   2.18800020       1.12356734    
   2.18900013       1.12242186    
   2.19000006       1.12127519    
   2.19100022       1.12012649    
   2.19200015       1.11897552    
   2.19300008       1.11782312    
   2.19400001       1.11666918    
   2.19500017       1.11551416    
   2.19600010       1.11435711    
   2.19700003       1.11319911    
   2.19800019       1.11204016    
   2.19900012       1.11088026    
   2.20000005       1.10971928    
   2.20100021       1.10855746    
   2.20200014       1.10739553    
   2.20300007       1.10623276    
   2.20400000       1.10506952    
   2.20500016       1.10390580    
   2.20600009       1.10274231    
   2.20700002       1.10157847    
   2.20800018       1.10041463    
   2.20900011       1.09925103    
   2.21000004       1.09808743    
   2.21100020       1.09692430    
   2.21200013       1.09576154    
   2.21300006       1.09459937    
   2.21399999       1.09343767    
   2.21500015       1.09227657    
   2.21600008       1.09111643    
   2.21700001       1.08995712    
   2.21800017       1.08879888    
   2.21900010       1.08764160    
   2.22000003       1.08648551    
   2.22100019       1.08533061    
   2.22200012       1.08417690    
   2.22300005       1.08302462    
   2.22400022       1.08187401    
   2.22500014       1.08072507    
   2.22600007       1.07957768    
   2.22700000       1.07843184    
   2.22800016       1.07728791    
   2.22900009       1.07614589    
   2.23000002       1.07500577    
   2.23100019       1.07386768    
   2.23200011       1.07273173    
   2.23300004       1.07159793    
   2.23400021       1.07046640    
   2.23500013       1.06933713    
   2.23600006       1.06821036    
   2.23699999       1.06708610    
   2.23800015       1.06596422    
   2.23900008       1.06484497    
   2.24000001       1.06372833    
   2.24100018       1.06261444    
   2.24200010       1.06150329    
   2.24300003       1.06039500    
   2.24400020       1.05928969    
   2.24500012       1.05818725    
   2.24600005       1.05708790    
   2.24700022       1.05599141    
   2.24800014       1.05489826    
   2.24900007       1.05380809    
   2.25000000       1.05272138    
   2.25100017       1.05163765    
   2.25200009       1.05055749    
   2.25300002       1.04948068    
   2.25400019       1.04840720    
   2.25500011       1.04733729    
   2.25600004       1.04627085    
   2.25700021       1.04520798    
   2.25800014       1.04414880    
   2.25900006       1.04309320    
   2.25999999       1.04204142    
   2.26100016       1.04099321    
   2.26200008       1.03994882    
   2.26300001       1.03890836    
   2.26400018       1.03787184    
   2.26500010       1.03683901    
   2.26600003       1.03581023    
   2.26700020       1.03478527    
   2.26800013       1.03376448    
   2.26900005       1.03274775    
   2.27000022       1.03173506    
   2.27100015       1.03072643    
   2.27200007       1.02972209    
   2.27300000       1.02872181    
   2.27400017       1.02772582    
   2.27500010       1.02673388    
   2.27600002       1.02574646    
   2.27700019       1.02476311    
   2.27800012       1.02378428    
   2.27900004       1.02280962    
   2.28000021       1.02183950    
   2.28100014       1.02087367    
   2.28200006       1.01991236    
   2.28299999       1.01895535    
   2.28400016       1.01800299    
   2.28500009       1.01705503    
   2.28600001       1.01611173    
   2.28700018       1.01517272    
   2.28800011       1.01423860    
   2.28900003       1.01330876    
   2.29000020       1.01238370    
   2.29100013       1.01146305    
   2.29200006       1.01054728    
   2.29300022       1.00963593    
   2.29400015       1.00872946    
   2.29500008       1.00782752    
   2.29600000       1.00693047    
   2.29700017       1.00603795    
   2.29800010       1.00515032    
   2.29900002       1.00426722    
   2.30000019       1.00338912    
   2.30100012       1.00251555    
   2.30200005       1.00164688    
   2.30300021       1.00078297    
   2.30400014      0.999924004    
   2.30500007      0.999069631    
   2.30599999      0.998220325    
   2.30700016      0.997375548    
   2.30800009      0.996535897    
   2.30900002      0.995700836    
   2.31000018      0.994870901    
   2.31100011      0.994045615    
   2.31200004      0.993225455    
   2.31300020      0.992409825    
   2.31400013      0.991599441    
   2.31500006      0.990793645    
   2.31600022      0.989992976    
   2.31700015      0.989197016    
   2.31800008      0.988406122    
   2.31900001      0.987619996    
   2.32000017      0.986838937    
   2.32100010      0.986062586    
   2.32200003      0.985291421    
   2.32300019      0.984524906    
   2.32400012      0.983763576    
   2.32500005      0.983006895    
   2.32600021      0.982255340    
   2.32700014      0.981508553    
   2.32800007      0.980766892    
   2.32900000      0.980029941    
   2.33000016      0.979298115    
   2.33100009      0.978570998    
   2.33200002      0.977849066    
   2.33300018      0.977131724    
   2.33400011      0.976419687    
   2.33500004      0.975712180    
   2.33600020      0.975009918    
   2.33700013      0.974312305    
   2.33800006      0.973619938    
   2.33900023      0.972932041    
   2.34000015      0.972249508    
   2.34100008      0.971571445    
   2.34200001      0.970898628    
   2.34300017      0.970230460    
   2.34400010      0.969567418    
   2.34500003      0.968908966    
   2.34600019      0.968255758    
   2.34700012      0.967607021    
   2.34800005      0.966963530    
   2.34900022      0.966324568    
   2.35000014      0.965690672    
   2.35100007      0.965061486    
   2.35200000      0.964437425    
   2.35300016      0.963817835    
   2.35400009      0.963203430    
   2.35500002      0.962593436    
   2.35600019      0.961988688    
   2.35700011      0.961388409    
   2.35800004      0.960793257    
   2.35900021      0.960202515    
   2.36000013      0.959616959    
   2.36100006      0.959035814    
   2.36200023      0.958459795    
   2.36300015      0.957888126    
   2.36400008      0.957321703    
   2.36500001      0.956759512    
   2.36600018      0.956202447    
   2.36700010      0.955649793    
   2.36800003      0.955102265    
   2.36900020      0.954558969    
   2.37000012      0.954020798    
   2.37100005      0.953486919    
   2.37200022      0.952958167    
   2.37300014      0.952433586    
   2.37400007      0.951914191    
   2.37500000      0.951398909    
   2.37600017      0.950888753    
   2.37700009      0.950382769    
   2.37800002      0.949881852    
   2.37900019      0.949385047    
   2.38000011      0.948893368    
   2.38100004      0.948405743    
   2.38200021      0.947923183    
   2.38300014      0.947444737    
   2.38400006      0.946971297    
   2.38500023      0.946501911    
   2.38600016      0.946037531    
   2.38700008      0.945577145    
   2.38800001      0.945121825    
   2.38900018      0.944670439    
   2.39000010      0.944224119    
   2.39100003      0.943781674    
   2.39200020      0.943344235    
   2.39300013      0.942910671    
   2.39400005      0.942482173    
   2.39500022      0.942057371    
   2.39600015      0.941637695    
   2.39700007      0.941221714    
   2.39800000      0.940810800    
   2.39900017      0.940403581    
   2.40000010      0.940001488    
   2.40100002      0.939602911    
   2.40200019      0.939209461    
   2.40300012      0.938819528    
   2.40400004      0.938434780    
   2.40500021      0.938053370    
   2.40600014      0.937677205    
   2.40700006      0.937304318    
   2.40800023      0.936936736    
   2.40900016      0.936572313    
   2.41000009      0.936213136    
   2.41100001      0.935857236    
   2.41200018      0.935506344    
   2.41300011      0.935158908    
   2.41400003      0.934816480    
   2.41500020      0.934477270    
   2.41600013      0.934143186    
   2.41700006      0.933812261    
   2.41800022      0.933486402    
   2.41900015      0.933163643    
   2.42000008      0.932845950    
   2.42100000      0.932531416    
   2.42200017      0.932221949    
   2.42300010      0.931915522    
   2.42400002      0.931614041    
   2.42500019      0.931315720    
   2.42600012      0.931022346    
   2.42700005      0.930732012    
   2.42800021      0.930446565    
   2.42900014      0.930164099    
   2.43000007      0.929886758    
   2.43100023      0.929612160    
   2.43200016      0.929342687    
   2.43300009      0.929075897    
   2.43400002      0.928814232    
   2.43500018      0.928555250    
   2.43600011      0.928301275    
   2.43700004      0.928050041    
   2.43800020      0.927803814    
   2.43900013      0.927560210    
   2.44000006      0.927321672    
   2.44100022      0.927085757    
   2.44200015      0.926854730    
   2.44300008      0.926626325    
   2.44400001      0.926402867    
   2.44500017      0.926182032    
   2.44600010      0.925966084    
   2.44700003      0.925752640    
   2.44800019      0.925544143    
   2.44900012      0.925338089    
   2.45000005      0.925136924    
   2.45100021      0.924938202    
   2.45200014      0.924744427    
   2.45300007      0.924552977    
   2.45400023      0.924366474    
   2.45500016      0.924182236    
   2.45600009      0.924002945    
   2.45700002      0.923825860    
   2.45800018      0.923653722    
   2.45900011      0.923483729    
   2.46000004      0.923318684    
   2.46100020      0.923155844    
   2.46200013      0.922997773    
   2.46300006      0.922841966    
   2.46400023      0.922690988    
   2.46500015      0.922541976    
   2.46600008      0.922397971    
   2.46700001      0.922255814    
   2.46800017      0.922118664    
   2.46900010      0.921983480    
   2.47000003      0.921853125    
   2.47100019      0.921724677    
   2.47200012      0.921601176    
   2.47300005      0.921479464    
   2.47400022      0.921362519    
   2.47500014      0.921247542    
   2.47600007      0.921137333    
   2.47700024      0.921028972    
   2.47800016      0.920925319    
   2.47900009      0.920823514    
   2.48000002      0.920726478    
   2.48100019      0.920631170    
   2.48200011      0.920540631    
   2.48300004      0.920451760    
   2.48400021      0.920367718    
   2.48500013      0.920285225    
   2.48600006      0.920207500    
   2.48700023      0.920131385    
   2.48800015      0.920060098    
   2.48900008      0.919990242    
   2.49000001      0.919925153    
   2.49100018      0.919861615    
   2.49200010      0.919802785    
   2.49300003      0.919745386    
   2.49400020      0.919692695    
   2.49500012      0.919641435    
   2.49600005      0.919594884    
   2.49700022      0.919549763    
   2.49800014      0.919509292    
   2.49900007      0.919470191    
   2.50000000      0.919435680    
   2.50100017      0.919440269    
   2.50200009      0.919449329    
   2.50300002      0.919459641    
   2.50400019      0.919474423    
   2.50500011      0.919490397    
   2.50600004      0.919510782    
   2.50700021      0.919532418    
   2.50800014      0.919558465    
   2.50900006      0.919585586    
   2.51000023      0.919617116    
   2.51100016      0.919649839    
   2.51200008      0.919686913    
   2.51300001      0.919725060    
   2.51400018      0.919767618    
   2.51500010      0.919811189    
   2.51600003      0.919859111    
   2.51700020      0.919908047    
   2.51800013      0.919961452    
   2.51900005      0.920015633    
   2.52000022      0.920074284    
   2.52100015      0.920133829    
   2.52200007      0.920197785    
   2.52300000      0.920262456    
   2.52400017      0.920331597    
   2.52500010      0.920401573    
   2.52600002      0.920475841    
   2.52700019      0.920550883    
   2.52800012      0.920630276    
   2.52900004      0.920710444    
   2.53000021      0.920794904    
   2.53100014      0.920880079    
   2.53200006      0.920969665    
   2.53300023      0.921059728    
   2.53400016      0.921154201    
   2.53500009      0.921249330    
   2.53600001      0.921348810    
   2.53700018      0.921448767    
   2.53800011      0.921552956    
   2.53900003      0.921657801    
   2.54000020      0.921766996    
   2.54100013      0.921876609    
   2.54200006      0.921990514    
   2.54300022      0.922104895    
   2.54400015      0.922223508    
   2.54500008      0.922342658    
   2.54600000      0.922465920    
   2.54700017      0.922589660    
   2.54800010      0.922717571    
   2.54900002      0.922846019    
   2.55000019      0.922978520    
   2.55100012      0.923111498    
   2.55200005      0.923248589    
   2.55300021      0.923386097    
   2.55400014      0.923527598    
   2.55500007      0.923669517    
   2.55600023      0.923815668    
   2.55700016      0.923961937    
   2.55800009      0.924112439    
   2.55900002      0.924263179    
   2.56000018      0.924418032    
   2.56100011      0.924573064    
   2.56200004      0.924732268    
   2.56300020      0.924891531    
   2.56400013      0.925054967    
   2.56500006      0.925218582    
   2.56600022      0.925386190    
   2.56700015      0.925553977    
   2.56800008      0.925725877    
   2.56900001      0.925897717    
   2.57000017      0.926073730    
   2.57100010      0.926249743    
   2.57200003      0.926429868    
   2.57300019      0.926609933    
   2.57400012      0.926794052    
   2.57500005      0.926978111    
   2.57600021      0.927166283    
   2.57700014      0.927354336    
   2.57800007      0.927546382    
   2.57900023      0.927738428    
   2.58000016      0.927934408    
   2.58100009      0.928130269    
   2.58200002      0.928330123    
   2.58300018      0.928529739    
   2.58400011      0.928733468    
   2.58500004      0.928936899    
   2.58600020      0.929144382    
   2.58700013      0.929351568    
   2.58800006      0.929562807    
   2.58900023      0.929773688    
   2.59000015      0.929988563    
   2.59100008      0.930203140    
   2.59200001      0.930421650    
   2.59300017      0.930639803    
   2.59400010      0.930861950    
   2.59500003      0.931083620    
   2.59600019      0.931309342    
   2.59700012      0.931534588    
   2.59800005      0.931763768    
   2.59900022      0.931992471    
   2.60000014      0.932225108    
   2.60100007      0.932457268    
   2.60200024      0.932693362    
   2.60300016      0.932928860    
   2.60400009      0.933168352    
   2.60500002      0.933407187    
   2.60600019      0.933650017    
   2.60700011      0.933892250    
   2.60800004      0.934138298    
   2.60900021      0.934383690    
   2.61000013      0.934633076    
   2.61100006      0.934881687    
   2.61200023      0.935134172    
   2.61300015      0.935386062    
   2.61400008      0.935641646    
   2.61500001      0.935896635    
   2.61600018      0.936155379    
   2.61700010      0.936413467    
   2.61800003      0.936675310    
   2.61900020      0.936936259    
   2.62000012      0.937201262    
   2.62100005      0.937465310    
   2.62200022      0.937733114    
   2.62300014      0.938000202    
   2.62400007      0.938270986    
   2.62500024      0.938540816    
   2.62600017      0.938814521    
   2.62700009      0.939087331    
   2.62800002      0.939363837    
   2.62900019      0.939639449    
   2.63000011      0.939918876    
   2.63100004      0.940197170    
   2.63200021      0.940479279    
   2.63300014      0.940760434    
   2.63400006      0.941045284    
   2.63500023      0.941329062    
   2.63600016      0.941616535    
   2.63700008      0.941902995    
   2.63800001      0.942193210    
   2.63900018      0.942482173    
   2.64000010      0.942774951    
   2.64100003      0.943066537    
   2.64200020      0.943361878    
   2.64300013      0.943655908    
   2.64400005      0.943953812    
   2.64500022      0.944250345    
   2.64600015      0.944550574    
   2.64700007      0.944849551    
   2.64800024      0.945152283    
   2.64900017      0.945453703    
   2.65000010      0.945758760    
   2.65100002      0.946062565    
   2.65200019      0.946370006    
   2.65300012      0.946676075    
   2.65400004      0.946985722    
   2.65500021      0.947293997    
   2.65600014      0.947605968    
   2.65700006      0.947916448    
   2.65800023      0.948230684    
   2.65900016      0.948543251    
   2.66000009      0.948859572    
   2.66100001      0.949174404    
   2.66200018      0.949492812    
   2.66300011      0.949809670    
   2.66400003      0.950130284    
   2.66500020      0.950449228    
   2.66600013      0.950771749    
   2.66700006      0.951092780    
   2.66800022      0.951417208    
   2.66900015      0.951740205    
   2.67000008      0.952066600    
   2.67100024      0.952391386    
   2.67200017      0.952719808    
   2.67300010      0.953046501    
   2.67400002      0.953376710    
   2.67500019      0.953705251    
   2.67600012      0.954037249    
   2.67700005      0.954367578    
   2.67800021      0.954701424    
   2.67900014      0.955033481    
   2.68000007      0.955368996    
   2.68100023      0.955702841    
   2.68200016      0.956040025    
   2.68300009      0.956375420    
   2.68400002      0.956714272    
   2.68500018      0.957051396    
   2.68600011      0.957391858    
   2.68700004      0.957730353    
   2.68800020      0.958072484    
   2.68900013      0.958412588    
   2.69000006      0.958756208    
   2.69100022      0.959097743    
   2.69200015      0.959442794    
   2.69300008      0.959785819    
   2.69400024      0.960132241    
   2.69500017      0.960476816    
   2.69600010      0.960824609    
   2.69700003      0.961170375    
   2.69800019      0.961519599    
   2.69900012      0.961866796    
   2.70000005      0.962217271    
   2.70100021      0.962565720    
   2.70200014      0.962917447    
   2.70300007      0.963267088    
   2.70400023      0.963619947    
   2.70500016      0.963970840    
   2.70600009      0.964324892    
   2.70700002      0.964676917    
   2.70800018      0.965032101    
   2.70900011      0.965385199    
   2.71000004      0.965741456    
   2.71100020      0.966095626    
   2.71200013      0.966452956    
   2.71300006      0.966808140    
   2.71400023      0.967166424    
   2.71500015      0.967522621    
   2.71600008      0.967881858    
   2.71700025      0.968238950    
   2.71800017      0.968599081    
   2.71900010      0.968957067    
   2.72000003      0.969318151    
   2.72100019      0.969676912    
   2.72200012      0.970038772    
   2.72300005      0.970398366    
   2.72400022      0.970761061    
   2.72500014      0.971121371    
   2.72600007      0.971484780    
   2.72700024      0.971845806    
   2.72800016      0.972209811    
   2.72900009      0.972571611    
   2.73000002      0.972936332    
   2.73100019      0.973298669    
   2.73200011      0.973663986    
   2.73300004      0.974026918    
   2.73400021      0.974392831    
   2.73500013      0.974756241    
   2.73600006      0.975122631    
   2.73700023      0.975486577    
   2.73800015      0.975853443    
   2.73900008      0.976217866    
   2.74000025      0.976585150    
   2.74100018      0.976949990    
   2.74200010      0.977317631    
   2.74300003      0.977682829    
   2.74400020      0.978050828    
   2.74500012      0.978416324    
   2.74600005      0.978784621    
   2.74700022      0.979150474    
   2.74800014      0.979519010    
   2.74900007      0.979885042    
   2.75000024      0.980253816    
   2.75100017      0.980620027    
   2.75200009      0.980988920    
   2.75300002      0.981355309    
   2.75400019      0.981724322    
   2.75500011      0.982090831    
   2.75600004      0.982459962    
   2.75700021      0.982826412    
   2.75800014      0.983195603    
   2.75900006      0.983562171    
   2.76000023      0.983931303    
   2.76100016      0.984297812    
   2.76200008      0.984666884    
   2.76300025      0.985033333    
   2.76400018      0.985402346    
   2.76500010      0.985768616    
   2.76600003      0.986137450    
   2.76700020      0.986503661    
   2.76800013      0.986872315    
   2.76900005      0.987238228    
   2.77000022      0.987606645    
   2.77100015      0.987972319    
   2.77200007      0.988340497    
   2.77300024      0.988705873    
   2.77400017      0.989073694    
   2.77500010      0.989438772    
   2.77600002      0.989806175    
   2.77700019      0.990170896    
   2.77800012      0.990537941    
   2.77900004      0.990902185    
   2.78000021      0.991268814    
   2.78100014      0.991632521    
   2.78200006      0.991998672    
   2.78300023      0.992361903    
   2.78400016      0.992727458    
   2.78500009      0.993090153    
   2.78600001      0.993455172    
   2.78700018      0.993817210    
   2.78800011      0.994181573    
   2.78900003      0.994542956    
   2.79000020      0.994906664    
   2.79100013      0.995267391    
   2.79200006      0.995630324    
   2.79300022      0.995990336    
   2.79400015      0.996352494    
   2.79500008      0.996711731    
   2.79600024      0.997073114    
   2.79700017      0.997431397    
   2.79800010      0.997792006    
   2.79900002      0.998149455    
   2.80000019      0.998509109    
   2.80100012      0.998865664    
   2.80200005      0.999224365    
   2.80300021      0.999579966    
   2.80400014      0.999937654    
   2.80500007       1.00029230    
   2.80600023       1.00064898    
   2.80700016       1.00100255    
   2.80800009       1.00135803    
   2.80900002       1.00171053    
   2.81000018       1.00206494    
   2.81100011       1.00241625    
   2.81200004       1.00276959    
   2.81300020       1.00311971    
   2.81400013       1.00347173    
   2.81500006       1.00382066    
   2.81600022       1.00417149    
   2.81700015       1.00451899    
   2.81800008       1.00486863    
   2.81900024       1.00521481    
   2.82000017       1.00556302    
   2.82100010       1.00590789    
   2.82200003       1.00625467    
   2.82300019       1.00659811    
   2.82400012       1.00694346    
   2.82500005       1.00728548    
   2.82600021       1.00762939    
   2.82700014       1.00796986    
   2.82800007       1.00831223    
   2.82900023       1.00865114    
   2.83000016       1.00899196    
   2.83100009       1.00932920    
   2.83200002       1.00966835    
   2.83300018       1.01000404    
   2.83400011       1.01034153    
   2.83500004       1.01067555    
   2.83600020       1.01101136    
   2.83700013       1.01134360    
   2.83800006       1.01167762    
   2.83900023       1.01200819    
   2.84000015       1.01234043    
   2.84100008       1.01266909    
   2.84200025       1.01299942    
   2.84300017       1.01332629    
   2.84400010       1.01365471    
   2.84500003       1.01397955    
   2.84600019       1.01430619    
   2.84700012       1.01462913    
   2.84800005       1.01495361    
   2.84900022       1.01527452    
   2.85000014       1.01559711    
   2.85100007       1.01591599    
   2.85200024       1.01623642    
   2.85300016       1.01655316    
   2.85400009       1.01687145    
   2.85500002       1.01718616    
   2.85600019       1.01750231    
   2.85700011       1.01781476    
   2.85800004       1.01812875    
   2.85900021       1.01843894    
   2.86000013       1.01875055    
   2.86100006       1.01905847    
   2.86200023       1.01936793    
   2.86300015       1.01967359    
   2.86400008       1.01998055    
   2.86500025       1.02028382    
   2.86600018       1.02058852    
   2.86700010       1.02088928    
   2.86800003       1.02119148    
   2.86900020       1.02148986    
   2.87000012       1.02178955    
   2.87100005       1.02208543    
   2.87200022       1.02238262    
   2.87300014       1.02267599    
   2.87400007       1.02297056    
   2.87500024       1.02326131    
   2.87600017       1.02355325    
   2.87700009       1.02384138    
   2.87800002       1.02413070    
   2.87900019       1.02441609    
   2.88000011       1.02470267    
   2.88100004       1.02498531    
   2.88200021       1.02526915    
   2.88300014       1.02554905    
   2.88400006       1.02583015    
   2.88500023       1.02610707    
   2.88600016       1.02638531    
   2.88700008       1.02665949    
   2.88800025       1.02693474    
   2.88900018       1.02720606    
   2.89000010       1.02747846    
   2.89100003       1.02774668    
   2.89200020       1.02801609    
   2.89300013       1.02828133    
   2.89400005       1.02854776    
   2.89500022       1.02881002    
   2.89600015       1.02907324    
   2.89700007       1.02933240    
   2.89800024       1.02959251    
   2.89900017       1.02984858    
   2.90000010       1.03010559    
   2.90100002       1.03035831    
   2.90200019       1.03061223    
   2.90300012       1.03086174    
   2.90400004       1.03111231    
   2.90500021       1.03135860    
   2.90600014       1.03160584    
   2.90700006       1.03184891    
   2.90800023       1.03209269    
   2.90900016       1.03233242    
   2.91000009       1.03257287    
   2.91100025       1.03280914    
   2.91200018       1.03304625    
   2.91300011       1.03327906    
   2.91400003       1.03351259    
   2.91500020       1.03374195    
   2.91600013       1.03397202    
   2.91700006       1.03419781    
   2.91800022       1.03442430    
   2.91900015       1.03464651    
   2.92000008       1.03486931    
   2.92100024       1.03508794    
   2.92200017       1.03530717    
   2.92300010       1.03552222    
   2.92400002       1.03573763    
   2.92500019       1.03594887    
   2.92600012       1.03616071    
   2.92700005       1.03636825    
   2.92800021       1.03657627    
   2.92900014       1.03678000    
   2.93000007       1.03698421    
   2.93100023       1.03718412    
   2.93200016       1.03738439    
   2.93300009       1.03758049    
   2.93400025       1.03777683    
   2.93500018       1.03796899    
   2.93600011       1.03816152    
   2.93700004       1.03834963    
   2.93800020       1.03853822    
   2.93900013       1.03872228    
   2.94000006       1.03890681    
   2.94100022       1.03908694    
   2.94200015       1.03926742    
   2.94300008       1.03944349    
   2.94400024       1.03961992    
   2.94500017       1.03979182    
   2.94600010       1.03996408    
   2.94700003       1.04013181    
   2.94800019       1.04029989    
   2.94900012       1.04046345    
   2.95000005       1.04062736    
   2.95100021       1.04078674    
   2.95200014       1.04094636    
   2.95300007       1.04110146    
   2.95400023       1.04125679    
   2.95500016       1.04140770    
   2.95600009       1.04155862    
   2.95700026       1.04170513    
   2.95800018       1.04185176    
   2.95900011       1.04199398    
   2.96000004       1.04213619    
   2.96100020       1.04227400    
   2.96200013       1.04241180    
   2.96300006       1.04254520    
   2.96400023       1.04267848    
   2.96500015       1.04280734    
   2.96600008       1.04293633    
   2.96700025       1.04306066    
   2.96800017       1.04318500    
   2.96900010       1.04330480    
   2.97000003       1.04342461    
   2.97100019       1.04354000    
   2.97200012       1.04365516    
   2.97300005       1.04376590    
   2.97400022       1.04387653    
   2.97500014       1.04398263    
   2.97600007       1.04408860    
   2.97700024       1.04419005    
   2.97800016       1.04429150    
   2.97900009       1.04438829    
   2.98000026       1.04448485    
   2.98100019       1.04457700    
   2.98200011       1.04466891    
   2.98300004       1.04475629    
   2.98400021       1.04484344    
   2.98500013       1.04492617    
   2.98600006       1.04500854    
   2.98700023       1.04508638    
   2.98800015       1.04516411    
   2.98900008       1.04523718    
   2.99000025       1.04531002    
   2.99100018       1.04537833    
   2.99200010       1.04544640    
   2.99300003       1.04550982    
   2.99400020       1.04557300    
   2.99500012       1.04563165    
   2.99600005       1.04568994    
   2.99700022       1.04574370    
   2.99800014       1.04579711    
   2.99900007       1.04584610    
   3.00000024       1.04589450    
   3.00100017       1.04593861    
   3.00200009       1.04598224    
   3.00300026       1.04602134    
   3.00400019       1.04605997    
   3.00500011       1.04609430    
   3.00600004       1.04612803    
   3.00700021       1.04615736    
   3.00800014       1.04618609    
   3.00900006       1.04621053    
   3.01000023       1.04623437    
   3.01100016       1.04625380    
   3.01200008       1.04627275    
   3.01300025       1.04628718    
   3.01400018       1.04630113    
   3.01500010       1.04631066    
   3.01600003       1.04631972    
   3.01700020       1.04632425    
   3.01800013       1.04632831    
   3.01900005       1.04632795    
   3.02000022       1.04632699    
   3.02100015       1.04632163    
   3.02200007       1.04631567    
   3.02300024       1.04630542    
   3.02400017       1.04629445    
   3.02500010       1.04627919    
   3.02600026       1.04626334    
   3.02700019       1.04624319    
   3.02800012       1.04622245    
   3.02900004       1.04619730    
   3.03000021       1.04617155    
   3.03100014       1.04614139    
   3.03200006       1.04611075    
   3.03300023       1.04607570    
   3.03400016       1.04604006    
   3.03500009       1.04600012    
   3.03600025       1.04595959    
   3.03700018       1.04591477    
   3.03800011       1.04586923    
   3.03900003       1.04581952    
   3.04000020       1.04576910    
   3.04100013       1.04571462    
   3.04200006       1.04565930    
   3.04300022       1.04559994    
   3.04400015       1.04553974    
   3.04500008       1.04547548    
   3.04600024       1.04541051    
   3.04700017       1.04534137    
   3.04800010       1.04527152    
   3.04900026       1.04519761    
   3.05000019       1.04512298    
   3.05100012       1.04504430    
   3.05200005       1.04496503    
   3.05300021       1.04488146    
   3.05400014       1.04479742    
   3.05500007       1.04470921    
   3.05600023       1.04462039    
   3.05700016       1.04452741    
   3.05800009       1.04443395    
   3.05900025       1.04433644    
   3.06000018       1.04423821    
   3.06100011       1.04413605    
   3.06200004       1.04403329    
   3.06300020       1.04392648    
   3.06400013       1.04381907    
   3.06500006       1.04370773    
   3.06600022       1.04359567    
   3.06700015       1.04347992    
   3.06800008       1.04336333    
   3.06900024       1.04324293    
   3.07000017       1.04312193    
   3.07100010       1.04299712    
   3.07200003       1.04287171    
   3.07300019       1.04274249    
   3.07400012       1.04261267    
   3.07500005       1.04247904    
   3.07600021       1.04234493    
   3.07700014       1.04220688    
   3.07800007       1.04206848    
   3.07900023       1.04192615    
   3.08000016       1.04178357    
   3.08100009       1.04163706    
   3.08200026       1.04149008    
   3.08300018       1.04133940    
   3.08400011       1.04118824    
   3.08500004       1.04103351    
   3.08600020       1.04087842    
   3.08700013       1.04071939    
   3.08800006       1.04056025    
   3.08900023       1.04039729    
   3.09000015       1.04023397    
   3.09100008       1.04006708    
   3.09200025       1.03989983    
   3.09300017       1.03972900    
   3.09400010       1.03955793    
   3.09500003       1.03938329    
   3.09600019       1.03920829    
   3.09700012       1.03902984    
   3.09800005       1.03885114    
   3.09900022       1.03866887    
   3.10000014       1.03848648    
   3.10100007       1.03830051    
   3.10200024       1.03811431    
   3.10300016       1.03792489    
   3.10400009       1.03773510    
   3.10500026       1.03754210    
   3.10600019       1.03734887    
   3.10700011       1.03715229    
   3.10800004       1.03695560    
   3.10900021       1.03675556    
   3.11000013       1.03655553    
   3.11100006       1.03635204    
   3.11200023       1.03614867    
   3.11300015       1.03594208    
   3.11400008       1.03573525    
   3.11500025       1.03552544    
   3.11600018       1.03531551    
   3.11700010       1.03510261    
   3.11800003       1.03488946    
   3.11900020       1.03467333    
   3.12000012       1.03445721    
   3.12100005       1.03423810    
   3.12200022       1.03401899    
   3.12300014       1.03379691    
   3.12400007       1.03357494    
   3.12500024       1.03335011    
   3.12600017       1.03312516    
   3.12700009       1.03289747    
   3.12800026       1.03266990    
   3.12900019       1.03243947    
   3.13000011       1.03220916    
   3.13100004       1.03197610    
   3.13200021       1.03174305    
   3.13300014       1.03150749    
   3.13400006       1.03127193    
   3.13500023       1.03103387    
   3.13600016       1.03079593    
   3.13700008       1.03055537    
   3.13800025       1.03031504    
   3.13900018       1.03007221    
   3.14000010       1.02982950    
   3.14100003       1.02958429    
   3.14200020       1.02933931    
   3.14300013       1.02909207    
   3.14400005       1.02884507    
   3.14500022       1.02859569    
   3.14600015       1.02834642    
   3.14700007       1.02809513    
   3.14800024       1.02784395    
   3.14900017       1.02759051    
   3.15000010       1.02733743    
   3.15100026       1.02708220    
   3.15200019       1.02682734    
   3.15300012       1.02657032    
   3.15400004       1.02631354    
   3.15500021       1.02605486    
   3.15600014       1.02579641    
   3.15700006       1.02553606    
   3.15800023       1.02527618    
   3.15900016       1.02501416    
   3.16000009       1.02475274    
   3.16100025       1.02448928    
   3.16200018       1.02422643    
   3.16300011       1.02396154    
   3.16400003       1.02369726    
   3.16500020       1.02343106    
   3.16600013       1.02316546    
   3.16700006       1.02289820    
   3.16800022       1.02263141    
   3.16900015       1.02236295    
   3.17000008       1.02209485    
   3.17100024       1.02182531    
   3.17200017       1.02155638    
   3.17300010       1.02128577    
   3.17400026       1.02101588    
   3.17500019       1.02074432    
   3.17600012       1.02047336    
   3.17700005       1.02020109    
   3.17800021       1.01992941    
   3.17900014       1.01965630    
   3.18000007       1.01938403    
   3.18100023       1.01911020    
   3.18200016       1.01883698    
   3.18300009       1.01856267    
   3.18400025       1.01828909    
   3.18500018       1.01801407    
   3.18600011       1.01773989    
   3.18700004       1.01746452    
   3.18800020       1.01718998    
   3.18900013       1.01691425    
   3.19000006       1.01663923    
   3.19100022       1.01636326    
   3.19200015       1.01608801    
   3.19300008       1.01581168    
   3.19400024       1.01553631    
   3.19500017       1.01525986    
   3.19600010       1.01498425    
   3.19700027       1.01470780    
   3.19800019       1.01443207    
   3.19900012       1.01415563    
   3.20000005       1.01387990    
   3.20100021       1.01360357    
   3.20200014       1.01332796    
   3.20300007       1.01305163    
   3.20400023       1.01277626    
   3.20500016       1.01250017    
   3.20600009       1.01222491    
   3.20700026       1.01194918    
   3.20800018       1.01167428    
   3.20900011       1.01139879    
   3.21000004       1.01112437    
   3.21100020       1.01084924    
   3.21200013       1.01057529    
   3.21300006       1.01030064    
   3.21400023       1.01002705    
   3.21500015       1.00975311    
   3.21600008       1.00948012    
   3.21700025       1.00920677    
   3.21800017       1.00893438    
   3.21900010       1.00866163    
   3.22000027       1.00839007    
   3.22100019       1.00811803    
   3.22200012       1.00784719    
   3.22300005       1.00757599    
   3.22400022       1.00730598    
   3.22500014       1.00703573    
   3.22600007       1.00676656    
   3.22700024       1.00649726    
   3.22800016       1.00622904    
   3.22900009       1.00596070    
   3.23000026       1.00569355    
   3.23100019       1.00542629    
   3.23200011       1.00516021    
   3.23300004       1.00489402    
   3.23400021       1.00462902    
   3.23500013       1.00436401    
   3.23600006       1.00410032    
   3.23700023       1.00383651    
   3.23800015       1.00357401    
   3.23900008       1.00331163    
   3.24000025       1.00305045    
   3.24100018       1.00278926    
   3.24200010       1.00252938    
   3.24300027       1.00226974    
   3.24400020       1.00201130    
   3.24500012       1.00175309    
   3.24600005       1.00149608    
   3.24700022       1.00123942    
   3.24800014       1.00098395    
   3.24900007       1.00072885    
   3.25000024       1.00047493    
   3.25100017       1.00022137    
   3.25200009      0.999969125    
   3.25300026      0.999717295    
   3.25400019      0.999466658    
   3.25500011      0.999216557    
   3.25600004      0.998967648    
   3.25700021      0.998719275    
   3.25800014      0.998472154    
   3.25900006      0.998225570    
   3.26000023      0.997980237    
   3.26100016      0.997735560    
   3.26200008      0.997492135    
   3.26300025      0.997249305    
   3.26400018      0.997007787    
   3.26500010      0.996766865    
   3.26600027      0.996527314    
   3.26700020      0.996288359    
   3.26800013      0.996050775    
   3.26900005      0.995813906    
   3.27000022      0.995578349    
   3.27100015      0.995343506    
   3.27200007      0.995110035    
   3.27300024      0.994877338    
   3.27400017      0.994645953    
   3.27500010      0.994415343    
   3.27600026      0.994186163    
   3.27700019      0.993957758    
   3.27800012      0.993730664    
   3.27900004      0.993504524    
   3.28000021      0.993279696    
   3.28100014      0.993055820    
   3.28200006      0.992833257    
   3.28300023      0.992611647    
   3.28400016      0.992391348    
   3.28500009      0.992172062    
   3.28600025      0.991954148    
   3.28700018      0.991737187    
   3.28800011      0.991521597    
   3.28900027      0.991307020    
   3.29000020      0.991093814    
   3.29100013      0.990881681    
   3.29200006      0.990670919    
   3.29300022      0.990461230    
   3.29400015      0.990252912    
   3.29500008      0.990045667    
   3.29600024      0.989839852    
   3.29700017      0.989635110    
   3.29800010      0.989431798    
   3.29900026      0.989229620    
   3.30000019      0.989028811    
   3.30100012      0.988829195    
   3.30200005      0.988630891    
   3.30300021      0.988433897    
   3.30400014      0.988238215    
   3.30500007      0.988043785    
   3.30600023      0.987850726    
   3.30700016      0.987658918    
   3.30800009      0.987468481    
   3.30900025      0.987279296    
   3.31000018      0.987091541    
   3.31100011      0.986905038    
   3.31200027      0.986719966    
   3.31300020      0.986536205    
   3.31400013      0.986353755    
   3.31500006      0.986172676    
   3.31600022      0.985992968    
   3.31700015      0.985814691    
   3.31800008      0.985637724    
   3.31900024      0.985462129    
   3.32000017      0.985287845    
   3.32100010      0.985115051    
   3.32200027      0.984943628    
   3.32300019      0.984773576    
   3.32400012      0.984604895    
   3.32500005      0.984437704    
   3.32600021      0.984271765    
   3.32700014      0.984107375    
   3.32800007      0.983944297    
   3.32900023      0.983782709    
   3.33000016      0.983622432    
   3.33100009      0.983463705    
   3.33200026      0.983306289    
   3.33300018      0.983150423    
   3.33400011      0.982995868    
   3.33500028      0.982842803    
   3.33600020      0.982691109    
   3.33700013      0.982540965    
   3.33800006      0.982392132    
   3.33900023      0.982244849    
   3.34000015      0.982098937    
   3.34100008      0.981954515    
   3.34200025      0.981811523    
   3.34300017      0.981670022    
   3.34400010      0.981529891    
   3.34500027      0.981391311    
   3.34600019      0.981254041    
   3.34700012      0.981118441    
   3.34800005      0.980984092    
   3.34900022      0.980851352    
   3.35000014      0.980719924    
   3.35100007      0.980590165    
   3.35200024      0.980461657    
   3.35300016      0.980334759    
   3.35400009      0.980209231    
   3.35500026      0.980085313    
   3.35600019      0.979962707    
   3.35700011      0.979841709    
   3.35800028      0.979721963    
   3.35900021      0.979603946    
   3.36000013      0.979487240    
   3.36100006      0.979372144    
   3.36200023      0.979258299    
   3.36300015      0.979146183    
   3.36400008      0.979035258    
   3.36500025      0.978926122    
   3.36600018      0.978818178    
   3.36700010      0.978711963    
   3.36800027      0.978606939    
   3.36900020      0.978503704    
   3.37000012      0.978401601    
   3.37100005      0.978301346    
   3.37200022      0.978202164    
   3.37300014      0.978104830    
   3.37400007      0.978008628    
   3.37500024      0.977914214    
   3.37600017      0.977820933    
   3.37700009      0.977729499    
   3.37800026      0.977639139    
   3.37900019      0.977550685    
   3.38000011      0.977463186    
   3.38100004      0.977377653    
   3.38200021      0.977293193    
   3.38300014      0.977210522    
   3.38400006      0.977128983    
   3.38500023      0.977049291    
   3.38600016      0.976970613    
   3.38700008      0.976893842    
   3.38800025      0.976818085    
   3.38900018      0.976744235    
   3.39000010      0.976671398    
   3.39100027      0.976600468    
   3.39200020      0.976530492    
   3.39300013      0.976462483    
   3.39400005      0.976395428    
   3.39500022      0.976330280    
   3.39600015      0.976266086    
   3.39700007      0.976203918    
   3.39800024      0.976142585    
   3.39900017      0.976083279    
   3.40000010      0.976024806    
   3.40100026      0.975968301    
   3.40200019      0.975912750    
   3.40300012      0.975859165    
   3.40400004      0.975806415    
   3.40500021      0.975755632    
   3.40600014      0.975705743    
   3.40700006      0.975657880    
   3.40800023      0.975610793    
   3.40900016      0.975565732    
   3.41000009      0.975521445    
   3.41100025      0.975479245    
   3.41200018      0.975437820    
   3.41300011      0.975398421    
   3.41400027      0.975359797    
   3.41500020      0.975323141    
   3.41600013      0.975287259    
   3.41700006      0.975253403    
   3.41800022      0.975220323    
   3.41900015      0.975189269    
   3.42000008      0.975158989    
   3.42100024      0.975130677    
   3.42200017      0.975103140    
   3.42300010      0.975077569    
   3.42400026      0.975052714    
   3.42500019      0.975029945    
   3.42600012      0.975007832    
   3.42700005      0.974987745    
   3.42800021      0.974968314    
   3.42900014      0.974951029    
   3.43000007      0.974934280    
   3.43100023      0.974919617    
   3.43200016      0.974905550    
   3.43300009      0.974893630    
   3.43400025      0.974882185    
   3.43500018      0.974872947    
   3.43600011      0.974864125    
   3.43700027      0.974857569    
   3.43800020      0.974851429    
   3.43900013      0.974847436    
   3.44000006      0.974843919    
   3.44100022      0.974842548    
   3.44200015      0.974841654    
   3.44300008      0.974842906    
   3.44400024      0.974844515    
   3.44500017      0.974848390    
   3.44600010      0.974852622    
   3.44700027      0.974858999    
   3.44800019      0.974865735    
   3.44900012      0.974874735    
   3.45000005      0.974884033    
   3.45100021      0.974895537    
   3.45200014      0.974907279    
   3.45300007      0.974921346    
   3.45400023      0.974935651    
   3.45500016      0.974952221    
   3.45600009      0.974968970    
   3.45700026      0.974987984    
   3.45800018      0.975007176    
   3.45900011      0.975028634    
   3.46000028      0.975050330    
   3.46100020      0.975074232    
   3.46200013      0.975098312    
   3.46300006      0.975124598    
   3.46400023      0.975151122    
   3.46500015      0.975179851    
   3.46600008      0.975208759    
   3.46700025      0.975239873    
   3.46800017      0.975271106    
   3.46900010      0.975304604    
   3.47000027      0.975338161    
   3.47100019      0.975373983    
   3.47200012      0.975409925    
   3.47300005      0.975448012    
   3.47400022      0.975486279    
   3.47500014      0.975526690    
   3.47600007      0.975567162    
   3.47700024      0.975609839    
   3.47800016      0.975652635    
   3.47900009      0.975697577    
   3.48000026      0.975742579    
   3.48100019      0.975789726    
   3.48200011      0.975836992    
   3.48300028      0.975886345    
   3.48400021      0.975935817    
   3.48500013      0.975987375    
   3.48600006      0.976038992    
   3.48700023      0.976092756    
   3.48800015      0.976146460    
   3.48900008      0.976202369    
   3.49000025      0.976258278    
   3.49100018      0.976316273    
   3.49200010      0.976374269    
   3.49300027      0.976434350    
   3.49400020      0.976494491    
   3.49500012      0.976556599    
   3.49600005      0.976618767    
   3.49700022      0.976682961    
   3.49800014      0.976747215    
   3.49900007      0.976813436    
   3.50000024      0.976879597    
   3.50100017      0.976947904    
   3.50200009      0.977016091    
   3.50300026      0.977086365    
   3.50400019      0.977156460    
   3.50500011      0.977228642    
   3.50600028      0.977300763    
   3.50700021      0.977374852    
   3.50800014      0.977448821    
   3.50900006      0.977524936    
   3.51000023      0.977600813    
   3.51100016      0.977678716    
   3.51200008      0.977756441    
   3.51300025      0.977836251    
   3.51400018      0.977915883    
   3.51500010      0.977997482    
   3.51600027      0.978078842    
   3.51700020      0.978162289    
   3.51800013      0.978245497    
   3.51900005      0.978330731    
   3.52000022      0.978415668    
   3.52100015      0.978502631    
   3.52200007      0.978589356    
   3.52300024      0.978677988    
   3.52400017      0.978766441    
   3.52500010      0.978856862    
   3.52600026      0.978946924    
   3.52700019      0.979039013    
   3.52800012      0.979130805    
   3.52900028      0.979224503    
   3.53000021      0.979317904    
   3.53100014      0.979413271    
   3.53200006      0.979508281    
   3.53300023      0.979605258    
   3.53400016      0.979701817    
   3.53500009      0.979800403    
   3.53600025      0.979898512    
   3.53700018      0.979998589    
   3.53800011      0.980098248    
   3.53900027      0.980199873    
   3.54000020      0.980301023    
   3.54100013      0.980404079    
   3.54200006      0.980506778    
   3.54300022      0.980611324    
   3.54400015      0.980715394    
   3.54500008      0.980821371    
   3.54600024      0.980926931    
   3.54700017      0.981034398    
   3.54800010      0.981141269    
   3.54900026      0.981250048    
   3.55000019      0.981358349    
   3.55100012      0.981468499    
   3.55200028      0.981578171    
   3.55300021      0.981689572    
   3.55400014      0.981800556    
   3.55500007      0.981913328    
   3.55600023      0.982025564    
   3.55700016      0.982139587    
   3.55800009      0.982253075    
   3.55900025      0.982368410    
   3.56000018      0.982483149    
   3.56100011      0.982599616    
   3.56200027      0.982715547    
   3.56300020      0.982833266    
   3.56400013      0.982950389    
   3.56500006      0.983069241    
   3.56600022      0.983187497    
   3.56700015      0.983307481    
   3.56800008      0.983426929    
   3.56900024      0.983547926    
   3.57000017      0.983668447    
   3.57100010      0.983790636    
   3.57200027      0.983912170    
   3.57300019      0.984035373    
   3.57400012      0.984158039    
   3.57500029      0.984282255    
   3.57600021      0.984405875    
   3.57700014      0.984531045    
   3.57800007      0.984655678    
   3.57900023      0.984781921    
   3.58000016      0.984907448    
   3.58100009      0.985034585    
   3.58200026      0.985161126    
   3.58300018      0.985289156    
   3.58400011      0.985416532    
   3.58500028      0.985545456    
   3.58600020      0.985673726    
   3.58700013      0.985803545    
   3.58800006      0.985932589    
   3.58900023      0.986063182    
   3.59000015      0.986193180    
   3.59100008      0.986324549    
   3.59200025      0.986455321    
   3.59300017      0.986587465    
   3.59400010      0.986718953    
   3.59500027      0.986851871    
   3.59600019      0.986984074    
   3.59700012      0.987117708    
   3.59800029      0.987250626    
   3.59900022      0.987384975    
   3.60000014      0.987518549    
   3.60100007      0.987653553    
   3.60200024      0.987787783    
   3.60300016      0.987923443    
   3.60400009      0.988058269    
   3.60500026      0.988194525    
   3.60600019      0.988330007    
   3.60700011      0.988466740    
   3.60800028      0.988602757    
   3.60900021      0.988740146    
   3.61000013      0.988876700    
   3.61100006      0.989014566    
   3.61200023      0.989151657    
   3.61300015      0.989289999    
   3.61400008      0.989427567    
   3.61500025      0.989566386    
   3.61600018      0.989704370    
   3.61700010      0.989843667    
   3.61800027      0.989982069    
   3.61900020      0.990121782    
   3.62000012      0.990260601    
   3.62100029      0.990400672    
   3.62200022      0.990539908    
   3.62300014      0.990680337    
   3.62400007      0.990819871    
   3.62500024      0.990960658    
   3.62600017      0.991100490    
   3.62700009      0.991241574    
   3.62800026      0.991381645    
   3.62900019      0.991523027    
   3.63000011      0.991663456    
   3.63100028      0.991805017    
   3.63200021      0.991945684    
   3.63300014      0.992087483    
   3.63400006      0.992228329    
   3.63500023      0.992370367    
   3.63600016      0.992511332    
   3.63700008      0.992653549    
   3.63800025      0.992794693    
   3.63900018      0.992937028    
   3.64000010      0.993078291    
   3.64100027      0.993220747    
   3.64200020      0.993362129    
   3.64300013      0.993504703    
   3.64400029      0.993646085    
   3.64500022      0.993788719    
   3.64600015      0.993930221    
   3.64700007      0.994072914    
   3.64800024      0.994214356    
   3.64900017      0.994356990    
   3.65000010      0.994498491    
   3.65100026      0.994641125    
   3.65200019      0.994782567    
   3.65300012      0.994925201    
   3.65400028      0.995066583    
   3.65500021      0.995209098    
   3.65600014      0.995350361    
   3.65700006      0.995492816    
   3.65800023      0.995634019    
   3.65900016      0.995776296    
   3.66000009      0.995917320    
   3.66100025      0.996059477    
   3.66200018      0.996200383    
   3.66300011      0.996342301    
   3.66400027      0.996482968    
   3.66500020      0.996624768    
   3.66600013      0.996765256    
   3.66700006      0.996906757    
   3.66800022      0.997046947    
   3.66900015      0.997188270    
   3.67000008      0.997328222    
   3.67100024      0.997469246    
   3.67200017      0.997608840    
   3.67300010      0.997749567    
   3.67400026      0.997888923    
   3.67500019      0.998029292    
   3.67600012      0.998168290    
   3.67700028      0.998308301    
   3.67800021      0.998446941    
   3.67900014      0.998586535    
   3.68000007      0.998724759    
   3.68100023      0.998863935    
   3.68200016      0.999001801    
   3.68300009      0.999140561    
   3.68400025      0.999277949    
   3.68500018      0.999416232    
   3.68600011      0.999553144    
   3.68700027      0.999691010    
   3.68800020      0.999827445    
   3.68900013      0.999964774    
   3.69000006       1.00010061    
   3.69100022       1.00023746    
   3.69200015       1.00037277    
   3.69300008       1.00050902    
   3.69400024       1.00064385    
   3.69500017       1.00077951    
   3.69600010       1.00091374    
   3.69700027       1.00104880    
   3.69800019       1.00118244    
   3.69900012       1.00131679    
   3.70000029       1.00144982    
   3.70100021       1.00158358    
   3.70200014       1.00171590    
   3.70300007       1.00184894    
   3.70400023       1.00198054    
   3.70500016       1.00211298    
   3.70600009       1.00224388    
   3.70700026       1.00237560    
   3.70800018       1.00250578    
   3.70900011       1.00263667    
   3.71000028       1.00276613    
   3.71100020       1.00289631    
   3.71200013       1.00302494    
   3.71300006       1.00315440    
   3.71400023       1.00328219    
   3.71500015       1.00341082    
   3.71600008       1.00353789    
   3.71700025       1.00366557    
   3.71800017       1.00379181    
   3.71900010       1.00391865    
   3.72000027       1.00404394    
   3.72100019       1.00416994    
   3.72200012       1.00429451    
   3.72300029       1.00441957    
   3.72400022       1.00454307    
   3.72500014       1.00466728    
   3.72600007       1.00478995    
   3.72700024       1.00491309    
   3.72800016       1.00503480    
   3.72900009       1.00515699    
   3.73000026       1.00527775    
   3.73100019       1.00539899    
   3.73200011       1.00551867    
   3.73300028       1.00563896    
   3.73400021       1.00575769    
   3.73500013       1.00587702    
   3.73600006       1.00599468    
   3.73700023       1.00611281    
   3.73800015       1.00622940    
   3.73900008       1.00634658    
   3.74000025       1.00646210    
   3.74100018       1.00657809    
   3.74200010       1.00669265    
   3.74300027       1.00680757    
   3.74400020       1.00692081    
   3.74500012       1.00703466    
   3.74600029       1.00714684    
   3.74700022       1.00725949    
   3.74800014       1.00737047    
   3.74900007       1.00748193    
   3.75000024       1.00759184    
   3.75100017       1.00770223    
   3.75200009       1.00781083    
   3.75300026       1.00791991    
   3.75400019       1.00802743    
   3.75500011       1.00813532    
   3.75600028       1.00824153    
   3.75700021       1.00834823    
   3.75800014       1.00845325    
   3.75900006       1.00855851    
   3.76000023       1.00866222    
   3.76100016       1.00876641    
   3.76200008       1.00886881    
   3.76300025       1.00897157    
   3.76400018       1.00907278    
   3.76500010       1.00917423    
   3.76600027       1.00927413    
   3.76700020       1.00937426    
   3.76800013       1.00947273    
   3.76900029       1.00957155    
   3.77000022       1.00966871    
   3.77100015       1.00976610    
   3.77200007       1.00986195    
   3.77300024       1.00995803    
   3.77400017       1.01005244    
   3.77500010       1.01014709    
   3.77600026       1.01024008    
   3.77700019       1.01033330    
   3.77800012       1.01042497    
   3.77900028       1.01051676    
   3.78000021       1.01060688    
   3.78100014       1.01069725    
   3.78200006       1.01078594    
   3.78300023       1.01087487    
   3.78400016       1.01096213    
   3.78500009       1.01104963    
   3.78600025       1.01113534    
   3.78700018       1.01122129    
   3.78800011       1.01130557    
   3.78900027       1.01139009    
   3.79000020       1.01147294    
   3.79100013       1.01155579    
   3.79200029       1.01163709    
   3.79300022       1.01171851    
   3.79400015       1.01179826    
   3.79500008       1.01187801    
   3.79600024       1.01195621    
   3.79700017       1.01203454    
   3.79800010       1.01211119    
   3.79900026       1.01218796    
   3.80000019       1.01226306    
   3.80100012       1.01233816    
   3.80200028       1.01241171    
   3.80300021       1.01248515    
   3.80400014       1.01255703    
   3.80500007       1.01262903    
   3.80600023       1.01269937    
   3.80700016       1.01276958    
   3.80800009       1.01283824    
   3.80900025       1.01290691    
   3.81000018       1.01297402    
   3.81100011       1.01304102    
   3.81200027       1.01310647    
   3.81300020       1.01317179    
   3.81400013       1.01323557    
   3.81500030       1.01329935    
   3.81600022       1.01336133    
   3.81700015       1.01342344    
   3.81800008       1.01348388    
   3.81900024       1.01354432    
   3.82000017       1.01360297    
   3.82100010       1.01366162    
   3.82200027       1.01371872    
   3.82300019       1.01377571    
   3.82400012       1.01383102    
   3.82500029       1.01388621    
   3.82600021       1.01393986    
   3.82700014       1.01399338    
   3.82800007       1.01404536    
   3.82900023       1.01409709    
   3.83000016       1.01414740    
   3.83100009       1.01419735    
   3.83200026       1.01424587    
   3.83300018       1.01429415    
   3.83400011       1.01434088    
   3.83500028       1.01438749    
   3.83600020       1.01443243    
   3.83700013       1.01447725    
   3.83800030       1.01452053    
   3.83900023       1.01456356    
   3.84000015       1.01460493    
   3.84100008       1.01464629    
   3.84200025       1.01468587    
   3.84300017       1.01472545    
   3.84400010       1.01476336    
   3.84500027       1.01480103    
   3.84600019       1.01483715    
   3.84700012       1.01487315    
   3.84800029       1.01490736    
   3.84900022       1.01494157    
   3.85000014       1.01497412    
   3.85100007       1.01500654    
   3.85200024       1.01503718    
   3.85300016       1.01506782    
   3.85400009       1.01509678    
   3.85500026       1.01512551    
   3.85600019       1.01515257    
   3.85700011       1.01517963    
   3.85800028       1.01520491    
   3.85900021       1.01523006    
   3.86000013       1.01525354    
   3.86100030       1.01527691    
   3.86200023       1.01529860    
   3.86300015       1.01532006    
   3.86400008       1.01533997    
   3.86500025       1.01535964    
   3.86600018       1.01537776    
   3.86700010       1.01539564    
   3.86800027       1.01541185    
   3.86900020       1.01542795    
   3.87000012       1.01544237    
   3.87100029       1.01545656    
   3.87200022       1.01546919    
   3.87300014       1.01548159    
   3.87400007       1.01549244    
   3.87500024       1.01550293    
   3.87600017       1.01551199    
   3.87700009       1.01552069    
   3.87800026       1.01552784    
   3.87900019       1.01553476    
   3.88000011       1.01554012    
   3.88100028       1.01554525    
   3.88200021       1.01554883    
   3.88300014       1.01555216    
   3.88400030       1.01555383    
   3.88500023       1.01555526    
   3.88600016       1.01555526    
   3.88700008       1.01555479    
   3.88800025       1.01555300    
   3.88900018       1.01555073    
   3.89000010       1.01554704    
   3.89100027       1.01554310    
   3.89200020       1.01553750    
   3.89300013       1.01553178    
   3.89400029       1.01552451    
   3.89500022       1.01551688    
   3.89600015       1.01550770    
   3.89700007       1.01549828    
   3.89800024       1.01548743    
   3.89900017       1.01547623    
   3.90000010       1.01546347    
   3.90100026       1.01545048    
   3.90200019       1.01543605    
   3.90300012       1.01542127    
   3.90400028       1.01540494    
   3.90500021       1.01538849    
   3.90600014       1.01537037    
   3.90700030       1.01535213    
   3.90800023       1.01533222    
   3.90900016       1.01531219    
   3.91000009       1.01529062    
   3.91100025       1.01526868    
   3.91200018       1.01524544    
   3.91300011       1.01522171    
   3.91400027       1.01519668    
   3.91500020       1.01517129    
   3.91600013       1.01514447    
   3.91700029       1.01511741    
   3.91800022       1.01508880    
   3.91900015       1.01505995    
   3.92000008       1.01502967    
   3.92100024       1.01499915    
   3.92200017       1.01496720    
   3.92300010       1.01493490    
   3.92400026       1.01490116    
   3.92500019       1.01486719    
   3.92600012       1.01483178    
   3.92700028       1.01479614    
   3.92800021       1.01475906    
   3.92900014       1.01472163    
   3.93000031       1.01468289    
   3.93100023       1.01464379    
   3.93200016       1.01460338    
   3.93300009       1.01456261    
   3.93400025       1.01452053    
   3.93500018       1.01447821    
   3.93600011       1.01443446    
   3.93700027       1.01439047    
   3.93800020       1.01434505    
   3.93900013       1.01429939    
   3.94000030       1.01425242    
   3.94100022       1.01420510    
   3.94200015       1.01415658    
   3.94300008       1.01410770    
   3.94400024       1.01405752    
   3.94500017       1.01400697    
   3.94600010       1.01395524    
   3.94700027       1.01390326    
   3.94800019       1.01384985    
   3.94900012       1.01379621    
   3.95000029       1.01374137    
   3.95100021       1.01368618    
   3.95200014       1.01362967    
   3.95300007       1.01357305    
   3.95400023       1.01351511    
   3.95500016       1.01345682    
   3.95600009       1.01339734    
   3.95700026       1.01333749    
   3.95800018       1.01327670    
   3.95900011       1.01321530    
   3.96000028       1.01315296    
   3.96100020       1.01309013    
   3.96200013       1.01302624    
   3.96300030       1.01296210    
   3.96400023       1.01289678    
   3.96500015       1.01283109    
   3.96600008       1.01276433    
   3.96700025       1.01269722    
   3.96800017       1.01262903    
   3.96900010       1.01256049    
   3.97000027       1.01249087    
   3.97100019       1.01242101    
   3.97200012       1.01235008    
   3.97300029       1.01227880    
   3.97400022       1.01220644    
   3.97500014       1.01213384    
   3.97600007       1.01206017    
   3.97700024       1.01198614    
   3.97800016       1.01191115    
   3.97900009       1.01183593    
   3.98000026       1.01175952    
   3.98100019       1.01168287    
   3.98200011       1.01160538    
   3.98300028       1.01152742    
   3.98400021       1.01144862    
   3.98500013       1.01136947    
   3.98600030       1.01128924    
   3.98700023       1.01120889    
   3.98800015       1.01112759    
   3.98900008       1.01104593    
   3.99000025       1.01096344    
   3.99100018       1.01088059    
   3.99200010       1.01079690    
   3.99300027       1.01071274    
   3.99400020       1.01062787    
   3.99500012       1.01054275    
   3.99600029       1.01045668    
   3.99700022       1.01037025    
   3.99800014       1.01028311    
   3.99900007       1.01019561    
   4.00000000       1.01010740    
   4.00100040       1.01001883    
   4.00200033       1.00992942    
   4.00300026       1.00983989    
   4.00400019       1.00974941    
   4.00500011       1.00965869    
   4.00600004       1.00956726    
   4.00699997       1.00947559    
   4.00800037       1.00938320    
   4.00900030       1.00929034    
   4.01000023       1.00919688    
   4.01100016       1.00910318    
   4.01200008       1.00900888    
   4.01300001       1.00891399    
   4.01400042       1.00881863    
   4.01500034       1.00872302    
   4.01600027       1.00862682    
   4.01700020       1.00853026    
   4.01800013       1.00843298    
   4.01900005       1.00833559    
   4.01999998       1.00823760    
   4.02100039       1.00813913    
   4.02200031       1.00804031    
   4.02300024       1.00794113    
   4.02400017       1.00784147    
   4.02500010       1.00774133    
   4.02600002       1.00764084    
   4.02700043       1.00754011    
   4.02800035       1.00743890    
   4.02900028       1.00733721    
   4.03000021       1.00723517    
   4.03100014       1.00713277    
   4.03200006       1.00703013    
   4.03299999       1.00692701    
   4.03400040       1.00682354    
   4.03500032       1.00671995    
   4.03600025       1.00661576    
   4.03700018       1.00651121    
   4.03800011       1.00640643    
   4.03900003       1.00630140    
   4.03999996       1.00619614    
   4.04100037       1.00609028    
   4.04200029       1.00598419    
   4.04300022       1.00587809    
   4.04400015       1.00577152    
   4.04500008       1.00566447    
   4.04600000       1.00555730    
   4.04700041       1.00545001    
   4.04800034       1.00534248    
   4.04900026       1.00523436    
   4.05000019       1.00512624    
   4.05100012       1.00501788    
   4.05200005       1.00490940    
   4.05299997       1.00480044    
   4.05400038       1.00469124    
   4.05500031       1.00458205    
   4.05600023       1.00447285    
   4.05700016       1.00436282    
   4.05800009       1.00425291    
   4.05900002       1.00414300    
   4.06000042       1.00403285    
   4.06100035       1.00392210    
   4.06200027       1.00381148    
   4.06300020       1.00370073    
   4.06400013       1.00359011    
   4.06500006       1.00347877    
   4.06599998       1.00336766    
   4.06700039       1.00325632    
   4.06800032       1.00314522    
   4.06900024       1.00303328    
   4.07000017       1.00292158    
   4.07100010       1.00280976    
   4.07200003       1.00269830    
   4.07300043       1.00258589    
   4.07400036       1.00247371    
   4.07500029       1.00236166    
   4.07600021       1.00224984    
   4.07700014       1.00213695    
   4.07800007       1.00202453    
   4.07900000       1.00191200    
   4.08000040       1.00180018    
   4.08100033       1.00168717    
   4.08200026       1.00157452    
   4.08300018       1.00146210    
   4.08400011       1.00135040    
   4.08500004       1.00123692    
   4.08599997       1.00112426    
   4.08700037       1.00101173    
   4.08800030       1.00090015    
   4.08900023       1.00078607    
   4.09000015       1.00067401    
   4.09100008       1.00056159    
   4.09200001       1.00045073    
   4.09300041       1.00033522    
   4.09400034       1.00022113    
   4.09500027       1.00010204    
