   1.00000005E-03   8.82148743E-06
   2.00000009E-03   8.82148743E-06
   3.00000003E-03   3.03983688E-06
   4.00000019E-03   8.82148743E-06
   5.00000035E-03   5.42402267E-06
   6.00000005E-03   3.03983688E-06
   7.00000022E-03   1.37090683E-06
   8.00000038E-03   8.82148743E-06
   9.00000054E-03   1.78813934E-06
   1.00000007E-02   5.42402267E-06
   1.10000009E-02  -1.19209290E-07
   1.20000001E-02   3.03983688E-06
   1.30000003E-02   5.72204590E-06
   1.40000004E-02   1.37090683E-06
   1.50000006E-02   3.87430191E-06
   1.60000008E-02   8.82148743E-06
   1.70000009E-02   5.12599945E-06
   1.80000011E-02   1.78813934E-06
   1.90000013E-02   8.64267349E-06
   2.00000014E-02   5.42402267E-06
   2.10000016E-02   2.56299973E-06
   2.20000017E-02  -1.19209290E-07
   2.30000019E-02   5.66244125E-06
   2.40000002E-02   3.03983688E-06
   2.50000004E-02   7.15255737E-07
   2.60000005E-02   5.72204590E-06
   2.70000007E-02   3.51667404E-06
   2.80000009E-02   1.37090683E-06
   2.90000010E-02  -4.76837158E-07
   3.00000012E-02   3.87430191E-06
   3.10000014E-02   1.96695328E-06
   3.20000015E-02   8.82148743E-06
   3.29999998E-02   1.25169754E-06
   3.40000018E-02   5.12599945E-06
   3.50000001E-02   8.70227814E-06
   3.60000022E-02   1.78813934E-06
   3.70000005E-02   5.24520874E-06
   3.80000025E-02   8.64267349E-06
   3.90000008E-02   2.20537186E-06
   4.00000028E-02   5.42402267E-06
   4.10000011E-02  -5.96046448E-07
   4.20000032E-02   2.56299973E-06
   4.30000015E-02   5.48362732E-06
   4.40000035E-02  -1.19209290E-07
   4.50000018E-02   2.80141830E-06
   4.60000038E-02   5.66244125E-06
   4.70000021E-02   2.98023224E-07
   4.80000004E-02   3.03983688E-06
   4.90000024E-02   5.72204590E-06
   5.00000007E-02   7.15255737E-07
   5.10000028E-02   3.27825546E-06
   5.20000011E-02   5.72204590E-06
   5.30000031E-02   1.13248825E-06
   5.40000014E-02   3.51667404E-06
   5.50000034E-02   5.78165054E-06
   5.60000017E-02   1.37090683E-06
   5.70000038E-02   3.69548798E-06
   5.80000021E-02  -4.76837158E-07
   5.90000041E-02   1.72853470E-06
   6.00000024E-02   3.87430191E-06
   6.10000044E-02  -1.19209290E-07
   6.20000027E-02   1.96695328E-06
   6.30000010E-02   3.87430191E-06
   6.40000030E-02   8.82148743E-06
   6.50000051E-02  -7.15255737E-07
   6.59999996E-02   1.25169754E-06
   6.70000017E-02   3.21865082E-06
   6.80000037E-02   5.12599945E-06
   6.90000057E-02   7.03334808E-06
   7.00000003E-02   8.70227814E-06
   7.10000023E-02  -1.19209290E-07
   7.20000044E-02   1.78813934E-06
   7.30000064E-02   3.57627869E-06
   7.40000010E-02   5.24520874E-06
   7.50000030E-02   6.97374344E-06
   7.60000050E-02   8.64267349E-06
   7.70000070E-02   5.96046448E-07
   7.80000016E-02   2.20537186E-06
   7.90000036E-02   3.75509262E-06
   8.00000057E-02   5.42402267E-06
   8.10000002E-02   6.91413879E-06
   8.20000023E-02  -5.96046448E-07
   8.30000043E-02   1.01327896E-06
   8.40000063E-02   2.56299973E-06
   8.50000009E-02   4.05311584E-06
   8.60000029E-02   5.48362732E-06
   8.70000049E-02   6.91413879E-06
   8.80000070E-02  -1.19209290E-07
   8.90000015E-02   1.31130219E-06
   9.00000036E-02   2.80141830E-06
   9.10000056E-02   4.23192978E-06
   9.20000076E-02   5.66244125E-06
   9.30000022E-02   6.97374344E-06
   9.40000042E-02   2.98023224E-07
   9.50000063E-02   1.72853470E-06
   9.60000008E-02   3.03983688E-06
   9.70000029E-02   4.35113907E-06
   9.80000049E-02   5.72204590E-06
   9.90000069E-02  -4.76837158E-07
  0.100000001       7.15255737E-07
  0.101000004       2.08616257E-06
  0.102000006       3.27825546E-06
  0.103000008       4.52995300E-06
  0.104000002       5.72204590E-06
  0.105000004      -1.19209290E-07
  0.106000006       1.13248825E-06
  0.107000008       2.38418579E-06
  0.108000003       3.51667404E-06
  0.109000005       4.70876694E-06
  0.110000007       5.78165054E-06
  0.111000009       2.98023224E-07
  0.112000003       1.37090683E-06
  0.113000005       2.56299973E-06
  0.114000008       3.69548798E-06
  0.115000002       4.76837158E-06
  0.116000004      -4.76837158E-07
  0.117000006       6.55651093E-07
  0.118000008       1.72853470E-06
  0.119000003       2.74181366E-06
  0.120000005       3.87430191E-06
  0.121000007       4.94718552E-06
  0.122000009      -1.19209290E-07
  0.123000003       8.94069672E-07
  0.124000005       1.96695328E-06
  0.125000000       2.98023224E-06
  0.126000002       3.87430191E-06
  0.127000004       7.86781311E-06
  0.128000006       8.82148743E-06
  0.129000008       9.83476639E-06
  0.130000010      -7.15255737E-07
  0.131000012       3.57627869E-07
  0.131999999       1.25169754E-06
  0.133000001       2.26497650E-06
  0.134000003       3.21865082E-06
  0.135000005       4.17232513E-06
  0.136000007       5.12599945E-06
  0.137000009       6.07967377E-06
  0.138000011       7.03334808E-06
  0.139000013       7.92741776E-06
  0.140000001       8.70227814E-06
  0.141000003       9.53674316E-06
  0.142000005      -1.19209290E-07
  0.143000007       8.34465027E-07
  0.144000009       1.78813934E-06
  0.145000011       2.68220901E-06
  0.146000013       3.57627869E-06
  0.147000000       4.35113907E-06
  0.148000002       5.24520874E-06
  0.149000004       6.07967377E-06
  0.150000006       6.97374344E-06
  0.151000008       7.80820847E-06
  0.152000010       8.64267349E-06
  0.153000012      -2.38418579E-07
  0.154000014       5.96046448E-07
  0.155000001       1.37090683E-06
  0.156000003       2.20537186E-06
  0.157000005       2.92062759E-06
  0.158000007       3.75509262E-06
  0.159000009       4.58955765E-06
  0.160000011       5.42402267E-06
  0.161000013       6.19888306E-06
  0.162000000       6.91413879E-06
  0.163000003       7.68899918E-06
  0.164000005      -5.96046448E-07
  0.165000007       1.78813934E-07
  0.166000009       1.01327896E-06
  0.167000011       1.78813934E-06
  0.168000013       2.56299973E-06
  0.169000015       3.33786011E-06
  0.170000002       4.05311584E-06
  0.171000004       4.76837158E-06
  0.172000006       5.48362732E-06
  0.173000008       6.19888306E-06
  0.174000010       6.91413879E-06
  0.175000012      -8.34465027E-07
  0.176000014      -1.19209290E-07
  0.177000001       5.96046448E-07
  0.178000003       1.31130219E-06
  0.179000005       2.08616257E-06
  0.180000007       2.80141830E-06
  0.181000009       3.51667404E-06
  0.182000011       4.23192978E-06
  0.183000013       4.94718552E-06
  0.184000015       5.66244125E-06
  0.185000002       6.25848770E-06
  0.186000004       6.97374344E-06
  0.187000006      -3.57627869E-07
  0.188000008       2.98023224E-07
  0.189000010       1.01327896E-06
  0.190000013       1.72853470E-06
  0.191000015       2.44379044E-06
  0.192000002       3.03983688E-06
  0.193000004       3.69548798E-06
  0.194000006       4.35113907E-06
  0.195000008       5.06639481E-06
  0.196000010       5.72204590E-06
  0.197000012       6.37769699E-06
  0.198000014      -4.76837158E-07
  0.199000016       1.78813934E-07
  0.200000003       7.15255737E-07
  0.201000005       1.43051147E-06
  0.202000007       2.08616257E-06
  0.203000009       2.74181366E-06
  0.204000011       3.27825546E-06
  0.205000013       3.93390656E-06
  0.206000015       4.52995300E-06
  0.207000017       5.18560410E-06
  0.208000004       5.72204590E-06
  0.209000006      -8.34465027E-07
  0.210000008      -1.19209290E-07
  0.211000010       4.76837158E-07
  0.212000012       1.13248825E-06
  0.213000014       1.72853470E-06
  0.214000016       2.38418579E-06
  0.215000004       2.92062759E-06
  0.216000006       3.51667404E-06
  0.217000008       4.11272049E-06
  0.218000010       4.70876694E-06
  0.219000012       5.24520874E-06
  0.220000014       5.78165054E-06
  0.221000016      -3.57627869E-07
  0.222000018       2.98023224E-07
  0.223000005       7.74860382E-07
  0.224000007       1.37090683E-06
  0.225000009       1.96695328E-06
  0.226000011       2.56299973E-06
  0.227000013       3.15904617E-06
  0.228000015       3.69548798E-06
  0.229000017       4.29153442E-06
  0.230000004       4.76837158E-06
  0.231000006       5.36441803E-06
  0.232000008      -4.76837158E-07
  0.233000010       5.96046448E-08
  0.234000012       6.55651093E-07
  0.235000014       1.13248825E-06
  0.236000016       1.72853470E-06
  0.237000018       2.26497650E-06
  0.238000005       2.74181366E-06
  0.239000008       3.27825546E-06
  0.240000010       3.87430191E-06
  0.241000012       4.41074371E-06
  0.242000014       4.94718552E-06
  0.243000016      -7.15255737E-07
  0.244000018      -1.19209290E-07
  0.245000005       3.57627869E-07
  0.246000007       8.94069672E-07
  0.247000009       1.43051147E-06
  0.248000011       1.96695328E-06
  0.249000013       2.50339508E-06
  0.250000000       2.98023224E-06
  0.251000017       3.45706940E-06
  0.252000004       3.87430191E-06
  0.253000021       1.54972076E-06
  0.254000008       7.86781311E-06
  0.255000025       2.56299973E-06
  0.256000012       8.82148743E-06
  0.256999999       3.45706940E-06
  0.258000016       9.83476639E-06
  0.259000003       4.47034836E-06
  0.260000020      -7.15255737E-07
  0.261000007       5.48362732E-06
  0.262000024       3.57627869E-07
  0.263000011       6.43730164E-06
  0.263999999       1.25169754E-06
  0.265000015       7.45058060E-06
  0.266000003       2.26497650E-06
  0.267000020       8.34465027E-06
  0.268000007       3.21865082E-06
  0.269000024       9.29832458E-06
  0.270000011       4.17232513E-06
  0.271000028      -7.15255737E-07
  0.272000015       5.12599945E-06
  0.273000002       1.19209290E-07
  0.274000019       6.07967377E-06
  0.275000006       1.07288361E-06
  0.276000023       7.03334808E-06
  0.277000010       2.02655792E-06
  0.278000027       7.92741776E-06
  0.279000014       2.98023224E-06
  0.280000001       8.70227814E-06
  0.281000018       3.93390656E-06
  0.282000005       9.53674316E-06
  0.283000022       4.76837158E-06
  0.284000009      -1.19209290E-07
  0.285000026       5.66244125E-06
  0.286000013       8.34465027E-07
  0.287000000       6.43730164E-06
  0.288000017       1.78813934E-06
  0.289000005       7.33137131E-06
  0.290000021       2.68220901E-06
  0.291000009       8.16583633E-06
  0.292000026       3.57627869E-06
  0.293000013       9.05990601E-06
  0.294000000       4.35113907E-06
  0.295000017      -2.38418579E-07
  0.296000004       5.24520874E-06
  0.297000021       7.15255737E-07
  0.298000008       6.07967377E-06
  0.299000025       1.60932541E-06
  0.300000012       6.97374344E-06
  0.301000029       2.50339508E-06
  0.302000016       7.80820847E-06
  0.303000003       3.21865082E-06
  0.304000020       8.64267349E-06
  0.305000007       4.11272049E-06
  0.306000024      -2.38418579E-07
  0.307000011       4.94718552E-06
  0.308000028       5.96046448E-07
  0.309000015       5.78165054E-06
  0.310000002       1.37090683E-06
  0.311000019       6.61611557E-06
  0.312000006       2.20537186E-06
  0.313000023       7.33137131E-06
  0.314000010       2.92062759E-06
  0.315000027       8.16583633E-06
  0.316000015       3.75509262E-06
  0.317000002      -5.96046448E-07
  0.318000019       4.58955765E-06
  0.319000006       2.98023224E-07
  0.320000023       5.42402267E-06
  0.321000010       1.13248825E-06
  0.322000027       6.19888306E-06
  0.323000014       1.96695328E-06
  0.324000001       6.91413879E-06
  0.325000018       2.74181366E-06
  0.326000005       7.68899918E-06
  0.327000022       3.57627869E-06
  0.328000009      -5.96046448E-07
  0.329000026       4.35113907E-06
  0.330000013       1.78813934E-07
  0.331000030       5.12599945E-06
  0.332000017       1.01327896E-06
  0.333000004       5.84125519E-06
  0.334000021       1.78813934E-06
  0.335000008       6.55651093E-06
  0.336000025       2.56299973E-06
  0.337000012       7.33137131E-06
  0.338000029       3.33786011E-06
  0.339000016      -7.15255737E-07
  0.340000004       4.05311584E-06
  0.341000021       5.96046448E-08
  0.342000008       4.76837158E-06
  0.343000025       8.94069672E-07
  0.344000012       5.48362732E-06
  0.345000029       1.54972076E-06
  0.346000016       6.19888306E-06
  0.347000003       2.20537186E-06
  0.348000020       6.91413879E-06
  0.349000007       2.98023224E-06
  0.350000024      -8.34465027E-07
  0.351000011       3.75509262E-06
  0.352000028      -1.19209290E-07
  0.353000015       4.47034836E-06
  0.354000002       5.96046448E-07
  0.355000019       5.18560410E-06
  0.356000006       1.31130219E-06
  0.357000023       5.90085983E-06
  0.358000010       2.08616257E-06
  0.359000027       6.61611557E-06
  0.360000014       2.80141830E-06
  0.361000031      -9.53674316E-07
  0.362000018       3.51667404E-06
  0.363000005      -2.38418579E-07
  0.364000022       4.23192978E-06
  0.365000010       4.76837158E-07
  0.366000026       4.94718552E-06
  0.367000014       1.19209290E-06
  0.368000031       5.66244125E-06
  0.369000018       1.96695328E-06
  0.370000005       6.25848770E-06
  0.371000022       2.62260437E-06
  0.372000009       6.97374344E-06
  0.373000026       3.33786011E-06
  0.374000013      -3.57627869E-07
  0.375000030       4.05311584E-06
  0.376000017       2.98023224E-07
  0.377000004       4.58955765E-06
  0.378000021       1.01327896E-06
  0.379000008       5.24520874E-06
  0.380000025       1.72853470E-06
  0.381000012       5.96046448E-06
  0.382000029       2.44379044E-06
  0.383000016       6.61611557E-06
  0.384000003       3.03983688E-06
  0.385000020      -4.76837158E-07
  0.386000007       3.69548798E-06
  0.387000024       2.38418579E-07
  0.388000011       4.35113907E-06
  0.389000028       8.94069672E-07
  0.390000015       5.06639481E-06
  0.391000032       1.60932541E-06
  0.392000020       5.72204590E-06
  0.393000007       2.20537186E-06
  0.394000024       6.37769699E-06
  0.395000011       2.86102295E-06
  0.396000028      -4.76837158E-07
  0.397000015       3.51667404E-06
  0.398000032       1.78813934E-07
  0.399000019       4.17232513E-06
  0.400000006       7.15255737E-07
  0.401000023       4.82797623E-06
  0.402000010       1.43051147E-06
  0.403000027       5.48362732E-06
  0.404000014       2.08616257E-06
  0.405000031       6.07967377E-06
  0.406000018       2.74181366E-06
  0.407000005      -7.15255737E-07
  0.408000022       3.27825546E-06
  0.409000009      -1.19209290E-07
  0.410000026       3.93390656E-06
  0.411000013       5.96046448E-07
  0.412000030       4.52995300E-06
  0.413000017       1.25169754E-06
  0.414000034       5.18560410E-06
  0.415000021       1.84774399E-06
  0.416000009       5.72204590E-06
  0.417000026       2.50339508E-06
  0.418000013      -8.34465027E-07
  0.419000030       3.15904617E-06
  0.420000017      -1.19209290E-07
  0.421000034       3.75509262E-06
  0.422000021       4.76837158E-07
  0.423000008       4.29153442E-06
  0.424000025       1.13248825E-06
  0.425000012       4.88758087E-06
  0.426000029       1.72853470E-06
  0.427000016       5.54323196E-06
  0.428000033       2.38418579E-06
  0.429000020      -8.34465027E-07
  0.430000007       2.92062759E-06
  0.431000024      -2.38418579E-07
  0.432000011       3.51667404E-06
  0.433000028       4.17232513E-07
  0.434000015       4.11272049E-06
  0.435000032       1.01327896E-06
  0.436000019       4.70876694E-06
  0.437000006       1.54972076E-06
  0.438000023       5.24520874E-06
  0.439000010       2.08616257E-06
  0.440000027       5.78165054E-06
  0.441000015       2.68220901E-06
  0.442000031      -3.57627869E-07
  0.443000019       3.27825546E-06
  0.444000036       2.98023224E-07
  0.445000023       3.87430191E-06
  0.446000010       7.74860382E-07
  0.447000027       4.47034836E-06
  0.448000014       1.37090683E-06
  0.449000031       5.06639481E-06
  0.450000018       1.96695328E-06
  0.451000035       5.54323196E-06
  0.452000022       2.56299973E-06
  0.453000009      -4.76837158E-07
  0.454000026       3.15904617E-06
  0.455000013       1.19209290E-07
  0.456000030       3.69548798E-06
  0.457000017       7.15255737E-07
  0.458000034       4.29153442E-06
  0.459000021       1.31130219E-06
  0.460000008       4.76837158E-06
  0.461000025       1.84774399E-06
  0.462000012       5.36441803E-06
  0.463000029       2.44379044E-06
  0.464000016      -4.76837158E-07
  0.465000033       3.03983688E-06
  0.466000021       5.96046448E-08
  0.467000008       3.51667404E-06
  0.468000025       6.55651093E-07
  0.469000012       3.99351120E-06
  0.470000029       1.13248825E-06
  0.471000016       4.52995300E-06
  0.472000033       1.72853470E-06
  0.473000020       5.12599945E-06
  0.474000037       2.26497650E-06
  0.475000024      -5.96046448E-07
  0.476000011       2.74181366E-06
  0.477000028      -1.19209290E-07
  0.478000015       3.27825546E-06
  0.479000032       4.76837158E-07
  0.480000019       3.87430191E-06
  0.481000036       1.07288361E-06
  0.482000023       4.41074371E-06
  0.483000010       1.54972076E-06
  0.484000027       4.94718552E-06
  0.485000014       2.08616257E-06
  0.486000031      -7.15255737E-07
  0.487000018       2.62260437E-06
  0.488000035      -1.19209290E-07
  0.489000022       3.15904617E-06
  0.490000010       3.57627869E-07
  0.491000026       3.69548798E-06
  0.492000014       8.94069672E-07
  0.493000031       4.23192978E-06
  0.494000018       1.43051147E-06
  0.495000035       4.76837158E-06
  0.496000022       1.96695328E-06
  0.497000009      -8.34465027E-07
  0.498000026       2.50339508E-06
  0.499000013      -2.38418579E-07
  0.500000000       2.98023224E-06
  0.501000047       6.19888306E-06
  0.502000034       3.45706940E-06
  0.503000021       6.61611557E-06
  0.504000008       3.87430191E-06
  0.504999995       7.09295273E-06
  0.506000042       1.54972076E-06
  0.507000029       1.06096268E-05
  0.508000016       7.86781311E-06
  0.509000003       5.12599945E-06
  0.510000050       2.56299973E-06
  0.511000037      -1.19209290E-07
  0.512000024       8.82148743E-06
  0.513000011       6.13927841E-06
  0.513999999       3.45706940E-06
  0.515000045       9.53674316E-07
  0.516000032       9.83476639E-06
  0.517000020       7.15255737E-06
  0.518000007       4.47034836E-06
  0.519000053       1.96695328E-06
  0.520000041      -7.15255737E-07
  0.521000028       8.10623169E-06
  0.522000015       5.48362732E-06
  0.523000002       2.86102295E-06
  0.524000049       3.57627869E-07
  0.525000036       9.05990601E-06
  0.526000023       6.43730164E-06
  0.527000010       3.87430191E-06
  0.527999997       1.25169754E-06
  0.529000044       1.00135803E-05
  0.530000031       7.45058060E-06
  0.531000018       4.82797623E-06
  0.532000005       2.26497650E-06
  0.533000052      -2.38418579E-07
  0.534000039       8.34465027E-06
  0.535000026       5.78165054E-06
  0.536000013       3.21865082E-06
  0.537000000       6.55651093E-07
  0.538000047       9.29832458E-06
  0.539000034       6.73532486E-06
  0.540000021       4.17232513E-06
  0.541000009       1.66893005E-06
  0.542000055      -7.15255737E-07
  0.543000042       7.68899918E-06
  0.544000030       5.12599945E-06
  0.545000017       2.62260437E-06
  0.546000004       1.19209290E-07
  0.547000051       8.58306885E-06
  0.548000038       6.07967377E-06
  0.549000025       3.57627869E-06
  0.550000012       1.07288361E-06
  0.550999999       9.41753387E-06
  0.552000046       7.03334808E-06
  0.553000033       4.52995300E-06
  0.554000020       2.02655792E-06
  0.555000007      -4.76837158E-07
  0.556000054       7.92741776E-06
  0.557000041       5.48362732E-06
  0.558000028       2.98023224E-06
  0.559000015       5.36441803E-07
  0.560000002       8.70227814E-06
  0.561000049       6.37769699E-06
  0.562000036       3.93390656E-06
  0.563000023       1.37090683E-06
  0.564000010       9.53674316E-06
  0.564999998       7.09295273E-06
  0.566000044       4.76837158E-06
  0.567000031       2.32458115E-06
  0.568000019      -1.19209290E-07
  0.569000006       7.98702240E-06
  0.570000052       5.66244125E-06
  0.571000040       3.21865082E-06
  0.572000027       8.34465027E-07
  0.573000014       8.82148743E-06
  0.574000001       6.43730164E-06
  0.575000048       4.17232513E-06
  0.576000035       1.78813934E-06
  0.577000022      -5.96046448E-07
  0.578000009       7.33137131E-06
  0.579000056       5.06639481E-06
  0.580000043       2.68220901E-06
  0.581000030       2.98023224E-07
  0.582000017       8.16583633E-06
  0.583000004       5.84125519E-06
  0.584000051       3.57627869E-06
  0.585000038       1.25169754E-06
  0.586000025       9.05990601E-06
  0.587000012       6.67572021E-06
  0.588000000       4.35113907E-06
  0.589000046       2.14576721E-06
  0.590000033      -2.38418579E-07
  0.591000021       7.56978989E-06
  0.592000008       5.24520874E-06
  0.593000054       3.03983688E-06
  0.594000041       7.15255737E-07
  0.595000029       8.40425491E-06
  0.596000016       6.07967377E-06
  0.597000003       3.81469727E-06
  0.598000050       1.60932541E-06
  0.599000037      -7.15255737E-07
  0.600000024       6.97374344E-06
  0.601000011       4.64916229E-06
  0.602000058       2.50339508E-06
  0.603000045       1.78813934E-07
  0.604000032       7.80820847E-06
  0.605000019       5.54323196E-06
  0.606000006       3.21865082E-06
  0.607000053       1.07288361E-06
  0.608000040       8.64267349E-06
  0.609000027       6.37769699E-06
  0.610000014       4.11272049E-06
  0.611000001       1.84774399E-06
  0.612000048      -2.38418579E-07
  0.613000035       7.21216202E-06
  0.614000022       4.94718552E-06
  0.615000010       2.74181366E-06
  0.616000056       5.96046448E-07
  0.617000043       8.04662704E-06
  0.618000031       5.78165054E-06
  0.619000018       3.57627869E-06
  0.620000005       1.37090683E-06
  0.621000051      -7.15255737E-07
  0.622000039       6.61611557E-06
  0.623000026       4.41074371E-06
  0.624000013       2.20537186E-06
  0.625000000       0.00000000    
  0.626000047       7.33137131E-06
  0.627000034       5.12599945E-06
  0.628000021       2.92062759E-06
  0.629000008       7.74860382E-07
  0.630000055       8.16583633E-06
  0.631000042       5.96046448E-06
  0.632000029       3.75509262E-06
  0.633000016       1.60932541E-06
  0.634000003      -5.96046448E-07
  0.635000050       6.73532486E-06
  0.636000037       4.58955765E-06
  0.637000024       2.44379044E-06
  0.638000011       2.98023224E-07
  0.639000058       7.56978989E-06
  0.640000045       5.42402267E-06
  0.641000032       3.27825546E-06
  0.642000020       1.13248825E-06
  0.643000007       8.16583633E-06
  0.644000053       6.19888306E-06
  0.645000041       4.05311584E-06
  0.646000028       1.96695328E-06
  0.647000015      -2.38418579E-07
  0.648000002       6.91413879E-06
  0.649000049       4.88758087E-06
  0.650000036       2.74181366E-06
  0.651000023       6.55651093E-07
  0.652000010       7.68899918E-06
  0.653000057       5.66244125E-06
  0.654000044       3.57627869E-06
  0.655000031       1.43051147E-06
  0.656000018      -5.96046448E-07
  0.657000005       6.37769699E-06
  0.658000052       4.35113907E-06
  0.659000039       2.26497650E-06
  0.660000026       1.78813934E-07
  0.661000013       7.15255737E-06
  0.662000060       5.12599945E-06
  0.663000047       3.03983688E-06
  0.664000034       1.01327896E-06
  0.665000021       7.86781311E-06
  0.666000009       5.84125519E-06
  0.667000055       3.81469727E-06
  0.668000042       1.78813934E-06
  0.669000030      -2.38418579E-07
  0.670000017       6.55651093E-06
  0.671000004       4.52995300E-06
  0.672000051       2.56299973E-06
  0.673000038       5.36441803E-07
  0.674000025       7.33137131E-06
  0.675000012       5.30481339E-06
  0.676000059       3.33786011E-06
  0.677000046       1.31130219E-06
  0.678000033      -7.15255737E-07
  0.679000020       6.07967377E-06
  0.680000007       4.05311584E-06
  0.681000054       2.08616257E-06
  0.682000041       5.96046448E-08
  0.683000028       6.79492950E-06
  0.684000015       4.76837158E-06
  0.685000062       2.86102295E-06
  0.686000049       8.94069672E-07
  0.687000036       7.56978989E-06
  0.688000023       5.48362732E-06
  0.689000010       3.45706940E-06
  0.690000057       1.54972076E-06
  0.691000044      -4.76837158E-07
  0.692000031       6.19888306E-06
  0.693000019       4.23192978E-06
  0.694000006       2.20537186E-06
  0.695000052       3.57627869E-07
  0.696000040       6.91413879E-06
  0.697000027       4.94718552E-06
  0.698000014       2.98023224E-06
  0.699000061       1.13248825E-06
  0.700000048      -8.34465027E-07
  0.701000035       5.72204590E-06
  0.702000022       3.75509262E-06
  0.703000009       1.78813934E-06
  0.704000056      -1.19209290E-07
  0.705000043       6.43730164E-06
  0.706000030       4.47034836E-06
  0.707000017       2.50339508E-06
  0.708000004       5.96046448E-07
  0.709000051       7.15255737E-06
  0.710000038       5.18560410E-06
  0.711000025       3.27825546E-06
  0.712000012       1.31130219E-06
  0.713000059      -4.76837158E-07
  0.714000046       5.90085983E-06
  0.715000033       3.99351120E-06
  0.716000021       2.08616257E-06
  0.717000008       1.78813934E-07
  0.718000054       6.61611557E-06
  0.719000041       4.70876694E-06
  0.720000029       2.80141830E-06
  0.721000016       8.94069672E-07
  0.722000062      -9.53674316E-07
  0.723000050       5.42402267E-06
  0.724000037       3.51667404E-06
  0.725000024       1.66893005E-06
  0.726000011      -2.38418579E-07
  0.727000058       6.13927841E-06
  0.728000045       4.23192978E-06
  0.729000032       2.38418579E-06
  0.730000019       4.76837158E-07
  0.731000006       6.79492950E-06
  0.732000053       4.94718552E-06
  0.733000040       3.09944153E-06
  0.734000027       1.19209290E-06
  0.735000014      -5.96046448E-07
  0.736000061       5.66244125E-06
  0.737000048       3.81469727E-06
  0.738000035       1.96695328E-06
  0.739000022       5.96046448E-08
  0.740000010       6.25848770E-06
  0.741000056       4.52995300E-06
  0.742000043       2.62260437E-06
  0.743000031       7.74860382E-07
  0.744000018       6.97374344E-06
  0.745000064       5.18560410E-06
  0.746000051       3.33786011E-06
  0.747000039       1.49011612E-06
  0.748000026      -3.57627869E-07
  0.749000013       5.78165054E-06
  0.750000060       4.05311584E-06
  0.751000047       2.14576721E-06
  0.752000034       2.98023224E-07
  0.753000021       6.43730164E-06
  0.754000008       4.58955765E-06
  0.755000055       2.86102295E-06
  0.756000042       1.01327896E-06
  0.757000029      -8.34465027E-07
  0.758000016       5.24520874E-06
  0.759000063       3.51667404E-06
  0.760000050       1.72853470E-06
  0.761000037      -1.19209290E-07
  0.762000024       5.96046448E-06
  0.763000011       4.11272049E-06
  0.764000058       2.44379044E-06
  0.765000045       5.96046448E-07
  0.766000032       6.61611557E-06
  0.767000020       4.82797623E-06
  0.768000007       3.03983688E-06
  0.769000053       1.31130219E-06
  0.770000041      -4.76837158E-07
  0.771000028       5.48362732E-06
  0.772000015       3.69548798E-06
  0.773000062       2.02655792E-06
  0.774000049       2.38418579E-07
  0.775000036       6.13927841E-06
  0.776000023       4.35113907E-06
  0.777000010       2.62260437E-06
  0.778000057       8.94069672E-07
  0.779000044      -8.34465027E-07
  0.780000031       5.06639481E-06
  0.781000018       3.27825546E-06
  0.782000065       1.60932541E-06
  0.783000052      -1.19209290E-07
  0.784000039       5.72204590E-06
  0.785000026       3.93390656E-06
  0.786000013       2.20537186E-06
  0.787000060       5.36441803E-07
  0.788000047       6.37769699E-06
  0.789000034       4.58955765E-06
  0.790000021       2.86102295E-06
  0.791000009       1.13248825E-06
  0.792000055      -4.76837158E-07
  0.793000042       5.24520874E-06
  0.794000030       3.51667404E-06
  0.795000017       1.78813934E-06
  0.796000063       1.78813934E-07
  0.797000051       5.90085983E-06
  0.798000038       4.17232513E-06
  0.799000025       2.44379044E-06
  0.800000012       7.15255737E-07
  0.801000059       6.49690628E-06
  0.802000046       4.82797623E-06
  0.803000033       3.09944153E-06
  0.804000020       1.43051147E-06
  0.805000067      -2.38418579E-07
  0.806000054       5.48362732E-06
  0.807000041       3.75509262E-06
  0.808000028       2.08616257E-06
  0.809000015       3.57627869E-07
  0.810000062       6.07967377E-06
  0.811000049       4.41074371E-06
  0.812000036       2.74181366E-06
  0.813000023       9.53674316E-07
  0.814000010      -7.15255737E-07
  0.815000057       4.94718552E-06
  0.816000044       3.27825546E-06
  0.817000031       1.60932541E-06
  0.818000019      -1.19209290E-07
  0.819000065       5.60283661E-06
  0.820000052       3.93390656E-06
  0.821000040       2.26497650E-06
  0.822000027       5.96046448E-07
  0.823000014       6.13927841E-06
  0.824000061       4.52995300E-06
  0.825000048       2.86102295E-06
  0.826000035       1.25169754E-06
  0.827000022      -4.76837158E-07
  0.828000069       5.18560410E-06
  0.829000056       3.51667404E-06
  0.830000043       1.84774399E-06
  0.831000030       2.38418579E-07
  0.832000017       5.72204590E-06
  0.833000064       4.17232513E-06
  0.834000051       2.50339508E-06
  0.835000038       8.34465027E-07
  0.836000025      -8.34465027E-07
  0.837000012       4.70876694E-06
  0.838000059       3.15904617E-06
  0.839000046       1.49011612E-06
  0.840000033      -1.19209290E-07
  0.841000021       5.30481339E-06
  0.842000067       3.75509262E-06
  0.843000054       2.14576721E-06
  0.844000041       4.76837158E-07
  0.845000029       5.90085983E-06
  0.846000016       4.29153442E-06
  0.847000062       2.74181366E-06
  0.848000050       1.13248825E-06
  0.849000037      -4.76837158E-07
  0.850000024       4.88758087E-06
  0.851000011       3.27825546E-06
  0.852000058       1.72853470E-06
  0.853000045       1.19209290E-07
  0.854000032       5.54323196E-06
  0.855000019       3.87430191E-06
  0.856000066       2.38418579E-06
  0.857000053       7.74860382E-07
  0.858000040       6.13927841E-06
  0.859000027       4.52995300E-06
  0.860000014       2.92062759E-06
  0.861000061       1.37090683E-06
  0.862000048      -2.38418579E-07
  0.863000035       5.12599945E-06
  0.864000022       3.51667404E-06
  0.865000069       2.02655792E-06
  0.866000056       4.17232513E-07
  0.867000043       5.72204590E-06
  0.868000031       4.11272049E-06
  0.869000018       2.56299973E-06
  0.870000064       7.86781311E-06
  0.871000051       6.31809235E-06
  0.872000039       1.15633011E-05
  0.873000026       9.95397568E-06
  0.874000013       8.40425491E-06
  0.875000060       1.37090683E-05
  0.876000047       1.88350677E-05
  0.877000034       1.72853470E-05
  0.878000021       2.24709511E-05
  0.879000068       2.77161598E-05
  0.880000055       3.96966934E-05
  0.881000042       4.48822975E-05
  0.882000029       5.67436218E-05
  0.883000016       6.86645508E-05
  0.884000063       8.05854797E-05
  0.885000050       9.91225243E-05
  0.886000037       1.17659569E-04
  0.887000024       1.36137009E-04
  0.888000071       1.68085098E-04
  0.889000058       1.99854374E-04
  0.890000045       2.38299370E-04
  0.891000032       2.83300877E-04
  0.892000020       3.34918499E-04
  0.893000066       3.99827957E-04
  0.894000053       4.71174717E-04
  0.895000041       5.49018383E-04
  0.896000028       6.46650791E-04
  0.897000015       7.57396221E-04
  0.898000062       8.81195068E-04
  0.899000049       1.02454424E-03
  0.900000036       1.19405985E-03
  0.901000023       1.38306618E-03
  0.902000070       1.59817934E-03
  0.903000057       1.83910131E-03
  0.904000044       2.11244822E-03
  0.905000031       2.42477655E-03
  0.906000018       2.77584791E-03
  0.907000065       3.16560268E-03
  0.908000052       3.60697508E-03
  0.909000039       4.09328938E-03
  0.910000026       4.64403629E-03
  0.911000073       5.25254011E-03
  0.912000060       5.93149662E-03
  0.913000047       6.68078661E-03
  0.914000034       7.51322508E-03
  0.915000021       8.42857361E-03
  0.916000068       9.43303108E-03
  0.917000055       1.05392337E-02
  0.918000042       1.17534399E-02
  0.919000030       1.30881667E-02
  0.920000017       1.45366788E-02
  0.921000063       1.61244273E-02
  0.922000051       1.78444982E-02
  0.923000038       1.97222233E-02
  0.924000025       2.17507482E-02
  0.925000072       2.39553452E-02
  0.926000059       2.63289213E-02
  0.927000046       2.88966894E-02
  0.928000033       3.16580534E-02
  0.929000020       3.46251726E-02
  0.930000067       3.78167033E-02
  0.931000054       4.12343144E-02
  0.932000041       4.48953509E-02
  0.933000028       4.88002896E-02
  0.934000015       5.29712439E-02
  0.935000062       5.74138165E-02
  0.936000049       6.21333718E-02
  0.937000036       6.71546459E-02
  0.938000023       7.24762678E-02
  0.939000070       7.81108141E-02
  0.940000057       8.40691924E-02
  0.941000044       9.03632045E-02
  0.942000031       9.70035791E-02
  0.943000019      0.103992224    
  0.944000065      0.111350179    
  0.945000052      0.119077265    
  0.946000040      0.127186656    
  0.947000027      0.135684669    
  0.948000073      0.144581497    
  0.949000061      0.153880298    
  0.950000048      0.163592339    
  0.951000035      0.173716545    
  0.952000022      0.184265316    
  0.953000069      0.195239663    
  0.954000056      0.206654549    
  0.955000043      0.218495071    
  0.956000030      0.230784476    
  0.957000017      0.243509233    
  0.958000064      0.256680310    
  0.959000051      0.270296156    
  0.960000038      0.284361780    
  0.961000025      0.298864245    
  0.962000072      0.313824117    
  0.963000059      0.329218149    
  0.964000046      0.345062256    
  0.965000033      0.361337245    
  0.966000021      0.378053308    
  0.967000067      0.395197272    
  0.968000054      0.412768722    
  0.969000041      0.430756748    
  0.970000029      0.449166298    
  0.971000075      0.467977405    
  0.972000062      0.487194002    
  0.973000050      0.506796539    
  0.974000037      0.526786566    
  0.975000024      0.547144294    
  0.976000071      0.567872643    
  0.977000058      0.588946939    
  0.978000045      0.610368073    
  0.979000032      0.632115841    
  0.980000019      0.654185057    
  0.981000066      0.676558137    
  0.982000053      0.699228406    
  0.983000040      0.722171664    
  0.984000027      0.745386541    
  0.985000074      0.768850029    
  0.986000061      0.792554677    
  0.987000048      0.816477299    
  0.988000035      0.840614080    
  0.989000022      0.864938259    
  0.990000069      0.889447987    
  0.991000056      0.914112329    
  0.992000043      0.938930809    
  0.993000031      0.963872790    
  0.994000018      0.988937080    
  0.995000064       1.01409626    
  0.996000051       1.03934419    
  0.997000039       1.06465435    
  0.998000026       1.09002185    
  0.999000072       1.11542273    
   1.00000000       1.14084542    
   1.00100005       1.16627145    
   1.00200009       1.19169378    
   1.00300002       1.21707773    
   1.00400007       1.24243295    
   1.00500000       1.26772249    
   1.00600004       1.29295039    
   1.00700009       1.31808734    
   1.00800002       1.34312773    
   1.00900006       1.36804926    
   1.00999999       1.39284885    
   1.01100004       1.41750300    
   1.01200008       1.44201016    
   1.01300001       1.46634150    
   1.01400006       1.49050045    
   1.01500010       1.51446080    
   1.01600003       1.53822351    
   1.01700008       1.56176734    
   1.01800001       1.58508754    
   1.01900005       1.60816598    
   1.02000010       1.63100553    
   1.02100003       1.65357661    
   1.02200007       1.67588925    
   1.02300000       1.69791818    
   1.02400005       1.71966887    
   1.02500010       1.74112141    
   1.02600002       1.76227331    
   1.02700007       1.78311288    
   1.02800000       1.80364013    
   1.02900004       1.82384014    
   1.03000009       1.84371388    
   1.03100002       1.86324358    
   1.03200006       1.88244128    
   1.03299999       1.90128291    
   1.03400004       1.91977739    
   1.03500009       1.93791342    
   1.03600001       1.95568919    
   1.03700006       1.97309816    
   1.03800011       1.99014235    
   1.03900003       2.00680685    
   1.04000008       2.02310753    
   1.04100001       2.03902102    
   1.04200006       2.05456376    
   1.04300010       2.06972313    
   1.04400003       2.08449745    
   1.04500008       2.09889197    
   1.04600000       2.11290169    
   1.04700005       2.12652493    
   1.04800010       2.13976789    
   1.04900002       2.15262151    
   1.05000007       2.16509366    
   1.05100000       2.17717791    
   1.05200005       2.18888307    
   1.05300009       2.20020390    
   1.05400002       2.21114492    
   1.05500007       2.22170496    
   1.05599999       2.23188829    
   1.05700004       2.24169445    
   1.05800009       2.25112987    
   1.05900002       2.26019287    
   1.06000006       2.26888847    
   1.06100011       2.27721739    
   1.06200004       2.28518152    
   1.06300008       2.29278803    
   1.06400001       2.30003786    
   1.06500006       2.30693436    
   1.06600010       2.31348109    
   1.06700003       2.31967950    
   1.06800008       2.32553911    
   1.06900001       2.33105659    
   1.07000005       2.33624268    
   1.07100010       2.34109688    
   1.07200003       2.34562373    
   1.07300007       2.34982920    
   1.07400000       2.35371637    
   1.07500005       2.35729074    
   1.07600009       2.36055636    
   1.07700002       2.36351919    
   1.07800007       2.36618066    
   1.07900000       2.36854601    
   1.08000004       2.37062287    
   1.08100009       2.37241530    
   1.08200002       2.37392330    
   1.08300006       2.37515831    
   1.08400011       2.37612104    
   1.08500004       2.37681818    
   1.08600008       2.37725115    
   1.08700001       2.37743115    
   1.08800006       2.37735605    
   1.08900011       2.37703657    
   1.09000003       2.37647390    
   1.09100008       2.37567472    
   1.09200001       2.37464285    
   1.09300005       2.37338424    
   1.09400010       2.37190247    
   1.09500003       2.37020350    
   1.09600008       2.36829209    
   1.09700000       2.36617136    
   1.09800005       2.36384583    
   1.09900010       2.36132669    
   1.10000002       2.35860872    
   1.10100007       2.35570431    
   1.10200000       2.35261297    
   1.10300004       2.34934378    
   1.10400009       2.34589577    
   1.10500002       2.34228158    
   1.10600007       2.33849692    
   1.10699999       2.33455229    
   1.10800004       2.33044815    
   1.10900009       2.32619190    
   1.11000001       2.32178402    
   1.11100006       2.31723499    
   1.11200011       2.31254148    
   1.11300004       2.30771446    
   1.11400008       2.30275035    
   1.11500001       2.29766273    
   1.11600006       2.29244518    
   1.11700010       2.28711176    
   1.11800003       2.28165627    
   1.11900008       2.27609348    
   1.12000000       2.27041578    
   1.12100005       2.26463652    
   1.12200010       2.25874996    
   1.12300003       2.25277090    
   1.12400007       2.24669075    
   1.12500000       2.24052548    
   1.12600005       2.23426580    
   1.12700009       2.22792530    
   1.12800002       2.22149992    
   1.12900007       2.21499825    
   1.13000000       2.20841932    
   1.13100004       2.20176983    
   1.13200009       2.19504786    
   1.13300002       2.18826437    
   1.13400006       2.18141127    
   1.13500011       2.17450500    
   1.13600004       2.16753364    
   1.13700008       2.16051435    
   1.13800001       2.15343571    
   1.13900006       2.14631414    
   1.14000010       2.13913822    
   1.14100003       2.13192534    
   1.14200008       2.12466526    
   1.14300001       2.11736870    
   1.14400005       2.11002922    
   1.14500010       2.10266066    
   1.14600003       2.09525466    
   1.14700007       2.08782339    
   1.14800000       2.08035803    
   1.14900005       2.07287216    
   1.15000010       2.06535506    
   1.15100002       2.05782366    
   1.15200007       2.05026436    
   1.15300000       2.04269409    
   1.15400004       2.03510189    
   1.15500009       2.02749825    
   1.15600002       2.01987696    
   1.15700006       2.01224995    
   1.15800011       2.00460815    
   1.15900004       1.99696565    
   1.16000009       1.98930955    
   1.16100001       1.98165464    
   1.16200006       1.97399306    
   1.16300011       1.96633220    
   1.16400003       1.95866776    
   1.16500008       1.95100641    
   1.16600001       1.94334614    
   1.16700006       1.93569469    
   1.16800010       1.92804193    
   1.16900003       1.92039990    
   1.17000008       1.91276181    
   1.17100000       1.90513682    
   1.17200005       1.89751756    
   1.17300010       1.88991308    
   1.17400002       1.88231707    
   1.17500007       1.87474024    
   1.17600000       1.86717200    
   1.17700005       1.85962141    
   1.17800009       1.85208201    
   1.17900002       1.84456789    
   1.18000007       1.83706427    
   1.18100011       1.82958388    
   1.18200004       1.82211876    
   1.18300009       1.81467986    
   1.18400002       1.80725658    
   1.18500006       1.79986000    
   1.18600011       1.79247975    
   1.18700004       1.78513074    
   1.18800008       1.77779841    
   1.18900001       1.77049661    
   1.19000006       1.76321459    
   1.19100010       1.75596452    
   1.19200003       1.74873519    
   1.19300008       1.74153721    
   1.19400001       1.73436308    
   1.19500005       1.72722149    
   1.19600010       1.72010279    
   1.19700003       1.71301961    
   1.19800007       1.70595932    
   1.19900000       1.69893491    
   1.20000005       1.69193387    
   1.20100009       1.68497169    
   1.20200002       1.67803311    
   1.20300007       1.67113280    
   1.20400012       1.66425788    
   1.20500004       1.65742135    
   1.20600009       1.65061092    
   1.20700002       1.64383888    
   1.20800006       1.63709521    
   1.20900011       1.63038921    
   1.21000004       1.62371349    
   1.21100008       1.61707354    
   1.21200001       1.61046529    
   1.21300006       1.60389471    
   1.21400011       1.59735513    
   1.21500003       1.59085488    
   1.21600008       1.58438301    
   1.21700001       1.57795286    
   1.21800005       1.57155132    
   1.21900010       1.56519032    
   1.22000003       1.55885959    
   1.22100008       1.55256939    
   1.22200000       1.54631114    
   1.22300005       1.54009104    
   1.22400010       1.53390265    
   1.22500002       1.52775598    
   1.22600007       1.52164030    
   1.22700012       1.51556480    
   1.22800004       1.50952029    
   1.22900009       1.50351763    
   1.23000002       1.49754596    
   1.23100007       1.49161339    
   1.23200011       1.48571348    
   1.23300004       1.47985649    
   1.23400009       1.47402811    
   1.23500001       1.46824014    
   1.23600006       1.46248555    
   1.23700011       1.45677114    
   1.23800004       1.45108962    
   1.23900008       1.44544649    
   1.24000001       1.43983614    
   1.24100006       1.43426573    
   1.24200010       1.42872500    
   1.24300003       1.42322755    
   1.24400008       1.41776025    
   1.24500000       1.41233289    
   1.24600005       1.40693545    
   1.24700010       1.40158010    
   1.24800003       1.39625490    
   1.24900007       1.39097023    
   1.25000000       1.38571596    
   1.25100005       1.38050091    
   1.25200009       1.37531674    
   1.25300002       1.37017298    
   1.25400007       1.36505830    
   1.25500011       1.35998297    
   1.25600004       1.35493946    
   1.25700009       1.34993351    
   1.25800002       1.34495842    
   1.25900006       1.34002233    
   1.26000011       1.33511496    
   1.26100004       1.33024716    
   1.26200008       1.32540822    
   1.26300001       1.32060802    
   1.26400006       1.31583667    
   1.26500010       1.31110334    
   1.26600003       1.30639982    
   1.26700008       1.30173266    
   1.26800001       1.29709589    
   1.26900005       1.29249477    
   1.27000010       1.28792286    
   1.27100003       1.28338850    
   1.27200007       1.27888238    
   1.27300000       1.27441227    
   1.27400005       1.26997125    
   1.27500010       1.26556480    
   1.27600002       1.26118779    
   1.27700007       1.25684607    
   1.27800012       1.25253212    
   1.27900004       1.24825335    
   1.28000009       1.24400246    
   1.28100002       1.23978627    
   1.28200006       1.23559725    
   1.28300011       1.23144281    
   1.28400004       1.22731566    
   1.28500009       1.22322237    
   1.28600001       1.21915627    
   1.28700006       1.21512341    
   1.28800011       1.21111703    
   1.28900003       1.20714474    
   1.29000008       1.20319784    
   1.29100001       1.19928432    
   1.29200006       1.19539642    
   1.29300010       1.19154143    
   1.29400003       1.18771219    
   1.29500008       1.18391502    
   1.29600000       1.18014312    
   1.29700005       1.17640328    
   1.29800010       1.17268813    
   1.29900002       1.16900504    
   1.30000007       1.16534591    
   1.30100012       1.16171861    
   1.30200005       1.15811551    
   1.30300009       1.15454328    
   1.30400002       1.15099502    
   1.30500007       1.14747727    
   1.30600011       1.14398313    
   1.30700004       1.14051950    
   1.30800009       1.13707900    
   1.30900002       1.13366854    
   1.31000006       1.13028073    
   1.31100011       1.12692261    
   1.31200004       1.12358737    
   1.31300008       1.12028122    
   1.31400001       1.11699772    
   1.31500006       1.11374247    
   1.31600010       1.11050975    
   1.31700003       1.10730565    
   1.31800008       1.10412288    
   1.31900001       1.10096872    
   1.32000005       1.09783566    
   1.32100010       1.09473050    
   1.32200003       1.09164667    
   1.32300007       1.08859026    
   1.32400012       1.08555460    
   1.32500005       1.08254635    
   1.32600009       1.07955825    
   1.32700002       1.07659769    
   1.32800007       1.07365668    
   1.32900012       1.07074249    
   1.33000004       1.06784821    
   1.33100009       1.06498027    
   1.33200002       1.06213188    
   1.33300006       1.05930948    
   1.33400011       1.05650628    
   1.33500004       1.05372894    
   1.33600008       1.05097032    
   1.33700001       1.04823732    
   1.33800006       1.04552281    
   1.33900011       1.04283321    
   1.34000003       1.04016244    
   1.34100008       1.03751624    
   1.34200001       1.03488827    
   1.34300005       1.03228462    
   1.34400010       1.02969861    
   1.34500003       1.02713716    
   1.34600008       1.02459300    
   1.34700012       1.02207279    
   1.34800005       1.01957023    
   1.34900010       1.01709080    
   1.35000002       1.01462865    
   1.35100007       1.01218975    
   1.35200012       1.00976729    
   1.35300004       1.00736845    
   1.35400009       1.00498557    
   1.35500002       1.00262582    
   1.35600007       1.00028205    
   1.35700011      0.997960627    
   1.35800004      0.995655537    
   1.35900009      0.993372500    
   1.36000001      0.991105378    
   1.36100006      0.988859892    
   1.36200011      0.986629844    
   1.36300004      0.984421790    
   1.36400008      0.982228696    
   1.36500001      0.980057299    
   1.36600006      0.977900624    
   1.36700010      0.975765049    
   1.36800003      0.973644555    
   1.36900008      0.971544564    
   1.37000012      0.969459355    
   1.37100005      0.967394590    
   1.37200010      0.965344310    
   1.37300003      0.963314354    
   1.37400007      0.961298406    
   1.37500012      0.959302604    
   1.37600005      0.957320809    
   1.37700009      0.955358624    
   1.37800002      0.953410387    
   1.37900007      0.951481462    
   1.38000011      0.949566066    
   1.38100004      0.947670162    
   1.38200009      0.945787430    
   1.38300002      0.943923891    
   1.38400006      0.942073405    
   1.38500011      0.940241575    
   1.38600004      0.938423038    
   1.38700008      0.936622560    
   1.38800001      0.934835255    
   1.38900006      0.933066010    
   1.39000010      0.931309342    
   1.39100003      0.929570973    
   1.39200008      0.927844763    
   1.39300001      0.926136672    
   1.39400005      0.924440444    
   1.39500010      0.922761917    
   1.39600003      0.921095669    
   1.39700007      0.919446468    
   1.39800012      0.917809129    
   1.39900005      0.916189373    
   1.40000010      0.914580882    
   1.40100002      0.912989616    
   1.40200007      0.911409736    
   1.40300012      0.909846365    
   1.40400004      0.908294857    
   1.40500009      0.906759381    
   1.40600002      0.905235410    
   1.40700006      0.903727412    
   1.40800011      0.902230799    
   1.40900004      0.900750160    
   1.41000009      0.899280310    
   1.41100001      0.897826433    
   1.41200006      0.896383226    
   1.41300011      0.894955754    
   1.41400003      0.893538833    
   1.41500008      0.892137408    
   1.41600001      0.890746474    
   1.41700006      0.889370561    
   1.41800010      0.888005197    
   1.41900003      0.886654913    
   1.42000008      0.885314763    
   1.42100012      0.883989334    
   1.42200005      0.882674038    
   1.42300010      0.881373405    
   1.42400002      0.880082846    
   1.42500007      0.878806710    
   1.42600012      0.877539933    
   1.42700005      0.876288116    
   1.42800009      0.875045300    
   1.42900002      0.873817086    
   1.43000007      0.872598112    
   1.43100011      0.871393204    
   1.43200004      0.870197713    
   1.43300009      0.869015872    
   1.43400002      0.867843330    
   1.43500006      0.866684437    
   1.43600011      0.865534425    
   1.43700004      0.864398360    
   1.43800008      0.863270819    
   1.43900001      0.862156868    
   1.44000006      0.861051440    
   1.44100010      0.859959304    
   1.44200003      0.858875930    
   1.44300008      0.857805490    
   1.44400012      0.856743574    
   1.44500005      0.855694830    
   1.44600010      0.854654074    
   1.44700003      0.853626490    
   1.44800007      0.852606893    
   1.44900012      0.851600051    
   1.45000005      0.850601196    
   1.45100009      0.849614978    
   1.45200002      0.848636746    
   1.45300007      0.847670972    
   1.45400012      0.846712828    
   1.45500004      0.845767200    
   1.45600009      0.844829142    
   1.45700002      0.843903422    
   1.45800006      0.842985094    
   1.45900011      0.842078805    
   1.46000004      0.841180205    
   1.46100008      0.840293229    
   1.46200001      0.839413881    
   1.46300006      0.838546097    
   1.46400011      0.837685645    
   1.46500003      0.836836934    
   1.46600008      0.835995197    
   1.46700013      0.835165024    
   1.46800005      0.834342122    
   1.46900010      0.833530366    
   1.47000003      0.832725644    
   1.47100008      0.831932187    
   1.47200012      0.831145644    
   1.47300005      0.830370307    
   1.47400010      0.829601467    
   1.47500002      0.828844011    
   1.47600007      0.828093052    
   1.47700012      0.827352941    
   1.47800004      0.826619506    
   1.47900009      0.825896800    
   1.48000002      0.825180590    
   1.48100007      0.824475110    
   1.48200011      0.823775887    
   1.48300004      0.823087454    
   1.48400009      0.822405159    
   1.48500001      0.821733475    
   1.48600006      0.821067750    
   1.48700011      0.820412517    
   1.48800004      0.819763482    
   1.48900008      0.819124460    
   1.49000013      0.818491697    
   1.49100006      0.817869246    
   1.49200010      0.817252338    
   1.49300003      0.816645861    
   1.49400008      0.816044986    
   1.49500012      0.815454185    
   1.49600005      0.814868927    
   1.49700010      0.814293742    
   1.49800003      0.813724339    
   1.49900007      0.813164592    
   1.50000012      0.812610269    
   1.50100005      0.812065959    
   1.50200009      0.811526775    
   1.50300002      0.810997546    
   1.50400007      0.810473561    
   1.50500011      0.809959173    
   1.50600004      0.809450090    
   1.50700009      0.808950365    
   1.50800002      0.808456063    
   1.50900006      0.807971001    
   1.51000011      0.807491064    
   1.51100004      0.807020545    
   1.51200008      0.806555033    
   1.51300013      0.806098759    
   1.51400006      0.805647373    
   1.51500010      0.805205226    
   1.51600003      0.804768026    
   1.51700008      0.804339767    
   1.51800013      0.803916395    
   1.51900005      0.803502142    
   1.52000010      0.803092480    
   1.52100003      0.802691996    
   1.52200007      0.802295804    
   1.52300012      0.801908731    
   1.52400005      0.801526129    
   1.52500010      0.801152349    
   1.52600002      0.800783157    
   1.52700007      0.800422668    
   1.52800012      0.800066471    
   1.52900004      0.799719214    
   1.53000009      0.799376011    
   1.53100002      0.799041629    
   1.53200006      0.798711538    
   1.53300011      0.798389673    
   1.53400004      0.798072457    
   1.53500009      0.797763348    
   1.53600001      0.797458708    
   1.53700006      0.797162294    
   1.53800011      0.796869993    
   1.53900003      0.796586156    
   1.54000008      0.796306252    
   1.54100013      0.796034396    
   1.54200006      0.795766950    
   1.54300010      0.795507371    
   1.54400003      0.795251846    
   1.54500008      0.795004547    
   1.54600012      0.794760883    
   1.54700005      0.794525385    
   1.54800010      0.794293821    
   1.54900002      0.794070244    
   1.55000007      0.793850303    
   1.55100012      0.793638229    
   1.55200005      0.793430030    
   1.55300009      0.793229580    
   1.55400002      0.793032825    
   1.55500007      0.792843997    
   1.55600011      0.792658567    
   1.55700004      0.792481065    
   1.55800009      0.792307019    
   1.55900002      0.792140841    
   1.56000006      0.791977823    
   1.56100011      0.791822672    
   1.56200004      0.791670918    
   1.56300008      0.791526914    
   1.56400013      0.791386008    
   1.56500006      0.791252851    
   1.56600010      0.791122913    
   1.56700003      0.791000366    
   1.56800008      0.790881395    
   1.56900012      0.790769696    
   1.57000005      0.790661216    
   1.57100010      0.790560246    
   1.57200003      0.790462554    
   1.57300007      0.790372074    
   1.57400012      0.790284395    
   1.57500005      0.790204406    
   1.57600009      0.790127397    
   1.57700002      0.790057600    
   1.57800007      0.789990902    
   1.57900012      0.789931178    
   1.58000004      0.789874971    
   1.58100009      0.789825320    
   1.58200002      0.789779067    
   1.58300006      0.789739907    
   1.58400011      0.789703369    
   1.58500004      0.789674163    
   1.58600008      0.789647520    
   1.58700013      0.789628088    
   1.58800006      0.789611459    
   1.58900011      0.789601982    
   1.59000003      0.789594948    
   1.59100008      0.789595068    
   1.59200013      0.789597809    
   1.59300005      0.789607525    
   1.59400010      0.789619863    
   1.59500003      0.789639056    
   1.59600008      0.789661050    
   1.59700012      0.789689660    
   1.59800005      0.789721012    
   1.59900010      0.789759040    
   1.60000002      0.789799929    
   1.60100007      0.789847374    
   1.60200012      0.789897263    
   1.60300004      0.789953947    
   1.60400009      0.790013075    
   1.60500002      0.790078759    
   1.60600007      0.790147126    
   1.60700011      0.790221989    
   1.60800004      0.790299416    
   1.60900009      0.790383279    
   1.61000013      0.790469527    
   1.61100006      0.790562332    
   1.61200011      0.790657520    
   1.61300004      0.790759265    
   1.61400008      0.790863395    
   1.61500013      0.790973902    
   1.61600006      0.791086793    
   1.61700010      0.791206121    
   1.61800003      0.791327477    
   1.61900008      0.791455388    
   1.62000012      0.791585624    
   1.62100005      0.791722178    
   1.62200010      0.791860938    
   1.62300003      0.792005956    
   1.62400007      0.792153239    
   1.62500012      0.792306840    
   1.62600005      0.792462528    
   1.62700009      0.792624533    
   1.62800002      0.792788625    
   1.62900007      0.792958796    
   1.63000011      0.793131351    
   1.63100004      0.793310165    
   1.63200009      0.793490708    
   1.63300014      0.793677390    
   1.63400006      0.793866396    
   1.63500011      0.794061422    
   1.63600004      0.794258595    
   1.63700008      0.794461548    
   1.63800013      0.794666708    
   1.63900006      0.794877946    
   1.64000010      0.795091271    
   1.64100003      0.795310557    
   1.64200008      0.795531571    
   1.64300013      0.795758843    
   1.64400005      0.795987964    
   1.64500010      0.796223104    
   1.64600003      0.796460032    
   1.64700007      0.796702802    
   1.64800012      0.796947718    
   1.64900005      0.797198415    
   1.65000010      0.797451019    
   1.65100002      0.797709465    
   1.65200007      0.797969878    
   1.65300012      0.798236072    
   1.65400004      0.798504114    
   1.65500009      0.798777878    
   1.65600014      0.799053609    
   1.65700006      0.799335361    
   1.65800011      0.799618363    
   1.65900004      0.799907565    
   1.66000009      0.800198078    
   1.66100013      0.800494909    
   1.66200006      0.800792813    
   1.66300011      0.801096916    
   1.66400003      0.801402628    
   1.66500008      0.801713765    
   1.66600013      0.802026987    
   1.66700006      0.802346170    
   1.66800010      0.802666306    
   1.66900003      0.802992404    
   1.67000008      0.803320408    
   1.67100012      0.803653955    
   1.67200005      0.803988934    
   1.67300010      0.804329515    
   1.67400002      0.804671884    
   1.67500007      0.805019796    
   1.67600012      0.805369318    
   1.67700005      0.805724561    
   1.67800009      0.806081116    
   1.67900014      0.806443393    
   1.68000007      0.806807101    
   1.68100011      0.807176471    
   1.68200004      0.807547450    
   1.68300009      0.807923913    
   1.68400013      0.808301747    
   1.68500006      0.808685362    
   1.68600011      0.809070230    
   1.68700004      0.809460521    
   1.68800008      0.809852660    
   1.68900013      0.810250223    
   1.69000006      0.810648978    
   1.69100010      0.811053097    
   1.69200003      0.811459184    
   1.69300008      0.811870277    
   1.69400012      0.812282860    
   1.69500005      0.812701404    
   1.69600010      0.813120663    
   1.69700003      0.813545644    
   1.69800007      0.813972056    
   1.69900012      0.814403653    
   1.70000005      0.814836860    
   1.70100009      0.815275371    
   1.70200002      0.815715313    
   1.70300007      0.816160798    
   1.70400012      0.816607177    
   1.70500004      0.817059457    
   1.70600009      0.817512572    
   1.70700014      0.817970872    
   1.70800006      0.818431258    
   1.70900011      0.818896770    
   1.71000004      0.819363236    
   1.71100008      0.819835126    
   1.71200013      0.820307732    
   1.71300006      0.820786595    
   1.71400011      0.821266651    
   1.71500003      0.821751535    
   1.71600008      0.822237730    
   1.71700013      0.822729826    
   1.71800005      0.823222816    
   1.71900010      0.823721290    
   1.72000003      0.824220657    
   1.72100008      0.824724615    
   1.72200012      0.825231373    
   1.72300005      0.825741768    
   1.72400010      0.826254129    
   1.72500002      0.826772332    
   1.72600007      0.827290595    
   1.72700012      0.827815056    
   1.72800004      0.828340709    
   1.72900009      0.828870893    
   1.73000014      0.829402268    
   1.73100007      0.829939008    
   1.73200011      0.830477118    
   1.73300004      0.831020057    
   1.73400009      0.831564963    
   1.73500013      0.832114875    
   1.73600006      0.832665443    
   1.73700011      0.833221018    
   1.73800004      0.833778501    
   1.73900008      0.834340870    
   1.74000013      0.834904492    
   1.74100006      0.835473120    
   1.74200010      0.836042643    
   1.74300003      0.836617708    
   1.74400008      0.837193668    
   1.74500012      0.837774873    
   1.74600005      0.838356972    
   1.74700010      0.838944435    
   1.74800003      0.839532852    
   1.74900007      0.840126514    
   1.75000012      0.840721369    
   1.75100005      0.841321290    
   1.75200009      0.841922402    
   1.75300014      0.842528284    
   1.75400007      0.843135595    
   1.75500011      0.843747616    
   1.75600004      0.844361067    
   1.75700009      0.844979584    
   1.75800014      0.845599055    
   1.75900006      0.846223772    
   1.76000011      0.846849322    
   1.76100004      0.847480059    
   1.76200008      0.848112166    
   1.76300013      0.848748803    
   1.76400006      0.849386990    
   1.76500010      0.850030184    
   1.76600003      0.850674033    
   1.76700008      0.851323426    
   1.76800013      0.851973653    
   1.76900005      0.852628767    
   1.77000010      0.853285313    
   1.77100003      0.853946447    
   1.77200007      0.854609013    
   1.77300012      0.855276346    
   1.77400005      0.855945110    
   1.77500010      0.856618881    
   1.77600014      0.857293367    
   1.77700007      0.857973099    
   1.77800012      0.858653724    
   1.77900004      0.859339476    
   1.78000009      0.860026240    
   1.78100014      0.860718012    
   1.78200006      0.861410975    
   1.78300011      0.862108827    
   1.78400004      0.862807751    
   1.78500009      0.863511562    
   1.78600013      0.864216566    
   1.78700006      0.864926457    
   1.78800011      0.865637541    
   1.78900003      0.866353512    
   1.79000008      0.867070556    
   1.79100013      0.867792606    
   1.79200006      0.868515730    
   1.79300010      0.869243801    
   1.79400003      0.869973004    
   1.79500008      0.870707035    
   1.79600012      0.871442318    
   1.79700005      0.872182369    
   1.79800010      0.872923672    
   1.79900014      0.873669744    
   1.80000007      0.874417067    
   1.80100012      0.875169158    
   1.80200005      0.875922561    
   1.80300009      0.876680613    
   1.80400014      0.877440095    
   1.80500007      0.878204226    
   1.80600011      0.878969669    
   1.80700004      0.879739881    
   1.80800009      0.880511343    
   1.80900013      0.881287515    
   1.81000006      0.882065058    
   1.81100011      0.882847309    
   1.81200004      0.883630812    
   1.81300008      0.884419084    
   1.81400013      0.885208607    
   1.81500006      0.886002958    
   1.81600010      0.886798620    
   1.81700003      0.887598932    
   1.81800008      0.888400555    
   1.81900012      0.889206946    
   1.82000005      0.890014648    
   1.82100010      0.890827000    
   1.82200015      0.891640782    
   1.82300007      0.892459214    
   1.82400012      0.893279016    
   1.82500005      0.894103587    
   1.82600009      0.894929409    
   1.82700014      0.895760000    
   1.82800007      0.896591902    
   1.82900012      0.897428513    
   1.83000004      0.898266613    
   1.83100009      0.899109244    
   1.83200014      0.899953306    
   1.83300006      0.900802076    
   1.83400011      0.901652217    
   1.83500004      0.902507126    
   1.83600008      0.903363287    
   1.83700013      0.904224277    
   1.83800006      0.905086637    
   1.83900011      0.905953705    
   1.84000003      0.906822145    
   1.84100008      0.907695293    
   1.84200013      0.908569813    
   1.84300005      0.909449160    
   1.84400010      0.910329819    
   1.84500003      0.911215246    
   1.84600008      0.912102103    
   1.84700012      0.912993550    
   1.84800005      0.913886547    
   1.84900010      0.914784193    
   1.85000014      0.915683329    
   1.85100007      0.916587174    
   1.85200012      0.917492390    
   1.85300004      0.918402433    
   1.85400009      0.919313908    
   1.85500014      0.920230031    
   1.85600007      0.921147764    
   1.85700011      0.922070026    
   1.85800004      0.922993898    
   1.85900009      0.923922420    
   1.86000013      0.924852490    
   1.86100006      0.925787270    
   1.86200011      0.926723599    
   1.86300004      0.927664518    
   1.86400008      0.928607047    
   1.86500013      0.929554224    
   1.86600006      0.930503011    
   1.86700010      0.931456387    
   1.86800003      0.932411373    
   1.86900008      0.933371127    
   1.87000012      0.934332311    
   1.87100005      0.935298264    
   1.87200010      0.936265767    
   1.87300014      0.937237978    
   1.87400007      0.938211799    
   1.87500012      0.939190269    
   1.87600005      0.940170348    
   1.87700009      0.941155136    
   1.87800014      0.942141473    
   1.87900007      0.943132520    
   1.88000011      0.944125235    
   1.88100004      0.945122540    
   1.88200009      0.946121514    
   1.88300014      0.947125137    
   1.88400006      0.948130429    
   1.88500011      0.949140310    
   1.88600004      0.950151980    
   1.88700008      0.951168120    
   1.88800013      0.952186048    
   1.88900006      0.953208506    
   1.89000010      0.954232752    
   1.89100003      0.955261528    
   1.89200008      0.956292033    
   1.89300013      0.957327068    
   1.89400005      0.958363891    
   1.89500010      0.959405243    
   1.89600015      0.960448265    
   1.89700007      0.961495876    
   1.89800012      0.962545216    
   1.89900005      0.963599086    
   1.90000010      0.964654565    
   1.90100014      0.965714633    
   1.90200007      0.966776431    
   1.90300012      0.967842638    
   1.90400004      0.968910635    
   1.90500009      0.969983041    
   1.90600014      0.971057236    
   1.90700006      0.972135782    
   1.90800011      0.973215997    
   1.90900004      0.974300683    
   1.91000009      0.975387037    
   1.91100013      0.976477742    
   1.91200006      0.977570117    
   1.91300011      0.978666782    
   1.91400003      0.979765236    
   1.91500008      0.980867803    
   1.91600013      0.981972098    
   1.91700006      0.983080626    
   1.91800010      0.984190822    
   1.91900015      0.985305071    
   1.92000008      0.986421049    
   1.92100012      0.987541080    
   1.92200005      0.988662720    
   1.92300010      0.989788413    
   1.92400014      0.990915656    
   1.92500007      0.992046893    
   1.92600012      0.993179679    
   1.92700005      0.994316339    
   1.92800009      0.995454490    
   1.92900014      0.996596456    
   1.93000007      0.997739971    
   1.93100011      0.998887181    
   1.93200004       1.00003576    
   1.93300009       1.00118804    
   1.93400013       1.00234163    
   1.93500006       1.00349891    
   1.93600011       1.00465739    
   1.93700004       1.00581944    
   1.93800008       1.00698256    
   1.93900013       1.00814927    
   1.94000006       1.00931692    
   1.94100010       1.01048803    
   1.94200015       1.01166010    
   1.94300008       1.01283550    
   1.94400012       1.01401174    
   1.94500005       1.01519108    
   1.94600010       1.01637125    
   1.94700015       1.01755452    
   1.94800007       1.01873851    
   1.94900012       1.01992536    
   1.95000005       1.02111280    
   1.95100009       1.02230310    
   1.95200014       1.02349377    
   1.95300007       1.02468717    
   1.95400012       1.02588081    
   1.95500004       1.02707720    
   1.95600009       1.02827358    
   1.95700014       1.02947247    
   1.95800006       1.03067136    
   1.95900011       1.03187251    
   1.96000004       1.03307354    
   1.96100008       1.03427672    
   1.96200013       1.03547955    
   1.96300006       1.03668439    
   1.96400011       1.03788877    
   1.96500015       1.03909504    
   1.96600008       1.04030061    
   1.96700013       1.04150772    
   1.96800005       1.04271424    
   1.96900010       1.04392207    
   1.97000015       1.04512894    
   1.97100008       1.04633701    
   1.97200012       1.04754400    
   1.97300005       1.04875207    
   1.97400010       1.04995871    
   1.97500014       1.05116618    
   1.97600007       1.05237222    
   1.97700012       1.05357873    
   1.97800004       1.05478358    
   1.97900009       1.05598879    
   1.98000014       1.05719209    
   1.98100007       1.05839550    
   1.98200011       1.05959690    
   1.98300004       1.06079805    
   1.98400009       1.06199694    
   1.98500013       1.06319547    
   1.98600006       1.06439149    
   1.98700011       1.06558681    
   1.98800004       1.06677949    
   1.98900008       1.06797111    
   1.99000013       1.06915987    
   1.99100006       1.07034755    
   1.99200010       1.07153189    
   1.99300015       1.07271492    
   1.99400008       1.07389450    
   1.99500012       1.07507229    
   1.99600005       1.07624650    
   1.99700010       1.07741880    
   1.99800014       1.07858706    
   1.99900007       1.07975304    
   2.00000000       1.08091497    
   2.00100017       1.08207428    
   2.00200009       1.08322930    
   2.00300002       1.08438146    
   2.00400019       1.08552885    
   2.00500011       1.08667326    
   2.00600004       1.08781266    
   2.00700021       1.08894873    
   2.00800014       1.09007955    
   2.00900006       1.09120679    
   2.00999999       1.09232855    
   2.01100016       1.09344625    
   2.01200008       1.09455836    
   2.01300001       1.09566617    
   2.01400018       1.09676790    
   2.01500010       1.09786522    
   2.01600003       1.09895623    
   2.01700020       1.10004246    
   2.01800013       1.10112214    
   2.01900005       1.10219681    
   2.01999998       1.10326445    
   2.02100015       1.10432684    
   2.02200007       1.10538220    
   2.02300000       1.10643196    
   2.02400017       1.10747409    
   2.02500010       1.10851061    
   2.02600002       1.10953927    
   2.02700019       1.11056185    
   2.02800012       1.11157644    
   2.02900004       1.11258471    
   2.03000021       1.11358464    
   2.03100014       1.11457789    
   2.03200006       1.11556280    
   2.03299999       1.11654067    
   2.03400016       1.11750972    
   2.03500009       1.11847162    
   2.03600001       1.11942458    
   2.03700018       1.12036991    
   2.03800011       1.12130618    
   2.03900003       1.12223446    
   2.04000020       1.12315357    
   2.04100013       1.12406445    
   2.04200006       1.12496579    
   2.04299998       1.12585878    
   2.04400015       1.12674189    
   2.04500008       1.12761641    
   2.04600000       1.12848091    
   2.04700017       1.12933648    
   2.04800010       1.13018179    
   2.04900002       1.13101816    
   2.05000019       1.13184392    
   2.05100012       1.13266039    
   2.05200005       1.13346624    
   2.05300021       1.13426256    
   2.05400014       1.13504803    
   2.05500007       1.13582385    
   2.05599999       1.13658845    
   2.05700016       1.13734305    
   2.05800009       1.13808656    
   2.05900002       1.13881993    
   2.06000018       1.13954186    
   2.06100011       1.14025354    
   2.06200004       1.14095366    
   2.06300020       1.14164317    
   2.06400013       1.14232099    
   2.06500006       1.14298820    
   2.06599998       1.14364350    
   2.06700015       1.14428794    
   2.06800008       1.14492047    
   2.06900001       1.14554191    
   2.07000017       1.14615130    
   2.07100010       1.14674950    
   2.07200003       1.14733553    
   2.07300019       1.14791012    
   2.07400012       1.14847243    
   2.07500005       1.14902341    
   2.07600021       1.14956188    
   2.07700014       1.15008903    
   2.07800007       1.15060341    
   2.07900000       1.15110624    
   2.08000016       1.15159643    
   2.08100009       1.15207505    
   2.08200002       1.15254092    
   2.08300018       1.15299487    
   2.08400011       1.15343618    
   2.08500004       1.15386558    
   2.08600020       1.15428209    
   2.08700013       1.15468681    
   2.08800006       1.15507877    
   2.08899999       1.15545857    
   2.09000015       1.15582538    
   2.09100008       1.15618038    
   2.09200001       1.15652239    
   2.09300017       1.15685236    
   2.09400010       1.15716934    
   2.09500003       1.15747428    
   2.09600019       1.15776622    
   2.09700012       1.15804625    
   2.09800005       1.15831327    
   2.09900022       1.15856826    
   2.10000014       1.15881014    
   2.10100007       1.15904009    
   2.10200000       1.15925705    
   2.10300016       1.15946198    
   2.10400009       1.15965414    
   2.10500002       1.15983415    
   2.10600019       1.16000140    
   2.10700011       1.16015649    
   2.10800004       1.16029906    
   2.10900021       1.16042936    
   2.11000013       1.16054714    
   2.11100006       1.16065288    
   2.11199999       1.16074610    
   2.11300015       1.16082740    
   2.11400008       1.16089618    
   2.11500001       1.16095304    
   2.11600018       1.16099739    
   2.11700010       1.16103017    
   2.11800003       1.16105056    
   2.11900020       1.16105914    
   2.12000012       1.16105568    
   2.12100005       1.16104054    
   2.12200022       1.16101301    
   2.12300014       1.16097426    
   2.12400007       1.16092348    
   2.12500000       1.16086113    
   2.12600017       1.16078699    
   2.12700009       1.16070163    
   2.12800002       1.16060436    
   2.12900019       1.16049600    
   2.13000011       1.16037595    
   2.13100004       1.16024494    
   2.13200021       1.16010237    
   2.13300014       1.15994895    
   2.13400006       1.15978420    
   2.13499999       1.15960860    
   2.13600016       1.15942168    
   2.13700008       1.15922427    
   2.13800001       1.15901589    
   2.13900018       1.15879691    
   2.14000010       1.15856707    
   2.14100003       1.15832698    
   2.14200020       1.15807617    
   2.14300013       1.15781510    
   2.14400005       1.15754354    
   2.14500022       1.15726185    
   2.14600015       1.15697002    
   2.14700007       1.15666831    
   2.14800000       1.15635633    
   2.14900017       1.15603471    
   2.15000010       1.15570307    
   2.15100002       1.15536201    
   2.15200019       1.15501106    
   2.15300012       1.15465081    
   2.15400004       1.15428102    
   2.15500021       1.15390205    
   2.15600014       1.15351367    
   2.15700006       1.15311623    
   2.15799999       1.15270972    
   2.15900016       1.15229440    
   2.16000009       1.15187001    
   2.16100001       1.15143716    
   2.16200018       1.15099549    
   2.16300011       1.15054524    
   2.16400003       1.15008664    
   2.16500020       1.14961970    
   2.16600013       1.14914429    
   2.16700006       1.14866102    
   2.16800022       1.14816952    
   2.16900015       1.14767027    
   2.17000008       1.14716291    
   2.17100000       1.14664793    
   2.17200017       1.14612532    
   2.17300010       1.14559507    
   2.17400002       1.14505756    
   2.17500019       1.14451265    
   2.17600012       1.14396048    
   2.17700005       1.14340127    
   2.17800021       1.14283490    
   2.17900014       1.14226162    
   2.18000007       1.14168167    
   2.18099999       1.14109516    
   2.18200016       1.14050150    
   2.18300009       1.13990176    
   2.18400002       1.13929558    
   2.18500018       1.13868308    
   2.18600011       1.13806415    
   2.18700004       1.13743925    
   2.18800020       1.13680851    
   2.18900013       1.13617182    
   2.19000006       1.13552940    
   2.19100022       1.13488114    
   2.19200015       1.13422751    
   2.19300008       1.13356817    
   2.19400001       1.13290358    
   2.19500017       1.13223362    
   2.19600010       1.13155890    
   2.19700003       1.13087869    
   2.19800019       1.13019323    
   2.19900012       1.12950337    
   2.20000005       1.12880886    
   2.20100021       1.12810910    
   2.20200014       1.12740529    
   2.20300007       1.12669671    
   2.20400000       1.12598383    
   2.20500016       1.12526667    
   2.20600009       1.12454522    
   2.20700002       1.12382007    
   2.20800018       1.12309062    
   2.20900011       1.12235737    
   2.21000004       1.12162018    
   2.21100020       1.12087965    
   2.21200013       1.12013495    
   2.21300006       1.11938727    
   2.21399999       1.11863565    
   2.21500015       1.11788118    
   2.21600008       1.11712289    
   2.21700001       1.11636209    
   2.21800017       1.11559796    
   2.21900010       1.11483085    
   2.22000003       1.11406052    
   2.22100019       1.11328769    
   2.22200012       1.11251223    
   2.22300005       1.11173415    
   2.22400022       1.11095345    
   2.22500014       1.11017036    
   2.22600007       1.10938489    
   2.22700000       1.10859716    
   2.22800016       1.10780716    
   2.22900009       1.10701513    
   2.23000002       1.10622108    
   2.23100019       1.10542500    
   2.23200011       1.10462725    
   2.23300004       1.10382748    
   2.23400021       1.10302615    
   2.23500013       1.10222316    
   2.23600006       1.10141873    
   2.23699999       1.10061264    
   2.23800015       1.09980536    
   2.23900008       1.09899652    
   2.24000001       1.09818673    
   2.24100018       1.09737551    
   2.24200010       1.09656346    
   2.24300003       1.09575021    
   2.24400020       1.09493613    
   2.24500012       1.09412098    
   2.24600005       1.09330523    
   2.24700022       1.09248865    
   2.24800014       1.09167147    
   2.24900007       1.09085369    
   2.25000000       1.09003544    
   2.25100017       1.08921647    
   2.25200009       1.08839750    
   2.25300002       1.08757794    
   2.25400019       1.08675826    
   2.25500011       1.08593822    
   2.25600004       1.08511829    
   2.25700021       1.08429801    
   2.25800014       1.08347809    
   2.25900006       1.08265781    
   2.25999999       1.08183801    
   2.26100016       1.08101809    
   2.26200008       1.08019865    
   2.26300001       1.07937932    
   2.26400018       1.07856059    
   2.26500010       1.07774186    
   2.26600003       1.07692409    
   2.26700020       1.07610643    
   2.26800013       1.07528961    
   2.26900005       1.07447314    
   2.27000022       1.07365775    
   2.27100015       1.07284272    
   2.27200007       1.07202876    
   2.27300000       1.07121539    
   2.27400017       1.07040322    
   2.27500010       1.06959164    
   2.27600002       1.06878138    
   2.27700019       1.06797183    
   2.27800012       1.06716371    
   2.27900004       1.06635642    
   2.28000021       1.06555057    
   2.28100014       1.06474566    
   2.28200006       1.06394231    
   2.28299999       1.06314003    
   2.28400016       1.06233943    
   2.28500009       1.06153977    
   2.28600001       1.06074202    
   2.28700018       1.05994534    
   2.28800011       1.05915058    
   2.28900003       1.05835712    
   2.29000020       1.05756545    
   2.29100013       1.05677521    
   2.29200006       1.05598700    
   2.29300022       1.05520010    
   2.29400015       1.05441523    
   2.29500008       1.05363202    
   2.29600000       1.05285084    
   2.29700017       1.05207121    
   2.29800010       1.05129385    
   2.29900002       1.05051816    
   2.30000019       1.04974461    
   2.30100012       1.04897285    
   2.30200005       1.04820347    
   2.30300021       1.04743576    
   2.30400014       1.04667056    
   2.30500007       1.04590714    
   2.30599999       1.04514623    
   2.30700016       1.04438710    
   2.30800009       1.04363060    
   2.30900002       1.04287601    
   2.31000018       1.04212391    
   2.31100011       1.04137397    
   2.31200004       1.04062665    
   2.31300020       1.03988123    
   2.31400013       1.03913867    
   2.31500006       1.03839815    
   2.31600022       1.03766036    
   2.31700015       1.03692472    
   2.31800008       1.03619194    
   2.31900001       1.03546119    
   2.32000017       1.03473353    
   2.32100010       1.03400791    
   2.32200003       1.03328538    
   2.32300019       1.03256488    
   2.32400012       1.03184748    
   2.32500005       1.03113234    
   2.32600021       1.03042030    
   2.32700014       1.02971041    
   2.32800007       1.02900374    
   2.32900000       1.02829933    
   2.33000016       1.02759802    
   2.33100009       1.02689910    
   2.33200002       1.02620339    
   2.33300018       1.02550995    
   2.33400011       1.02481985    
   2.33500004       1.02413213    
   2.33600020       1.02344763    
   2.33700013       1.02276564    
   2.33800006       1.02208686    
   2.33900023       1.02141047    
   2.34000015       1.02073753    
   2.34100008       1.02006710    
   2.34200001       1.01939988    
   2.34300017       1.01873529    
   2.34400010       1.01807404    
   2.34500003       1.01741529    
   2.34600019       1.01675987    
   2.34700012       1.01610708    
   2.34800005       1.01545787    
   2.34900022       1.01481104    
   2.35000014       1.01416767    
   2.35100007       1.01352692    
   2.35200000       1.01288974    
   2.35300016       1.01225507    
   2.35400009       1.01162398    
   2.35500002       1.01099539    
   2.35600019       1.01037037    
   2.35700011       1.00974798    
   2.35800004       1.00912917    
   2.35900021       1.00851297    
   2.36000013       1.00790036    
   2.36100006       1.00729036    
   2.36200023       1.00668406    
   2.36300015       1.00608027    
   2.36400008       1.00548017    
   2.36500001       1.00488269    
   2.36600018       1.00428891    
   2.36700010       1.00369763    
   2.36800003       1.00311017    
   2.36900020       1.00252521    
   2.37000012       1.00194407    
   2.37100005       1.00136554    
   2.37200022       1.00079060    
   2.37300014       1.00021839    
   2.37400007      0.999649942    
   2.37500000      0.999084055    
   2.37600017      0.998521924    
   2.37700009      0.997962475    
   2.37800002      0.997406721    
   2.37900019      0.996853650    
   2.38000011      0.996304274    
   2.38100004      0.995757580    
   2.38200021      0.995214641    
   2.38300014      0.994674325    
   2.38400006      0.994137764    
   2.38500023      0.993603885    
   2.38600016      0.993073761    
   2.38700008      0.992546260    
   2.38800001      0.992022514    
   2.38900018      0.991501451    
   2.39000010      0.990984082    
   2.39100003      0.990469396    
   2.39200020      0.989958525    
   2.39300013      0.989450276    
   2.39400005      0.988945782    
   2.39500022      0.988443911    
   2.39600015      0.987945855    
   2.39700007      0.987450361    
   2.39800000      0.986958683    
   2.39900017      0.986469626    
   2.40000010      0.985984325    
   2.40100002      0.985501707    
   2.40200019      0.985022783    
   2.40300012      0.984546483    
   2.40400004      0.984073997    
   2.40500021      0.983604074    
   2.40600014      0.983137906    
   2.40700006      0.982674360    
   2.40800023      0.982214570    
   2.40900016      0.981757402    
   2.41000009      0.981303930    
   2.41100001      0.980853081    
   2.41200018      0.980405986    
   2.41300011      0.979961455    
   2.41400003      0.979520679    
   2.41500020      0.979082465    
   2.41600013      0.978647947    
   2.41700006      0.978216052    
   2.41800022      0.977787852    
   2.41900015      0.977362216    
   2.42000008      0.976940274    
   2.42100000      0.976520896    
   2.42200017      0.976105213    
   2.42300010      0.975692093    
   2.42400002      0.975282609    
   2.42500019      0.974875748    
   2.42600012      0.974472463    
   2.42700005      0.974071801    
   2.42800021      0.973674774    
   2.42900014      0.973280251    
   2.43000007      0.972889364    
   2.43100023      0.972500980    
   2.43200016      0.972116292    
   2.43300009      0.971734107    
   2.43400002      0.971355498    
   2.43500018      0.970979393    
   2.43600011      0.970606923    
   2.43700004      0.970236897    
   2.43800020      0.969870448    
   2.43900013      0.969506562    
   2.44000006      0.969146192    
   2.44100022      0.968788266    
   2.44200015      0.968433976    
   2.44300008      0.968082070    
   2.44400001      0.967733800    
   2.44500017      0.967387855    
   2.44600010      0.967045546    
   2.44700003      0.966705620    
   2.44800019      0.966369212    
   2.44900012      0.966035187    
   2.45000005      0.965704739    
   2.45100021      0.965376616    
   2.45200014      0.965052068    
   2.45300007      0.964729905    
   2.45400023      0.964411139    
   2.45500016      0.964094818    
   2.45600009      0.963781893    
   2.45700002      0.963471413    
   2.45800018      0.963164330    
   2.45900011      0.962859571    
   2.46000004      0.962558329    
   2.46100020      0.962259293    
   2.46200013      0.961963773    
   2.46300006      0.961670518    
   2.46400023      0.961380720    
   2.46500015      0.961093128    
   2.46600008      0.960808992    
   2.46700001      0.960527122    
   2.46800017      0.960248649    
   2.46900010      0.959972441    
   2.47000003      0.959699512    
   2.47100019      0.959428906    
   2.47200012      0.959161639    
   2.47300005      0.958896577    
   2.47400022      0.958634853    
   2.47500014      0.958375394    
   2.47600007      0.958119214    
   2.47700024      0.957865179    
   2.47800016      0.957614541    
   2.47900009      0.957365990    
   2.48000002      0.957120776    
   2.48100019      0.956877649    
   2.48200011      0.956637859    
   2.48300004      0.956400156    
   2.48400021      0.956165791    
   2.48500013      0.955933571    
   2.48600006      0.955704451    
   2.48700023      0.955477536    
   2.48800015      0.955253780    
   2.48900008      0.955032170    
   2.49000001      0.954813778    
   2.49100018      0.954597354    
   2.49200010      0.954384267    
   2.49300003      0.954173088    
   2.49400020      0.953965187    
   2.49500012      0.953759253    
   2.49600005      0.953556597    
   2.49700022      0.953355789    
   2.49800014      0.953158259    
   2.49900007      0.952962637    
   2.50000000      0.952770174    
   2.50100017      0.952620924    
   2.50200009      0.952474654    
   2.50300002      0.952330172    
   2.50400019      0.952188730    
   2.50500011      0.952049077    
   2.50600004      0.951912344    
   2.50700021      0.951777399    
   2.50800014      0.951645494    
   2.50900006      0.951515257    
   2.51000023      0.951388001    
   2.51100016      0.951262474    
   2.51200008      0.951139927    
   2.51300001      0.951018989    
   2.51400018      0.950901091    
   2.51500010      0.950784802    
   2.51600003      0.950671494    
   2.51700020      0.950559855    
   2.51800013      0.950451076    
   2.51900005      0.950343966    
   2.52000022      0.950239718    
   2.52100015      0.950137138    
   2.52200007      0.950037479    
   2.52300000      0.949939311    
   2.52400017      0.949844182    
   2.52500010      0.949750483    
   2.52600002      0.949659765    
   2.52700019      0.949570477    
   2.52800012      0.949484169    
   2.52900004      0.949399292    
   2.53000021      0.949317396    
   2.53100014      0.949236929    
   2.53200006      0.949159324    
   2.53300023      0.949083090    
   2.53400016      0.949009836    
   2.53500009      0.948937953    
   2.53600001      0.948868990    
   2.53700018      0.948801398    
   2.53800011      0.948736668    
   2.53900003      0.948673248    
   2.54000020      0.948612750    
   2.54100013      0.948553562    
   2.54200006      0.948497295    
   2.54300022      0.948442221    
   2.54400015      0.948390067    
   2.54500008      0.948339105    
   2.54600000      0.948291123    
   2.54700017      0.948244333    
   2.54800010      0.948200405    
   2.54900002      0.948157668    
   2.55000019      0.948117733    
   2.55100012      0.948079050    
   2.55200005      0.948043168    
   2.55300021      0.948008478    
   2.55400014      0.947976589    
   2.55500007      0.947945893    
   2.55600023      0.947917938    
   2.55700016      0.947891176    
   2.55800009      0.947867155    
   2.55900002      0.947844267    
   2.56000018      0.947824180    
   2.56100011      0.947805166    
   2.56200004      0.947788954    
   2.56300020      0.947773814    
   2.56400013      0.947761357    
   2.56500006      0.947749972    
   2.56600022      0.947741389    
   2.56700015      0.947733819    
   2.56800008      0.947728932    
   2.56900001      0.947725177    
   2.57000017      0.947724044    
   2.57100010      0.947723925    
   2.57200003      0.947726488    
   2.57300019      0.947730064    
   2.57400012      0.947736323    
   2.57500005      0.947743535    
   2.57600021      0.947753429    
   2.57700014      0.947764218    
   2.57800007      0.947777748    
   2.57900023      0.947792172    
   2.58000016      0.947809279    
   2.58100009      0.947827220    
   2.58200002      0.947847784    
   2.58300018      0.947869301    
   2.58400011      0.947893441    
   2.58500004      0.947918415    
   2.58600020      0.947945952    
   2.58700013      0.947974443    
   2.58800006      0.948005497    
   2.58900023      0.948037386    
   2.59000015      0.948071778    
   2.59100008      0.948107123    
   2.59200001      0.948144913    
   2.59300017      0.948183537    
   2.59400010      0.948224723    
   2.59500003      0.948266745    
   2.59600019      0.948311269    
   2.59700012      0.948356569    
   2.59800005      0.948404312    
   2.59900022      0.948452890    
   2.60000014      0.948503911    
   2.60100007      0.948555708    
   2.60200024      0.948610008    
   2.60300016      0.948665023    
   2.60400009      0.948722482    
   2.60500002      0.948780656    
   2.60600019      0.948841333    
   2.60700011      0.948902667    
   2.60800004      0.948966444    
   2.60900021      0.949030876    
   2.61000013      0.949097812    
   2.61100006      0.949165344    
   2.61200023      0.949235320    
   2.61300015      0.949305952    
   2.61400008      0.949378908    
   2.61500001      0.949452519    
   2.61600018      0.949528575    
   2.61700010      0.949605167    
   2.61800003      0.949684203    
   2.61900020      0.949763834    
   2.62000012      0.949845791    
   2.62100005      0.949928284    
   2.62200022      0.950013101    
   2.62300014      0.950098574    
   2.62400007      0.950186372    
   2.62500024      0.950274646    
   2.62600017      0.950365305    
   2.62700009      0.950456440    
   2.62800002      0.950549901    
   2.62900019      0.950643897    
   2.63000011      0.950740218    
   2.63100004      0.950836957    
   2.63200021      0.950936019    
   2.63300014      0.951035500    
   2.63400006      0.951137304    
   2.63500023      0.951239586    
   2.63600016      0.951344073    
   2.63700008      0.951448977    
   2.63800001      0.951556146    
   2.63900018      0.951663852    
   2.64000010      0.951773643    
   2.64100003      0.951883912    
   2.64200020      0.951996386    
   2.64300013      0.952109218    
   2.64400005      0.952224314    
   2.64500022      0.952339768    
   2.64600015      0.952457368    
   2.64700007      0.952575445    
   2.64800024      0.952695608    
   2.64900017      0.952816129    
   2.65000010      0.952938795    
   2.65100002      0.953061819    
   2.65200019      0.953187048    
   2.65300012      0.953312516    
   2.65400004      0.953440130    
   2.65500021      0.953568101    
   2.65600014      0.953698099    
   2.65700006      0.953828454    
   2.65800023      0.953960896    
   2.65900016      0.954093635    
   2.66000009      0.954228401    
   2.66100001      0.954363465    
   2.66200018      0.954500616    
   2.66300011      0.954638004    
   2.66400003      0.954777479    
   2.66500020      0.954917133    
   2.66600013      0.955058873    
   2.66700006      0.955200851    
   2.66800022      0.955344856    
   2.66900015      0.955489099    
   2.67000008      0.955635250    
   2.67100024      0.955781639    
   2.67200017      0.955930114    
   2.67300010      0.956078708    
   2.67400002      0.956229270    
   2.67500019      0.956380069    
   2.67600012      0.956532776    
   2.67700005      0.956685603    
   2.67800021      0.956840456    
   2.67900014      0.956995428    
   2.68000007      0.957152367    
   2.68100023      0.957309365    
   2.68200016      0.957468390    
   2.68300009      0.957627475    
   2.68400002      0.957788527    
   2.68500018      0.957949579    
   2.68600011      0.958112597    
   2.68700004      0.958275676    
   2.68800020      0.958440721    
   2.68900013      0.958605766    
   2.69000006      0.958772719    
   2.69100022      0.958939731    
   2.69200015      0.959108591    
   2.69300008      0.959277451    
   2.69400024      0.959448218    
   2.69500017      0.959618986    
   2.69600010      0.959791601    
   2.69700003      0.959964275    
   2.69800019      0.960138738    
   2.69900012      0.960313201    
   2.70000005      0.960489452    
   2.70100021      0.960665703    
   2.70200014      0.960843742    
   2.70300007      0.961021781    
   2.70400023      0.961201668    
   2.70500016      0.961381316    
   2.70600009      0.961562932    
   2.70700002      0.961744428    
   2.70800018      0.961927712    
   2.70900011      0.962110817    
   2.71000004      0.962295771    
   2.71100020      0.962480545    
   2.71200013      0.962667167    
   2.71300006      0.962853611    
   2.71400023      0.963041902    
   2.71500015      0.963229954    
   2.71600008      0.963419735    
   2.71700025      0.963609397    
   2.71800017      0.963800788    
   2.71900010      0.963992000    
   2.72000003      0.964184940    
   2.72100019      0.964377642    
   2.72200012      0.964572132    
   2.72300005      0.964766383    
   2.72400022      0.964962304    
   2.72500014      0.965158045    
   2.72600007      0.965355456    
   2.72700024      0.965552628    
   2.72800016      0.965751469    
   2.72900009      0.965950012    
   2.73000002      0.966150284    
   2.73100019      0.966350257    
   2.73200011      0.966551960    
   2.73300004      0.966753304    
   2.73400021      0.966956258    
   2.73500013      0.967159033    
   2.73600006      0.967363358    
   2.73700023      0.967567384    
   2.73800015      0.967772961    
   2.73900008      0.967978299    
   2.74000025      0.968185246    
   2.74100018      0.968391776    
   2.74200010      0.968599975    
   2.74300003      0.968807817    
   2.74400020      0.969017208    
   2.74500012      0.969226241    
   2.74600005      0.969436824    
   2.74700022      0.969647110    
   2.74800014      0.969858885    
   2.74900007      0.970070243    
   2.75000024      0.970283151    
   2.75100017      0.970495760    
   2.75200009      0.970709741    
   2.75300002      0.970923424    
   2.75400019      0.971138537    
   2.75500011      0.971353292    
   2.75600004      0.971569538    
   2.75700021      0.971785307    
   2.75800014      0.972002566    
   2.75900006      0.972219408    
   2.76000023      0.972437680    
   2.76100016      0.972655535    
   2.76200008      0.972874820    
   2.76300025      0.973093629    
   2.76400018      0.973313808    
   2.76500010      0.973533630    
   2.76600003      0.973754823    
   2.76700020      0.973975539    
   2.76800013      0.974197626    
   2.76900005      0.974419177    
   2.77000022      0.974642158    
   2.77100015      0.974864662    
   2.77200007      0.975088537    
   2.77300024      0.975311875    
   2.77400017      0.975536525    
   2.77500010      0.975760698    
   2.77600002      0.975986183    
   2.77700019      0.976211131    
   2.77800012      0.976437449    
   2.77900004      0.976663172    
   2.78000021      0.976890266    
   2.78100014      0.977116704    
   2.78200006      0.977344513    
   2.78300023      0.977571726    
   2.78400016      0.977800190    
   2.78500009      0.978028119    
   2.78600001      0.978257298    
   2.78700018      0.978485882    
   2.78800011      0.978715718    
   2.78900003      0.978944898    
   2.79000020      0.979175389    
   2.79100013      0.979405224    
   2.79200006      0.979636312    
   2.79300022      0.979866743    
   2.79400015      0.980098367    
   2.79500008      0.980329394    
   2.79600024      0.980561614    
   2.79700017      0.980793118    
   2.79800010      0.981025875    
   2.79900002      0.981257915    
   2.80000019      0.981491148    
   2.80100012      0.981723726    
   2.80200005      0.981957436    
   2.80300021      0.982190490    
   2.80400014      0.982424617    
   2.80500007      0.982658029    
   2.80600023      0.982892632    
   2.80700016      0.983126521    
   2.80800009      0.983361483    
   2.80900002      0.983595729    
   2.81000018      0.983831108    
   2.81100011      0.984065711    
   2.81200004      0.984301388    
   2.81300020      0.984536350    
   2.81400013      0.984772384    
   2.81500006      0.985007644    
   2.81600022      0.985243917    
   2.81700015      0.985479534    
   2.81800008      0.985716045    
   2.81900024      0.985951900    
   2.82000017      0.986188710    
   2.82100010      0.986424744    
   2.82200003      0.986661732    
   2.82300019      0.986898005    
   2.82400012      0.987135172    
   2.82500005      0.987371624    
   2.82600021      0.987608969    
   2.82700014      0.987845600    
   2.82800007      0.988083065    
   2.82900023      0.988319755    
   2.83000016      0.988557339    
   2.83100009      0.988794208    
   2.83200002      0.989031851    
   2.83300018      0.989268720    
   2.83400011      0.989506483    
   2.83500004      0.989743412    
   2.83600020      0.989981174    
   2.83700013      0.990218103    
   2.83800006      0.990455925    
   2.83900023      0.990692854    
   2.84000015      0.990930617    
   2.84100008      0.991167486    
   2.84200025      0.991405189    
   2.84300017      0.991642058    
   2.84400010      0.991879642    
   2.84500003      0.992116392    
   2.84600019      0.992353916    
   2.84700012      0.992590606    
   2.84800005      0.992827952    
   2.84900022      0.993064463    
   2.85000014      0.993301690    
   2.85100007      0.993538022    
   2.85200024      0.993775070    
   2.85300016      0.994011223    
   2.85400009      0.994248033    
   2.85500002      0.994483948    
   2.85600019      0.994720519    
   2.85700011      0.994956195    
   2.85800004      0.995192528    
   2.85900021      0.995427907    
   2.86000013      0.995663941    
   2.86100006      0.995899022    
   2.86200023      0.996134698    
   2.86300015      0.996369481    
   2.86400008      0.996604800    
   2.86500025      0.996839225    
   2.86600018      0.997074187    
   2.86700010      0.997308195    
   2.86800003      0.997542739    
   2.86900020      0.997776330    
   2.87000012      0.998010516    
   2.87100005      0.998243630    
   2.87200022      0.998477340    
   2.87300014      0.998709977    
   2.87400007      0.998943150    
   2.87500024      0.999175370    
   2.87600017      0.999408007    
   2.87700009      0.999639690    
   2.87800002      0.999871790    
   2.87900019       1.00010300    
   2.88000011       1.00033450    
   2.88100004       1.00056505    
   2.88200021       1.00079596    
   2.88300014       1.00102592    
   2.88400006       1.00125623    
   2.88500023       1.00148547    
   2.88600016       1.00171506    
   2.88700008       1.00194371    
   2.88800025       1.00217271    
   2.88900018       1.00240064    
   2.89000010       1.00262880    
   2.89100003       1.00285602    
   2.89200020       1.00308359    
   2.89300013       1.00330997    
   2.89400005       1.00353670    
   2.89500022       1.00376236    
   2.89600015       1.00398827    
   2.89700007       1.00421309    
   2.89800024       1.00443828    
   2.89900017       1.00466216    
   2.90000010       1.00488639    
   2.90100002       1.00510955    
   2.90200019       1.00533295    
   2.90300012       1.00555515    
   2.90400004       1.00577760    
   2.90500021       1.00599885    
   2.90600014       1.00622034    
   2.90700006       1.00644064    
   2.90800023       1.00666118    
   2.90900016       1.00688052    
   2.91000009       1.00709999    
   2.91100025       1.00731826    
   2.91200018       1.00753677    
   2.91300011       1.00775397    
   2.91400003       1.00797141    
   2.91500020       1.00818753    
   2.91600013       1.00840390    
   2.91700006       1.00861895    
   2.91800022       1.00883412    
   2.91900015       1.00904799    
   2.92000008       1.00926208    
   2.92100024       1.00947475    
   2.92200017       1.00968766    
   2.92300010       1.00989914    
   2.92400002       1.01011086    
   2.92500019       1.01032114    
   2.92600012       1.01053154    
   2.92700005       1.01074052    
   2.92800021       1.01094961    
   2.92900014       1.01115739    
   2.93000007       1.01136518    
   2.93100023       1.01157153    
   2.93200016       1.01177800    
   2.93300009       1.01198304    
   2.93400025       1.01218820    
   2.93500018       1.01239181    
   2.93600011       1.01259553    
   2.93700004       1.01279783    
   2.93800020       1.01300001    
   2.93900013       1.01320088    
   2.94000006       1.01340163    
   2.94100022       1.01360095    
   2.94200015       1.01380026    
   2.94300008       1.01399803    
   2.94400024       1.01419580    
   2.94500017       1.01439214    
   2.94600010       1.01458824    
   2.94700003       1.01478302    
   2.94800019       1.01497757    
   2.94900012       1.01517069    
   2.95000005       1.01536369    
   2.95100021       1.01555514    
   2.95200014       1.01574647    
   2.95300007       1.01593637    
   2.95400023       1.01612592    
   2.95500016       1.01631415    
   2.95600009       1.01650202    
   2.95700026       1.01668835    
   2.95800018       1.01687455    
   2.95900011       1.01705921    
   2.96000004       1.01724362    
   2.96100020       1.01742649    
   2.96200013       1.01760912    
   2.96300006       1.01779008    
   2.96400023       1.01797092    
   2.96500015       1.01814997    
   2.96600008       1.01832891    
   2.96700025       1.01850617    
   2.96800017       1.01868320    
   2.96900010       1.01885855    
   2.97000003       1.01903355    
   2.97100019       1.01920700    
   2.97200012       1.01938009    
   2.97300005       1.01955152    
   2.97400022       1.01972270    
   2.97500014       1.01989210    
   2.97600007       1.02006114    
   2.97700024       1.02022851    
   2.97800016       1.02039564    
   2.97900009       1.02056086    
   2.98000026       1.02072585    
   2.98100019       1.02088904    
   2.98200011       1.02105188    
   2.98300004       1.02121294    
   2.98400021       1.02137363    
   2.98500013       1.02153254    
   2.98600006       1.02169108    
   2.98700023       1.02184772    
   2.98800015       1.02200413    
   2.98900008       1.02215862    
   2.99000025       1.02231264    
   2.99100018       1.02246487    
   2.99200010       1.02261674    
   2.99300003       1.02276671    
   2.99400020       1.02291620    
   2.99500012       1.02306390    
   2.99600005       1.02321112    
   2.99700022       1.02335644    
   2.99800014       1.02350128    
   2.99900007       1.02364421    
   3.00000024       1.02378666    
   3.00100017       1.02392721    
   3.00200009       1.02406728    
   3.00300026       1.02420545    
   3.00400019       1.02434301    
   3.00500011       1.02447867    
   3.00600004       1.02461386    
   3.00700021       1.02474713    
   3.00800014       1.02487981    
   3.00900006       1.02501047    
   3.01000023       1.02514064    
   3.01100016       1.02526879    
   3.01200008       1.02539647    
   3.01300025       1.02552199    
   3.01400018       1.02564704    
   3.01500010       1.02577019    
   3.01600003       1.02589262    
   3.01700020       1.02601302    
   3.01800013       1.02613282    
   3.01900005       1.02625060    
   3.02000022       1.02636778    
   3.02100015       1.02648294    
   3.02200007       1.02659750    
   3.02300024       1.02670991    
   3.02400017       1.02682173    
   3.02500010       1.02693152    
   3.02600026       1.02704060    
   3.02700019       1.02714765    
   3.02800012       1.02725410    
   3.02900004       1.02735841    
   3.03000021       1.02746189    
   3.03100014       1.02756345    
   3.03200006       1.02766430    
   3.03300023       1.02776301    
   3.03400016       1.02786100    
   3.03500009       1.02795696    
   3.03600025       1.02805221    
   3.03700018       1.02814531    
   3.03800011       1.02823758    
   3.03900003       1.02832794    
   3.04000020       1.02841735    
   3.04100013       1.02850473    
   3.04200006       1.02859139    
   3.04300022       1.02867591    
   3.04400015       1.02875960    
   3.04500008       1.02884126    
   3.04600024       1.02892196    
   3.04700017       1.02900064    
   3.04800010       1.02907860    
   3.04900026       1.02915430    
   3.05000019       1.02922928    
   3.05100012       1.02930200    
   3.05200005       1.02937400    
   3.05300021       1.02944386    
   3.05400014       1.02951288    
   3.05500007       1.02957964    
   3.05600023       1.02964568    
   3.05700016       1.02970958    
   3.05800009       1.02977264    
   3.05900025       1.02983344    
   3.06000018       1.02989352    
   3.06100011       1.02995133    
   3.06200004       1.03000832    
   3.06300020       1.03006315    
   3.06400013       1.03011715    
   3.06500006       1.03016889    
   3.06600022       1.03021979    
   3.06700015       1.03026855    
   3.06800008       1.03031647    
   3.06900024       1.03036225    
   3.07000017       1.03040695    
   3.07100010       1.03044963    
   3.07200003       1.03049135    
   3.07300019       1.03053105    
   3.07400012       1.03056967    
   3.07500005       1.03060615    
   3.07600021       1.03064191    
   3.07700014       1.03067541    
   3.07800007       1.03070784    
   3.07900023       1.03073823    
   3.08000016       1.03076780    
   3.08100009       1.03079510    
   3.08200026       1.03082156    
   3.08300018       1.03084576    
   3.08400011       1.03086913    
   3.08500004       1.03089023    
   3.08600020       1.03091049    
   3.08700013       1.03092861    
   3.08800006       1.03094578    
   3.08900023       1.03096080    
   3.09000015       1.03097498    
   3.09100008       1.03098691    
   3.09200025       1.03099799    
   3.09300017       1.03100681    
   3.09400010       1.03101480    
   3.09500003       1.03102064    
   3.09600019       1.03102553    
   3.09700012       1.03102839    
   3.09800005       1.03103018    
   3.09900022       1.03102994    
   3.10000014       1.03102875    
   3.10100007       1.03102553    
   3.10200024       1.03102124    
   3.10300016       1.03101492    
   3.10400009       1.03100765    
   3.10500026       1.03099835    
   3.10600019       1.03098810    
   3.10700011       1.03097570    
   3.10800004       1.03096247    
   3.10900021       1.03094697    
   3.11000013       1.03093076    
   3.11100006       1.03091240    
   3.11200023       1.03089321    
   3.11300015       1.03087187    
   3.11400008       1.03084970    
   3.11500025       1.03082538    
   3.11600018       1.03080022    
   3.11700010       1.03077304    
   3.11800003       1.03074491    
   3.11900020       1.03071475    
   3.12000012       1.03068376    
   3.12100005       1.03065062    
   3.12200022       1.03061676    
   3.12300014       1.03058076    
   3.12400007       1.03054404    
   3.12500024       1.03050518    
   3.12600017       1.03046548    
   3.12700009       1.03042376    
   3.12800026       1.03038132    
   3.12900019       1.03033674    
   3.13000011       1.03029144    
   3.13100004       1.03024423    
   3.13200021       1.03019607    
   3.13300014       1.03014600    
   3.13400006       1.03009510    
   3.13500023       1.03004217    
   3.13600016       1.02998853    
   3.13700008       1.02993298    
   3.13800025       1.02987659    
   3.13900018       1.02981818    
   3.14000010       1.02975929    
   3.14100003       1.02969813    
   3.14200020       1.02963650    
   3.14300013       1.02957273    
   3.14400005       1.02950847    
   3.14500022       1.02944219    
   3.14600015       1.02937520    
   3.14700007       1.02930629    
   3.14800024       1.02923679    
   3.14900017       1.02916515    
   3.15000010       1.02909315    
   3.15100026       1.02901912    
   3.15200019       1.02894449    
   3.15300012       1.02886796    
   3.15400004       1.02879095    
   3.15500021       1.02871192    
   3.15600014       1.02863228    
   3.15700006       1.02855086    
   3.15800023       1.02846885    
   3.15900016       1.02838492    
   3.16000009       1.02830052    
   3.16100025       1.02821434    
   3.16200018       1.02812755    
   3.16300011       1.02803898    
   3.16400003       1.02794981    
   3.16500020       1.02785897    
   3.16600013       1.02776754    
   3.16700006       1.02767444    
   3.16800022       1.02758074    
   3.16900015       1.02748537    
   3.17000008       1.02738953    
   3.17100024       1.02729189    
   3.17200017       1.02719390    
   3.17300010       1.02709413    
   3.17400026       1.02699399    
   3.17500019       1.02689207    
   3.17600012       1.02678978    
   3.17700005       1.02668583    
   3.17800021       1.02658153    
   3.17900014       1.02647543    
   3.18000007       1.02636909    
   3.18100023       1.02626109    
   3.18200016       1.02615273    
   3.18300009       1.02604282    
   3.18400025       1.02593243    
   3.18500018       1.02582061    
   3.18600011       1.02570844    
   3.18700004       1.02559459    
   3.18800020       1.02548051    
   3.18900013       1.02536488    
   3.19000006       1.02524900    
   3.19100022       1.02513158    
   3.19200015       1.02501392    
   3.19300008       1.02489471    
   3.19400024       1.02477539    
   3.19500017       1.02465439    
   3.19600010       1.02453327    
   3.19700027       1.02441072    
   3.19800019       1.02428794    
   3.19900012       1.02416372    
   3.20000005       1.02403939    
   3.20100021       1.02391362    
   3.20200014       1.02378762    
   3.20300007       1.02366030    
   3.20400023       1.02353287    
   3.20500016       1.02340400    
   3.20600009       1.02327502    
   3.20700026       1.02314472    
   3.20800018       1.02301443    
   3.20900011       1.02288258    
   3.21000004       1.02275085    
   3.21100020       1.02261770    
   3.21200013       1.02248466    
   3.21300006       1.02235019    
   3.21400023       1.02221584    
   3.21500015       1.02208006    
   3.21600008       1.02194440    
   3.21700025       1.02180743    
   3.21800017       1.02167058    
   3.21900010       1.02153242    
   3.22000027       1.02139437    
   3.22100019       1.02125514    
   3.22200012       1.02111590    
   3.22300005       1.02097547    
   3.22400022       1.02083528    
   3.22500014       1.02069378    
   3.22600007       1.02055252    
   3.22700024       1.02040994    
   3.22800016       1.02026772    
   3.22900009       1.02012420    
   3.23000026       1.01998091    
   3.23100019       1.01983654    
   3.23200011       1.01969242    
   3.23300004       1.01954710    
   3.23400021       1.01940215    
   3.23500013       1.01925600    
   3.23600006       1.01911020    
   3.23700023       1.01896322    
   3.23800015       1.01881659    
   3.23900008       1.01866901    
   3.24000025       1.01852167    
   3.24100018       1.01837325    
   3.24200010       1.01822519    
   3.24300027       1.01807618    
   3.24400020       1.01792753    
   3.24500012       1.01777780    
   3.24600005       1.01762855    
   3.24700022       1.01747835    
   3.24800014       1.01732850    
   3.24900007       1.01717770    
   3.25000024       1.01702738    
   3.25100017       1.01687598    
   3.25200009       1.01672530    
   3.25300026       1.01657355    
   3.25400019       1.01642227    
   3.25500011       1.01627004    
   3.25600004       1.01611841    
   3.25700021       1.01596594    
   3.25800014       1.01581395    
   3.25900006       1.01566100    
   3.26000023       1.01550877    
   3.26100016       1.01535559    
   3.26200008       1.01520312    
   3.26300025       1.01504970    
   3.26400018       1.01489687    
   3.26500010       1.01474333    
   3.26600027       1.01459038    
   3.26700020       1.01443660    
   3.26800013       1.01428342    
   3.26900005       1.01412952    
   3.27000022       1.01397634    
   3.27100015       1.01382232    
   3.27200007       1.01366901    
   3.27300024       1.01351500    
   3.27400017       1.01336169    
   3.27500010       1.01320767    
   3.27600026       1.01305437    
   3.27700019       1.01290035    
   3.27800012       1.01274705    
   3.27900004       1.01259315    
   3.28000021       1.01243997    
   3.28100014       1.01228619    
   3.28200006       1.01213312    
   3.28300023       1.01197934    
   3.28400016       1.01182652    
   3.28500009       1.01167297    
   3.28600025       1.01152027    
   3.28700018       1.01136696    
   3.28800011       1.01121449    
   3.28900027       1.01106143    
   3.29000020       1.01090920    
   3.29100013       1.01075649    
   3.29200006       1.01060450    
   3.29300022       1.01045215    
   3.29400015       1.01030052    
   3.29500008       1.01014841    
   3.29600024       1.00999725    
   3.29700017       1.00984550    
   3.29800010       1.00969470    
   3.29900026       1.00954342    
   3.30000019       1.00939310    
   3.30100012       1.00924218    
   3.30200005       1.00909233    
   3.30300021       1.00894201    
   3.30400014       1.00879252    
   3.30500007       1.00864279    
   3.30600023       1.00849390    
   3.30700016       1.00834465    
   3.30800009       1.00819623    
   3.30900025       1.00804758    
   3.31000018       1.00789988    
   3.31100011       1.00775182    
   3.31200027       1.00760472    
   3.31300020       1.00745726    
   3.31400013       1.00731075    
   3.31500006       1.00716400    
   3.31600022       1.00701821    
   3.31700015       1.00687218    
   3.31800008       1.00672710    
   3.31900024       1.00658166    
   3.32000017       1.00643742    
   3.32100010       1.00629282    
   3.32200027       1.00614917    
   3.32300019       1.00600541    
   3.32400012       1.00586259    
   3.32500005       1.00571954    
   3.32600021       1.00557756    
   3.32700014       1.00543547    
   3.32800007       1.00529432    
   3.32900023       1.00515294    
   3.33000016       1.00501275    
   3.33100009       1.00487220    
   3.33200026       1.00473285    
   3.33300018       1.00459337    
   3.33400011       1.00445485    
   3.33500028       1.00431621    
   3.33600020       1.00417876    
   3.33700013       1.00404108    
   3.33800006       1.00390458    
   3.33900023       1.00376785    
   3.34000015       1.00363231    
   3.34100008       1.00349665    
   3.34200025       1.00336206    
   3.34300017       1.00322735    
   3.34400010       1.00309384    
   3.34500027       1.00296021    
   3.34600019       1.00282776    
   3.34700012       1.00269520    
   3.34800005       1.00256371    
   3.34900022       1.00243223    
   3.35000014       1.00230193    
   3.35100007       1.00217152    
   3.35200024       1.00204229    
   3.35300016       1.00191307    
   3.35400009       1.00178492    
   3.35500026       1.00165689    
   3.35600019       1.00152993    
   3.35700011       1.00140297    
   3.35800028       1.00127709    
   3.35900021       1.00115132    
   3.36000013       1.00102675    
   3.36100006       1.00090218    
   3.36200023       1.00077868    
   3.36300015       1.00065529    
   3.36400008       1.00053310    
   3.36500025       1.00041091    
   3.36600018       1.00028992    
   3.36700010       1.00016904    
   3.36800027       1.00004935    
   3.36900020      0.999929667    
   3.37000012      0.999811172    
   3.37100005      0.999692738    
   3.37200022      0.999575555    
   3.37300014      0.999458432    
   3.37400007      0.999342501    
   3.37500024      0.999226689    
   3.37600017      0.999112070    
   3.37700009      0.998997569    
   3.37800026      0.998884261    
   3.37900019      0.998771071    
   3.38000011      0.998659074    
   3.38100004      0.998547196    
   3.38200021      0.998436570    
   3.38300014      0.998326063    
   3.38400006      0.998216748    
   3.38500023      0.998107553    
   3.38600016      0.997999609    
   3.38700008      0.997891784    
   3.38800025      0.997785270    
   3.38900018      0.997678816    
   3.39000010      0.997573614    
   3.39100027      0.997468591    
   3.39200020      0.997364819    
   3.39300013      0.997261107    
   3.39400005      0.997158766    
   3.39500022      0.997056484    
   3.39600015      0.996955514    
   3.39700007      0.996854603    
   3.39800024      0.996755064    
   3.39900017      0.996655643    
   3.40000010      0.996557474    
   3.40100026      0.996459484    
   3.40200019      0.996362746    
   3.40300012      0.996266186    
   3.40400004      0.996170878    
   3.40500021      0.996075749    
   3.40600014      0.995981932    
   3.40700006      0.995888233    
   3.40800023      0.995795786    
   3.40900016      0.995703578    
   3.41000009      0.995612621    
   3.41100025      0.995521843    
   3.41200018      0.995432377    
   3.41300011      0.995343089    
   3.41400027      0.995254993    
   3.41500020      0.995167196    
   3.41600013      0.995080590    
   3.41700006      0.994994223    
   3.41800022      0.994909167    
   3.41900015      0.994824231    
   3.42000008      0.994740605    
   3.42100024      0.994657218    
   3.42200017      0.994575083    
   3.42300010      0.994493127    
   3.42400026      0.994412482    
   3.42500019      0.994332016    
   3.42600012      0.994252861    
   3.42700005      0.994173884    
   3.42800021      0.994096160    
   3.42900014      0.994018674    
   3.43000007      0.993942499    
   3.43100023      0.993866503    
   3.43200016      0.993791819    
   3.43300009      0.993717313    
   3.43400025      0.993644059    
   3.43500018      0.993571043    
   3.43600011      0.993499339    
   3.43700027      0.993427753    
   3.43800020      0.993357539    
   3.43900013      0.993287504    
   3.44000006      0.993218720    
   3.44100022      0.993150175    
   3.44200015      0.993082941    
   3.44300008      0.993015885    
   3.44400024      0.992950141    
   3.44500017      0.992884517    
   3.44600010      0.992820263    
   3.44700027      0.992756188    
   3.44800019      0.992693424    
   3.44900012      0.992630780    
   3.45000005      0.992569506    
   3.45100021      0.992508352    
   3.45200014      0.992448568    
   3.45300007      0.992388844    
   3.45400023      0.992330551    
   3.45500016      0.992272377    
   3.45600009      0.992215514    
   3.45700026      0.992158830    
   3.45800018      0.992103457    
   3.45900011      0.992048264    
   3.46000028      0.991994321    
   3.46100020      0.991940618    
   3.46200013      0.991888165    
   3.46300006      0.991835892    
   3.46400023      0.991784871    
   3.46500015      0.991734028    
   3.46600008      0.991684556    
   3.46700025      0.991635144    
   3.46800017      0.991587102    
   3.46900010      0.991539180    
   3.47000027      0.991492569    
   3.47100019      0.991446137    
   3.47200012      0.991400957    
   3.47300005      0.991355956    
   3.47400022      0.991312206    
   3.47500014      0.991268635    
   3.47600007      0.991226315    
   3.47700024      0.991184175    
   3.47800016      0.991143286    
   3.47900009      0.991102576    
   3.48000026      0.991063118    
   3.48100019      0.991023839    
   3.48200011      0.990985751    
   3.48300028      0.990947902    
   3.48400021      0.990911245    
   3.48500013      0.990874767    
   3.48600006      0.990839481    
   3.48700023      0.990804493    
   3.48800015      0.990770578    
   3.48900008      0.990736961    
   3.49000025      0.990704477    
   3.49100018      0.990672171    
   3.49200010      0.990641057    
   3.49300027      0.990610182    
   3.49400020      0.990580440    
   3.49500012      0.990550876    
   3.49600005      0.990522504    
   3.49700022      0.990494311    
   3.49800014      0.990467310    
   3.49900007      0.990440488    
   3.50000024      0.990414798    
   3.50100017      0.990389287    
   3.50200009      0.990364969    
   3.50300026      0.990340829    
   3.50400019      0.990317822    
   3.50500011      0.990294993    
   3.50600028      0.990273237    
   3.50700021      0.990251720    
   3.50800014      0.990231335    
   3.50900006      0.990211129    
   3.51000023      0.990192056    
   3.51100016      0.990173101    
   3.51200008      0.990155280    
   3.51300025      0.990137637    
   3.51400018      0.990121126    
   3.51500010      0.990104795    
   3.51600027      0.990089476    
   3.51700020      0.990074396    
   3.51800013      0.990060389    
   3.51900005      0.990046501    
   3.52000022      0.990033746    
   3.52100015      0.990021110    
   3.52200007      0.990009606    
   3.52300024      0.989998162    
   3.52400017      0.989987910    
   3.52500010      0.989977717    
   3.52600026      0.989968598    
   3.52700019      0.989959657    
   3.52800012      0.989951730    
   3.52900028      0.989943981    
   3.53000021      0.989937246    
   3.53100014      0.989930630    
   3.53200006      0.989925086    
   3.53300023      0.989919662    
   3.53400016      0.989915311    
   3.53500009      0.989911020    
   3.53600025      0.989907801    
   3.53700018      0.989904642    
   3.53800011      0.989902556    
   3.53900027      0.989900589    
   3.54000020      0.989899635    
   3.54100013      0.989898741    
   3.54200006      0.989898860    
   3.54300022      0.989899158    
   3.54400015      0.989900351    
   3.54500008      0.989901721    
   3.54600024      0.989904046    
   3.54700017      0.989906430    
   3.54800010      0.989909887    
   3.54900026      0.989913344    
   3.55000019      0.989917815    
   3.55100012      0.989922345    
   3.55200028      0.989927828    
   3.55300021      0.989933431    
   3.55400014      0.989939988    
   3.55500007      0.989946604    
   3.55600023      0.989954114    
   3.55700016      0.989961743    
   3.55800009      0.989970326    
   3.55900025      0.989978969    
   3.56000018      0.989988506    
   3.56100011      0.989998162    
   3.56200027      0.990008652    
   3.56300020      0.990019262    
   3.56400013      0.990030766    
   3.56500006      0.990042329    
   3.56600022      0.990054786    
   3.56700015      0.990067303    
   3.56800008      0.990080655    
   3.56900024      0.990094066    
   3.57000017      0.990108371    
   3.57100010      0.990122736    
   3.57200027      0.990137994    
   3.57300019      0.990153253    
   3.57400012      0.990169346    
   3.57500029      0.990185440    
   3.57600021      0.990202487    
   3.57700014      0.990219533    
   3.57800007      0.990237355    
   3.57900023      0.990255237    
   3.58000016      0.990273952    
   3.58100009      0.990292668    
   3.58200026      0.990312219    
   3.58300018      0.990331769    
   3.58400011      0.990352213    
   3.58500028      0.990372539    
   3.58600020      0.990393758    
   3.58700013      0.990414917    
   3.58800006      0.990436912    
   3.58900023      0.990458906    
   3.59000015      0.990481615    
   3.59100008      0.990504444    
   3.59200025      0.990527928    
   3.59300017      0.990551472    
   3.59400010      0.990575731    
   3.59500027      0.990599990    
   3.59600019      0.990625024    
   3.59700012      0.990649998    
   3.59800029      0.990675747    
   3.59900022      0.990701437    
   3.60000014      0.990727901    
   3.60100007      0.990754306    
   3.60200024      0.990781426    
   3.60300016      0.990808547    
   3.60400009      0.990836382    
   3.60500026      0.990864158    
   3.60600019      0.990892649    
   3.60700011      0.990921080    
   3.60800028      0.990950227    
   3.60900021      0.990979254    
   3.61000013      0.991009057    
   3.61100006      0.991038740    
   3.61200023      0.991069198    
   3.61300015      0.991099477    
   3.61400008      0.991130471    
   3.61500025      0.991161406    
   3.61600018      0.991192997    
   3.61700010      0.991224527    
   3.61800027      0.991256714    
   3.61900020      0.991288781    
   3.62000012      0.991321504    
   3.62100029      0.991354167    
   3.62200022      0.991387486    
   3.62300014      0.991420686    
   3.62400007      0.991454482    
   3.62500024      0.991488218    
   3.62600017      0.991522551    
   3.62700009      0.991556823    
   3.62800026      0.991591632    
   3.62900019      0.991626382    
   3.63000011      0.991661727    
   3.63100028      0.991697013    
   3.63200021      0.991732836    
   3.63300014      0.991768479    
   3.63400006      0.991804779    
   3.63500023      0.991840959    
   3.63600016      0.991877735    
   3.63700008      0.991914332    
   3.63800025      0.991951525    
   3.63900018      0.991988540    
   3.64000010      0.992026210    
   3.64100027      0.992063642    
   3.64200020      0.992101669    
   3.64300013      0.992139518    
   3.64400029      0.992177963    
   3.64500022      0.992216170    
   3.64600015      0.992255032    
   3.64700007      0.992293596    
   3.64800024      0.992332816    
   3.64900017      0.992371798    
   3.65000010      0.992411315    
   3.65100026      0.992450655    
   3.65200019      0.992490530    
   3.65300012      0.992530167    
   3.65400028      0.992570460    
   3.65500021      0.992610395    
   3.65600014      0.992650926    
   3.65700006      0.992691219    
   3.65800023      0.992732048    
   3.65900016      0.992772639    
   3.66000009      0.992813766    
   3.66100025      0.992854655    
   3.66200018      0.992896080    
   3.66300011      0.992937207    
   3.66400027      0.992978871    
   3.66500020      0.993020236    
   3.66600013      0.993062139    
   3.66700006      0.993103802    
   3.66800022      0.993145943    
   3.66900015      0.993187845    
   3.67000008      0.993230224    
   3.67100024      0.993272305    
   3.67200017      0.993314862    
   3.67300010      0.993357182    
   3.67400026      0.993399978    
   3.67500019      0.993442476    
   3.67600012      0.993485391    
   3.67700028      0.993528068    
   3.67800021      0.993571222    
   3.67900014      0.993614078    
   3.68000007      0.993657410    
   3.68100023      0.993700325    
   3.68200016      0.993743837    
   3.68300009      0.993786991    
   3.68400025      0.993830562    
   3.68500018      0.993873835    
   3.68600011      0.993917525    
   3.68700027      0.993960917    
   3.68800020      0.994004726    
   3.68900013      0.994048238    
   3.69000006      0.994092166    
   3.69100022      0.994135737    
   3.69200015      0.994179785    
   3.69300008      0.994223416    
   3.69400024      0.994267523    
   3.69500017      0.994311273    
   3.69600010      0.994355440    
   3.69700027      0.994399250    
   3.69800019      0.994443417    
   3.69900012      0.994487286    
   3.70000029      0.994531572    
   3.70100021      0.994575441    
   3.70200014      0.994619727    
   3.70300007      0.994663656    
   3.70400023      0.994707942    
   3.70500016      0.994751871    
   3.70600009      0.994796216    
   3.70700026      0.994840145    
   3.70800018      0.994884431    
   3.70900011      0.994928360    
   3.71000028      0.994972646    
   3.71100020      0.995016575    
   3.71200013      0.995060861    
   3.71300006      0.995104730    
   3.71400023      0.995148957    
   3.71500015      0.995192826    
   3.71600008      0.995236993    
   3.71700025      0.995280802    
   3.71800017      0.995324969    
   3.71900010      0.995368659    
   3.72000027      0.995412767    
   3.72100019      0.995456398    
   3.72200012      0.995500386    
   3.72300029      0.995544016    
   3.72400022      0.995587885    
   3.72500014      0.995631397    
   3.72600007      0.995675206    
   3.72700024      0.995718598    
   3.72800016      0.995762289    
   3.72900009      0.995805562    
   3.73000026      0.995849133    
   3.73100019      0.995892346    
   3.73200011      0.995935798    
   3.73300028      0.995978832    
   3.73400021      0.996022165    
   3.73500013      0.996065021    
   3.73600006      0.996108234    
   3.73700023      0.996150970    
   3.73800015      0.996194005    
   3.73900008      0.996236622    
   3.74000025      0.996279478    
   3.74100018      0.996321917    
   3.74200010      0.996364594    
   3.74300027      0.996406853    
   3.74400020      0.996449351    
   3.74500012      0.996491373    
   3.74600029      0.996533692    
   3.74700022      0.996575594    
   3.74800014      0.996617734    
   3.74900007      0.996659398    
   3.75000024      0.996701300    
   3.75100017      0.996742785    
   3.75200009      0.996784449    
   3.75300026      0.996825755    
   3.75400019      0.996867180    
   3.75500011      0.996908247    
   3.75600028      0.996949434    
   3.75700021      0.996990263    
   3.75800014      0.997031271    
   3.75900006      0.997071803    
   3.76000023      0.997112572    
   3.76100016      0.997152865    
   3.76200008      0.997193336    
   3.76300025      0.997233391    
   3.76400018      0.997273624    
   3.76500010      0.997313380    
   3.76600027      0.997353375    
   3.76700020      0.997392893    
   3.76800013      0.997432530    
   3.76900029      0.997471809    
   3.77000022      0.997511208    
   3.77100015      0.997550130    
   3.77200007      0.997589231    
   3.77300024      0.997627914    
   3.77400017      0.997666717    
   3.77500010      0.997705042    
   3.77600026      0.997743547    
   3.77700019      0.997781634    
   3.77800012      0.997819781    
   3.77900028      0.997857511    
   3.78000021      0.997895360    
   3.78100014      0.997932792    
   3.78200006      0.997970343    
   3.78300023      0.998007417    
   3.78400016      0.998044670    
   3.78500009      0.998081446    
   3.78600025      0.998118281    
   3.78700018      0.998154700    
   3.78800011      0.998191237    
   3.78900027      0.998227298    
   3.79000020      0.998263478    
   3.79100013      0.998299181    
   3.79200029      0.998335063    
   3.79300022      0.998370409    
   3.79400015      0.998405874    
   3.79500008      0.998440921    
   3.79600024      0.998475969    
   3.79700017      0.998510599    
   3.79800010      0.998545349    
   3.79900026      0.998579621    
   3.80000019      0.998614013    
   3.80100012      0.998647869    
   3.80200028      0.998681843    
   3.80300021      0.998715401    
   3.80400014      0.998748958    
   3.80500007      0.998782098    
   3.80600023      0.998815298    
   3.80700016      0.998848021    
   3.80800009      0.998880863    
   3.80900025      0.998913169    
   3.81000018      0.998945534    
   3.81100011      0.998977482    
   3.81200027      0.999009490    
   3.81300020      0.999041021    
   3.81400013      0.999072611    
   3.81500030      0.999103725    
   3.81600022      0.999134958    
   3.81700015      0.999165654    
   3.81800008      0.999196410    
   3.81900024      0.999226689    
   3.82000017      0.999257028    
   3.82100010      0.999286950    
   3.82200027      0.999316871    
   3.82300019      0.999346316    
   3.82400012      0.999375820    
   3.82500029      0.999404848    
   3.82600021      0.999433875    
   3.82700014      0.999462485    
   3.82800007      0.999491096    
   3.82900023      0.999519289    
   3.83000016      0.999547482    
   3.83100009      0.999575198    
   3.83200026      0.999602973    
   3.83300018      0.999630272    
   3.83400011      0.999657571    
   3.83500028      0.999684453    
   3.83600020      0.999711335    
   3.83700013      0.999737740    
   3.83800030      0.999764144    
   3.83900023      0.999790072    
   3.84000015      0.999816120    
   3.84100008      0.999841571    
   3.84200025      0.999867141    
   3.84300017      0.999892175    
   3.84400010      0.999917269    
   3.84500027      0.999941826    
   3.84600019      0.999966502    
   3.84700012      0.999990642    
   3.84800029       1.00001478    
   3.84900022       1.00003850    
   3.85000014       1.00006223    
   3.85100007       1.00008547    
   3.85200024       1.00010860    
   3.85300016       1.00013149    
   3.85400009       1.00015426    
   3.85500026       1.00017655    
   3.85600019       1.00019884    
   3.85700011       1.00022066    
   3.85800028       1.00024259    
   3.85900021       1.00026393    
   3.86000013       1.00028527    
   3.86100030       1.00030625    
   3.86200023       1.00032723    
   3.86300015       1.00034761    
   3.86400008       1.00036812    
   3.86500025       1.00038815    
   3.86600018       1.00040805    
   3.86700010       1.00042760    
   3.86800027       1.00044715    
   3.86900020       1.00046623    
   3.87000012       1.00048530    
   3.87100029       1.00050390    
   3.87200022       1.00052249    
   3.87300014       1.00054061    
   3.87400007       1.00055861    
   3.87500024       1.00057638    
   3.87600017       1.00059402    
   3.87700009       1.00061119    
   3.87800026       1.00062835    
   3.87900019       1.00064504    
   3.88000011       1.00066185    
   3.88100028       1.00067806    
   3.88200021       1.00069427    
   3.88300014       1.00071013    
   3.88400030       1.00072587    
   3.88500023       1.00074124    
   3.88600016       1.00075650    
   3.88700008       1.00077140    
   3.88800025       1.00078619    
   3.88900018       1.00080061    
   3.89000010       1.00081491    
   3.89100027       1.00082898    
   3.89200020       1.00084281    
   3.89300013       1.00085628    
   3.89400029       1.00086975    
   3.89500022       1.00088274    
   3.89600015       1.00089574    
   3.89700007       1.00090837    
   3.89800024       1.00092089    
   3.89900017       1.00093305    
   3.90000010       1.00094497    
   3.90100026       1.00095665    
   3.90200019       1.00096834    
   3.90300012       1.00097942    
   3.90400028       1.00099063    
   3.90500021       1.00100136    
   3.90600014       1.00101209    
   3.90700030       1.00102234    
   3.90800023       1.00103259    
   3.90900016       1.00104249    
   3.91000009       1.00105226    
   3.91100025       1.00106156    
   3.91200018       1.00107098    
   3.91300011       1.00107992    
   3.91400027       1.00108886    
   3.91500020       1.00109732    
   3.91600013       1.00110579    
   3.91700029       1.00111389    
   3.91800022       1.00112188    
   3.91900015       1.00112951    
   3.92000008       1.00113702    
   3.92100024       1.00114429    
   3.92200017       1.00115132    
   3.92300010       1.00115812    
   3.92400026       1.00116479    
   3.92500019       1.00117111    
   3.92600012       1.00117743    
   3.92700028       1.00118327    
   3.92800021       1.00118923    
   3.92900014       1.00119472    
   3.93000031       1.00120008    
   3.93100023       1.00120509    
   3.93200016       1.00121009    
   3.93300009       1.00121474    
   3.93400025       1.00121927    
   3.93500018       1.00122356    
   3.93600011       1.00122774    
   3.93700027       1.00123155    
   3.93800020       1.00123525    
   3.93900013       1.00123870    
   3.94000030       1.00124204    
   3.94100022       1.00124502    
   3.94200015       1.00124788    
   3.94300008       1.00125051    
   3.94400024       1.00125301    
   3.94500017       1.00125527    
   3.94600010       1.00125742    
   3.94700027       1.00125921    
   3.94800019       1.00126088    
   3.94900012       1.00126231    
   3.95000029       1.00126362    
   3.95100021       1.00126469    
   3.95200014       1.00126565    
   3.95300007       1.00126636    
   3.95400023       1.00126684    
   3.95500016       1.00126719    
   3.95600009       1.00126731    
   3.95700026       1.00126719    
   3.95800018       1.00126708    
   3.95900011       1.00126660    
   3.96000028       1.00126600    
   3.96100020       1.00126517    
   3.96200013       1.00126433    
   3.96300030       1.00126314    
   3.96400023       1.00126183    
   3.96500015       1.00126028    
   3.96600008       1.00125861    
   3.96700025       1.00125670    
   3.96800017       1.00125468    
   3.96900010       1.00125241    
   3.97000027       1.00125015    
   3.97100019       1.00124753    
   3.97200012       1.00124478    
   3.97300029       1.00124192    
   3.97400022       1.00123882    
   3.97500014       1.00123560    
   3.97600007       1.00123227    
   3.97700024       1.00122869    
   3.97800016       1.00122488    
   3.97900009       1.00122106    
   3.98000026       1.00121701    
   3.98100019       1.00121272    
   3.98200011       1.00120842    
   3.98300028       1.00120378    
   3.98400021       1.00119925    
   3.98500013       1.00119436    
   3.98600030       1.00118935    
   3.98700023       1.00118411    
   3.98800015       1.00117886    
   3.98900008       1.00117338    
   3.99000025       1.00116789    
   3.99100018       1.00116205    
   3.99200010       1.00115621    
   3.99300027       1.00115013    
   3.99400020       1.00114393    
   3.99500012       1.00113761    
   3.99600029       1.00113118    
   3.99700022       1.00112462    
   3.99800014       1.00111783    
   3.99900007       1.00111091    
   4.00000000       1.00110400    
   4.00100040       1.00109684    
   4.00200033       1.00108957    
   4.00300026       1.00108206    
   4.00400019       1.00107455    
   4.00500011       1.00106692    
   4.00600004       1.00105906    
   4.00699997       1.00105119    
   4.00800037       1.00104320    
   4.00900030       1.00103498    
   4.01000023       1.00102663    
   4.01100016       1.00101817    
   4.01200008       1.00100970    
   4.01300001       1.00100100    
   4.01400042       1.00099218    
   4.01500034       1.00098336    
   4.01600027       1.00097442    
   4.01700020       1.00096524    
   4.01800013       1.00095594    
   4.01900005       1.00094664    
   4.01999998       1.00093722    
   4.02100039       1.00092769    
   4.02200031       1.00091803    
   4.02300024       1.00090826    
   4.02400017       1.00089836    
   4.02500010       1.00088847    
   4.02600002       1.00087833    
   4.02700043       1.00086820    
   4.02800035       1.00085783    
   4.02900028       1.00084758    
   4.03000021       1.00083709    
   4.03100014       1.00082648    
   4.03200006       1.00081599    
   4.03299999       1.00080526    
   4.03400040       1.00079441    
   4.03500032       1.00078344    
   4.03600025       1.00077248    
   4.03700018       1.00076139    
   4.03800011       1.00075030    
   4.03900003       1.00073910    
   4.03999996       1.00072777    
   4.04100037       1.00071645    
   4.04200029       1.00070488    
   4.04300022       1.00069332    
   4.04400015       1.00068176    
   4.04500008       1.00067008    
   4.04600000       1.00065827    
   4.04700041       1.00064647    
   4.04800034       1.00063455    
   4.04900026       1.00062275    
   4.05000019       1.00061059    
   4.05100012       1.00059855    
   4.05200005       1.00058627    
   4.05299997       1.00057411    
   4.05400038       1.00056195    
   4.05500031       1.00054955    
   4.05600023       1.00053728    
   4.05700016       1.00052476    
   4.05800009       1.00051224    
   4.05900002       1.00049973    
   4.06000042       1.00048709    
   4.06100035       1.00047457    
   4.06200027       1.00046182    
   4.06300020       1.00044906    
   4.06400013       1.00043631    
   4.06500006       1.00042367    
   4.06599998       1.00041068    
   4.06700039       1.00039780    
   4.06800032       1.00038481    
   4.06900024       1.00037181    
   4.07000017       1.00035882    
   4.07100010       1.00034583    
   4.07200003       1.00033283    
   4.07300043       1.00031972    
   4.07400036       1.00030661    
   4.07500029       1.00029337    
   4.07600021       1.00028014    
   4.07700014       1.00026691    
   4.07800007       1.00025356    
   4.07900000       1.00024045    
   4.08000040       1.00022721    
   4.08100033       1.00021410    
   4.08200026       1.00020051    
   4.08300018       1.00018728    
   4.08400011       1.00017369    
   4.08500004       1.00016046    
   4.08599997       1.00014710    
   4.08700037       1.00013399    
   4.08800030       1.00012052    
   4.08900023       1.00010741    
   4.09000015       1.00009382    
   4.09100008       1.00008047    
   4.09200001       1.00006616    
   4.09300041       1.00005329    
   4.09400034       1.00003922    
   4.09500027       1.00002587    
   4.09600019       1.00001109    
