   1.00000005E-03   8.82148743E-06
   2.00000009E-03   8.82148743E-06
   3.00000003E-03   3.03983688E-06
   4.00000019E-03   8.82148743E-06
   5.00000035E-03   5.42402267E-06
   6.00000005E-03   3.03983688E-06
   7.00000022E-03   1.37090683E-06
   8.00000038E-03   8.82148743E-06
   9.00000054E-03   1.78813934E-06
   1.00000007E-02   5.42402267E-06
   1.10000009E-02  -1.19209290E-07
   1.20000001E-02   3.03983688E-06
   1.30000003E-02   5.72204590E-06
   1.40000004E-02   1.37090683E-06
   1.50000006E-02   3.87430191E-06
   1.60000008E-02   8.82148743E-06
   1.70000009E-02   5.12599945E-06
   1.80000011E-02   1.78813934E-06
   1.90000013E-02   8.64267349E-06
   2.00000014E-02   5.42402267E-06
   2.10000016E-02   2.56299973E-06
   2.20000017E-02  -1.19209290E-07
   2.30000019E-02   5.66244125E-06
   2.40000002E-02   3.03983688E-06
   2.50000004E-02   7.15255737E-07
   2.60000005E-02   5.72204590E-06
   2.70000007E-02   3.51667404E-06
   2.80000009E-02   1.37090683E-06
   2.90000010E-02  -4.76837158E-07
   3.00000012E-02   3.87430191E-06
   3.10000014E-02   1.96695328E-06
   3.20000015E-02   8.82148743E-06
   3.29999998E-02   1.25169754E-06
   3.40000018E-02   5.12599945E-06
   3.50000001E-02   8.70227814E-06
   3.60000022E-02   1.78813934E-06
   3.70000005E-02   5.24520874E-06
   3.80000025E-02   8.64267349E-06
   3.90000008E-02   2.20537186E-06
   4.00000028E-02   5.42402267E-06
   4.10000011E-02  -5.96046448E-07
   4.20000032E-02   2.56299973E-06
   4.30000015E-02   5.48362732E-06
   4.40000035E-02  -1.19209290E-07
   4.50000018E-02   2.80141830E-06
   4.60000038E-02   5.66244125E-06
   4.70000021E-02   2.98023224E-07
   4.80000004E-02   3.03983688E-06
   4.90000024E-02   5.72204590E-06
   5.00000007E-02   7.15255737E-07
   5.10000028E-02   3.27825546E-06
   5.20000011E-02   5.72204590E-06
   5.30000031E-02   1.13248825E-06
   5.40000014E-02   3.51667404E-06
   5.50000034E-02   5.78165054E-06
   5.60000017E-02   1.37090683E-06
   5.70000038E-02   3.69548798E-06
   5.80000021E-02  -4.76837158E-07
   5.90000041E-02   1.72853470E-06
   6.00000024E-02   3.87430191E-06
   6.10000044E-02  -1.19209290E-07
   6.20000027E-02   1.96695328E-06
   6.30000010E-02   3.87430191E-06
   6.40000030E-02   8.82148743E-06
   6.50000051E-02  -7.15255737E-07
   6.59999996E-02   1.25169754E-06
   6.70000017E-02   3.21865082E-06
   6.80000037E-02   5.12599945E-06
   6.90000057E-02   7.03334808E-06
   7.00000003E-02   8.70227814E-06
   7.10000023E-02  -1.19209290E-07
   7.20000044E-02   1.78813934E-06
   7.30000064E-02   3.57627869E-06
   7.40000010E-02   5.24520874E-06
   7.50000030E-02   6.97374344E-06
   7.60000050E-02   8.64267349E-06
   7.70000070E-02   5.96046448E-07
   7.80000016E-02   2.20537186E-06
   7.90000036E-02   3.75509262E-06
   8.00000057E-02   5.42402267E-06
   8.10000002E-02   6.91413879E-06
   8.20000023E-02  -5.96046448E-07
   8.30000043E-02   1.01327896E-06
   8.40000063E-02   2.56299973E-06
   8.50000009E-02   4.05311584E-06
   8.60000029E-02   5.48362732E-06
   8.70000049E-02   6.91413879E-06
   8.80000070E-02  -1.19209290E-07
   8.90000015E-02   1.31130219E-06
   9.00000036E-02   2.80141830E-06
   9.10000056E-02   4.23192978E-06
   9.20000076E-02   5.66244125E-06
   9.30000022E-02   6.97374344E-06
   9.40000042E-02   2.98023224E-07
   9.50000063E-02   1.72853470E-06
   9.60000008E-02   3.03983688E-06
   9.70000029E-02   4.35113907E-06
   9.80000049E-02   5.72204590E-06
   9.90000069E-02  -4.76837158E-07
  0.100000001       7.15255737E-07
  0.101000004       2.08616257E-06
  0.102000006       3.27825546E-06
  0.103000008       4.52995300E-06
  0.104000002       5.72204590E-06
  0.105000004      -1.19209290E-07
  0.106000006       1.13248825E-06
  0.107000008       2.38418579E-06
  0.108000003       3.51667404E-06
  0.109000005       4.70876694E-06
  0.110000007       5.78165054E-06
  0.111000009       2.98023224E-07
  0.112000003       1.37090683E-06
  0.113000005       2.56299973E-06
  0.114000008       3.69548798E-06
  0.115000002       4.76837158E-06
  0.116000004      -4.76837158E-07
  0.117000006       6.55651093E-07
  0.118000008       1.72853470E-06
  0.119000003       2.74181366E-06
  0.120000005       3.87430191E-06
  0.121000007       4.94718552E-06
  0.122000009      -1.19209290E-07
  0.123000003       8.94069672E-07
  0.124000005       1.96695328E-06
  0.125000000       2.98023224E-06
  0.126000002       3.87430191E-06
  0.127000004       7.86781311E-06
  0.128000006       8.82148743E-06
  0.129000008       9.83476639E-06
  0.130000010      -7.15255737E-07
  0.131000012       3.57627869E-07
  0.131999999       1.25169754E-06
  0.133000001       2.26497650E-06
  0.134000003       3.21865082E-06
  0.135000005       4.17232513E-06
  0.136000007       5.12599945E-06
  0.137000009       6.07967377E-06
  0.138000011       7.03334808E-06
  0.139000013       7.92741776E-06
  0.140000001       8.70227814E-06
  0.141000003       9.53674316E-06
  0.142000005      -1.19209290E-07
  0.143000007       8.34465027E-07
  0.144000009       1.78813934E-06
  0.145000011       2.68220901E-06
  0.146000013       3.57627869E-06
  0.147000000       4.35113907E-06
  0.148000002       5.24520874E-06
  0.149000004       6.07967377E-06
  0.150000006       6.97374344E-06
  0.151000008       7.80820847E-06
  0.152000010       8.64267349E-06
  0.153000012      -2.38418579E-07
  0.154000014       5.96046448E-07
  0.155000001       1.37090683E-06
  0.156000003       2.20537186E-06
  0.157000005       2.92062759E-06
  0.158000007       3.75509262E-06
  0.159000009       4.58955765E-06
  0.160000011       5.42402267E-06
  0.161000013       6.19888306E-06
  0.162000000       6.91413879E-06
  0.163000003       7.68899918E-06
  0.164000005      -5.96046448E-07
  0.165000007       1.78813934E-07
  0.166000009       1.01327896E-06
  0.167000011       1.78813934E-06
  0.168000013       2.56299973E-06
  0.169000015       3.33786011E-06
  0.170000002       4.05311584E-06
  0.171000004       4.76837158E-06
  0.172000006       5.48362732E-06
  0.173000008       6.19888306E-06
  0.174000010       6.91413879E-06
  0.175000012      -8.34465027E-07
  0.176000014      -1.19209290E-07
  0.177000001       5.96046448E-07
  0.178000003       1.31130219E-06
  0.179000005       2.08616257E-06
  0.180000007       2.80141830E-06
  0.181000009       3.51667404E-06
  0.182000011       4.23192978E-06
  0.183000013       4.94718552E-06
  0.184000015       5.66244125E-06
  0.185000002       6.25848770E-06
  0.186000004       6.97374344E-06
  0.187000006      -3.57627869E-07
  0.188000008       2.98023224E-07
  0.189000010       1.01327896E-06
  0.190000013       1.72853470E-06
  0.191000015       2.44379044E-06
  0.192000002       3.03983688E-06
  0.193000004       3.69548798E-06
  0.194000006       4.35113907E-06
  0.195000008       5.06639481E-06
  0.196000010       5.72204590E-06
  0.197000012       6.37769699E-06
  0.198000014      -4.76837158E-07
  0.199000016       1.78813934E-07
  0.200000003       7.15255737E-07
  0.201000005       1.43051147E-06
  0.202000007       2.08616257E-06
  0.203000009       2.74181366E-06
  0.204000011       3.27825546E-06
  0.205000013       3.93390656E-06
  0.206000015       4.52995300E-06
  0.207000017       5.18560410E-06
  0.208000004       5.72204590E-06
  0.209000006      -8.34465027E-07
  0.210000008      -1.19209290E-07
  0.211000010       4.76837158E-07
  0.212000012       1.13248825E-06
  0.213000014       1.72853470E-06
  0.214000016       2.38418579E-06
  0.215000004       2.92062759E-06
  0.216000006       3.51667404E-06
  0.217000008       4.11272049E-06
  0.218000010       4.70876694E-06
  0.219000012       5.24520874E-06
  0.220000014       5.78165054E-06
  0.221000016      -3.57627869E-07
  0.222000018       2.98023224E-07
  0.223000005       7.74860382E-07
  0.224000007       1.37090683E-06
  0.225000009       1.96695328E-06
  0.226000011       2.56299973E-06
  0.227000013       3.15904617E-06
  0.228000015       3.69548798E-06
  0.229000017       4.29153442E-06
  0.230000004       4.76837158E-06
  0.231000006       5.36441803E-06
  0.232000008      -4.76837158E-07
  0.233000010       5.96046448E-08
  0.234000012       6.55651093E-07
  0.235000014       1.13248825E-06
  0.236000016       1.72853470E-06
  0.237000018       2.26497650E-06
  0.238000005       2.74181366E-06
  0.239000008       3.27825546E-06
  0.240000010       3.87430191E-06
  0.241000012       4.41074371E-06
  0.242000014       4.94718552E-06
  0.243000016      -7.15255737E-07
  0.244000018      -1.19209290E-07
  0.245000005       3.57627869E-07
  0.246000007       8.94069672E-07
  0.247000009       1.43051147E-06
  0.248000011       1.96695328E-06
  0.249000013       2.50339508E-06
  0.250000000       2.98023224E-06
  0.251000017       3.45706940E-06
  0.252000004       3.87430191E-06
  0.253000021       1.54972076E-06
  0.254000008       7.86781311E-06
  0.255000025       2.56299973E-06
  0.256000012       8.82148743E-06
  0.256999999       3.45706940E-06
  0.258000016       9.83476639E-06
  0.259000003       4.47034836E-06
  0.260000020      -7.15255737E-07
  0.261000007       5.48362732E-06
  0.262000024       3.57627869E-07
  0.263000011       6.43730164E-06
  0.263999999       1.25169754E-06
  0.265000015       7.45058060E-06
  0.266000003       2.26497650E-06
  0.267000020       8.34465027E-06
  0.268000007       3.21865082E-06
  0.269000024       9.29832458E-06
  0.270000011       4.17232513E-06
  0.271000028      -7.15255737E-07
  0.272000015       5.12599945E-06
  0.273000002       1.19209290E-07
  0.274000019       6.07967377E-06
  0.275000006       1.07288361E-06
  0.276000023       7.03334808E-06
  0.277000010       2.02655792E-06
  0.278000027       7.92741776E-06
  0.279000014       2.98023224E-06
  0.280000001       8.70227814E-06
  0.281000018       3.93390656E-06
  0.282000005       9.53674316E-06
  0.283000022       4.76837158E-06
  0.284000009      -1.19209290E-07
  0.285000026       5.66244125E-06
  0.286000013       8.34465027E-07
  0.287000000       6.43730164E-06
  0.288000017       1.78813934E-06
  0.289000005       7.33137131E-06
  0.290000021       2.68220901E-06
  0.291000009       8.16583633E-06
  0.292000026       3.57627869E-06
  0.293000013       9.05990601E-06
  0.294000000       4.35113907E-06
  0.295000017      -2.38418579E-07
  0.296000004       5.24520874E-06
  0.297000021       7.15255737E-07
  0.298000008       6.07967377E-06
  0.299000025       1.60932541E-06
  0.300000012       6.97374344E-06
  0.301000029       2.50339508E-06
  0.302000016       7.80820847E-06
  0.303000003       3.21865082E-06
  0.304000020       8.64267349E-06
  0.305000007       4.11272049E-06
  0.306000024      -2.38418579E-07
  0.307000011       4.94718552E-06
  0.308000028       5.96046448E-07
  0.309000015       5.78165054E-06
  0.310000002       1.37090683E-06
  0.311000019       6.61611557E-06
  0.312000006       2.20537186E-06
  0.313000023       7.33137131E-06
  0.314000010       2.92062759E-06
  0.315000027       8.16583633E-06
  0.316000015       3.75509262E-06
  0.317000002      -5.96046448E-07
  0.318000019       4.58955765E-06
  0.319000006       2.98023224E-07
  0.320000023       5.42402267E-06
  0.321000010       1.13248825E-06
  0.322000027       6.19888306E-06
  0.323000014       1.96695328E-06
  0.324000001       6.91413879E-06
  0.325000018       2.74181366E-06
  0.326000005       7.68899918E-06
  0.327000022       3.57627869E-06
  0.328000009      -5.96046448E-07
  0.329000026       4.35113907E-06
  0.330000013       1.78813934E-07
  0.331000030       5.12599945E-06
  0.332000017       1.01327896E-06
  0.333000004       5.84125519E-06
  0.334000021       1.78813934E-06
  0.335000008       6.55651093E-06
  0.336000025       2.56299973E-06
  0.337000012       7.33137131E-06
  0.338000029       3.33786011E-06
  0.339000016      -7.15255737E-07
  0.340000004       4.05311584E-06
  0.341000021       5.96046448E-08
  0.342000008       4.76837158E-06
  0.343000025       8.94069672E-07
  0.344000012       5.48362732E-06
  0.345000029       1.54972076E-06
  0.346000016       6.19888306E-06
  0.347000003       2.20537186E-06
  0.348000020       6.91413879E-06
  0.349000007       2.98023224E-06
  0.350000024      -8.34465027E-07
  0.351000011       3.75509262E-06
  0.352000028      -1.19209290E-07
  0.353000015       4.47034836E-06
  0.354000002       5.96046448E-07
  0.355000019       5.18560410E-06
  0.356000006       1.31130219E-06
  0.357000023       5.90085983E-06
  0.358000010       2.08616257E-06
  0.359000027       6.61611557E-06
  0.360000014       2.80141830E-06
  0.361000031      -9.53674316E-07
  0.362000018       3.51667404E-06
  0.363000005      -2.38418579E-07
  0.364000022       4.23192978E-06
  0.365000010       4.76837158E-07
  0.366000026       4.94718552E-06
  0.367000014       1.19209290E-06
  0.368000031       5.66244125E-06
  0.369000018       1.96695328E-06
  0.370000005       6.25848770E-06
  0.371000022       2.62260437E-06
  0.372000009       6.97374344E-06
  0.373000026       3.33786011E-06
  0.374000013      -3.57627869E-07
  0.375000030       4.05311584E-06
  0.376000017       2.98023224E-07
  0.377000004       4.58955765E-06
  0.378000021       1.01327896E-06
  0.379000008       5.24520874E-06
  0.380000025       1.72853470E-06
  0.381000012       5.96046448E-06
  0.382000029       2.44379044E-06
  0.383000016       6.61611557E-06
  0.384000003       3.03983688E-06
  0.385000020      -4.76837158E-07
  0.386000007       3.69548798E-06
  0.387000024       2.38418579E-07
  0.388000011       4.35113907E-06
  0.389000028       8.94069672E-07
  0.390000015       5.06639481E-06
  0.391000032       1.60932541E-06
  0.392000020       5.72204590E-06
  0.393000007       2.20537186E-06
  0.394000024       6.37769699E-06
  0.395000011       2.86102295E-06
  0.396000028      -4.76837158E-07
  0.397000015       3.51667404E-06
  0.398000032       1.78813934E-07
  0.399000019       4.17232513E-06
  0.400000006       7.15255737E-07
  0.401000023       4.82797623E-06
  0.402000010       1.43051147E-06
  0.403000027       5.48362732E-06
  0.404000014       2.08616257E-06
  0.405000031       6.07967377E-06
  0.406000018       2.74181366E-06
  0.407000005      -7.15255737E-07
  0.408000022       3.27825546E-06
  0.409000009      -1.19209290E-07
  0.410000026       3.93390656E-06
  0.411000013       5.96046448E-07
  0.412000030       4.52995300E-06
  0.413000017       1.25169754E-06
  0.414000034       5.18560410E-06
  0.415000021       1.84774399E-06
  0.416000009       5.72204590E-06
  0.417000026       2.50339508E-06
  0.418000013      -8.34465027E-07
  0.419000030       3.15904617E-06
  0.420000017      -1.19209290E-07
  0.421000034       3.75509262E-06
  0.422000021       4.76837158E-07
  0.423000008       4.29153442E-06
  0.424000025       1.13248825E-06
  0.425000012       4.88758087E-06
  0.426000029       1.72853470E-06
  0.427000016       5.54323196E-06
  0.428000033       2.38418579E-06
  0.429000020      -8.34465027E-07
  0.430000007       2.92062759E-06
  0.431000024      -2.38418579E-07
  0.432000011       3.51667404E-06
  0.433000028       4.17232513E-07
  0.434000015       4.11272049E-06
  0.435000032       1.01327896E-06
  0.436000019       4.70876694E-06
  0.437000006       1.54972076E-06
  0.438000023       5.24520874E-06
  0.439000010       2.08616257E-06
  0.440000027       5.78165054E-06
  0.441000015       2.68220901E-06
  0.442000031      -3.57627869E-07
  0.443000019       3.27825546E-06
  0.444000036       2.98023224E-07
  0.445000023       3.87430191E-06
  0.446000010       7.74860382E-07
  0.447000027       4.47034836E-06
  0.448000014       1.37090683E-06
  0.449000031       5.06639481E-06
  0.450000018       1.96695328E-06
  0.451000035       5.54323196E-06
  0.452000022       2.56299973E-06
  0.453000009      -4.76837158E-07
  0.454000026       3.15904617E-06
  0.455000013       1.19209290E-07
  0.456000030       3.69548798E-06
  0.457000017       7.15255737E-07
  0.458000034       4.29153442E-06
  0.459000021       1.31130219E-06
  0.460000008       4.76837158E-06
  0.461000025       1.84774399E-06
  0.462000012       5.36441803E-06
  0.463000029       2.44379044E-06
  0.464000016      -4.76837158E-07
  0.465000033       3.03983688E-06
  0.466000021       5.96046448E-08
  0.467000008       3.51667404E-06
  0.468000025       6.55651093E-07
  0.469000012       3.99351120E-06
  0.470000029       1.13248825E-06
  0.471000016       4.52995300E-06
  0.472000033       1.72853470E-06
  0.473000020       5.12599945E-06
  0.474000037       2.26497650E-06
  0.475000024      -5.96046448E-07
  0.476000011       2.74181366E-06
  0.477000028      -1.19209290E-07
  0.478000015       3.27825546E-06
  0.479000032       4.76837158E-07
  0.480000019       3.87430191E-06
  0.481000036       1.07288361E-06
  0.482000023       4.41074371E-06
  0.483000010       1.54972076E-06
  0.484000027       4.94718552E-06
  0.485000014       2.08616257E-06
  0.486000031      -7.15255737E-07
  0.487000018       2.62260437E-06
  0.488000035      -1.19209290E-07
  0.489000022       3.15904617E-06
  0.490000010       3.57627869E-07
  0.491000026       3.69548798E-06
  0.492000014       8.94069672E-07
  0.493000031       4.23192978E-06
  0.494000018       1.43051147E-06
  0.495000035       4.76837158E-06
  0.496000022       1.96695328E-06
  0.497000009      -8.34465027E-07
  0.498000026       2.50339508E-06
  0.499000013      -2.38418579E-07
  0.500000000       2.98023224E-06
  0.501000047       6.19888306E-06
  0.502000034       3.45706940E-06
  0.503000021       6.61611557E-06
  0.504000008       3.87430191E-06
  0.504999995       7.09295273E-06
  0.506000042       1.54972076E-06
  0.507000029       1.06096268E-05
  0.508000016       7.86781311E-06
  0.509000003       5.12599945E-06
  0.510000050       2.56299973E-06
  0.511000037      -1.19209290E-07
  0.512000024       8.82148743E-06
  0.513000011       6.13927841E-06
  0.513999999       3.45706940E-06
  0.515000045       9.53674316E-07
  0.516000032       9.83476639E-06
  0.517000020       7.15255737E-06
  0.518000007       4.47034836E-06
  0.519000053       1.96695328E-06
  0.520000041      -7.15255737E-07
  0.521000028       8.10623169E-06
  0.522000015       5.48362732E-06
  0.523000002       2.86102295E-06
  0.524000049       3.57627869E-07
  0.525000036       9.05990601E-06
  0.526000023       6.43730164E-06
  0.527000010       3.87430191E-06
  0.527999997       1.25169754E-06
  0.529000044       1.00135803E-05
  0.530000031       7.45058060E-06
  0.531000018       4.82797623E-06
  0.532000005       2.26497650E-06
  0.533000052      -2.38418579E-07
  0.534000039       8.34465027E-06
  0.535000026       5.78165054E-06
  0.536000013       3.21865082E-06
  0.537000000       6.55651093E-07
  0.538000047       9.29832458E-06
  0.539000034       6.73532486E-06
  0.540000021       4.17232513E-06
  0.541000009       1.66893005E-06
  0.542000055      -7.15255737E-07
  0.543000042       7.68899918E-06
  0.544000030       5.12599945E-06
  0.545000017       2.62260437E-06
  0.546000004       1.19209290E-07
  0.547000051       8.58306885E-06
  0.548000038       6.07967377E-06
  0.549000025       3.57627869E-06
  0.550000012       1.07288361E-06
  0.550999999       9.41753387E-06
  0.552000046       7.03334808E-06
  0.553000033       4.52995300E-06
  0.554000020       2.02655792E-06
  0.555000007      -4.76837158E-07
  0.556000054       7.92741776E-06
  0.557000041       5.48362732E-06
  0.558000028       2.98023224E-06
  0.559000015       5.36441803E-07
  0.560000002       8.70227814E-06
  0.561000049       6.37769699E-06
  0.562000036       3.93390656E-06
  0.563000023       1.37090683E-06
  0.564000010       9.53674316E-06
  0.564999998       7.09295273E-06
  0.566000044       4.76837158E-06
  0.567000031       2.32458115E-06
  0.568000019      -1.19209290E-07
  0.569000006       7.98702240E-06
  0.570000052       5.66244125E-06
  0.571000040       3.21865082E-06
  0.572000027       8.34465027E-07
  0.573000014       8.82148743E-06
  0.574000001       6.43730164E-06
  0.575000048       4.17232513E-06
  0.576000035       1.78813934E-06
  0.577000022      -5.96046448E-07
  0.578000009       7.33137131E-06
  0.579000056       5.06639481E-06
  0.580000043       2.68220901E-06
  0.581000030       2.98023224E-07
  0.582000017       8.16583633E-06
  0.583000004       5.84125519E-06
  0.584000051       3.57627869E-06
  0.585000038       1.25169754E-06
  0.586000025       9.05990601E-06
  0.587000012       6.67572021E-06
  0.588000000       4.35113907E-06
  0.589000046       2.14576721E-06
  0.590000033      -2.38418579E-07
  0.591000021       7.56978989E-06
  0.592000008       5.24520874E-06
  0.593000054       3.03983688E-06
  0.594000041       7.15255737E-07
  0.595000029       8.40425491E-06
  0.596000016       6.07967377E-06
  0.597000003       3.81469727E-06
  0.598000050       1.60932541E-06
  0.599000037      -7.15255737E-07
  0.600000024       6.97374344E-06
  0.601000011       4.64916229E-06
  0.602000058       2.50339508E-06
  0.603000045       1.78813934E-07
  0.604000032       7.80820847E-06
  0.605000019       5.54323196E-06
  0.606000006       3.21865082E-06
  0.607000053       1.07288361E-06
  0.608000040       8.64267349E-06
  0.609000027       6.37769699E-06
  0.610000014       4.11272049E-06
  0.611000001       1.84774399E-06
  0.612000048      -2.38418579E-07
  0.613000035       7.21216202E-06
  0.614000022       4.94718552E-06
  0.615000010       2.74181366E-06
  0.616000056       5.96046448E-07
  0.617000043       8.04662704E-06
  0.618000031       5.78165054E-06
  0.619000018       3.57627869E-06
  0.620000005       1.37090683E-06
  0.621000051      -7.15255737E-07
  0.622000039       6.61611557E-06
  0.623000026       4.41074371E-06
  0.624000013       2.20537186E-06
  0.625000000       0.00000000    
  0.626000047       7.33137131E-06
  0.627000034       5.12599945E-06
  0.628000021       2.92062759E-06
  0.629000008       7.74860382E-07
  0.630000055       8.16583633E-06
  0.631000042       5.96046448E-06
  0.632000029       3.75509262E-06
  0.633000016       1.60932541E-06
  0.634000003      -5.96046448E-07
  0.635000050       6.73532486E-06
  0.636000037       4.58955765E-06
  0.637000024       2.44379044E-06
  0.638000011       2.98023224E-07
  0.639000058       7.56978989E-06
  0.640000045       5.42402267E-06
  0.641000032       3.27825546E-06
  0.642000020       1.13248825E-06
  0.643000007       8.16583633E-06
  0.644000053       6.19888306E-06
  0.645000041       4.05311584E-06
  0.646000028       1.96695328E-06
  0.647000015      -2.38418579E-07
  0.648000002       6.91413879E-06
  0.649000049       4.88758087E-06
  0.650000036       2.74181366E-06
  0.651000023       6.55651093E-07
  0.652000010       7.68899918E-06
  0.653000057       5.66244125E-06
  0.654000044       3.57627869E-06
  0.655000031       1.43051147E-06
  0.656000018      -5.96046448E-07
  0.657000005       6.37769699E-06
  0.658000052       4.35113907E-06
  0.659000039       2.26497650E-06
  0.660000026       1.78813934E-07
  0.661000013       7.15255737E-06
  0.662000060       5.12599945E-06
  0.663000047       3.03983688E-06
  0.664000034       1.01327896E-06
  0.665000021       7.86781311E-06
  0.666000009       5.84125519E-06
  0.667000055       3.81469727E-06
  0.668000042       1.78813934E-06
  0.669000030      -2.38418579E-07
  0.670000017       6.55651093E-06
  0.671000004       4.52995300E-06
  0.672000051       2.56299973E-06
  0.673000038       5.36441803E-07
  0.674000025       7.33137131E-06
  0.675000012       5.30481339E-06
  0.676000059       3.33786011E-06
  0.677000046       1.31130219E-06
  0.678000033      -7.15255737E-07
  0.679000020       6.07967377E-06
  0.680000007       4.05311584E-06
  0.681000054       2.08616257E-06
  0.682000041       5.96046448E-08
  0.683000028       6.79492950E-06
  0.684000015       4.76837158E-06
  0.685000062       2.86102295E-06
  0.686000049       8.94069672E-07
  0.687000036       7.56978989E-06
  0.688000023       5.48362732E-06
  0.689000010       3.45706940E-06
  0.690000057       1.54972076E-06
  0.691000044      -4.76837158E-07
  0.692000031       6.19888306E-06
  0.693000019       4.23192978E-06
  0.694000006       2.20537186E-06
  0.695000052       3.57627869E-07
  0.696000040       6.91413879E-06
  0.697000027       4.94718552E-06
  0.698000014       2.98023224E-06
  0.699000061       1.13248825E-06
  0.700000048      -8.34465027E-07
  0.701000035       5.72204590E-06
  0.702000022       3.75509262E-06
  0.703000009       1.78813934E-06
  0.704000056      -1.19209290E-07
  0.705000043       6.43730164E-06
  0.706000030       4.47034836E-06
  0.707000017       2.50339508E-06
  0.708000004       5.96046448E-07
  0.709000051       7.15255737E-06
  0.710000038       5.18560410E-06
  0.711000025       3.27825546E-06
  0.712000012       1.31130219E-06
  0.713000059      -4.76837158E-07
  0.714000046       5.90085983E-06
  0.715000033       3.99351120E-06
  0.716000021       2.08616257E-06
  0.717000008       1.78813934E-07
  0.718000054       6.61611557E-06
  0.719000041       4.70876694E-06
  0.720000029       2.80141830E-06
  0.721000016       8.94069672E-07
  0.722000062      -9.53674316E-07
  0.723000050       5.42402267E-06
  0.724000037       3.51667404E-06
  0.725000024       1.66893005E-06
  0.726000011      -2.38418579E-07
  0.727000058       6.13927841E-06
  0.728000045       4.23192978E-06
  0.729000032       2.38418579E-06
  0.730000019       4.76837158E-07
  0.731000006       6.79492950E-06
  0.732000053       4.94718552E-06
  0.733000040       3.09944153E-06
  0.734000027       1.19209290E-06
  0.735000014      -5.96046448E-07
  0.736000061       5.66244125E-06
  0.737000048       3.81469727E-06
  0.738000035       1.96695328E-06
  0.739000022       5.96046448E-08
  0.740000010       6.25848770E-06
  0.741000056       4.52995300E-06
  0.742000043       2.62260437E-06
  0.743000031       7.74860382E-07
  0.744000018       6.97374344E-06
  0.745000064       5.18560410E-06
  0.746000051       3.33786011E-06
  0.747000039       1.49011612E-06
  0.748000026      -3.57627869E-07
  0.749000013       5.78165054E-06
  0.750000060       4.05311584E-06
  0.751000047       2.14576721E-06
  0.752000034       2.98023224E-07
  0.753000021       6.43730164E-06
  0.754000008       4.58955765E-06
  0.755000055       2.86102295E-06
  0.756000042       1.01327896E-06
  0.757000029      -8.34465027E-07
  0.758000016       5.24520874E-06
  0.759000063       3.51667404E-06
  0.760000050       1.72853470E-06
  0.761000037      -1.19209290E-07
  0.762000024       5.96046448E-06
  0.763000011       4.11272049E-06
  0.764000058       2.44379044E-06
  0.765000045       5.96046448E-07
  0.766000032       6.61611557E-06
  0.767000020       4.82797623E-06
  0.768000007       3.03983688E-06
  0.769000053       1.31130219E-06
  0.770000041      -4.76837158E-07
  0.771000028       5.48362732E-06
  0.772000015       3.69548798E-06
  0.773000062       2.02655792E-06
  0.774000049       2.38418579E-07
  0.775000036       6.13927841E-06
  0.776000023       4.35113907E-06
  0.777000010       2.62260437E-06
  0.778000057       8.94069672E-07
  0.779000044      -8.34465027E-07
  0.780000031       5.06639481E-06
  0.781000018       3.27825546E-06
  0.782000065       1.60932541E-06
  0.783000052      -1.19209290E-07
  0.784000039       5.72204590E-06
  0.785000026       3.93390656E-06
  0.786000013       2.20537186E-06
  0.787000060       5.36441803E-07
  0.788000047       6.37769699E-06
  0.789000034       4.58955765E-06
  0.790000021       2.86102295E-06
  0.791000009       1.13248825E-06
  0.792000055      -4.76837158E-07
  0.793000042       5.24520874E-06
  0.794000030       3.51667404E-06
  0.795000017       1.78813934E-06
  0.796000063       1.78813934E-07
  0.797000051       5.90085983E-06
  0.798000038       4.17232513E-06
  0.799000025       2.44379044E-06
  0.800000012       7.15255737E-07
  0.801000059       6.49690628E-06
  0.802000046       4.82797623E-06
  0.803000033       3.09944153E-06
  0.804000020       1.43051147E-06
  0.805000067      -2.38418579E-07
  0.806000054       5.48362732E-06
  0.807000041       3.75509262E-06
  0.808000028       2.08616257E-06
  0.809000015       3.57627869E-07
  0.810000062       6.07967377E-06
  0.811000049       4.41074371E-06
  0.812000036       2.74181366E-06
  0.813000023       9.53674316E-07
  0.814000010      -7.15255737E-07
  0.815000057       4.94718552E-06
  0.816000044       3.27825546E-06
  0.817000031       1.60932541E-06
  0.818000019      -1.19209290E-07
  0.819000065       5.60283661E-06
  0.820000052       3.93390656E-06
  0.821000040       2.26497650E-06
  0.822000027       5.96046448E-07
  0.823000014       6.13927841E-06
  0.824000061       4.52995300E-06
  0.825000048       2.86102295E-06
  0.826000035       1.25169754E-06
  0.827000022      -4.76837158E-07
  0.828000069       5.18560410E-06
  0.829000056       3.51667404E-06
  0.830000043       1.84774399E-06
  0.831000030       2.38418579E-07
  0.832000017       5.72204590E-06
  0.833000064       4.17232513E-06
  0.834000051       2.50339508E-06
  0.835000038       8.34465027E-07
  0.836000025      -8.34465027E-07
  0.837000012       4.70876694E-06
  0.838000059       3.15904617E-06
  0.839000046       1.49011612E-06
  0.840000033      -1.19209290E-07
  0.841000021       5.30481339E-06
  0.842000067       3.75509262E-06
  0.843000054       2.14576721E-06
  0.844000041       4.76837158E-07
  0.845000029       5.90085983E-06
  0.846000016       4.29153442E-06
  0.847000062       2.74181366E-06
  0.848000050       1.13248825E-06
  0.849000037      -4.76837158E-07
  0.850000024       4.88758087E-06
  0.851000011       3.27825546E-06
  0.852000058       1.72853470E-06
  0.853000045       1.19209290E-07
  0.854000032       5.54323196E-06
  0.855000019       3.87430191E-06
  0.856000066       2.38418579E-06
  0.857000053       7.74860382E-07
  0.858000040       6.13927841E-06
  0.859000027       4.52995300E-06
  0.860000014       2.92062759E-06
  0.861000061       1.37090683E-06
  0.862000048      -2.38418579E-07
  0.863000035       5.12599945E-06
  0.864000022       3.51667404E-06
  0.865000069       2.02655792E-06
  0.866000056       4.17232513E-07
  0.867000043       5.72204590E-06
  0.868000031       4.11272049E-06
  0.869000018       2.56299973E-06
  0.870000064       1.01327896E-06
  0.871000051       6.31809235E-06
  0.872000039       4.70876694E-06
  0.873000026       3.15904617E-06
  0.874000013       8.40425491E-06
  0.875000060       6.85453415E-06
  0.876000047       1.20401382E-05
  0.877000034       1.04904175E-05
  0.878000021       1.56760216E-05
  0.879000068       1.41859055E-05
  0.880000055       1.93715096E-05
  0.881000042       2.45571136E-05
  0.882000029       2.97427177E-05
  0.883000016       3.49283218E-05
  0.884000063       4.01139259E-05
  0.885000050       5.19752502E-05
  0.886000037       5.71012497E-05
  0.887000024       6.89625740E-05
  0.888000071       8.74996185E-05
  0.889000058       1.05977058E-04
  0.890000045       1.24454498E-04
  0.891000032       1.49488449E-04
  0.892000020       1.74522400E-04
  0.893000066       2.12907791E-04
  0.894000053       2.51173973E-04
  0.895000041       2.95937061E-04
  0.896000028       3.47316265E-04
  0.897000015       4.05192375E-04
  0.898000062       4.76300716E-04
  0.899000049       5.60462475E-04
  0.900000036       6.51001930E-04
  0.901000023       7.61210918E-04
  0.902000070       8.84473324E-04
  0.903000057       1.02722645E-03
  0.904000044       1.18279457E-03
  0.905000031       1.36440992E-03
  0.906000018       1.57189369E-03
  0.907000065       1.79874897E-03
  0.908000052       2.06434727E-03
  0.909000039       2.35563517E-03
  0.910000026       2.68560648E-03
  0.911000073       3.05414200E-03
  0.912000060       3.46761942E-03
  0.913000047       3.92580032E-03
  0.914000034       4.43518162E-03
  0.915000021       5.00208139E-03
  0.916000068       5.63287735E-03
  0.917000055       6.32727146E-03
  0.918000042       7.09152222E-03
  0.919000030       7.93838501E-03
  0.920000017       8.86124372E-03
  0.921000063       9.87923145E-03
  0.922000051       1.09918714E-02
  0.923000038       1.22119188E-02
  0.924000025       1.35389566E-02
  0.925000072       1.49856210E-02
  0.926000059       1.65578723E-02
  0.927000046       1.82681680E-02
  0.928000033       2.01160312E-02
  0.929000020       2.21139789E-02
  0.930000067       2.42742896E-02
  0.931000054       2.66038179E-02
  0.932000041       2.91116834E-02
  0.933000028       3.18068862E-02
  0.934000015       3.47005725E-02
  0.935000062       3.78048420E-02
  0.936000049       4.11189198E-02
  0.937000036       4.46613431E-02
  0.938000023       4.84439731E-02
  0.939000070       5.24725318E-02
  0.940000057       5.67587614E-02
  0.941000044       6.13146424E-02
  0.942000031       6.61455393E-02
  0.943000019       7.12661147E-02
  0.944000065       7.66859651E-02
  0.945000052       8.24124813E-02
  0.946000040       8.84551406E-02
  0.947000027       9.48299170E-02
  0.948000073      0.101543605    
  0.949000061      0.108601093    
  0.950000048      0.116014957    
  0.951000035      0.123793185    
  0.952000022      0.131945670    
  0.953000069      0.140480042    
  0.954000056      0.149404347    
  0.955000043      0.158724964    
  0.956000030      0.168449044    
  0.957000017      0.178586245    
  0.958000064      0.189142823    
  0.959000051      0.200125456    
  0.960000038      0.211532235    
  0.961000025      0.223374367    
  0.962000072      0.235651016    
  0.963000059      0.248377383    
  0.964000046      0.261541724    
  0.965000033      0.275160551    
  0.966000021      0.289226353    
  0.967000067      0.303743839    
  0.968000054      0.318717718    
  0.969000041      0.334140480    
  0.970000029      0.350022972    
  0.971000075      0.366357923    
  0.972000062      0.383137405    
  0.973000050      0.400372446    
  0.974000037      0.418050528    
  0.975000024      0.436179340    
  0.976000071      0.454742253    
  0.977000058      0.473749101    
  0.978000045      0.493178725    
  0.979000032      0.513039112    
  0.980000019      0.533314943    
  0.981000066      0.554014385    
  0.982000053      0.575109124    
  0.983000040      0.596611738    
  0.984000027      0.618498087    
  0.985000074      0.640775800    
  0.986000061      0.663417399    
  0.987000048      0.686433733    
  0.988000035      0.709793568    
  0.989000022      0.733507037    
  0.990000069      0.757546604    
  0.991000056      0.781917930    
  0.992000043      0.806589723    
  0.993000031      0.831571400    
  0.994000018      0.856828928    
  0.995000064      0.882375538    
  0.996000051      0.908170342    
  0.997000039      0.934229553    
  0.998000026      0.960510373    
  0.999000072      0.987032473    
   1.00000000       1.01374507    
   1.00100005       1.04067409    
   1.00200009       1.06777024    
   1.00300002       1.09504712    
   1.00400007       1.12246728    
   1.00500000       1.15004325    
   1.00600004       1.17773116    
   1.00700009       1.20555186    
   1.00800002       1.23344946    
   1.00900006       1.26145387    
   1.00999999       1.28950799    
   1.01100004       1.31764197    
   1.01200008       1.34579992    
   1.01300001       1.37400639    
   1.01400006       1.40220785    
   1.01500010       1.43043423    
   1.01600003       1.45862627    
   1.01700008       1.48682117    
   1.01800001       1.51495123    
   1.01900005       1.54305494    
   1.02000010       1.57107425    
   1.02100003       1.59904170    
   1.02200007       1.62689614    
   1.02300000       1.65467572    
   1.02400005       1.68231916    
   1.02500010       1.70986700    
   1.02600002       1.73724627    
   1.02700007       1.76451325    
   1.02800000       1.79159164    
   1.02900004       1.81853485    
   1.03000009       1.84526706    
   1.03100002       1.87184453    
   1.03200006       1.89819336    
   1.03299999       1.92436624    
   1.03400004       1.95028949    
   1.03500009       1.97602558    
   1.03600001       2.00149131    
   1.03700006       2.02674699    
   1.03800011       2.05172443    
   1.03900003       2.07647228    
   1.04000008       2.10092735    
   1.04100001       2.12514329    
   1.04200006       2.14904928    
   1.04300010       2.17270374    
   1.04400003       2.19602752    
   1.04500008       2.21910143    
   1.04600000       2.24182343    
   1.04700005       2.26428556    
   1.04800010       2.28639793    
   1.04900002       2.30822945    
   1.05000007       2.32969952    
   1.05100000       2.35088301    
   1.05200005       2.37169981    
   1.05300009       2.39223099    
   1.05400002       2.41237688    
   1.05500007       2.43223572    
   1.05599999       2.45169640    
   1.05700004       2.47087145    
   1.05800009       2.48964977    
   1.05900002       2.50813389    
   1.06000006       2.52621222    
   1.06100011       2.54399776    
   1.06200004       2.56137943    
   1.06300008       2.57845926    
   1.06400001       2.59513521    
   1.06500006       2.61150408    
   1.06600010       2.62747717    
   1.06700003       2.64314032    
   1.06800008       2.65840125    
   1.06900001       2.67336440    
   1.07000005       2.68792105    
   1.07100010       2.70217323    
   1.07200003       2.71602535    
   1.07300007       2.72958255    
   1.07400000       2.74273157    
   1.07500005       2.75558853    
   1.07600009       2.76804924    
   1.07700002       2.78022146    
   1.07800007       2.79199076    
   1.07900000       2.80347538    
   1.08000004       2.81456780    
   1.08100009       2.82537603    
   1.08200002       2.83579731    
   1.08300006       2.84594584    
   1.08400011       2.85570645    
   1.08500004       2.86519337    
   1.08600008       2.87429905    
   1.08700001       2.88314676    
   1.08800006       2.89162731    
   1.08900011       2.89983010    
   1.09000003       2.90768123    
   1.09100008       2.91527224    
   1.09200001       2.92249775    
   1.09300005       2.92948008    
   1.09400010       2.93610668    
   1.09500003       2.94250369    
   1.09600008       2.94854069    
   1.09700000       2.95434952    
   1.09800005       2.95982194    
   1.09900010       2.96506763    
   1.10000002       2.96996880    
   1.10100007       2.97466421    
   1.10200000       2.97901678    
   1.10300004       2.98316669    
   1.10400009       2.98700666    
   1.10500002       2.99063110    
   1.10600007       2.99395514    
   1.10699999       2.99707270    
   1.10800004       2.99988842    
   1.10900009       3.00251436    
   1.11000001       3.00485516    
   1.11100006       3.00700378    
   1.11200011       3.00887346    
   1.11300004       3.01056886    
   1.11400008       3.01197433    
   1.11500001       3.01322055    
   1.11600006       3.01418138    
   1.11700010       3.01500177    
   1.11800003       3.01554537    
   1.11900008       3.01593876    
   1.12000000       3.01607609    
   1.12100005       3.01606393    
   1.12200010       3.01581836    
   1.12300003       3.01542449    
   1.12400007       3.01478601    
   1.12500000       3.01402450    
   1.12600005       3.01301932    
   1.12700009       3.01190448    
   1.12800002       3.01054907    
   1.12900007       3.00908494    
   1.13000000       3.00739169    
   1.13100004       3.00559545    
   1.13200009       3.00359178    
   1.13300002       3.00148702    
   1.13400006       2.99915457    
   1.13500011       2.99674177    
   1.13600004       2.99412370    
   1.13700008       2.99142599    
   1.13800001       2.98852396    
   1.13900006       2.98555136    
   1.14000010       2.98237920    
   1.14100003       2.97913742    
   1.14200008       2.97571325    
   1.14300001       2.97223282    
   1.14400005       2.96855187    
   1.14500010       2.96483111    
   1.14600003       2.96092463    
   1.14700007       2.95695686    
   1.14800000       2.95284295    
   1.14900005       2.94867420    
   1.15000010       2.94432592    
   1.15100002       2.93994904    
   1.15200007       2.93542433    
   1.15300000       2.93085122    
   1.15400004       2.92612028    
   1.15500009       2.92137671    
   1.15600002       2.91647673    
   1.15700006       2.91154385    
   1.15800011       2.90647507    
   1.15900004       2.90137458    
   1.16000009       2.89615870    
   1.16100001       2.89091158    
   1.16200006       2.88552952    
   1.16300011       2.88013649    
   1.16400003       2.87462926    
   1.16500008       2.86911130    
   1.16600001       2.86345983    
   1.16700006       2.85781479    
   1.16800010       2.85204220    
   1.16900003       2.84627724    
   1.17000008       2.84038568    
   1.17100000       2.83451176    
   1.17200005       2.82851744    
   1.17300010       2.82254195    
   1.17400002       2.81645060    
   1.17500007       2.81036973    
   1.17600000       2.80419445    
   1.17700005       2.79803634    
   1.17800009       2.79177380    
   1.17900002       2.78552246    
   1.18000007       2.77918005    
   1.18100011       2.77286887    
   1.18200004       2.76645184    
   1.18300009       2.76007128    
   1.18400002       2.75359631    
   1.18500006       2.74714708    
   1.18600011       2.74060822    
   1.18700004       2.73410201    
   1.18800008       2.72752285    
   1.18900001       2.72097683    
   1.19000006       2.71434164    
   1.19100010       2.70773745    
   1.19200003       2.70106626    
   1.19300008       2.69443870    
   1.19400001       2.68772650    
   1.19500005       2.68105721    
   1.19600010       2.67431688    
   1.19700003       2.66762209    
   1.19800007       2.66084671    
   1.19900000       2.65412855    
   1.20000005       2.64733577    
   1.20100009       2.64059687    
   1.20200002       2.63378572    
   1.20300007       2.62702942    
   1.20400012       2.62020302    
   1.20500004       2.61343622    
   1.20600009       2.60660124    
   1.20700002       2.59982085    
   1.20800006       2.59298134    
   1.20900011       2.58619976    
   1.21000004       2.57936192    
   1.21100008       2.57257462    
   1.21200001       2.56573582    
   1.21300006       2.55895519    
   1.21400011       2.55211568    
   1.21500003       2.54534149    
   1.21600008       2.53851199    
   1.21700001       2.53174305    
   1.21800005       2.52492595    
   1.21900010       2.51816940    
   1.22000003       2.51136374    
   1.22100008       2.50462079    
   1.22200000       2.49782896    
   1.22300005       2.49110031    
   1.22400010       2.48432732    
   1.22500002       2.47762012    
   1.22600007       2.47087002    
   1.22700012       2.46418190    
   1.22800004       2.45745206    
   1.22900009       2.45078993    
   1.23000002       2.44408607    
   1.23100007       2.43744183    
   1.23200011       2.43076754    
   1.23300004       2.42415619    
   1.23400009       2.41750503    
   1.23500001       2.41092300    
   1.23600006       2.40430307    
   1.23700011       2.39775181    
   1.23800004       2.39116311    
   1.23900008       2.38464260    
   1.24000001       2.37809372    
   1.24100006       2.37160444    
   1.24200010       2.36508679    
   1.24300003       2.35863733    
   1.24400008       2.35215378    
   1.24500000       2.34574032    
   1.24600005       2.33929276    
   1.24700010       2.33292270    
   1.24800003       2.32651496    
   1.24900007       2.32017493    
   1.25000000       2.31380916    
   1.25100005       2.30751562    
   1.25200009       2.30118680    
   1.25300002       2.29493475    
   1.25400007       2.28864527    
   1.25500011       2.28243184    
   1.25600004       2.27619076    
   1.25700009       2.27002525    
   1.25800002       2.26382351    
   1.25900006       2.25769711    
   1.26000011       2.25154257    
   1.26100004       2.24546409    
   1.26200008       2.23935270    
   1.26300001       2.23331714    
   1.26400006       2.22725201    
   1.26500010       2.22125626    
   1.26600003       2.21524382    
   1.26700008       2.20929813    
   1.26800001       2.20332861    
   1.26900005       2.19742513    
   1.27000010       2.19150734    
   1.27100003       2.18565512    
   1.27200007       2.17977762    
   1.27300000       2.17397571    
   1.27400005       2.16814566    
   1.27500010       2.16238642    
   1.27600002       2.15661240    
   1.27700007       2.15090275    
   1.27800012       2.14517045    
   1.27900004       2.13951230    
   1.28000009       2.13383174    
   1.28100002       2.12822247    
   1.28200006       2.12258959    
   1.28300011       2.11702371    
   1.28400004       2.11144161    
   1.28500009       2.10592461    
   1.28600001       2.10039282    
   1.28700006       2.09492540    
   1.28800011       2.08944702    
   1.28900003       2.08403301    
   1.29000008       2.07859468    
   1.29100001       2.07323098    
   1.29200006       2.06784225    
   1.29300010       2.06252623    
   1.29400003       2.05719113    
   1.29500008       2.05191946    
   1.29600000       2.04663754    
   1.29700005       2.04141855    
   1.29800010       2.03618050    
   1.29900002       2.03101444    
   1.30000007       2.02582836    
   1.30100012       2.02070642    
   1.30200005       2.01556730    
   1.30300009       2.01049423    
   1.30400002       2.00540876    
   1.30500007       2.00038624    
   1.30600011       1.99534822    
   1.30700004       1.99037290    
   1.30800009       1.98538458    
   1.30900002       1.98045421    
   1.31000006       1.97551918    
   1.31100011       1.97063828    
   1.31200004       1.96574616    
   1.31300008       1.96091580    
   1.31400001       1.95607495    
   1.31500006       1.95129561    
   1.31600010       1.94649625    
   1.31700003       1.94176793    
   1.31800008       1.93701923    
   1.31900001       1.93233228    
   1.32000005       1.92763424    
   1.32100010       1.92299247    
   1.32200003       1.91834068    
   1.32300007       1.91374874    
   1.32400012       1.90914607    
   1.32500005       1.90460145    
   1.32600009       1.90004349    
   1.32700002       1.89554572    
   1.32800007       1.89103198    
   1.32900012       1.88657618    
   1.33000004       1.88211656    
   1.33100009       1.87771177    
   1.33200002       1.87329090    
   1.33300006       1.86892748    
   1.33400011       1.86455846    
   1.33500004       1.86024094    
   1.33600008       1.85591197    
   1.33700001       1.85164285    
   1.33800006       1.84736228    
   1.33900011       1.84313273    
   1.34000003       1.83889818    
   1.34100008       1.83471918    
   1.34200001       1.83052242    
   1.34300005       1.82638383    
   1.34400010       1.82223558    
   1.34500003       1.81814432    
   1.34600008       1.81403780    
   1.34700012       1.80998230    
   1.34800005       1.80592370    
   1.34900010       1.80191517    
   1.35000002       1.79789507    
   1.35100007       1.79393375    
   1.35200012       1.78995180    
   1.35300004       1.78602874    
   1.35400009       1.78209496    
   1.35500002       1.77821755    
   1.35600007       1.77432179    
   1.35700011       1.77048182    
   1.35800004       1.76663148    
   1.35900009       1.76283228    
   1.36000001       1.75902653    
   1.36100006       1.75526786    
   1.36200011       1.75149632    
   1.36300004       1.74777889    
   1.36400008       1.74405015    
   1.36500001       1.74037778    
   1.36600006       1.73668742    
   1.36700010       1.73304844    
   1.36800003       1.72940159    
   1.36900008       1.72580361    
   1.37000012       1.72219324    
   1.37100005       1.71863508    
   1.37200010       1.71506310    
   1.37300003       1.71154261    
   1.37400007       1.70800972    
   1.37500012       1.70452869    
   1.37600005       1.70103312    
   1.37700009       1.69758928    
   1.37800002       1.69413209    
   1.37900007       1.69072509    
   1.38000011       1.68730474    
   1.38100004       1.68393660    
   1.38200009       1.68055248    
   1.38300002       1.67722011    
   1.38400006       1.67387426    
   1.38500011       1.67057812    
   1.38600004       1.66726756    
   1.38700008       1.66400766    
   1.38800001       1.66073346    
   1.38900006       1.65750766    
   1.39000010       1.65426874    
   1.39100003       1.65108037    
   1.39200008       1.64787626    
   1.39300001       1.64472139    
   1.39400005       1.64155221    
   1.39500010       1.63843250    
   1.39600003       1.63529837    
   1.39700007       1.63221228    
   1.39800012       1.62911141    
   1.39900005       1.62605989    
   1.40000010       1.62299240    
   1.40100002       1.61997366    
   1.40200007       1.61694050    
   1.40300012       1.61395466    
   1.40400004       1.61095452    
   1.40500009       1.60799980    
   1.40600002       1.60503316    
   1.40700006       1.60211134    
   1.40800011       1.59917748    
   1.40900004       1.59628844    
   1.41000009       1.59338593    
   1.41100001       1.59052801    
   1.41200006       1.58765650    
   1.41300011       1.58482838    
   1.41400003       1.58198953    
   1.41500008       1.57919443    
   1.41600001       1.57638454    
   1.41700006       1.57362020    
   1.41800010       1.57084107    
   1.41900003       1.56810737    
   1.42000008       1.56535792    
   1.42100012       1.56265211    
   1.42200005       1.55993438    
   1.42300010       1.55726027    
   1.42400002       1.55457222    
   1.42500007       1.55192494    
   1.42600012       1.54926527    
   1.42700005       1.54664862    
   1.42800009       1.54401839    
   1.42900002       1.54142892    
   1.43000007       1.53882861    
   1.43100011       1.53626871    
   1.43200004       1.53369427    
   1.43300009       1.53116190    
   1.43400002       1.52861762    
   1.43500006       1.52611351    
   1.43600011       1.52359378    
   1.43700004       1.52111804    
   1.43800008       1.51862657    
   1.43900001       1.51617718    
   1.44000006       1.51371312    
   1.44100010       1.51129103    
   1.44200003       1.50885344    
   1.44300008       1.50645614    
   1.44400012       1.50404572    
   1.44500005       1.50167561    
   1.44600010       1.49929237    
   1.44700003       1.49694657    
   1.44800007       1.49458933    
   1.44900012       1.49226940    
   1.45000005       1.48993635    
   1.45100009       1.48764324    
   1.45200002       1.48533607    
   1.45300007       1.48306680    
   1.45400012       1.48078322    
   1.45500004       1.47853971    
   1.45600009       1.47628295    
   1.45700002       1.47406197    
   1.45800006       1.47182846    
   1.45900011       1.46963310    
   1.46000004       1.46742511    
   1.46100008       1.46525300    
   1.46200001       1.46306777    
   1.46300006       1.46091795    
   1.46400011       1.45875764    
   1.46500003       1.45663118    
   1.46600008       1.45449400    
   1.46700013       1.45239234    
   1.46800005       1.45027733    
   1.46900010       1.44819772    
   1.47000003       1.44610476    
   1.47100008       1.44404948    
   1.47200012       1.44197977    
   1.47300005       1.43994379    
   1.47400010       1.43789840    
   1.47500002       1.43588412    
   1.47600007       1.43386042    
   1.47700012       1.43186831    
   1.47800004       1.42986560    
   1.47900009       1.42789757    
   1.48000002       1.42591405    
   1.48100007       1.42396796    
   1.48200011       1.42200565    
   1.48300004       1.42008054    
   1.48400009       1.41813934    
   1.48500001       1.41623521    
   1.48600006       1.41431487    
   1.48700011       1.41242886    
   1.48800004       1.41053259    
   1.48900008       1.40866756    
   1.49000013       1.40678966    
   1.49100006       1.40494490    
   1.49200010       1.40308571    
   1.49300003       1.40126181    
   1.49400008       1.39942336    
   1.49500012       1.39761889    
   1.49600005       1.39579964    
   1.49700010       1.39401412    
   1.49800003       1.39221525    
   1.49900007       1.39044929    
   1.50000012       1.38866830    
   1.50100005       1.38692033    
   1.50200009       1.38516033    
   1.50300002       1.38343120    
   1.50400007       1.38169003    
   1.50500011       1.37997901    
   1.50600004       1.37825620    
   1.50700009       1.37656367    
   1.50800002       1.37485945    
   1.50900006       1.37318516    
   1.51000011       1.37149835    
   1.51100004       1.36984301    
   1.51200008       1.36817479    
   1.51300013       1.36653626    
   1.51400006       1.36488581    
   1.51500010       1.36326408    
   1.51600003       1.36163056    
   1.51700008       1.36002696    
   1.51800013       1.35841155    
   1.51900005       1.35682583    
   1.52000010       1.35522640    
   1.52100003       1.35365653    
   1.52200007       1.35207415    
   1.52300012       1.35052299    
   1.52400005       1.34895635    
   1.52500010       1.34742117    
   1.52600002       1.34587324    
   1.52700007       1.34435225    
   1.52800012       1.34281981    
   1.52900004       1.34131587    
   1.53000009       1.33980012    
   1.53100002       1.33831263    
   1.53200006       1.33681369    
   1.53300011       1.33534276    
   1.53400004       1.33385825    
   1.53500009       1.33240199    
   1.53600001       1.33093250    
   1.53700006       1.32949150    
   1.53800011       1.32804000    
   1.53900003       1.32661462    
   1.54000008       1.32517755    
   1.54100013       1.32376671    
   1.54200006       1.32234454    
   1.54300010       1.32094979    
   1.54400003       1.31954241    
   1.54500008       1.31816185    
   1.54600012       1.31676948    
   1.54700005       1.31540382    
   1.54800010       1.31402552    
   1.54900002       1.31267452    
   1.55000007       1.31131101    
   1.55100012       1.30997419    
   1.55200005       1.30862498    
   1.55300009       1.30730200    
   1.55400002       1.30596757    
   1.55500007       1.30465865    
   1.55600011       1.30333757    
   1.55700004       1.30204296    
   1.55800009       1.30073547    
   1.55900002       1.29945469    
   1.56000006       1.29816091    
   1.56100011       1.29689336    
   1.56200004       1.29561341    
   1.56300008       1.29435897    
   1.56400013       1.29309297    
   1.56500006       1.29185176    
   1.56600010       1.29059875    
   1.56700003       1.28937101    
   1.56800008       1.28813076    
   1.56900012       1.28691566    
   1.57000005       1.28568864    
   1.57100010       1.28448641    
   1.57200003       1.28327286    
   1.57300007       1.28208303    
   1.57400012       1.28088152    
   1.57500005       1.27970481    
   1.57600009       1.27851534    
   1.57700002       1.27735090    
   1.57800007       1.27617466    
   1.57900012       1.27502179    
   1.58000004       1.27385819    
   1.58100009       1.27271771    
   1.58200002       1.27156603    
   1.58300006       1.27043724    
   1.58400011       1.26929760    
   1.58500004       1.26818156    
   1.58600008       1.26705337    
   1.58700013       1.26594865    
   1.58800006       1.26483238    
   1.58900011       1.26373887    
   1.59000003       1.26263475    
   1.59100008       1.26155281    
   1.59200013       1.26045966    
   1.59300005       1.25939000    
   1.59400010       1.25830770    
   1.59500003       1.25724924    
   1.59600008       1.25617838    
   1.59700012       1.25513065    
   1.59800005       1.25407124    
   1.59900010       1.25303483    
   1.60000002       1.25198627    
   1.60100007       1.25096071    
   1.60200012       1.24992299    
   1.60300004       1.24890816    
   1.60400009       1.24788117    
   1.60500002       1.24687696    
   1.60600007       1.24586117    
   1.60700011       1.24486709    
   1.60800004       1.24386168    
   1.60900009       1.24287868    
   1.61000013       1.24188328    
   1.61100006       1.24091053    
   1.61200011       1.23992574    
   1.61300004       1.23896313    
   1.61400008       1.23798847    
   1.61500013       1.23703611    
   1.61600006       1.23607206    
   1.61700010       1.23512888    
   1.61800003       1.23417449    
   1.61900008       1.23324215    
   1.62000012       1.23229754    
   1.62100005       1.23137486    
   1.62200010       1.23044002    
   1.62300003       1.22952712    
   1.62400007       1.22860205    
   1.62500012       1.22769845    
   1.62600005       1.22678316    
   1.62700009       1.22588909    
   1.62800002       1.22498322    
   1.62900007       1.22409868    
   1.63000011       1.22320235    
   1.63100004       1.22232652    
   1.63200009       1.22144008    
   1.63300014       1.22057366    
   1.63400006       1.21969581    
   1.63500011       1.21883857    
   1.63600004       1.21797001    
   1.63700008       1.21712196    
   1.63800013       1.21626270    
   1.63900006       1.21542287    
   1.64000010       1.21457255    
   1.64100003       1.21374178    
   1.64200008       1.21290076    
   1.64300013       1.21207881    
   1.64400005       1.21124601    
   1.64500010       1.21043265    
   1.64600003       1.20960832    
   1.64700007       1.20880401    
   1.64800012       1.20798814    
   1.64900005       1.20719230    
   1.65000010       1.20638502    
   1.65100002       1.20559752    
   1.65200007       1.20479846    
   1.65300012       1.20401907    
   1.65400004       1.20322871    
   1.65500009       1.20245779    
   1.65600014       1.20167565    
   1.65700006       1.20091271    
   1.65800011       1.20013869    
   1.65900004       1.19938326    
   1.66000009       1.19861758    
   1.66100013       1.19787073    
   1.66200006       1.19711256    
   1.66300011       1.19637346    
   1.66400003       1.19562376    
   1.66500008       1.19489253    
   1.66600013       1.19415021    
   1.66700006       1.19342685    
   1.66800010       1.19269240    
   1.66900003       1.19197631    
   1.67000008       1.19124997    
   1.67100012       1.19054127    
   1.67200005       1.18982220    
   1.67300010       1.18912137    
   1.67400002       1.18840981    
   1.67500007       1.18771696    
   1.67600012       1.18701243    
   1.67700005       1.18632638    
   1.67800009       1.18562984    
   1.67900014       1.18495131    
   1.68000007       1.18426168    
   1.68100011       1.18359029    
   1.68200004       1.18290818    
   1.68300009       1.18224406    
   1.68400013       1.18156886    
   1.68500006       1.18091178    
   1.68600011       1.18024373    
   1.68700004       1.17959344    
   1.68800008       1.17893302    
   1.68900013       1.17828965    
   1.69000006       1.17763555    
   1.69100010       1.17699909    
   1.69200003       1.17635262    
   1.69300008       1.17572284    
   1.69400012       1.17508233    
   1.69500005       1.17445982    
   1.69600010       1.17382634    
   1.69700003       1.17321026    
   1.69800007       1.17258358    
   1.69900012       1.17197394    
   1.70000005       1.17135406    
   1.70100009       1.17075109    
   1.70200002       1.17013741    
   1.70300007       1.16954100    
   1.70400012       1.16893387    
   1.70500004       1.16834402    
   1.70600009       1.16774344    
   1.70700014       1.16716003    
   1.70800006       1.16656601    
   1.70900011       1.16598821    
   1.71000004       1.16540062    
   1.71100008       1.16482925    
   1.71200013       1.16424811    
   1.71300006       1.16368318    
   1.71400011       1.16310751    
   1.71500003       1.16254878    
   1.71600008       1.16197956    
   1.71700013       1.16142702    
   1.71800005       1.16086423    
   1.71900010       1.16031718    
   1.72000003       1.15976059    
   1.72100008       1.15921950    
   1.72200012       1.15866840    
   1.72300005       1.15813363    
   1.72400010       1.15758860    
   1.72500002       1.15705931    
   1.72600007       1.15652025    
   1.72700012       1.15599704    
   1.72800004       1.15546346    
   1.72900009       1.15494621    
   1.73000014       1.15441847    
   1.73100007       1.15390658    
   1.73200011       1.15338492    
   1.73300004       1.15287864    
   1.73400009       1.15236247    
   1.73500013       1.15186155    
   1.73600006       1.15135109    
   1.73700011       1.15085602    
   1.73800004       1.15035081    
   1.73900008       1.14986157    
   1.74000013       1.14936209    
   1.74100006       1.14887774    
   1.74200010       1.14838350    
   1.74300003       1.14790487    
   1.74400008       1.14741635    
   1.74500012       1.14694250    
   1.74600005       1.14645934    
   1.74700010       1.14599085    
   1.74800003       1.14551306    
   1.74900007       1.14505005    
   1.75000012       1.14457774    
   1.75100005       1.14411974    
   1.75200009       1.14365244    
   1.75300014       1.14319956    
   1.75400007       1.14273751    
   1.75500011       1.14228976    
   1.75600004       1.14183271    
   1.75700009       1.14139020    
   1.75800014       1.14093804    
   1.75900006       1.14050066    
   1.76000011       1.14005375    
   1.76100004       1.13962102    
   1.76200008       1.13917923    
   1.76300013       1.13875151    
   1.76400006       1.13831449    
   1.76500010       1.13789165    
   1.76600003       1.13745964    
   1.76700008       1.13704157    
   1.76800013       1.13661432    
   1.76900005       1.13620114    
   1.77000010       1.13577878    
   1.77100003       1.13537025    
   1.77200007       1.13495278    
   1.77300012       1.13454890    
   1.77400005       1.13413608    
   1.77500010       1.13373697    
   1.77600014       1.13332891    
   1.77700007       1.13293433    
   1.77800012       1.13253081    
   1.77900004       1.13214099    
   1.78000009       1.13174212    
   1.78100014       1.13135672    
   1.78200006       1.13096261    
   1.78300011       1.13058162    
   1.78400004       1.13019192    
   1.78500009       1.12981546    
   1.78600013       1.12943041    
   1.78700006       1.12905824    
   1.78800011       1.12867749    
   1.78900003       1.12830997    
   1.79000008       1.12793362    
   1.79100013       1.12757039    
   1.79200006       1.12719858    
   1.79300010       1.12683964    
   1.79400003       1.12647212    
   1.79500008       1.12611747    
   1.79600012       1.12575424    
   1.79700005       1.12540376    
   1.79800010       1.12504494    
   1.79900014       1.12469864    
   1.80000007       1.12434411    
   1.80100012       1.12400198    
   1.80200005       1.12365150    
   1.80300009       1.12331355    
   1.80400014       1.12296736    
   1.80500007       1.12263358    
   1.80600011       1.12229145    
   1.80700004       1.12196183    
   1.80800009       1.12162375    
   1.80900013       1.12129807    
   1.81000006       1.12096417    
   1.81100011       1.12064242    
   1.81200004       1.12031257    
   1.81300008       1.11999488    
   1.81400013       1.11966896    
   1.81500006       1.11935520    
   1.81600010       1.11903334    
   1.81700003       1.11872351    
   1.81800008       1.11840546    
   1.81900012       1.11809945    
   1.82000005       1.11778545    
   1.82100010       1.11748338    
   1.82200015       1.11717308    
   1.82300007       1.11687493    
   1.82400012       1.11656857    
   1.82500005       1.11627412    
   1.82600009       1.11597168    
   1.82700014       1.11568093    
   1.82800007       1.11538208    
   1.82900012       1.11509514    
   1.83000004       1.11480021    
   1.83100009       1.11451685    
   1.83200014       1.11422563    
   1.83300006       1.11394608    
   1.83400011       1.11365843    
   1.83500004       1.11338258    
   1.83600008       1.11309862    
   1.83700013       1.11282623    
   1.83800006       1.11254597    
   1.83900011       1.11227727    
   1.84000003       1.11200070    
   1.84100008       1.11173534    
   1.84200013       1.11146235    
   1.84300005       1.11120081    
   1.84400010       1.11093116    
   1.84500003       1.11067319    
   1.84600008       1.11040723    
   1.84700012       1.11015248    
   1.84800005       1.10989010    
   1.84900010       1.10963881    
   1.85000014       1.10937977    
   1.85100007       1.10913193    
   1.85200012       1.10887647    
   1.85300004       1.10863209    
   1.85400009       1.10837996    
   1.85500014       1.10813892    
   1.85600007       1.10789037    
   1.85700011       1.10765254    
   1.85800004       1.10740733    
   1.85900009       1.10717297    
   1.86000013       1.10693097    
   1.86100006       1.10669982    
   1.86200011       1.10646129    
   1.86300004       1.10623348    
   1.86400008       1.10599816    
   1.86500013       1.10577357    
   1.86600006       1.10554159    
   1.86700010       1.10532022    
   1.86800003       1.10509145    
   1.86900008       1.10487330    
   1.87000012       1.10464764    
   1.87100005       1.10443282    
   1.87200010       1.10421050    
   1.87300014       1.10399866    
   1.87400007       1.10377944    
   1.87500012       1.10357070    
   1.87600005       1.10335481    
   1.87700009       1.10314918    
   1.87800014       1.10293639    
   1.87900007       1.10273397    
   1.88000011       1.10252416    
   1.88100004       1.10232472    
   1.88200009       1.10211802    
   1.88300014       1.10192156    
   1.88400006       1.10171807    
   1.88500011       1.10152471    
   1.88600004       1.10132420    
   1.88700008       1.10113382    
   1.88800013       1.10093629    
   1.88900006       1.10074890    
   1.89000010       1.10055435    
   1.89100003       1.10036993    
   1.89200008       1.10017848    
   1.89300013       1.09999692    
   1.89400005       1.09980845    
   1.89500010       1.09962988    
   1.89600015       1.09944403    
   1.89700007       1.09926832    
   1.89800012       1.09908569    
   1.89900005       1.09891284    
   1.90000010       1.09873295    
   1.90100014       1.09856308    
   1.90200007       1.09838605    
   1.90300012       1.09821904    
   1.90400004       1.09804475    
   1.90500009       1.09788048    
   1.90600014       1.09770918    
   1.90700006       1.09754753    
   1.90800011       1.09737909    
   1.90900004       1.09722042    
   1.91000009       1.09705472    
   1.91100013       1.09689856    
   1.91200006       1.09673572    
   1.91300011       1.09658229    
   1.91400003       1.09642220    
   1.91500008       1.09627151    
   1.91600013       1.09611392    
   1.91700006       1.09596598    
   1.91800010       1.09581137    
   1.91900015       1.09566593    
   1.92000008       1.09551394    
   1.92100012       1.09537125    
   1.92200005       1.09522176    
   1.92300010       1.09508157    
   1.92400014       1.09493494    
   1.92500007       1.09479749    
   1.92600012       1.09465325    
   1.92700005       1.09451830    
   1.92800009       1.09437668    
   1.92900014       1.09424424    
   1.93000007       1.09410536    
   1.93100011       1.09397531    
   1.93200004       1.09383893    
   1.93300009       1.09371161    
   1.93400013       1.09357762    
   1.93500006       1.09345281    
   1.93600011       1.09332132    
   1.93700004       1.09319878    
   1.93800008       1.09306979    
   1.93900013       1.09294975    
   1.94000006       1.09282327    
   1.94100010       1.09270561    
   1.94200015       1.09258139    
   1.94300008       1.09246612    
   1.94400012       1.09234440    
   1.94500005       1.09223151    
   1.94600010       1.09211206    
   1.94700015       1.09200144    
   1.94800007       1.09188449    
   1.94900012       1.09177613    
   1.95000005       1.09166145    
   1.95100009       1.09155536    
   1.95200014       1.09144282    
   1.95300007       1.09133923    
   1.95400012       1.09122884    
   1.95500004       1.09112740    
   1.95600009       1.09101939    
   1.95700014       1.09091997    
   1.95800006       1.09081411    
   1.95900011       1.09071684    
   1.96000004       1.09061337    
   1.96100008       1.09051812    
   1.96200013       1.09041655    
   1.96300006       1.09032369    
   1.96400011       1.09022415    
   1.96500015       1.09013319    
   1.96600008       1.09003580    
   1.96700013       1.08994687    
   1.96800005       1.08985150    
   1.96900010       1.08976460    
   1.97000015       1.08967125    
   1.97100008       1.08958614    
   1.97200012       1.08949482    
   1.97300005       1.08941185    
   1.97400010       1.08932245    
   1.97500014       1.08924103    
   1.97600007       1.08915353    
   1.97700012       1.08907425    
   1.97800004       1.08898854    
   1.97900009       1.08891082    
   1.98000014       1.08882701    
   1.98100007       1.08875120    
   1.98200011       1.08866918    
   1.98300004       1.08859515    
   1.98400009       1.08851469    
   1.98500013       1.08844233    
   1.98600006       1.08836377    
   1.98700011       1.08829296    
   1.98800004       1.08821583    
   1.98900008       1.08814681    
   1.99000013       1.08807147    
   1.99100006       1.08800387    
   1.99200010       1.08792996    
   1.99300015       1.08786380    
   1.99400008       1.08779168    
   1.99500012       1.08772707    
   1.99600005       1.08765614    
   1.99700010       1.08759296    
   1.99800014       1.08752370    
   1.99900007       1.08746207    
   2.00000000       1.08739400    
   2.00100017       1.08733356    
   2.00200009       1.08726692    
   2.00300002       1.08720779    
   2.00400019       1.08714247    
   2.00500011       1.08708465    
   2.00600004       1.08702064    
   2.00700021       1.08696389    
   2.00800014       1.08690095    
   2.00900006       1.08684564    
   2.00999999       1.08678389    
   2.01100016       1.08672941    
   2.01200008       1.08666873    
   2.01300001       1.08661544    
   2.01400018       1.08655584    
   2.01500010       1.08650351    
   2.01600003       1.08644497    
   2.01700020       1.08639359    
   2.01800013       1.08633602    
   2.01900005       1.08628559    
   2.01999998       1.08622885    
   2.02100015       1.08617926    
   2.02200007       1.08612335    
   2.02300000       1.08607459    
   2.02400017       1.08601952    
   2.02500010       1.08597147    
   2.02600002       1.08591712    
   2.02700019       1.08586991    
   2.02800012       1.08581614    
   2.02900004       1.08576941    
   2.03000021       1.08571649    
   2.03100014       1.08567047    
   2.03200006       1.08561802    
   2.03299999       1.08557260    
   2.03400016       1.08552063    
   2.03500009       1.08547556    
   2.03600001       1.08542418    
   2.03700018       1.08537972    
   2.03800011       1.08532882    
   2.03900003       1.08528447    
   2.04000020       1.08523393    
   2.04100013       1.08519018    
   2.04200006       1.08513999    
   2.04299998       1.08509624    
   2.04400015       1.08504641    
   2.04500008       1.08500314    
   2.04600000       1.08495343    
   2.04700017       1.08491015    
   2.04800010       1.08486068    
   2.04900002       1.08481777    
   2.05000019       1.08476818    
   2.05100012       1.08472526    
   2.05200005       1.08467591    
   2.05300021       1.08463299    
   2.05400014       1.08458376    
   2.05500007       1.08454084    
   2.05599999       1.08449149    
   2.05700016       1.08444846    
   2.05800009       1.08439898    
   2.05900002       1.08435595    
   2.06000018       1.08430636    
   2.06100011       1.08426309    
   2.06200004       1.08421338    
   2.06300020       1.08416986    
   2.06400013       1.08411992    
   2.06500006       1.08407617    
   2.06599998       1.08402586    
   2.06700015       1.08398175    
   2.06800008       1.08393133    
   2.06900001       1.08388686    
   2.07000017       1.08383596    
   2.07100010       1.08379102    
   2.07200003       1.08373976    
   2.07300019       1.08369434    
   2.07400012       1.08364272    
   2.07500005       1.08359694    
   2.07600021       1.08354473    
   2.07700014       1.08349824    
   2.07800007       1.08344555    
   2.07900000       1.08339858    
   2.08000016       1.08334517    
   2.08100009       1.08329773    
   2.08200002       1.08324385    
   2.08300018       1.08319545    
   2.08400011       1.08314085    
   2.08500004       1.08309186    
   2.08600020       1.08303642    
   2.08700013       1.08298695    
   2.08800006       1.08293080    
   2.08899999       1.08288038    
   2.09000015       1.08282340    
   2.09100008       1.08277214    
   2.09200001       1.08271444    
   2.09300017       1.08266234    
   2.09400010       1.08260381    
   2.09500003       1.08255076    
   2.09600019       1.08249128    
   2.09700012       1.08243740    
   2.09800005       1.08237696    
   2.09900022       1.08232224    
   2.10000014       1.08226085    
   2.10100007       1.08220494    
   2.10200000       1.08214271    
   2.10300016       1.08208585    
   2.10400009       1.08202243    
   2.10500002       1.08196461    
   2.10600019       1.08190024    
   2.10700011       1.08184123    
   2.10800004       1.08177578    
   2.10900021       1.08171570    
   2.11000013       1.08164907    
   2.11100006       1.08158803    
   2.11199999       1.08152020    
   2.11300015       1.08145785    
   2.11400008       1.08138907    
   2.11500001       1.08132553    
   2.11600018       1.08125556    
   2.11700010       1.08119094    
   2.11800003       1.08111966    
   2.11900020       1.08105373    
   2.12000012       1.08098137    
   2.12100005       1.08091414    
   2.12200022       1.08084047    
   2.12300014       1.08077204    
   2.12400007       1.08069718    
   2.12500000       1.08062756    
   2.12600017       1.08055139    
   2.12700009       1.08048034    
   2.12800002       1.08040285    
   2.12900019       1.08033061    
   2.13000011       1.08025181    
   2.13100004       1.08017826    
   2.13200021       1.08009815    
   2.13300014       1.08002317    
   2.13400006       1.07994175    
   2.13499999       1.07986557    
   2.13600016       1.07978272    
   2.13700008       1.07970512    
   2.13800001       1.07962096    
   2.13900018       1.07954192    
   2.14000010       1.07945645    
   2.14100003       1.07937610    
   2.14200020       1.07928920    
   2.14300013       1.07920742    
   2.14400005       1.07911921    
   2.14500022       1.07903612    
   2.14600015       1.07894647    
   2.14700007       1.07886195    
   2.14800000       1.07877100    
   2.14900017       1.07868505    
   2.15000010       1.07859266    
   2.15100002       1.07850528    
   2.15200019       1.07841146    
   2.15300012       1.07832265    
   2.15400004       1.07822752    
   2.15500021       1.07813728    
   2.15600014       1.07804084    
   2.15700006       1.07794917    
   2.15799999       1.07785118    
   2.15900016       1.07775819    
   2.16000009       1.07765877    
   2.16100001       1.07756436    
   2.16200018       1.07746363    
   2.16300011       1.07736778    
   2.16400003       1.07726562    
   2.16500020       1.07716835    
   2.16600013       1.07706487    
   2.16700006       1.07696617    
   2.16800022       1.07686114    
   2.16900015       1.07676113    
   2.17000008       1.07665491    
   2.17100000       1.07655346    
   2.17200017       1.07644570    
   2.17300010       1.07634282    
   2.17400002       1.07623386    
   2.17500019       1.07612967    
   2.17600012       1.07601917    
   2.17700005       1.07591355    
   2.17800021       1.07580185    
   2.17900014       1.07569480    
   2.18000007       1.07558179    
   2.18099999       1.07547355    
   2.18200016       1.07535911    
   2.18300009       1.07524943    
   2.18400002       1.07513356    
   2.18500018       1.07502258    
   2.18600011       1.07490551    
   2.18700004       1.07479310    
   2.18800020       1.07467473    
   2.18900013       1.07456124    
   2.19000006       1.07444143    
   2.19100022       1.07432652    
   2.19200015       1.07420552    
   2.19300008       1.07408941    
   2.19400001       1.07396710    
   2.19500017       1.07384968    
   2.19600010       1.07372618    
   2.19700003       1.07360756    
   2.19800019       1.07348263    
   2.19900012       1.07336283    
   2.20000005       1.07323682    
   2.20100021       1.07311559    
   2.20200014       1.07298839    
   2.20300007       1.07286596    
   2.20400000       1.07273769    
   2.20500016       1.07261395    
   2.20600009       1.07248449    
   2.20700002       1.07235980    
   2.20800018       1.07222879    
   2.20900011       1.07210314    
   2.21000004       1.07197106    
   2.21100020       1.07184410    
   2.21200013       1.07171106    
   2.21300006       1.07158279    
   2.21399999       1.07144868    
   2.21500015       1.07131946    
   2.21600008       1.07118416    
   2.21700001       1.07105374    
   2.21800017       1.07091749    
   2.21900010       1.07078600    
   2.22000003       1.07064867    
   2.22100019       1.07051611    
   2.22200012       1.07037771    
   2.22300005       1.07024419    
   2.22400022       1.07010472    
   2.22500014       1.06997013    
   2.22600007       1.06982970    
   2.22700000       1.06969416    
   2.22800016       1.06955266    
   2.22900009       1.06941617    
   2.23000002       1.06927383    
   2.23100019       1.06913626    
   2.23200011       1.06899309    
   2.23300004       1.06885469    
   2.23400021       1.06871033    
   2.23500013       1.06857097    
   2.23600006       1.06842589    
   2.23699999       1.06828570    
   2.23800015       1.06813967    
   2.23900008       1.06799853    
   2.24000001       1.06785154    
   2.24100018       1.06770968    
   2.24200010       1.06756186    
   2.24300003       1.06741905    
   2.24400020       1.06727052    
   2.24500012       1.06712687    
   2.24600005       1.06697750    
   2.24700022       1.06683314    
   2.24800014       1.06668293    
   2.24900007       1.06653774    
   2.25000000       1.06638694    
   2.25100017       1.06624091    
   2.25200009       1.06608927    
   2.25300002       1.06594265    
   2.25400019       1.06579030    
   2.25500011       1.06564283    
   2.25600004       1.06548989    
   2.25700021       1.06534171    
   2.25800014       1.06518805    
   2.25900006       1.06503928    
   2.25999999       1.06488502    
   2.26100016       1.06473553    
   2.26200008       1.06458068    
   2.26300001       1.06443048    
   2.26400018       1.06427491    
   2.26500010       1.06412423    
   2.26600003       1.06396818    
   2.26700020       1.06381691    
   2.26800013       1.06366014    
   2.26900005       1.06350827    
   2.27000022       1.06335092    
   2.27100015       1.06319857    
   2.27200007       1.06304073    
   2.27300000       1.06288791    
   2.27400017       1.06272948    
   2.27500010       1.06257617    
   2.27600002       1.06241727    
   2.27700019       1.06226337    
   2.27800012       1.06210411    
   2.27900004       1.06194973    
   2.28000021       1.06178999    
   2.28100014       1.06163526    
   2.28200006       1.06147504    
   2.28299999       1.06131983    
   2.28400016       1.06115925    
   2.28500009       1.06100368    
   2.28600001       1.06084263    
   2.28700018       1.06068659    
   2.28800011       1.06052530    
   2.28900003       1.06036890    
   2.29000020       1.06020713    
   2.29100013       1.06005049    
   2.29200006       1.05988848    
   2.29300022       1.05973136    
   2.29400015       1.05956900    
   2.29500008       1.05941164    
   2.29600000       1.05924892    
   2.29700017       1.05909133    
   2.29800010       1.05892837    
   2.29900002       1.05877042    
   2.30000019       1.05860734    
   2.30100012       1.05844915    
   2.30200005       1.05828583    
   2.30300021       1.05812728    
   2.30400014       1.05796361    
   2.30500007       1.05780506    
   2.30599999       1.05764127    
   2.30700016       1.05748236    
   2.30800009       1.05731833    
   2.30900002       1.05715930    
   2.31000018       1.05699515    
   2.31100011       1.05683589    
   2.31200004       1.05667150    
   2.31300020       1.05651212    
   2.31400013       1.05634773    
   2.31500006       1.05618834    
   2.31600022       1.05602372    
   2.31700015       1.05586410    
   2.31800008       1.05569947    
   2.31900001       1.05553973    
   2.32000017       1.05537498    
   2.32100010       1.05521512    
   2.32200003       1.05505037    
   2.32300019       1.05489051    
   2.32400012       1.05472565    
   2.32500005       1.05456567    
   2.32600021       1.05440080    
   2.32700014       1.05424094    
   2.32800007       1.05407596    
   2.32900000       1.05391610    
   2.33000016       1.05375111    
   2.33100009       1.05359113    
   2.33200002       1.05342627    
   2.33300018       1.05326629    
   2.33400011       1.05310142    
   2.33500004       1.05294144    
   2.33600020       1.05277658    
   2.33700013       1.05261672    
   2.33800006       1.05245197    
   2.33900023       1.05229211    
   2.34000015       1.05212736    
   2.34100008       1.05196762    
   2.34200001       1.05180299    
   2.34300017       1.05164337    
   2.34400010       1.05147874    
   2.34500003       1.05131912    
   2.34600019       1.05115473    
   2.34700012       1.05099523    
   2.34800005       1.05083096    
   2.34900022       1.05067158    
   2.35000014       1.05050743    
   2.35100007       1.05034816    
   2.35200000       1.05018425    
   2.35300016       1.05002511    
   2.35400009       1.04986131    
   2.35500002       1.04970241    
   2.35600019       1.04953873    
   2.35700011       1.04938006    
   2.35800004       1.04921651    
   2.35900021       1.04905796    
   2.36000013       1.04889464    
   2.36100006       1.04873633    
   2.36200023       1.04857326    
   2.36300015       1.04841506    
   2.36400008       1.04825222    
   2.36500001       1.04809427    
   2.36600018       1.04793179    
   2.36700010       1.04777408    
   2.36800003       1.04761159    
   2.36900020       1.04745424    
   2.37000012       1.04729211    
   2.37100005       1.04713488    
   2.37200022       1.04697311    
   2.37300014       1.04681611    
   2.37400007       1.04665458    
   2.37500000       1.04649794    
   2.37600017       1.04633665    
   2.37700009       1.04618025    
   2.37800002       1.04601932    
   2.37900019       1.04586315    
   2.38000011       1.04570258    
   2.38100004       1.04554677    
   2.38200021       1.04538643    
   2.38300014       1.04523098    
   2.38400006       1.04507089    
   2.38500023       1.04491580    
   2.38600016       1.04475605    
   2.38700008       1.04460132    
   2.38800001       1.04444194    
   2.38900018       1.04428756    
   2.39000010       1.04412854    
   2.39100003       1.04397440    
   2.39200020       1.04381573    
   2.39300013       1.04366195    
   2.39400005       1.04350364    
   2.39500022       1.04335034    
   2.39600015       1.04319251    
   2.39700007       1.04303944    
   2.39800000       1.04288197    
   2.39900017       1.04272926    
   2.40000010       1.04257226    
   2.40100002       1.04241991    
   2.40200019       1.04226327    
   2.40300012       1.04211140    
   2.40400004       1.04195511    
   2.40500021       1.04180372    
   2.40600014       1.04164779    
   2.40700006       1.04149675    
   2.40800023       1.04134130    
   2.40900016       1.04119074    
   2.41000009       1.04103565    
   2.41100001       1.04088545    
   2.41200018       1.04073095    
   2.41300011       1.04058123    
   2.41400003       1.04042709    
   2.41500020       1.04027772    
   2.41600013       1.04012406    
   2.41700006       1.03997517    
   2.41800022       1.03982198    
   2.41900015       1.03967357    
   2.42000008       1.03952074    
   2.42100000       1.03937280    
   2.42200017       1.03922057    
   2.42300010       1.03907299    
   2.42400002       1.03892124    
   2.42500019       1.03877425    
   2.42600012       1.03862286    
   2.42700005       1.03847635    
   2.42800021       1.03832543    
   2.42900014       1.03817940    
   2.43000007       1.03802896    
   2.43100023       1.03788340    
   2.43200016       1.03773344    
   2.43300009       1.03758848    
   2.43400002       1.03743899    
   2.43500018       1.03729439    
   2.43600011       1.03714550    
   2.43700004       1.03700149    
   2.43800020       1.03685308    
   2.43900013       1.03670955    
   2.44000006       1.03656161    
   2.44100022       1.03641856    
   2.44200015       1.03627121    
   2.44300008       1.03612864    
   2.44400001       1.03598177    
   2.44500017       1.03583980    
   2.44600010       1.03569341    
   2.44700003       1.03555191    
   2.44800019       1.03540611    
   2.44900012       1.03526521    
   2.45000005       1.03511989    
   2.45100021       1.03497946    
   2.45200014       1.03483474    
   2.45300007       1.03469479    
   2.45400023       1.03455067    
   2.45500016       1.03441119    
   2.45600009       1.03426754    
   2.45700002       1.03412879    
   2.45800018       1.03398561    
   2.45900011       1.03384733    
   2.46000004       1.03370476    
   2.46100020       1.03356707    
   2.46200013       1.03342497    
   2.46300006       1.03328776    
   2.46400023       1.03314638    
   2.46500015       1.03300965    
   2.46600008       1.03286886    
   2.46700001       1.03273273    
   2.46800017       1.03259242    
   2.46900010       1.03245687    
   2.47000003       1.03231704    
   2.47100019       1.03218210    
   2.47200012       1.03204286    
   2.47300005       1.03190839    
   2.47400022       1.03176975    
   2.47500014       1.03163588    
   2.47600007       1.03149784    
   2.47700024       1.03136456    
   2.47800016       1.03122711    
   2.47900009       1.03109431    
   2.48000002       1.03095734    
   2.48100019       1.03082514    
   2.48200011       1.03068888    
   2.48300004       1.03055727    
   2.48400021       1.03042150    
   2.48500013       1.03029048    
   2.48600006       1.03015530    
   2.48700023       1.03002477    
   2.48800015       1.02989018    
   2.48900008       1.02976024    
   2.49000001       1.02962625    
   2.49100018       1.02949691    
   2.49200010       1.02936351    
   2.49300003       1.02923477    
   2.49400020       1.02910197    
   2.49500012       1.02897382    
   2.49600005       1.02884150    
   2.49700022       1.02871382    
   2.49800014       1.02858222    
   2.49900007       1.02845514    
   2.50000000       1.02832413    
   2.50100017       1.02824223    
   2.50200009       1.02815604    
   2.50300002       1.02807438    
   2.50400019       1.02798855    
   2.50500011       1.02790725    
   2.50600004       1.02782178    
   2.50700021       1.02774072    
   2.50800014       1.02765572    
   2.50900006       1.02757502    
   2.51000023       1.02749014    
   2.51100016       1.02740979    
   2.51200008       1.02732539    
   2.51300001       1.02724540    
   2.51400018       1.02716112    
   2.51500010       1.02708149    
   2.51600003       1.02699769    
   2.51700020       1.02691829    
   2.51800013       1.02683485    
   2.51900005       1.02675581    
   2.52000022       1.02667272    
   2.52100015       1.02659404    
   2.52200007       1.02651131    
   2.52300000       1.02643287    
   2.52400017       1.02635050    
   2.52500010       1.02627254    
   2.52600002       1.02619052    
   2.52700019       1.02611279    
   2.52800012       1.02603102    
   2.52900004       1.02595377    
   2.53000021       1.02587235    
   2.53100014       1.02579534    
   2.53200006       1.02571428    
   2.53300023       1.02563775    
   2.53400016       1.02555704    
   2.53500009       1.02548075    
   2.53600001       1.02540040    
   2.53700018       1.02532446    
   2.53800011       1.02524447    
   2.53900003       1.02516890    
   2.54000020       1.02508938    
   2.54100013       1.02501416    
   2.54200006       1.02493489    
   2.54300022       1.02485991    
   2.54400015       1.02478111    
   2.54500008       1.02470660    
   2.54600000       1.02462804    
   2.54700017       1.02455389    
   2.54800010       1.02447569    
   2.54900002       1.02440190    
   2.55000019       1.02432418    
   2.55100012       1.02425063    
   2.55200005       1.02417326    
   2.55300021       1.02410007    
   2.55400014       1.02402306    
   2.55500007       1.02395022    
   2.55600023       1.02387357    
   2.55700016       1.02380109    
   2.55800009       1.02372479    
   2.55900002       1.02365279    
   2.56000018       1.02357686    
   2.56100011       1.02350509    
   2.56200004       1.02342951    
   2.56300020       1.02335811    
   2.56400013       1.02328289    
   2.56500006       1.02321196    
   2.56600022       1.02313709    
   2.56700015       1.02306652    
   2.56800008       1.02299201    
   2.56900001       1.02292180    
   2.57000017       1.02284765    
   2.57100010       1.02277768    
   2.57200003       1.02270389    
   2.57300019       1.02263439    
   2.57400012       1.02256107    
   2.57500005       1.02249181    
   2.57600021       1.02241886    
   2.57700014       1.02235007    
   2.57800007       1.02227736    
   2.57900023       1.02220893    
   2.58000016       1.02213657    
   2.58100009       1.02206850    
   2.58200002       1.02199662    
   2.58300018       1.02192891    
   2.58400011       1.02185738    
   2.58500004       1.02179003    
   2.58600020       1.02171874    
   2.58700013       1.02165174    
   2.58800006       1.02158093    
   2.58900023       1.02151430    
   2.59000015       1.02144384    
   2.59100008       1.02137756    
   2.59200001       1.02130747    
   2.59300017       1.02124155    
   2.59400010       1.02117181    
   2.59500003       1.02110624    
   2.59600019       1.02103686    
   2.59700012       1.02097166    
   2.59800005       1.02090275    
   2.59900022       1.02083790    
   2.60000014       1.02076924    
   2.60100007       1.02070475    
   2.60200024       1.02063656    
   2.60300016       1.02057242    
   2.60400009       1.02050447    
   2.60500002       1.02044082    
   2.60600019       1.02037323    
   2.60700011       1.02030981    
   2.60800004       1.02024269    
   2.60900021       1.02017963    
   2.61000013       1.02011275    
   2.61100006       1.02005005    
   2.61200023       1.01998365    
   2.61300015       1.01992142    
   2.61400008       1.01985526    
   2.61500001       1.01979327    
   2.61600018       1.01972759    
   2.61700010       1.01966596    
   2.61800003       1.01960063    
   2.61900020       1.01953936    
   2.62000012       1.01947439    
   2.62100005       1.01941347    
   2.62200022       1.01934886    
   2.62300014       1.01928830    
   2.62400007       1.01922405    
   2.62500024       1.01916373    
   2.62600017       1.01909983    
   2.62700009       1.01903999    
   2.62800002       1.01897645    
   2.62900019       1.01891696    
   2.63000011       1.01885378    
   2.63100004       1.01879454    
   2.63200021       1.01873171    
   2.63300014       1.01867294    
   2.63400006       1.01861048    
   2.63500023       1.01855195    
   2.63600016       1.01848984    
   2.63700008       1.01843178    
   2.63800001       1.01837003    
   2.63900018       1.01831222    
   2.64000010       1.01825082    
   2.64100003       1.01819336    
   2.64200020       1.01813233    
   2.64300013       1.01807523    
   2.64400005       1.01801455    
   2.64500022       1.01795769    
   2.64600015       1.01789737    
   2.64700007       1.01784098    
   2.64800024       1.01778102    
   2.64900017       1.01772499    
   2.65000010       1.01766527    
   2.65100002       1.01760960    
   2.65200019       1.01755023    
   2.65300012       1.01749480    
   2.65400004       1.01743591    
   2.65500021       1.01738083    
   2.65600014       1.01732230    
   2.65700006       1.01726758    
   2.65800023       1.01720929    
   2.65900016       1.01715493    
   2.66000009       1.01709700    
   2.66100001       1.01704288    
   2.66200018       1.01698542    
   2.66300011       1.01693165    
   2.66400003       1.01687443    
   2.66500020       1.01682103    
   2.66600013       1.01676416    
   2.66700006       1.01671112    
   2.66800022       1.01665449    
   2.66900015       1.01660180    
   2.67000008       1.01654553    
   2.67100024       1.01649320    
   2.67200017       1.01643729    
   2.67300010       1.01638520    
   2.67400002       1.01632965    
   2.67500019       1.01627803    
   2.67600012       1.01622272    
   2.67700005       1.01617134    
   2.67800021       1.01611650    
   2.67900014       1.01606536    
   2.68000007       1.01601088    
   2.68100023       1.01596010    
   2.68200016       1.01590586    
   2.68300009       1.01585543    
   2.68400002       1.01580155    
   2.68500018       1.01575148    
   2.68600011       1.01569784    
   2.68700004       1.01564813    
   2.68800020       1.01559484    
   2.68900013       1.01554537    
   2.69000006       1.01549244    
   2.69100022       1.01544321    
   2.69200015       1.01539075    
   2.69300008       1.01534188    
   2.69400024       1.01528955    
   2.69500017       1.01524103    
   2.69600010       1.01518917    
   2.69700003       1.01514089    
   2.69800019       1.01508927    
   2.69900012       1.01504135    
   2.70000005       1.01499009    
   2.70100021       1.01494253    
   2.70200014       1.01489151    
   2.70300007       1.01484418    
   2.70400023       1.01479363    
   2.70500016       1.01474655    
   2.70600009       1.01469624    
   2.70700002       1.01464951    
   2.70800018       1.01459956    
   2.70900011       1.01455319    
   2.71000004       1.01450348    
   2.71100020       1.01445735    
   2.71200013       1.01440799    
   2.71300006       1.01436222    
   2.71400023       1.01431310    
   2.71500015       1.01426768    
   2.71600008       1.01421893    
   2.71700025       1.01417375    
   2.71800017       1.01412523    
   2.71900010       1.01408029    
   2.72000003       1.01403224    
   2.72100019       1.01398766    
   2.72200012       1.01393974    
   2.72300005       1.01389539    
   2.72400022       1.01384795    
   2.72500014       1.01380384    
   2.72600007       1.01375663    
   2.72700024       1.01371288    
   2.72800016       1.01366603    
   2.72900009       1.01362264    
   2.73000002       1.01357591    
   2.73100019       1.01353276    
   2.73200011       1.01348650    
   2.73300004       1.01344371    
   2.73400021       1.01339757    
   2.73500013       1.01335502    
   2.73600006       1.01330924    
   2.73700023       1.01326704    
   2.73800015       1.01322150    
   2.73900008       1.01317954    
   2.74000025       1.01313436    
   2.74100018       1.01309264    
   2.74200010       1.01304781    
   2.74300003       1.01300633    
   2.74400020       1.01296175    
   2.74500012       1.01292062    
   2.74600005       1.01287627    
   2.74700022       1.01283550    
   2.74800014       1.01279140    
   2.74900007       1.01275086    
   2.75000024       1.01270711    
   2.75100017       1.01266682    
   2.75200009       1.01262343    
   2.75300002       1.01258337    
   2.75400019       1.01254010    
   2.75500011       1.01250041    
   2.75600004       1.01245749    
   2.75700021       1.01241803    
   2.75800014       1.01237535    
   2.75900006       1.01233625    
   2.76000023       1.01229393    
   2.76100016       1.01225495    
   2.76200008       1.01221287    
   2.76300025       1.01217425    
   2.76400018       1.01213241    
   2.76500010       1.01209402    
   2.76600003       1.01205242    
   2.76700020       1.01201439    
   2.76800013       1.01197314    
   2.76900005       1.01193523    
   2.77000022       1.01189423    
   2.77100015       1.01185668    
   2.77200007       1.01181591    
   2.77300024       1.01177859    
   2.77400017       1.01173806    
   2.77500010       1.01170111    
   2.77600002       1.01166081    
   2.77700019       1.01162410    
   2.77800012       1.01158404    
   2.77900004       1.01154757    
   2.78000021       1.01150787    
   2.78100014       1.01147151    
   2.78200006       1.01143217    
   2.78300023       1.01139605    
   2.78400016       1.01135695    
   2.78500009       1.01132119    
   2.78600001       1.01128221    
   2.78700018       1.01124668    
   2.78800011       1.01120806    
   2.78900003       1.01117277    
   2.79000020       1.01113439    
   2.79100013       1.01109934    
   2.79200006       1.01106119    
   2.79300022       1.01102638    
   2.79400015       1.01098847    
   2.79500008       1.01095402    
   2.79600024       1.01091635    
   2.79700017       1.01088202    
   2.79800010       1.01084459    
   2.79900002       1.01081061    
   2.80000019       1.01077342    
   2.80100012       1.01073968    
   2.80200005       1.01070273    
   2.80300021       1.01066911    
   2.80400014       1.01063251    
   2.80500007       1.01059914    
   2.80600023       1.01056278    
   2.80700016       1.01052964    
   2.80800009       1.01049352    
   2.80900002       1.01046062    
   2.81000018       1.01042473    
   2.81100011       1.01039207    
   2.81200004       1.01035643    
   2.81300020       1.01032400    
   2.81400013       1.01028848    
   2.81500006       1.01025641    
   2.81600022       1.01022112    
   2.81700015       1.01018929    
   2.81800008       1.01015425    
   2.81900024       1.01012254    
   2.82000017       1.01008773    
   2.82100010       1.01005638    
   2.82200003       1.01002181    
   2.82300019       1.00999057    
   2.82400012       1.00995624    
   2.82500005       1.00992525    
   2.82600021       1.00989115    
   2.82700014       1.00986040    
   2.82800007       1.00982654    
   2.82900023       1.00979602    
   2.83000016       1.00976229    
   2.83100009       1.00973201    
   2.83200002       1.00969863    
   2.83300018       1.00966847    
   2.83400011       1.00963533    
   2.83500004       1.00960541    
   2.83600020       1.00957239    
   2.83700013       1.00954282    
   2.83800006       1.00950992    
   2.83900023       1.00948060    
   2.84000015       1.00944805    
   2.84100008       1.00941885    
   2.84200025       1.00938642    
   2.84300017       1.00935745    
   2.84400010       1.00932539    
   2.84500003       1.00929654    
   2.84600019       1.00926459    
   2.84700012       1.00923610    
   2.84800005       1.00920439    
   2.84900022       1.00917602    
   2.85000014       1.00914443    
   2.85100007       1.00911629    
   2.85200024       1.00908506    
   2.85300016       1.00905716    
   2.85400009       1.00902593    
   2.85500002       1.00899827    
   2.85600019       1.00896740    
   2.85700011       1.00893986    
   2.85800004       1.00890923    
   2.85900021       1.00888193    
   2.86000013       1.00885141    
   2.86100006       1.00882423    
   2.86200023       1.00879395    
   2.86300015       1.00876701    
   2.86400008       1.00873697    
   2.86500025       1.00871027    
   2.86600018       1.00868034    
   2.86700010       1.00865388    
   2.86800003       1.00862420    
   2.86900020       1.00859785    
   2.87000012       1.00856841    
   2.87100005       1.00854230    
   2.87200022       1.00851297    
   2.87300014       1.00848711    
   2.87400007       1.00845790    
   2.87500024       1.00843227    
   2.87600017       1.00840330    
   2.87700009       1.00837779    
   2.87800002       1.00834906    
   2.87900019       1.00832367    
   2.88000011       1.00829518    
   2.88100004       1.00827003    
   2.88200021       1.00824165    
   2.88300014       1.00821674    
   2.88400006       1.00818849    
   2.88500023       1.00816369    
   2.88600016       1.00813568    
   2.88700008       1.00811112    
   2.88800025       1.00808334    
   2.88900018       1.00805902    
   2.89000010       1.00803137    
   2.89100003       1.00800717    
   2.89200020       1.00797975    
   2.89300013       1.00795567    
   2.89400005       1.00792837    
   2.89500022       1.00790453    
   2.89600015       1.00787747    
   2.89700007       1.00785375    
   2.89800024       1.00782692    
   2.89900017       1.00780332    
   2.90000010       1.00777662    
   2.90100002       1.00775337    
   2.90200019       1.00772679    
   2.90300012       1.00770366    
   2.90400004       1.00767732    
   2.90500021       1.00765431    
   2.90600014       1.00762808    
   2.90700006       1.00760531    
   2.90800023       1.00757921    
   2.90900016       1.00755656    
   2.91000009       1.00753081    
   2.91100025       1.00750828    
   2.91200018       1.00748265    
   2.91300011       1.00746036    
   2.91400003       1.00743473    
   2.91500020       1.00741267    
   2.91600013       1.00738728    
   2.91700006       1.00736535    
   2.91800022       1.00734019    
   2.91900015       1.00731826    
   2.92000008       1.00729334    
   2.92100024       1.00727165    
   2.92200017       1.00724685    
   2.92300010       1.00722528    
   2.92400002       1.00720072    
   2.92500019       1.00717926    
   2.92600012       1.00715482    
   2.92700005       1.00713360    
   2.92800021       1.00710928    
   2.92900014       1.00708818    
   2.93000007       1.00706398    
   2.93100023       1.00704312    
   2.93200016       1.00701916    
   2.93300009       1.00699842    
   2.93400025       1.00697458    
   2.93500018       1.00695395    
   2.93600011       1.00693023    
   2.93700004       1.00690985    
   2.93800020       1.00688624    
   2.93900013       1.00686598    
   2.94000006       1.00684261    
   2.94100022       1.00682247    
   2.94200015       1.00679922    
   2.94300008       1.00677919    
   2.94400024       1.00675607    
   2.94500017       1.00673628    
   2.94600010       1.00671327    
   2.94700003       1.00669372    
   2.94800019       1.00667083    
   2.94900012       1.00665128    
   2.95000005       1.00662863    
   2.95100021       1.00660932    
   2.95200014       1.00658679    
   2.95300007       1.00656748    
   2.95400023       1.00654519    
   2.95500016       1.00652599    
   2.95600009       1.00650382    
   2.95700026       1.00648487    
   2.95800018       1.00646281    
   2.95900011       1.00644398    
   2.96000004       1.00642204    
   2.96100020       1.00640333    
   2.96200013       1.00638151    
   2.96300006       1.00636292    
   2.96400023       1.00634134    
   2.96500015       1.00632286    
   2.96600008       1.00630140    
   2.96700025       1.00628304    
   2.96800017       1.00626171    
   2.96900010       1.00624347    
   2.97000003       1.00622225    
   2.97100019       1.00620425    
   2.97200012       1.00618315    
   2.97300005       1.00616515    
   2.97400022       1.00614429    
   2.97500014       1.00612652    
   2.97600007       1.00610566    
   2.97700024       1.00608802    
   2.97800016       1.00606728    
   2.97900009       1.00604975    
   2.98000026       1.00602925    
   2.98100019       1.00601184    
   2.98200011       1.00599134    
   2.98300004       1.00597405    
   2.98400021       1.00595379    
   2.98500013       1.00593662    
   2.98600006       1.00591648    
   2.98700023       1.00589943    
   2.98800015       1.00587940    
   2.98900008       1.00586236    
   2.99000025       1.00584245    
   2.99100018       1.00582564    
   2.99200010       1.00580585    
   2.99300003       1.00578916    
   2.99400020       1.00576949    
   2.99500012       1.00575292    
   2.99600005       1.00573337    
   2.99700022       1.00571692    
   2.99800014       1.00569749    
   2.99900007       1.00568116    
   3.00000024       1.00566185    
   3.00100017       1.00564563    
   3.00200009       1.00562644    
   3.00300026       1.00561035    
   3.00400019       1.00559127    
   3.00500011       1.00557530    
   3.00600004       1.00555634    
   3.00700021       1.00554037    
   3.00800014       1.00552154    
   3.00900006       1.00550580    
   3.01000023       1.00548708    
   3.01100016       1.00547135    
   3.01200008       1.00545275    
   3.01300025       1.00543714    
   3.01400018       1.00541878    
   3.01500010       1.00540328    
   3.01600003       1.00538492    
   3.01700020       1.00536942    
   3.01800013       1.00535119    
   3.01900005       1.00533593    
   3.02000022       1.00531781    
   3.02100015       1.00530267    
   3.02200007       1.00528455    
   3.02300024       1.00526953    
   3.02400017       1.00525165    
   3.02500010       1.00523663    
   3.02600026       1.00521874    
   3.02700019       1.00520396    
   3.02800012       1.00518620    
   3.02900004       1.00517142    
   3.03000021       1.00515378    
   3.03100014       1.00513911    
   3.03200006       1.00512159    
   3.03300023       1.00510705    
   3.03400016       1.00508964    
   3.03500009       1.00507522    
   3.03600025       1.00505793    
   3.03700018       1.00504351    
   3.03800011       1.00502634    
   3.03900003       1.00501192    
   3.04000020       1.00499487    
   3.04100013       1.00498068    
   3.04200006       1.00496364    
   3.04300022       1.00494957    
   3.04400015       1.00493264    
   3.04500008       1.00491858    
   3.04600024       1.00490189    
   3.04700017       1.00488794    
   3.04800010       1.00487113    
   3.04900026       1.00485730    
   3.05000019       1.00484073    
   3.05100012       1.00482690    
   3.05200005       1.00481045    
   3.05300021       1.00479674    
   3.05400014       1.00478029    
   3.05500007       1.00476670    
   3.05600023       1.00475037    
   3.05700016       1.00473690    
   3.05800009       1.00472069    
   3.05900025       1.00470722    
   3.06000018       1.00469112    
   3.06100011       1.00467777    
   3.06200004       1.00466168    
   3.06300020       1.00464845    
   3.06400013       1.00463247    
   3.06500006       1.00461924    
   3.06600022       1.00460339    
   3.06700015       1.00459027    
   3.06800008       1.00457454    
   3.06900024       1.00456154    
   3.07000017       1.00454581    
   3.07100010       1.00453281    
   3.07200003       1.00451720    
   3.07300019       1.00450432    
   3.07400012       1.00448883    
   3.07500005       1.00447607    
   3.07600021       1.00446057    
   3.07700014       1.00444782    
   3.07800007       1.00443244    
   3.07900023       1.00441980    
   3.08000016       1.00440454    
   3.08100009       1.00439203    
   3.08200026       1.00437677    
   3.08300018       1.00436425    
   3.08400011       1.00434923    
   3.08500004       1.00433671    
   3.08600020       1.00432169    
   3.08700013       1.00430942    
   3.08800006       1.00429440    
   3.08900023       1.00428212    
   3.09000015       1.00426722    
   3.09100008       1.00425506    
   3.09200025       1.00424027    
   3.09300017       1.00422812    
   3.09400010       1.00421333    
   3.09500003       1.00420129    
   3.09600019       1.00418663    
   3.09700012       1.00417459    
   3.09800005       1.00416005    
   3.09900022       1.00414813    
   3.10000014       1.00413358    
   3.10100007       1.00412166    
   3.10200024       1.00410724    
   3.10300016       1.00409544    
   3.10400009       1.00408101    
   3.10500026       1.00406933    
   3.10600019       1.00405502    
   3.10700011       1.00404334    
   3.10800004       1.00402915    
   3.10900021       1.00401759    
   3.11000013       1.00400341    
   3.11100006       1.00399184    
   3.11200023       1.00397778    
   3.11300015       1.00396621    
   3.11400008       1.00395226    
   3.11500025       1.00394082    
   3.11600018       1.00392687    
   3.11700010       1.00391543    
   3.11800003       1.00390160    
   3.11900020       1.00389028    
   3.12000012       1.00387645    
   3.12100005       1.00386524    
   3.12200022       1.00385153    
   3.12300014       1.00384021    
   3.12400007       1.00382662    
   3.12500024       1.00381541    
   3.12600017       1.00380182    
   3.12700009       1.00379074    
   3.12800026       1.00377727    
   3.12900019       1.00376618    
   3.13000011       1.00375271    
   3.13100004       1.00374174    
   3.13200021       1.00372827    
   3.13300014       1.00371730    
   3.13400006       1.00370407    
   3.13500023       1.00369310    
   3.13600016       1.00367987    
   3.13700008       1.00366902    
   3.13800025       1.00365579    
   3.13900018       1.00364506    
   3.14000010       1.00363195    
   3.14100003       1.00362122    
   3.14200020       1.00360811    
   3.14300013       1.00359738    
   3.14400005       1.00358438    
   3.14500022       1.00357378    
   3.14600015       1.00356078    
   3.14700007       1.00355017    
   3.14800024       1.00353730    
   3.14900017       1.00352669    
   3.15000010       1.00351381    
   3.15100026       1.00350344    
   3.15200019       1.00349057    
   3.15300012       1.00348020    
   3.15400004       1.00346744    
   3.15500021       1.00345707    
   3.15600014       1.00344431    
   3.15700006       1.00343406    
   3.15800023       1.00342143    
   3.15900016       1.00341105    
   3.16000009       1.00339854    
   3.16100025       1.00338829    
   3.16200018       1.00337577    
   3.16300011       1.00336552    
   3.16400003       1.00335312    
   3.16500020       1.00334299    
   3.16600013       1.00333047    
   3.16700006       1.00332046    
   3.16800022       1.00330806    
   3.16900015       1.00329804    
   3.17000008       1.00328565    
   3.17100024       1.00327563    
   3.17200017       1.00326347    
   3.17300010       1.00325346    
   3.17400026       1.00324130    
   3.17500019       1.00323129    
   3.17600012       1.00321913    
   3.17700005       1.00320923    
   3.17800021       1.00319719    
   3.17900014       1.00318730    
   3.18000007       1.00317526    
   3.18100023       1.00316548    
   3.18200016       1.00315344    
   3.18300009       1.00314367    
   3.18400025       1.00313175    
   3.18500018       1.00312209    
   3.18600011       1.00311017    
   3.18700004       1.00310051    
   3.18800020       1.00308859    
   3.18900013       1.00307894    
   3.19000006       1.00306726    
   3.19100022       1.00305760    
   3.19200015       1.00304580    
   3.19300008       1.00303626    
   3.19400024       1.00302458    
   3.19500017       1.00301504    
   3.19600010       1.00300348    
   3.19700027       1.00299394    
   3.19800019       1.00298238    
   3.19900012       1.00297284    
   3.20000005       1.00296128    
   3.20100021       1.00295186    
   3.20200014       1.00294042    
   3.20300007       1.00293100    
   3.20400023       1.00291955    
   3.20500016       1.00291026    
   3.20600009       1.00289881    
   3.20700026       1.00288951    
   3.20800018       1.00287819    
   3.20900011       1.00286889    
   3.21000004       1.00285757    
   3.21100020       1.00284839    
   3.21200013       1.00283706    
   3.21300006       1.00282788    
   3.21400023       1.00281668    
   3.21500015       1.00280750    
   3.21600008       1.00279629    
   3.21700025       1.00278723    
   3.21800017       1.00277603    
   3.21900010       1.00276697    
   3.22000027       1.00275588    
   3.22100019       1.00274682    
   3.22200012       1.00273573    
   3.22300005       1.00272679    
   3.22400022       1.00271571    
   3.22500014       1.00270677    
   3.22600007       1.00269580    
   3.22700024       1.00268686    
   3.22800016       1.00267601    
   3.22900009       1.00266707    
   3.23000026       1.00265622    
   3.23100019       1.00264740    
   3.23200011       1.00263643    
   3.23300004       1.00262773    
   3.23400021       1.00261688    
   3.23500013       1.00260806    
   3.23600006       1.00259733    
   3.23700023       1.00258863    
   3.23800015       1.00257778    
   3.23900008       1.00256908    
   3.24000025       1.00255847    
   3.24100018       1.00254977    
   3.24200010       1.00253916    
   3.24300027       1.00253046    
   3.24400020       1.00251985    
   3.24500012       1.00251126    
   3.24600005       1.00250065    
   3.24700022       1.00249219    
   3.24800014       1.00248158    
   3.24900007       1.00247312    
   3.25000024       1.00246263    
   3.25100017       1.00245404    
   3.25200009       1.00244367    
   3.25300026       1.00243521    
   3.25400019       1.00242472    
   3.25500011       1.00241637    
   3.25600004       1.00240600    
   3.25700021       1.00239754    
   3.25800014       1.00238729    
   3.25900006       1.00237882    
   3.26000023       1.00236857    
   3.26100016       1.00236022    
   3.26200008       1.00234997    
   3.26300025       1.00234175    
   3.26400018       1.00233150    
   3.26500010       1.00232327    
   3.26600027       1.00231302    
   3.26700020       1.00230479    
   3.26800013       1.00229466    
   3.26900005       1.00228655    
   3.27000022       1.00227642    
   3.27100015       1.00226831    
   3.27200007       1.00225818    
   3.27300024       1.00225008    
   3.27400017       1.00224006    
   3.27500010       1.00223196    
   3.27600026       1.00222194    
   3.27700019       1.00221395    
   3.27800012       1.00220394    
   3.27900004       1.00219595    
   3.28000021       1.00218606    
   3.28100014       1.00217807    
   3.28200006       1.00216818    
   3.28300023       1.00216019    
   3.28400016       1.00215042    
   3.28500009       1.00214243    
   3.28600025       1.00213265    
   3.28700018       1.00212479    
   3.28800011       1.00211501    
   3.28900027       1.00210714    
   3.29000020       1.00209749    
   3.29100013       1.00208962    
   3.29200006       1.00207996    
   3.29300022       1.00207222    
   3.29400015       1.00206244    
   3.29500008       1.00205481    
   3.29600024       1.00204515    
   3.29700017       1.00203753    
   3.29800010       1.00202787    
   3.29900026       1.00202024    
   3.30000019       1.00201058    
   3.30100012       1.00200307    
   3.30200005       1.00199342    
   3.30300021       1.00198591    
   3.30400014       1.00197637    
   3.30500007       1.00196886    
   3.30600023       1.00195944    
   3.30700016       1.00195193    
   3.30800009       1.00194252    
   3.30900025       1.00193501    
   3.31000018       1.00192559    
   3.31100011       1.00191820    
   3.31200027       1.00190878    
   3.31300020       1.00190139    
   3.31400013       1.00189209    
   3.31500006       1.00188470    
   3.31600022       1.00187540    
   3.31700015       1.00186813    
   3.31800008       1.00185883    
   3.31900024       1.00185156    
   3.32000017       1.00184238    
   3.32100010       1.00183511    
   3.32200027       1.00182593    
   3.32300019       1.00181866    
   3.32400012       1.00180960    
   3.32500005       1.00180233    
   3.32600021       1.00179327    
   3.32700014       1.00178611    
   3.32800007       1.00177705    
   3.32900023       1.00176990    
   3.33000016       1.00176084    
   3.33100009       1.00175381    
   3.33200026       1.00174487    
   3.33300018       1.00173771    
   3.33400011       1.00172877    
   3.33500028       1.00172174    
   3.33600020       1.00171292    
   3.33700013       1.00170588    
   3.33800006       1.00169706    
   3.33900023       1.00169003    
   3.34000015       1.00168121    
   3.34100008       1.00167429    
   3.34200025       1.00166547    
   3.34300017       1.00165856    
   3.34400010       1.00164986    
   3.34500027       1.00164294    
   3.34600019       1.00163424    
   3.34700012       1.00162745    
   3.34800005       1.00161874    
   3.34900022       1.00161195    
   3.35000014       1.00160336    
   3.35100007       1.00159657    
   3.35200024       1.00158799    
   3.35300016       1.00158131    
   3.35400009       1.00157273    
   3.35500026       1.00156605    
   3.35600019       1.00155747    
   3.35700011       1.00155079    
   3.35800028       1.00154233    
   3.35900021       1.00153565    
   3.36000013       1.00152731    
   3.36100006       1.00152075    
   3.36200023       1.00151229    
   3.36300015       1.00150573    
   3.36400008       1.00149739    
   3.36500025       1.00149083    
   3.36600018       1.00148249    
   3.36700010       1.00147605    
   3.36800027       1.00146782    
   3.36900020       1.00146127    
   3.37000012       1.00145304    
   3.37100005       1.00144660    
   3.37200022       1.00143850    
   3.37300014       1.00143206    
   3.37400007       1.00142384    
   3.37500024       1.00141752    
   3.37600017       1.00140941    
   3.37700009       1.00140309    
   3.37800026       1.00139499    
   3.37900019       1.00138867    
   3.38000011       1.00138068    
   3.38100004       1.00137448    
   3.38200021       1.00136650    
   3.38300014       1.00136018    
   3.38400006       1.00135231    
   3.38500023       1.00134611    
   3.38600016       1.00133812    
   3.38700008       1.00133204    
   3.38800025       1.00132418    
   3.38900018       1.00131798    
   3.39000010       1.00131023    
   3.39100027       1.00130415    
   3.39200020       1.00129628    
   3.39300013       1.00129032    
   3.39400005       1.00128257    
   3.39500022       1.00127649    
   3.39600015       1.00126886    
   3.39700007       1.00126278    
   3.39800024       1.00125515    
   3.39900017       1.00124919    
   3.40000010       1.00124156    
   3.40100026       1.00123560    
   3.40200019       1.00122809    
   3.40300012       1.00122213    
   3.40400004       1.00121462    
   3.40500021       1.00120878    
   3.40600014       1.00120127    
   3.40700006       1.00119543    
   3.40800023       1.00118804    
   3.40900016       1.00118232    
   3.41000009       1.00117493    
   3.41100025       1.00116909    
   3.41200018       1.00116169    
   3.41300011       1.00115609    
   3.41400027       1.00114870    
   3.41500020       1.00114298    
   3.41600013       1.00113583    
   3.41700006       1.00113010    
   3.41800022       1.00112295    
   3.41900015       1.00111723    
   3.42000008       1.00111008    
   3.42100024       1.00110447    
   3.42200017       1.00109732    
   3.42300010       1.00109184    
   3.42400026       1.00108469    
   3.42500019       1.00107920    
   3.42600012       1.00107217    
   3.42700005       1.00106668    
   3.42800021       1.00105965    
   3.42900014       1.00105417    
   3.43000007       1.00104725    
   3.43100023       1.00104177    
   3.43200016       1.00103498    
   3.43300009       1.00102949    
   3.43400025       1.00102270    
   3.43500018       1.00101733    
   3.43600011       1.00101054    
   3.43700027       1.00100517    
   3.43800020       1.00099838    
   3.43900013       1.00099313    
   3.44000006       1.00098634    
   3.44100022       1.00098109    
   3.44200015       1.00097442    
   3.44300008       1.00096917    
   3.44400024       1.00096262    
   3.44500017       1.00095737    
   3.44600010       1.00095081    
   3.44700027       1.00094569    
   3.44800019       1.00093913    
   3.44900012       1.00093400    
   3.45000005       1.00092745    
   3.45100021       1.00092244    
   3.45200014       1.00091600    
   3.45300007       1.00091088    
   3.45400023       1.00090444    
   3.45500016       1.00089943    
   3.45600009       1.00089312    
   3.45700026       1.00088811    
   3.45800018       1.00088179    
   3.45900011       1.00087690    
   3.46000028       1.00087059    
   3.46100020       1.00086570    
   3.46200013       1.00085950    
   3.46300006       1.00085461    
   3.46400023       1.00084841    
   3.46500015       1.00084352    
   3.46600008       1.00083745    
   3.46700025       1.00083256    
   3.46800017       1.00082648    
   3.46900010       1.00082171    
   3.47000027       1.00081563    
   3.47100019       1.00081098    
   3.47200012       1.00080490    
   3.47300005       1.00080025    
   3.47400022       1.00079429    
   3.47500014       1.00078964    
   3.47600007       1.00078368    
   3.47700024       1.00077903    
   3.47800016       1.00077319    
   3.47900009       1.00076866    
   3.48000026       1.00076282    
   3.48100019       1.00075829    
   3.48200011       1.00075245    
   3.48300028       1.00074792    
   3.48400021       1.00074220    
   3.48500013       1.00073779    
   3.48600006       1.00073206    
   3.48700023       1.00072765    
   3.48800015       1.00072193    
   3.48900008       1.00071752    
   3.49000025       1.00071204    
   3.49100018       1.00070763    
   3.49200010       1.00070202    
   3.49300027       1.00069773    
   3.49400020       1.00069213    
   3.49500012       1.00068784    
   3.49600005       1.00068247    
   3.49700022       1.00067818    
   3.49800014       1.00067270    
   3.49900007       1.00066853    
   3.50000024       1.00066316    
   3.50100017       1.00065887    
   3.50200009       1.00065362    
   3.50300026       1.00064945    
   3.50400019       1.00064421    
   3.50500011       1.00064003    
   3.50600028       1.00063479    
   3.50700021       1.00063074    
   3.50800014       1.00062549    
   3.50900006       1.00062144    
   3.51000023       1.00061631    
   3.51100016       1.00061226    
   3.51200008       1.00060725    
   3.51300025       1.00060320    
   3.51400018       1.00059819    
   3.51500010       1.00059426    
   3.51600027       1.00058925    
   3.51700020       1.00058532    
   3.51800013       1.00058031    
   3.51900005       1.00057650    
   3.52000022       1.00057149    
   3.52100015       1.00056767    
   3.52200007       1.00056279    
   3.52300024       1.00055897    
   3.52400017       1.00055420    
   3.52500010       1.00055039    
   3.52600026       1.00054562    
   3.52700019       1.00054181    
   3.52800012       1.00053716    
   3.52900028       1.00053346    
   3.53000021       1.00052869    
   3.53100014       1.00052500    
   3.53200006       1.00052047    
   3.53300023       1.00051677    
   3.53400016       1.00051212    
   3.53500009       1.00050855    
   3.53600025       1.00050402    
   3.53700018       1.00050044    
   3.53800011       1.00049591    
   3.53900027       1.00049233    
   3.54000020       1.00048792    
   3.54100013       1.00048435    
   3.54200006       1.00047994    
   3.54300022       1.00047648    
   3.54400015       1.00047207    
   3.54500008       1.00046861    
   3.54600024       1.00046432    
   3.54700017       1.00046086    
   3.54800010       1.00045657    
   3.54900026       1.00045323    
   3.55000019       1.00044894    
   3.55100012       1.00044560    
   3.55200028       1.00044143    
   3.55300021       1.00043809    
   3.55400014       1.00043392    
   3.55500007       1.00043070    
   3.55600023       1.00042653    
   3.55700016       1.00042331    
   3.55800009       1.00041926    
   3.55900025       1.00041604    
   3.56000018       1.00041199    
   3.56100011       1.00040877    
   3.56200027       1.00040483    
   3.56300020       1.00040162    
   3.56400013       1.00039768    
   3.56500006       1.00039458    
   3.56600022       1.00039065    
   3.56700015       1.00038755    
   3.56800008       1.00038373    
   3.56900024       1.00038064    
   3.57000017       1.00037682    
   3.57100010       1.00037384    
   3.57200027       1.00037003    
   3.57300019       1.00036705    
   3.57400012       1.00036323    
   3.57500029       1.00036025    
   3.57600021       1.00035655    
   3.57700014       1.00035369    
   3.57800007       1.00035000    
   3.57900023       1.00034714    
   3.58000016       1.00034344    
   3.58100009       1.00034058    
   3.58200026       1.00033700    
   3.58300018       1.00033414    
   3.58400011       1.00033069    
   3.58500028       1.00032783    
   3.58600020       1.00032437    
   3.58700013       1.00032163    
   3.58800006       1.00031805    
   3.58900023       1.00031531    
   3.59000015       1.00031197    
   3.59100008       1.00030923    
   3.59200025       1.00030577    
   3.59300017       1.00030315    
   3.59400010       1.00029981    
   3.59500027       1.00029719    
   3.59600019       1.00029385    
   3.59700012       1.00029123    
   3.59800029       1.00028789    
   3.59900022       1.00028539    
   3.60000014       1.00028205    
   3.60100007       1.00027955    
   3.60200024       1.00027633    
   3.60300016       1.00027382    
   3.60400009       1.00027061    
   3.60500026       1.00026810    
   3.60600019       1.00026500    
   3.60700011       1.00026250    
   3.60800028       1.00025940    
   3.60900021       1.00025702    
   3.61000013       1.00025392    
   3.61100006       1.00025153    
   3.61200023       1.00024843    
   3.61300015       1.00024605    
   3.61400008       1.00024307    
   3.61500025       1.00024068    
   3.61600018       1.00023782    
   3.61700010       1.00023544    
   3.61800027       1.00023258    
   3.61900020       1.00023019    
   3.62000012       1.00022733    
   3.62100029       1.00022507    
   3.62200022       1.00022221    
   3.62300014       1.00021994    
   3.62400007       1.00021720    
   3.62500024       1.00021493    
   3.62600017       1.00021219    
   3.62700009       1.00020993    
   3.62800026       1.00020719    
   3.62900019       1.00020504    
   3.63000011       1.00020230    
   3.63100028       1.00020015    
   3.63200021       1.00019753    
   3.63300014       1.00019538    
   3.63400006       1.00019276    
   3.63500023       1.00019062    
   3.63600016       1.00018799    
   3.63700008       1.00018597    
   3.63800025       1.00018334    
   3.63900018       1.00018132    
   3.64000010       1.00017881    
   3.64100027       1.00017679    
   3.64200020       1.00017428    
   3.64300013       1.00017238    
   3.64400029       1.00016987    
   3.64500022       1.00016785    
   3.64600015       1.00016546    
   3.64700007       1.00016344    
   3.64800024       1.00016105    
   3.64900017       1.00015914    
   3.65000010       1.00015676    
   3.65100026       1.00015485    
   3.65200019       1.00015259    
   3.65300012       1.00015068    
   3.65400028       1.00014830    
   3.65500021       1.00014651    
   3.65600014       1.00014424    
   3.65700006       1.00014234    
   3.65800023       1.00014019    
   3.65900016       1.00013840    
   3.66000009       1.00013614    
   3.66100025       1.00013435    
   3.66200018       1.00013220    
   3.66300011       1.00013041    
   3.66400027       1.00012827    
   3.66500020       1.00012648    
   3.66600013       1.00012434    
   3.66700006       1.00012267    
   3.66800022       1.00012052    
   3.66900015       1.00011885    
   3.67000008       1.00011683    
   3.67100024       1.00011516    
   3.67200017       1.00011313    
   3.67300010       1.00011146    
   3.67400026       1.00010943    
   3.67500019       1.00010788    
   3.67600012       1.00010586    
   3.67700028       1.00010431    
   3.67800021       1.00010228    
   3.67900014       1.00010073    
   3.68000007       1.00009882    
   3.68100023       1.00009727    
   3.68200016       1.00009537    
   3.68300009       1.00009382    
   3.68400025       1.00009191    
   3.68500018       1.00009048    
   3.68600011       1.00008857    
   3.68700027       1.00008714    
   3.68800020       1.00008523    
   3.68900013       1.00008380    
   3.69000006       1.00008202    
   3.69100022       1.00008059    
   3.69200015       1.00007880    
   3.69300008       1.00007737    
   3.69400024       1.00007570    
   3.69500017       1.00007427    
   3.69600010       1.00007260    
   3.69700027       1.00007117    
   3.69800019       1.00006950    
   3.69900012       1.00006819    
   3.70000029       1.00006652    
   3.70100021       1.00006509    
   3.70200014       1.00006354    
   3.70300007       1.00006211    
   3.70400023       1.00006056    
   3.70500016       1.00005925    
   3.70600009       1.00005770    
   3.70700026       1.00005639    
   3.70800018       1.00005484    
   3.70900011       1.00005364    
   3.71000028       1.00005209    
   3.71100020       1.00005078    
   3.71200013       1.00004935    
   3.71300006       1.00004804    
   3.71400023       1.00004661    
   3.71500015       1.00004542    
   3.71600008       1.00004399    
   3.71700025       1.00004280    
   3.71800017       1.00004137    
   3.71900010       1.00004017    
   3.72000027       1.00003874    
   3.72100019       1.00003767    
   3.72200012       1.00003624    
   3.72300029       1.00003517    
   3.72400022       1.00003374    
   3.72500014       1.00003266    
   3.72600007       1.00003123    
   3.72700024       1.00003016    
   3.72800016       1.00002885    
   3.72900009       1.00002778    
   3.73000026       1.00002646    
   3.73100019       1.00002539    
   3.73200011       1.00002420    
   3.73300028       1.00002313    
   3.73400021       1.00002193    
   3.73500013       1.00002086    
   3.73600006       1.00001967    
   3.73700023       1.00001860    
   3.73800015       1.00001740    
   3.73900008       1.00001645    
   3.74000025       1.00001526    
   3.74100018       1.00001431    
   3.74200010       1.00001311    
   3.74300027       1.00001216    
   3.74400020       1.00001109    
   3.74500012       1.00001013    
   3.74600029       1.00000894    
   3.74700022       1.00000799    
   3.74800014       1.00000691    
   3.74900007       1.00000608    
   3.75000024       1.00000501    
   3.75100017       1.00000405    
   3.75200009       1.00000298    
   3.75300026       1.00000215    
   3.75400019       1.00000119    
   3.75500011       1.00000024    
   3.75600028      0.999999285    
   3.75700021      0.999998450    
   3.75800014      0.999997437    
   3.75900006      0.999996603    
   3.76000023      0.999995649    
   3.76100016      0.999994814    
   3.76200008      0.999993920    
   3.76300025      0.999993086    
   3.76400018      0.999992192    
   3.76500010      0.999991357    
   3.76600027      0.999990463    
   3.76700020      0.999989688    
   3.76800013      0.999988794    
   3.76900029      0.999988079    
   3.77000022      0.999987245    
   3.77100015      0.999986470    
   3.77200007      0.999985635    
   3.77300024      0.999984920    
   3.77400017      0.999984086    
   3.77500010      0.999983370    
   3.77600026      0.999982536    
   3.77700019      0.999981821    
   3.77800012      0.999981046    
   3.77900028      0.999980390    
   3.78000021      0.999979615    
   3.78100014      0.999978960    
   3.78200006      0.999978185    
   3.78300023      0.999977529    
   3.78400016      0.999976754    
   3.78500009      0.999976158    
   3.78600025      0.999975443    
   3.78700018      0.999974847    
   3.78800011      0.999974132    
   3.78900027      0.999973536    
   3.79000020      0.999972820    
   3.79100013      0.999972224    
   3.79200029      0.999971569    
   3.79300022      0.999970973    
   3.79400015      0.999970376    
   3.79500008      0.999969780    
   3.79600024      0.999969125    
   3.79700017      0.999968588    
   3.79800010      0.999967992    
   3.79900026      0.999967396    
   3.80000019      0.999966860    
   3.80100012      0.999966323    
   3.80200028      0.999965727    
   3.80300021      0.999965250    
   3.80400014      0.999964654    
   3.80500007      0.999964178    
   3.80600023      0.999963641    
   3.80700016      0.999963105    
   3.80800009      0.999962628    
   3.80900025      0.999962091    
   3.81000018      0.999961615    
   3.81100011      0.999961078    
   3.81200027      0.999960601    
   3.81300020      0.999960184    
   3.81400013      0.999959707    
   3.81500030      0.999959230    
   3.81600022      0.999958754    
   3.81700015      0.999958336    
   3.81800008      0.999957919    
   3.81900024      0.999957502    
   3.82000017      0.999957025    
   3.82100010      0.999956667    
   3.82200027      0.999956250    
   3.82300019      0.999955773    
   3.82400012      0.999955416    
   3.82500029      0.999954998    
   3.82600021      0.999954641    
   3.82700014      0.999954283    
   3.82800007      0.999953926    
   3.82900023      0.999953508    
   3.83000016      0.999953210    
   3.83100009      0.999952793    
   3.83200026      0.999952495    
   3.83300018      0.999952137    
   3.83400011      0.999951839    
   3.83500028      0.999951482    
   3.83600020      0.999951184    
   3.83700013      0.999950886    
   3.83800030      0.999950588    
   3.83900023      0.999950230    
   3.84000015      0.999949992    
   3.84100008      0.999949634    
   3.84200025      0.999949396    
   3.84300017      0.999949098    
   3.84400010      0.999948859    
   3.84500027      0.999948561    
   3.84600019      0.999948323    
   3.84700012      0.999948025    
   3.84800029      0.999947846    
   3.84900022      0.999947548    
   3.85000014      0.999947369    
   3.85100007      0.999947131    
   3.85200024      0.999946952    
   3.85300016      0.999946713    
   3.85400009      0.999946475    
   3.85500026      0.999946237    
   3.85600019      0.999946117    
   3.85700011      0.999945819    
   3.85800028      0.999945700    
   3.85900021      0.999945462    
   3.86000013      0.999945343    
   3.86100030      0.999945104    
   3.86200023      0.999944985    
   3.86300015      0.999944746    
   3.86400008      0.999944687    
   3.86500025      0.999944508    
   3.86600018      0.999944389    
   3.86700010      0.999944210    
   3.86800027      0.999944150    
   3.86900020      0.999943972    
   3.87000012      0.999943852    
   3.87100029      0.999943674    
   3.87200022      0.999943614    
   3.87300014      0.999943435    
   3.87400007      0.999943435    
   3.87500024      0.999943197    
   3.87600017      0.999943197    
   3.87700009      0.999943078    
   3.87800026      0.999943018    
   3.87900019      0.999942899    
   3.88000011      0.999942839    
   3.88100028      0.999942780    
   3.88200021      0.999942780    
   3.88300014      0.999942660    
   3.88400030      0.999942660    
   3.88500023      0.999942601    
   3.88600016      0.999942541    
   3.88700008      0.999942422    
   3.88800025      0.999942482    
   3.88900018      0.999942422    
   3.89000010      0.999942422    
   3.89100027      0.999942362    
   3.89200020      0.999942422    
   3.89300013      0.999942303    
   3.89400029      0.999942362    
   3.89500022      0.999942303    
   3.89600015      0.999942362    
   3.89700007      0.999942303    
   3.89800024      0.999942422    
   3.89900017      0.999942362    
   3.90000010      0.999942422    
   3.90100026      0.999942422    
   3.90200019      0.999942482    
   3.90300012      0.999942422    
   3.90400028      0.999942601    
   3.90500021      0.999942541    
   3.90600014      0.999942660    
   3.90700030      0.999942601    
   3.90800023      0.999942780    
   3.90900016      0.999942780    
   3.91000009      0.999942899    
   3.91100025      0.999942839    
   3.91200018      0.999943018    
   3.91300011      0.999943018    
   3.91400027      0.999943197    
   3.91500020      0.999943197    
   3.91600013      0.999943316    
   3.91700029      0.999943435    
   3.91800022      0.999943554    
   3.91900015      0.999943554    
   3.92000008      0.999943733    
   3.92100024      0.999943793    
   3.92200017      0.999943972    
   3.92300010      0.999943972    
   3.92400026      0.999944210    
   3.92500019      0.999944270    
   3.92600012      0.999944448    
   3.92700028      0.999944448    
   3.92800021      0.999944687    
   3.92900014      0.999944746    
   3.93000031      0.999944985    
   3.93100023      0.999945045    
   3.93200016      0.999945283    
   3.93300009      0.999945343    
   3.93400025      0.999945581    
   3.93500018      0.999945641    
   3.93600011      0.999945879    
   3.93700027      0.999945939    
   3.93800020      0.999946237    
   3.93900013      0.999946296    
   3.94000030      0.999946535    
   3.94100022      0.999946654    
   3.94200015      0.999946892    
   3.94300008      0.999947011    
   3.94400024      0.999947250    
   3.94500017      0.999947369    
   3.94600010      0.999947667    
   3.94700027      0.999947786    
   3.94800019      0.999948025    
   3.94900012      0.999948204    
   3.95000029      0.999948442    
   3.95100021      0.999948561    
   3.95200014      0.999948919    
   3.95300007      0.999949038    
   3.95400023      0.999949336    
   3.95500016      0.999949455    
   3.95600009      0.999949813    
   3.95700026      0.999949932    
   3.95800018      0.999950230    
   3.95900011      0.999950349    
   3.96000028      0.999950707    
   3.96100020      0.999950826    
   3.96200013      0.999951184    
   3.96300030      0.999951363    
   3.96400023      0.999951661    
   3.96500015      0.999951899    
   3.96600008      0.999952137    
   3.96700025      0.999952376    
   3.96800017      0.999952674    
   3.96900010      0.999952912    
   3.97000027      0.999953210    
   3.97100019      0.999953449    
   3.97200012      0.999953806    
   3.97300029      0.999953985    
   3.97400022      0.999954343    
   3.97500014      0.999954522    
   3.97600007      0.999954820    
   3.97700024      0.999955118    
   3.97800016      0.999955475    
   3.97900009      0.999955714    
   3.98000026      0.999956012    
   3.98100019      0.999956310    
   3.98200011      0.999956608    
   3.98300028      0.999956846    
   3.98400021      0.999957204    
   3.98500013      0.999957442    
   3.98600030      0.999957860    
   3.98700023      0.999958038    
   3.98800015      0.999958456    
   3.98900008      0.999958694    
   3.99000025      0.999958992    
   3.99100018      0.999959230    
   3.99200010      0.999959648    
   3.99300027      0.999959946    
   3.99400020      0.999960303    
   3.99500012      0.999960601    
   3.99600029      0.999960959    
   3.99700022      0.999961257    
   3.99800014      0.999961555    
   3.99900007      0.999961853    
   4.00000000      0.999962211    
   4.00100040      0.999962509    
   4.00200033      0.999962926    
   4.00300026      0.999963224    
   4.00400019      0.999963582    
   4.00500011      0.999963939    
   4.00600004      0.999964237    
   4.00699997      0.999964535    
   4.00800037      0.999964893    
   4.00900030      0.999965250    
   4.01000023      0.999965668    
   4.01100016      0.999966025    
   4.01200008      0.999966323    
   4.01300001      0.999966741    
   4.01400042      0.999967039    
   4.01500034      0.999967396    
   4.01600027      0.999967813    
   4.01700020      0.999968112    
   4.01800013      0.999968529    
   4.01900005      0.999968886    
   4.01999998      0.999969244    
   4.02100039      0.999969602    
   4.02200031      0.999969900    
   4.02300024      0.999970317    
   4.02400017      0.999970675    
   4.02500010      0.999971032    
   4.02600002      0.999971449    
   4.02700043      0.999971867    
   4.02800035      0.999972224    
   4.02900028      0.999972641    
   4.03000021      0.999972939    
   4.03100014      0.999973297    
   4.03200006      0.999973714    
   4.03299999      0.999974012    
   4.03400040      0.999974489    
   4.03500032      0.999974906    
   4.03600025      0.999975264    
   4.03700018      0.999975622    
   4.03800011      0.999975979    
   4.03900003      0.999976456    
   4.03999996      0.999976754    
   4.04100037      0.999977171    
   4.04200029      0.999977589    
   4.04300022      0.999978065    
   4.04400015      0.999978364    
   4.04500008      0.999978840    
   4.04600000      0.999979138    
   4.04700041      0.999979556    
   4.04800034      0.999980032    
   4.04900026      0.999980330    
   4.05000019      0.999980867    
   4.05100012      0.999981165    
   4.05200005      0.999981582    
   4.05299997      0.999981999    
   4.05400038      0.999982357    
   4.05500031      0.999982715    
   4.05600023      0.999983132    
   4.05700016      0.999983549    
   4.05800009      0.999983966    
   4.05900002      0.999984384    
   4.06000042      0.999984741    
   4.06100035      0.999985158    
   4.06200027      0.999985576    
   4.06300020      0.999986053    
   4.06400013      0.999986470    
   4.06500006      0.999986708    
   4.06599998      0.999987245    
   4.06700039      0.999987662    
   4.06800032      0.999988019    
   4.06900024      0.999988437    
   4.07000017      0.999988794    
   4.07100010      0.999989271    
   4.07200003      0.999989629    
   4.07300043      0.999990046    
   4.07400036      0.999990582    
   4.07500029      0.999990940    
   4.07600021      0.999991238    
   4.07700014      0.999991834    
   4.07800007      0.999992073    
   4.07900000      0.999992549    
   4.08000040      0.999993265    
   4.08100033      0.999993265    
   4.08200026      0.999993920    
   4.08300018      0.999994278    
   4.08400011      0.999994695    
   4.08500004      0.999995232    
   4.08599997      0.999995232    
   4.08700037      0.999996006    
   4.08800030      0.999996364    
   4.08900023      0.999996305    
   4.09000015      0.999996722    
   4.09100008      0.999997854    
   4.09200001      0.999997914    
   4.09300041      0.999998629    
   4.09400034      0.999998212    
   4.09500027      0.999999940    
   4.09600019      0.999999285    
