   1.00000005E-03   1.00135803E-05
   2.00000009E-03   1.00135803E-05
   3.00000003E-03   6.97374344E-06
   4.00000019E-03   1.00135803E-05
   5.00000035E-03   8.46385956E-06
   6.00000005E-03   6.97374344E-06
   7.00000022E-03   5.78165054E-06
   8.00000038E-03   1.00135803E-05
   9.00000054E-03   4.05311584E-06
   1.00000007E-02   8.46385956E-06
   1.10000009E-02   3.45706940E-06
   1.20000001E-02   6.97374344E-06
   1.30000003E-02   9.95397568E-06
   1.40000004E-02   5.78165054E-06
   1.50000006E-02   8.40425491E-06
   1.60000008E-02   1.00135803E-05
   1.70000009E-02   6.91413879E-06
   1.80000011E-02   4.05311584E-06
   1.90000013E-02   1.13844872E-05
   2.00000014E-02   8.46385956E-06
   2.10000016E-02   5.84125519E-06
   2.20000017E-02   3.45706940E-06
   2.30000019E-02   9.47713852E-06
   2.40000002E-02   6.97374344E-06
   2.50000004E-02   4.82797623E-06
   2.60000005E-02   9.95397568E-06
   2.70000007E-02   7.80820847E-06
   2.80000009E-02   5.78165054E-06
   2.90000010E-02   3.99351120E-06
   3.00000012E-02   8.40425491E-06
   3.10000014E-02   6.55651093E-06
   3.20000015E-02   1.00135803E-05
   3.29999998E-02   2.68220901E-06
   3.40000018E-02   6.91413879E-06
   3.50000001E-02   1.07288361E-05
   3.60000022E-02   4.05311584E-06
   3.70000005E-02   7.74860382E-06
   3.80000025E-02   1.13844872E-05
   3.90000008E-02   5.06639481E-06
   4.00000028E-02   8.46385956E-06
   4.10000011E-02   2.56299973E-06
   4.20000032E-02   5.84125519E-06
   4.30000015E-02   8.94069672E-06
   4.40000035E-02   3.45706940E-06
   4.50000018E-02   6.43730164E-06
   4.60000038E-02   9.47713852E-06
   4.70000021E-02   4.17232513E-06
   4.80000004E-02   6.97374344E-06
   4.90000024E-02   9.71555710E-06
   5.00000007E-02   4.82797623E-06
   5.10000028E-02   7.45058060E-06
   5.20000011E-02   9.95397568E-06
   5.30000031E-02   5.42402267E-06
   5.40000014E-02   7.80820847E-06
   5.50000034E-02   5.78165054E-06
   5.60000017E-02   5.78165054E-06
   5.70000038E-02   8.16583633E-06
   5.80000021E-02   3.99351120E-06
   5.90000041E-02   6.19888306E-06
   6.00000024E-02   8.40425491E-06
   6.10000044E-02   4.47034836E-06
   6.20000027E-02   6.55651093E-06
   6.30000010E-02   4.94718552E-06
   6.40000030E-02   1.00135803E-05
   6.50000051E-02   7.15255737E-07
   6.59999996E-02   2.68220901E-06
   6.70000017E-02   4.88758087E-06
   6.80000037E-02   6.91413879E-06
   6.90000057E-02   8.94069672E-06
   7.00000003E-02   1.07288361E-05
   7.10000023E-02   2.08616257E-06
   7.20000044E-02   4.05311584E-06
   7.30000064E-02   6.02006912E-06
   7.40000010E-02   7.74860382E-06
   7.50000030E-02   9.53674316E-06
   7.60000050E-02   1.13844872E-05
   7.70000070E-02   3.39746475E-06
   7.80000016E-02   5.06639481E-06
   7.90000036E-02   6.67572021E-06
   8.00000057E-02   8.46385956E-06
   8.10000002E-02   1.00135803E-05
   8.20000023E-02   2.56299973E-06
   8.30000043E-02   4.23192978E-06
   8.40000063E-02   5.84125519E-06
   8.50000009E-02   7.45058060E-06
   8.60000029E-02   8.94069672E-06
   8.70000049E-02   1.04308128E-05
   8.80000070E-02   3.45706940E-06
   8.90000015E-02   4.94718552E-06
   9.00000036E-02   6.43730164E-06
   9.10000056E-02   7.92741776E-06
   9.20000076E-02   9.47713852E-06
   9.30000022E-02   1.07884407E-05
   9.40000042E-02   4.17232513E-06
   9.50000063E-02   5.66244125E-06
   9.60000008E-02   6.97374344E-06
   9.70000029E-02   8.34465027E-06
   9.80000049E-02   9.71555710E-06
   9.90000069E-02   3.51667404E-06
  0.100000001       4.82797623E-06
  0.101000004       6.19888306E-06
  0.102000006       7.45058060E-06
  0.103000008       8.76188278E-06
  0.104000002       9.95397568E-06
  0.105000004       4.11272049E-06
  0.106000006       5.42402267E-06
  0.107000008       6.67572021E-06
  0.108000003       7.80820847E-06
  0.109000005       9.00030136E-06
  0.110000007       5.78165054E-06
  0.111000009       4.64916229E-06
  0.112000003       5.78165054E-06
  0.113000005       6.97374344E-06
  0.114000008       8.16583633E-06
  0.115000002       9.23871994E-06
  0.116000004       3.99351120E-06
  0.117000006       5.06639481E-06
  0.118000008       6.19888306E-06
  0.119000003       7.27176666E-06
  0.120000005       8.40425491E-06
  0.121000007       9.47713852E-06
  0.122000009       4.47034836E-06
  0.123000003       5.42402267E-06
  0.124000005       6.55651093E-06
  0.125000000       7.56978989E-06
  0.126000002       4.94718552E-06
  0.127000004       9.05990601E-06
  0.128000006       1.00135803E-05
  0.129000008       1.10864639E-05
  0.130000010       7.15255737E-07
  0.131000012       1.84774399E-06
  0.131999999       2.68220901E-06
  0.133000001       3.81469727E-06
  0.134000003       4.88758087E-06
  0.135000005       5.96046448E-06
  0.136000007       6.91413879E-06
  0.137000009       7.92741776E-06
  0.138000011       8.94069672E-06
  0.139000013       9.95397568E-06
  0.140000001       1.07288361E-05
  0.141000003       9.53674316E-06
  0.142000005       2.08616257E-06
  0.143000007       3.03983688E-06
  0.144000009       4.05311584E-06
  0.145000011       5.00679016E-06
  0.146000013       6.02006912E-06
  0.147000000       6.79492950E-06
  0.148000002       7.74860382E-06
  0.149000004       8.70227814E-06
  0.150000006       9.53674316E-06
  0.151000008       1.04308128E-05
  0.152000010       1.13844872E-05
  0.153000012       2.44379044E-06
  0.154000014       3.39746475E-06
  0.155000001       4.11272049E-06
  0.156000003       5.06639481E-06
  0.157000005       5.90085983E-06
  0.158000007       6.67572021E-06
  0.159000009       7.56978989E-06
  0.160000011       8.46385956E-06
  0.161000013       9.23871994E-06
  0.162000000       1.00135803E-05
  0.163000003       1.07884407E-05
  0.164000005       2.56299973E-06
  0.165000007       3.45706940E-06
  0.166000009       4.23192978E-06
  0.167000011       5.06639481E-06
  0.168000013       5.84125519E-06
  0.169000015       6.67572021E-06
  0.170000002       7.45058060E-06
  0.171000004       8.16583633E-06
  0.172000006       8.94069672E-06
  0.173000008       9.65595245E-06
  0.174000010       1.04308128E-05
  0.175000012       2.74181366E-06
  0.176000014       3.45706940E-06
  0.177000001       4.23192978E-06
  0.178000003       4.94718552E-06
  0.179000005       5.72204590E-06
  0.180000007       6.43730164E-06
  0.181000009       7.27176666E-06
  0.182000011       7.92741776E-06
  0.183000013       8.70227814E-06
  0.184000015       9.47713852E-06
  0.185000002       1.00731850E-05
  0.186000004       1.07884407E-05
  0.187000006       3.51667404E-06
  0.188000008       4.17232513E-06
  0.189000010       4.88758087E-06
  0.190000013       5.66244125E-06
  0.191000015       6.31809235E-06
  0.192000002       6.97374344E-06
  0.193000004       7.62939453E-06
  0.194000006       8.34465027E-06
  0.195000008       9.00030136E-06
  0.196000010       9.71555710E-06
  0.197000012       1.03712082E-05
  0.198000014       3.51667404E-06
  0.199000016       4.17232513E-06
  0.200000003       4.82797623E-06
  0.201000005       5.48362732E-06
  0.202000007       6.19888306E-06
  0.203000009       6.85453415E-06
  0.204000011       7.45058060E-06
  0.205000013       8.04662704E-06
  0.206000015       8.76188278E-06
  0.207000017       9.35792923E-06
  0.208000004       9.95397568E-06
  0.209000006       3.39746475E-06
  0.210000008       4.11272049E-06
  0.211000010       4.70876694E-06
  0.212000012       5.42402267E-06
  0.213000014       6.02006912E-06
  0.214000016       6.67572021E-06
  0.215000004       7.21216202E-06
  0.216000006       7.80820847E-06
  0.217000008       8.46385956E-06
  0.218000010       9.00030136E-06
  0.219000012       9.59634781E-06
  0.220000014       5.78165054E-06
  0.221000016       4.05311584E-06
  0.222000018       4.64916229E-06
  0.223000005       5.18560410E-06
  0.224000007       5.78165054E-06
  0.225000009       6.43730164E-06
  0.226000011       6.97374344E-06
  0.227000013       7.56978989E-06
  0.228000015       8.16583633E-06
  0.229000017       8.70227814E-06
  0.230000004       9.23871994E-06
  0.231000006       9.83476639E-06
  0.232000008       3.99351120E-06
  0.233000010       4.52995300E-06
  0.234000012       5.06639481E-06
  0.235000014       5.66244125E-06
  0.236000016       6.19888306E-06
  0.237000018       6.79492950E-06
  0.238000005       7.27176666E-06
  0.239000008       7.86781311E-06
  0.240000010       8.40425491E-06
  0.241000012       8.88109207E-06
  0.242000014       9.47713852E-06
  0.243000016       3.87430191E-06
  0.244000018       4.47034836E-06
  0.245000005       4.94718552E-06
  0.246000007       5.42402267E-06
  0.247000009       6.02006912E-06
  0.248000011       6.55651093E-06
  0.249000013       7.09295273E-06
  0.250000000       7.56978989E-06
  0.251000017       4.52995300E-06
  0.252000004       4.94718552E-06
  0.253000021       2.56299973E-06
  0.254000008       9.05990601E-06
  0.255000025       3.75509262E-06
  0.256000012       1.00135803E-05
  0.256999999       4.76837158E-06
  0.258000016       1.10864639E-05
  0.259000003       5.84125519E-06
  0.260000020       7.15255737E-07
  0.261000007       6.85453415E-06
  0.262000024       1.84774399E-06
  0.263000011       7.92741776E-06
  0.263999999       2.68220901E-06
  0.265000015       9.00030136E-06
  0.266000003       3.81469727E-06
  0.267000020       1.00731850E-05
  0.268000007       4.88758087E-06
  0.269000024       1.09672546E-05
  0.270000011       5.96046448E-06
  0.271000028       1.01327896E-06
  0.272000015       6.91413879E-06
  0.273000002       1.96695328E-06
  0.274000019       7.92741776E-06
  0.275000006       3.03983688E-06
  0.276000023       8.94069672E-06
  0.277000010       3.99351120E-06
  0.278000027       9.95397568E-06
  0.279000014       5.00679016E-06
  0.280000001       1.07288361E-05
  0.281000018       6.02006912E-06
  0.282000005       9.53674316E-06
  0.283000022       6.85453415E-06
  0.284000009       2.08616257E-06
  0.285000026       7.86781311E-06
  0.286000013       3.03983688E-06
  0.287000000       8.70227814E-06
  0.288000017       4.05311584E-06
  0.289000005       9.59634781E-06
  0.290000021       5.00679016E-06
  0.291000009       1.05500221E-05
  0.292000026       6.02006912E-06
  0.293000013       1.15036964E-05
  0.294000000       6.79492950E-06
  0.295000017       2.32458115E-06
  0.296000004       7.74860382E-06
  0.297000021       3.21865082E-06
  0.298000008       8.70227814E-06
  0.299000025       4.17232513E-06
  0.300000012       9.53674316E-06
  0.301000029       5.12599945E-06
  0.302000016       1.04308128E-05
  0.303000003       5.90085983E-06
  0.304000020       1.13844872E-05
  0.305000007       6.85453415E-06
  0.306000024       2.44379044E-06
  0.307000011       7.68899918E-06
  0.308000028       3.39746475E-06
  0.309000015       8.58306885E-06
  0.310000002       4.11272049E-06
  0.311000019       9.47713852E-06
  0.312000006       5.06639481E-06
  0.313000023       1.01923943E-05
  0.314000010       5.90085983E-06
  0.315000027       1.10864639E-05
  0.316000015       6.67572021E-06
  0.317000002       2.44379044E-06
  0.318000019       7.56978989E-06
  0.319000006       3.27825546E-06
  0.320000023       8.46385956E-06
  0.321000010       4.17232513E-06
  0.322000027       9.23871994E-06
  0.323000014       5.06639481E-06
  0.324000001       1.00135803E-05
  0.325000018       5.84125519E-06
  0.326000005       1.07884407E-05
  0.327000022       6.73532486E-06
  0.328000009       2.56299973E-06
  0.329000026       7.51018524E-06
  0.330000013       3.45706940E-06
  0.331000030       8.34465027E-06
  0.332000017       4.23192978E-06
  0.333000004       9.11951065E-06
  0.334000021       5.06639481E-06
  0.335000008       9.89437103E-06
  0.336000025       5.84125519E-06
  0.337000012       1.07288361E-05
  0.338000029       6.67572021E-06
  0.339000016       2.62260437E-06
  0.340000004       7.45058060E-06
  0.341000021       3.51667404E-06
  0.342000008       8.16583633E-06
  0.343000025       4.35113907E-06
  0.344000012       8.94069672E-06
  0.345000029       5.00679016E-06
  0.346000016       9.65595245E-06
  0.347000003       5.78165054E-06
  0.348000020       1.04308128E-05
  0.349000007       6.49690628E-06
  0.350000024       2.74181366E-06
  0.351000011       7.33137131E-06
  0.352000028       3.45706940E-06
  0.353000015       8.04662704E-06
  0.354000002       4.23192978E-06
  0.355000019       8.82148743E-06
  0.356000006       4.94718552E-06
  0.357000023       9.53674316E-06
  0.358000010       5.72204590E-06
  0.359000027       1.03116035E-05
  0.360000014       6.43730164E-06
  0.361000031       2.80141830E-06
  0.362000018       7.27176666E-06
  0.363000005       3.45706940E-06
  0.364000022       7.92741776E-06
  0.365000010       4.23192978E-06
  0.366000026       8.70227814E-06
  0.367000014       4.94718552E-06
  0.368000031       9.47713852E-06
  0.369000018       5.72204590E-06
  0.370000005       1.00731850E-05
  0.371000022       6.43730164E-06
  0.372000009       1.07884407E-05
  0.373000026       7.21216202E-06
  0.374000013       3.51667404E-06
  0.375000030       7.86781311E-06
  0.376000017       4.17232513E-06
  0.377000004       8.46385956E-06
  0.378000021       4.88758087E-06
  0.379000008       9.11951065E-06
  0.380000025       5.66244125E-06
  0.381000012       9.83476639E-06
  0.382000029       6.31809235E-06
  0.383000016       1.04904175E-05
  0.384000003       6.97374344E-06
  0.385000020       3.45706940E-06
  0.386000007       7.62939453E-06
  0.387000024       4.23192978E-06
  0.388000011       8.34465027E-06
  0.389000028       4.88758087E-06
  0.390000015       9.00030136E-06
  0.391000032       5.66244125E-06
  0.392000020       9.71555710E-06
  0.393000007       6.19888306E-06
  0.394000024       1.03712082E-05
  0.395000011       6.91413879E-06
  0.396000028       3.51667404E-06
  0.397000015       7.56978989E-06
  0.398000032       4.17232513E-06
  0.399000019       8.28504562E-06
  0.400000006       4.82797623E-06
  0.401000023       8.94069672E-06
  0.402000010       5.48362732E-06
  0.403000027       9.59634781E-06
  0.404000014       6.19888306E-06
  0.405000031       1.02519989E-05
  0.406000018       6.85453415E-06
  0.407000005       3.45706940E-06
  0.408000022       7.45058060E-06
  0.409000009       4.05311584E-06
  0.410000026       8.04662704E-06
  0.411000013       4.76837158E-06
  0.412000030       8.76188278E-06
  0.413000017       5.42402267E-06
  0.414000034       9.35792923E-06
  0.415000021       6.02006912E-06
  0.416000009       9.95397568E-06
  0.417000026       6.73532486E-06
  0.418000013       3.39746475E-06
  0.419000030       7.33137131E-06
  0.420000017       4.11272049E-06
  0.421000034       7.98702240E-06
  0.422000021       4.70876694E-06
  0.423000008       8.52346420E-06
  0.424000025       5.42402267E-06
  0.425000012       9.17911530E-06
  0.426000029       6.02006912E-06
  0.427000016       9.77516174E-06
  0.428000033       6.67572021E-06
  0.429000020       3.45706940E-06
  0.430000007       7.21216202E-06
  0.431000024       4.05311584E-06
  0.432000011       7.80820847E-06
  0.433000028       4.76837158E-06
  0.434000015       8.46385956E-06
  0.435000032       5.36441803E-06
  0.436000019       9.00030136E-06
  0.437000006       5.96046448E-06
  0.438000023       9.59634781E-06
  0.439000010       6.43730164E-06
  0.440000027       5.78165054E-06
  0.441000015       7.09295273E-06
  0.442000031       4.05311584E-06
  0.443000019       7.68899918E-06
  0.444000036       4.64916229E-06
  0.445000023       8.22544098E-06
  0.446000010       5.18560410E-06
  0.447000027       8.88109207E-06
  0.448000014       5.78165054E-06
  0.449000031       9.41753387E-06
  0.450000018       6.43730164E-06
  0.451000035       5.54323196E-06
  0.452000022       6.97374344E-06
  0.453000009       3.93390656E-06
  0.454000026       7.56978989E-06
  0.455000013       4.58955765E-06
  0.456000030       8.16583633E-06
  0.457000017       5.12599945E-06
  0.458000034       8.70227814E-06
  0.459000021       5.78165054E-06
  0.460000008       9.23871994E-06
  0.461000025       6.31809235E-06
  0.462000012       9.83476639E-06
  0.463000029       6.91413879E-06
  0.464000016       3.99351120E-06
  0.465000033       7.51018524E-06
  0.466000021       4.52995300E-06
  0.467000008       7.98702240E-06
  0.468000025       5.06639481E-06
  0.469000012       8.52346420E-06
  0.470000029       5.66244125E-06
  0.471000016       9.05990601E-06
  0.472000033       6.19888306E-06
  0.473000020       9.59634781E-06
  0.474000037       6.79492950E-06
  0.475000024       3.87430191E-06
  0.476000011       7.27176666E-06
  0.477000028       4.41074371E-06
  0.478000015       7.86781311E-06
  0.479000032       5.06639481E-06
  0.480000019       8.40425491E-06
  0.481000036       5.60283661E-06
  0.482000023       8.88109207E-06
  0.483000010       6.07967377E-06
  0.484000027       9.47713852E-06
  0.485000014       6.61611557E-06
  0.486000031       3.87430191E-06
  0.487000018       7.15255737E-06
  0.488000035       4.47034836E-06
  0.489000022       7.74860382E-06
  0.490000010       4.94718552E-06
  0.491000026       8.22544098E-06
  0.492000014       5.42402267E-06
  0.493000031       8.82148743E-06
  0.494000018       6.02006912E-06
  0.495000035       9.35792923E-06
  0.496000022       6.55651093E-06
  0.497000009       3.75509262E-06
  0.498000026       7.09295273E-06
  0.499000013       4.35113907E-06
  0.500000000       7.56978989E-06
  0.501000047       7.15255737E-06
  0.502000034       4.52995300E-06
  0.503000021       7.68899918E-06
  0.504000008       4.94718552E-06
  0.504999995       8.16583633E-06
  0.506000042       2.56299973E-06
  0.507000029       1.16229057E-05
  0.508000016       9.05990601E-06
  0.509000003       6.31809235E-06
  0.510000050       3.75509262E-06
  0.511000037       1.07288361E-06
  0.512000024       1.00135803E-05
  0.513000011       7.45058060E-06
  0.513999999       4.76837158E-06
  0.515000045       2.20537186E-06
  0.516000032       1.10864639E-05
  0.517000020       8.40425491E-06
  0.518000007       5.84125519E-06
  0.519000053       3.33786011E-06
  0.520000041       7.15255737E-07
  0.521000028       9.47713852E-06
  0.522000015       6.85453415E-06
  0.523000002       4.35113907E-06
  0.524000049       1.84774399E-06
  0.525000036       1.05500221E-05
  0.526000023       7.92741776E-06
  0.527000010       5.30481339E-06
  0.527999997       2.68220901E-06
  0.529000044       1.16229057E-05
  0.530000031       9.00030136E-06
  0.531000018       6.37769699E-06
  0.532000005       3.81469727E-06
  0.533000052       1.37090683E-06
  0.534000039       1.00731850E-05
  0.535000026       7.45058060E-06
  0.536000013       4.88758087E-06
  0.537000000       2.32458115E-06
  0.538000047       1.09672546E-05
  0.539000034       8.52346420E-06
  0.540000021       5.96046448E-06
  0.541000009       3.39746475E-06
  0.542000055       1.01327896E-06
  0.543000042       9.41753387E-06
  0.544000030       6.91413879E-06
  0.545000017       4.47034836E-06
  0.546000004       1.96695328E-06
  0.547000051       1.04904175E-05
  0.548000038       7.92741776E-06
  0.549000025       5.42402267E-06
  0.550000012       3.03983688E-06
  0.550999999       1.13844872E-05
  0.552000046       8.94069672E-06
  0.553000033       6.43730164E-06
  0.554000020       3.99351120E-06
  0.555000007       1.49011612E-06
  0.556000054       9.95397568E-06
  0.557000041       7.51018524E-06
  0.558000028       5.00679016E-06
  0.559000015       2.56299973E-06
  0.560000002       1.07288361E-05
  0.561000049       8.52346420E-06
  0.562000036       6.02006912E-06
  0.563000023       3.51667404E-06
  0.564000010       9.53674316E-06
  0.564999998       9.17911530E-06
  0.566000044       6.85453415E-06
  0.567000031       4.52995300E-06
  0.568000019       2.08616257E-06
  0.569000006       1.01327896E-05
  0.570000052       7.86781311E-06
  0.571000040       5.42402267E-06
  0.572000027       3.03983688E-06
  0.573000014       1.11460686E-05
  0.574000001       8.70227814E-06
  0.575000048       6.43730164E-06
  0.576000035       4.05311584E-06
  0.577000022       1.66893005E-06
  0.578000009       9.59634781E-06
  0.579000056       7.39097595E-06
  0.580000043       5.00679016E-06
  0.581000030       2.68220901E-06
  0.582000017       1.05500221E-05
  0.583000004       8.16583633E-06
  0.584000051       6.02006912E-06
  0.585000038       3.69548798E-06
  0.586000025       1.15036964E-05
  0.587000012       9.11951065E-06
  0.588000000       6.79492950E-06
  0.589000046       4.52995300E-06
  0.590000033       2.32458115E-06
  0.591000021       1.00731850E-05
  0.592000008       7.74860382E-06
  0.593000054       5.54323196E-06
  0.594000041       3.21865082E-06
  0.595000029       1.09076500E-05
  0.596000016       8.70227814E-06
  0.597000003       6.37769699E-06
  0.598000050       4.17232513E-06
  0.599000037       1.90734863E-06
  0.600000024       9.53674316E-06
  0.601000011       7.21216202E-06
  0.602000058       5.12599945E-06
  0.603000045       2.86102295E-06
  0.604000032       1.04308128E-05
  0.605000019       8.16583633E-06
  0.606000006       5.90085983E-06
  0.607000053       3.75509262E-06
  0.608000040       1.13844872E-05
  0.609000027       9.11951065E-06
  0.610000014       6.85453415E-06
  0.611000001       4.58955765E-06
  0.612000048       2.44379044E-06
  0.613000035       9.89437103E-06
  0.614000022       7.68899918E-06
  0.615000010       5.54323196E-06
  0.616000056       3.39746475E-06
  0.617000043       1.08480453E-05
  0.618000031       8.58306885E-06
  0.619000018       6.37769699E-06
  0.620000005       4.11272049E-06
  0.621000051       2.08616257E-06
  0.622000039       9.47713852E-06
  0.623000026       7.27176666E-06
  0.624000013       5.06639481E-06
  0.625000000       2.86102295E-06
  0.626000047       1.01923943E-05
  0.627000034       8.10623169E-06
  0.628000021       5.90085983E-06
  0.629000008       3.69548798E-06
  0.630000055       1.10864639E-05
  0.631000042       8.88109207E-06
  0.632000029       6.67572021E-06
  0.633000016       4.58955765E-06
  0.634000003       2.44379044E-06
  0.635000050       9.77516174E-06
  0.636000037       7.56978989E-06
  0.637000024       5.42402267E-06
  0.638000011       3.27825546E-06
  0.639000058       1.05500221E-05
  0.640000045       8.46385956E-06
  0.641000032       6.31809235E-06
  0.642000020       4.17232513E-06
  0.643000007       8.16583633E-06
  0.644000053       9.23871994E-06
  0.645000041       7.09295273E-06
  0.646000028       5.06639481E-06
  0.647000015       2.92062759E-06
  0.648000002       1.00135803E-05
  0.649000049       7.98702240E-06
  0.650000036       5.84125519E-06
  0.651000023       3.75509262E-06
  0.652000010       1.07884407E-05
  0.653000057       8.88109207E-06
  0.654000044       6.73532486E-06
  0.655000031       4.64916229E-06
  0.656000018       2.56299973E-06
  0.657000005       9.53674316E-06
  0.658000052       7.51018524E-06
  0.659000039       5.54323196E-06
  0.660000026       3.45706940E-06
  0.661000013       1.03712082E-05
  0.662000060       8.34465027E-06
  0.663000047       6.31809235E-06
  0.664000034       4.23192978E-06
  0.665000021       1.10864639E-05
  0.666000009       9.11951065E-06
  0.667000055       7.15255737E-06
  0.668000042       5.06639481E-06
  0.669000030       3.03983688E-06
  0.670000017       9.89437103E-06
  0.671000004       7.80820847E-06
  0.672000051       5.84125519E-06
  0.673000038       3.87430191E-06
  0.674000025       1.07288361E-05
  0.675000012       8.64267349E-06
  0.676000059       6.67572021E-06
  0.677000046       4.64916229E-06
  0.678000033       2.62260437E-06
  0.679000020       9.41753387E-06
  0.680000007       7.45058060E-06
  0.681000054       5.54323196E-06
  0.682000041       3.51667404E-06
  0.683000028       1.01923943E-05
  0.684000015       8.16583633E-06
  0.685000062       6.25848770E-06
  0.686000049       4.35113907E-06
  0.687000036       1.10268593E-05
  0.688000023       8.94069672E-06
  0.689000010       6.91413879E-06
  0.690000057       5.00679016E-06
  0.691000044       3.03983688E-06
  0.692000031       9.65595245E-06
  0.693000019       7.74860382E-06
  0.694000006       5.78165054E-06
  0.695000052       3.87430191E-06
  0.696000040       1.04308128E-05
  0.697000027       8.46385956E-06
  0.698000014       6.49690628E-06
  0.699000061       4.58955765E-06
  0.700000048       2.74181366E-06
  0.701000035       9.23871994E-06
  0.702000022       7.33137131E-06
  0.703000009       5.36441803E-06
  0.704000056       3.45706940E-06
  0.705000043       9.95397568E-06
  0.706000030       8.04662704E-06
  0.707000017       6.13927841E-06
  0.708000004       4.23192978E-06
  0.709000051       1.07884407E-05
  0.710000038       8.82148743E-06
  0.711000025       6.85453415E-06
  0.712000012       4.94718552E-06
  0.713000059       3.09944153E-06
  0.714000046       9.53674316E-06
  0.715000033       7.68899918E-06
  0.716000021       5.72204590E-06
  0.717000008       3.81469727E-06
  0.718000054       1.03116035E-05
  0.719000041       8.34465027E-06
  0.720000029       6.43730164E-06
  0.721000016       4.52995300E-06
  0.722000062       2.80141830E-06
  0.723000050       9.17911530E-06
  0.724000037       7.27176666E-06
  0.725000024       5.36441803E-06
  0.726000011       3.45706940E-06
  0.727000058       9.83476639E-06
  0.728000045       7.92741776E-06
  0.729000032       6.13927841E-06
  0.730000019       4.23192978E-06
  0.731000006       1.04904175E-05
  0.732000053       8.70227814E-06
  0.733000040       6.85453415E-06
  0.734000027       4.94718552E-06
  0.735000014       3.09944153E-06
  0.736000061       9.47713852E-06
  0.737000048       7.62939453E-06
  0.738000035       5.72204590E-06
  0.739000022       3.87430191E-06
  0.740000010       1.00731850E-05
  0.741000056       8.28504562E-06
  0.742000043       6.43730164E-06
  0.743000031       4.58955765E-06
  0.744000018       1.07884407E-05
  0.745000064       9.05990601E-06
  0.746000051       7.21216202E-06
  0.747000039       5.36441803E-06
  0.748000026       3.51667404E-06
  0.749000013       9.65595245E-06
  0.750000060       7.86781311E-06
  0.751000047       6.02006912E-06
  0.752000034       4.17232513E-06
  0.753000021       1.03116035E-05
  0.754000008       8.46385956E-06
  0.755000055       6.73532486E-06
  0.756000042       4.88758087E-06
  0.757000029       3.09944153E-06
  0.758000016       9.11951065E-06
  0.759000063       7.45058060E-06
  0.760000050       5.66244125E-06
  0.761000037       3.81469727E-06
  0.762000024       9.83476639E-06
  0.763000011       8.04662704E-06
  0.764000058       6.31809235E-06
  0.765000045       4.52995300E-06
  0.766000032       1.04904175E-05
  0.767000020       8.76188278E-06
  0.768000007       6.97374344E-06
  0.769000053       5.24520874E-06
  0.770000041       3.45706940E-06
  0.771000028       9.41753387E-06
  0.772000015       7.62939453E-06
  0.773000062       5.96046448E-06
  0.774000049       4.23192978E-06
  0.775000036       1.01327896E-05
  0.776000023       8.34465027E-06
  0.777000010       6.61611557E-06
  0.778000057       4.88758087E-06
  0.779000044       3.15904617E-06
  0.780000031       9.00030136E-06
  0.781000018       7.27176666E-06
  0.782000065       5.66244125E-06
  0.783000052       3.87430191E-06
  0.784000039       9.71555710E-06
  0.785000026       7.98702240E-06
  0.786000013       6.19888306E-06
  0.787000060       4.52995300E-06
  0.788000047       1.03712082E-05
  0.789000034       8.58306885E-06
  0.790000021       6.91413879E-06
  0.791000009       5.18560410E-06
  0.792000055       3.51667404E-06
  0.793000042       9.29832458E-06
  0.794000030       7.56978989E-06
  0.795000017       5.84125519E-06
  0.796000063       4.17232513E-06
  0.797000051       9.95397568E-06
  0.798000038       8.28504562E-06
  0.799000025       6.55651093E-06
  0.800000012       4.82797623E-06
  0.801000059       6.49690628E-06
  0.802000046       8.94069672E-06
  0.803000033       7.21216202E-06
  0.804000020       5.48362732E-06
  0.805000067       3.87430191E-06
  0.806000054       9.59634781E-06
  0.807000041       7.92741776E-06
  0.808000028       6.19888306E-06
  0.809000015       4.47034836E-06
  0.810000062       1.02519989E-05
  0.811000049       8.52346420E-06
  0.812000036       6.85453415E-06
  0.813000023       5.06639481E-06
  0.814000010       3.45706940E-06
  0.815000057       9.11951065E-06
  0.816000044       7.45058060E-06
  0.817000031       5.78165054E-06
  0.818000019       4.05311584E-06
  0.819000065       9.77516174E-06
  0.820000052       8.04662704E-06
  0.821000040       6.37769699E-06
  0.822000027       4.76837158E-06
  0.823000014       1.03712082E-05
  0.824000061       8.76188278E-06
  0.825000048       7.09295273E-06
  0.826000035       5.42402267E-06
  0.827000022       3.75509262E-06
  0.828000069       9.35792923E-06
  0.829000056       7.68899918E-06
  0.830000043       6.02006912E-06
  0.831000030       4.47034836E-06
  0.832000017       9.95397568E-06
  0.833000064       8.34465027E-06
  0.834000051       6.73532486E-06
  0.835000038       5.06639481E-06
  0.836000025       3.39746475E-06
  0.837000012       8.88109207E-06
  0.838000059       7.33137131E-06
  0.839000046       5.78165054E-06
  0.840000033       4.11272049E-06
  0.841000021       9.59634781E-06
  0.842000067       7.98702240E-06
  0.843000054       6.37769699E-06
  0.844000041       4.70876694E-06
  0.845000029       1.01327896E-05
  0.846000016       8.52346420E-06
  0.847000062       6.97374344E-06
  0.848000050       5.42402267E-06
  0.849000037       1.07884407E-05
  0.850000024       9.17911530E-06
  0.851000011       7.56978989E-06
  0.852000058       6.02006912E-06
  0.853000045       1.13844872E-05
  0.854000032       9.77516174E-06
  0.855000019       8.16583633E-06
  0.856000066       1.36494637E-05
  0.857000053       1.20401382E-05
  0.858000040       1.04308128E-05
  0.859000027       1.57356262E-05
  0.860000014       1.41263008E-05
  0.861000061       1.95503235E-05
  0.862000048       1.78813934E-05
  0.863000035       2.31862068E-05
  0.864000022       2.84910202E-05
  0.865000069       3.39150429E-05
  0.866000056       3.91602516E-05
  0.867000043       4.44054604E-05
  0.868000031       4.96506691E-05
  0.869000018       6.17504120E-05
  0.870000064       7.38501549E-05
  0.871000051       8.58902931E-05
  0.872000039       1.04725361E-04
  0.873000026       1.16705894E-04
  0.874000013       1.42335892E-04
  0.875000060       1.67906284E-04
  0.876000047       1.93297863E-04
  0.877000034       2.25484371E-04
  0.878000021       2.64406204E-04
  0.879000068       3.10122967E-04
  0.880000055       3.62396240E-04
  0.881000042       4.21285629E-04
  0.882000029       4.93586063E-04
  0.883000016       5.72562218E-04
  0.884000063       6.58094883E-04
  0.885000050       7.56800175E-04
  0.886000037       8.75473022E-04
  0.887000024       1.00064278E-03
  0.888000071       1.15174055E-03
  0.889000058       1.31052732E-03
  0.890000045       1.49500370E-03
  0.891000032       1.70588493E-03
  0.892000020       1.93625689E-03
  0.893000066       2.19303370E-03
  0.894000053       2.48241425E-03
  0.895000041       2.80439854E-03
  0.896000028       3.15898657E-03
  0.897000015       3.55261564E-03
  0.898000062       3.98528576E-03
  0.899000049       4.46331501E-03
  0.900000036       4.99325991E-03
  0.901000023       5.56838512E-03
  0.902000070       6.20174408E-03
  0.903000057       6.89959526E-03
  0.904000044       7.65532255E-03
  0.905000031       8.48180056E-03
  0.906000018       9.38534737E-03
  0.907000065       1.03659034E-02
  0.908000052       1.14229321E-02
  0.909000039       1.25760436E-02
  0.910000026       1.38183236E-02
  0.911000073       1.51625872E-02
  0.912000060       1.66084766E-02
  0.913000047       1.81621313E-02
  0.914000034       1.98363066E-02
  0.915000021       2.16305852E-02
  0.916000068       2.35576034E-02
  0.917000055       2.56168842E-02
  0.918000042       2.78145075E-02
  0.919000030       3.01629901E-02
  0.920000017       3.26619148E-02
  0.921000063       3.53173614E-02
  0.922000051       3.81414294E-02
  0.923000038       4.11401391E-02
  0.924000025       4.43193913E-02
  0.925000072       4.76788878E-02
  0.926000059       5.12304306E-02
  0.927000046       5.49865365E-02
  0.928000033       5.89402318E-02
  0.929000020       6.31034374E-02
  0.930000067       6.74884915E-02
  0.931000054       7.20945001E-02
  0.932000041       7.69272447E-02
  0.933000028       8.19923878E-02
  0.934000015       8.73016715E-02
  0.935000062       9.28488970E-02
  0.936000049       9.86512303E-02
  0.937000036      0.104702294    
  0.938000023      0.111013472    
  0.939000070      0.117590547    
  0.940000057      0.124432623    
  0.941000044      0.131545246    
  0.942000031      0.138933778    
  0.943000019      0.146603584    
  0.944000065      0.154547870    
  0.945000052      0.162777960    
  0.946000040      0.171293020    
  0.947000027      0.180098534    
  0.948000073      0.189193547    
  0.949000061      0.198577166    
  0.950000048      0.208254337    
  0.951000035      0.218219101    
  0.952000022      0.228481710    
  0.953000069      0.239035547    
  0.954000056      0.249879718    
  0.955000043      0.261017740    
  0.956000030      0.272441387    
  0.957000017      0.284157157    
  0.958000064      0.296159446    
  0.959000051      0.308447421    
  0.960000038      0.321014404    
  0.961000025      0.333864689    
  0.962000072      0.346990705    
  0.963000059      0.360388815    
  0.964000046      0.374050438    
  0.965000033      0.387983978    
  0.966000021      0.402173460    
  0.967000067      0.416617334    
  0.968000054      0.431314349    
  0.969000041      0.446257591    
  0.970000029      0.461434960    
  0.971000075      0.476850569    
  0.972000062      0.492493927    
  0.973000050      0.508358598    
  0.974000037      0.524435222    
  0.975000024      0.540722430    
  0.976000071      0.557209015    
  0.977000058      0.573890090    
  0.978000045      0.590757847    
  0.979000032      0.607804656    
  0.980000019      0.625023186    
  0.981000066      0.642407179    
  0.982000053      0.659945130    
  0.983000040      0.677632809    
  0.984000027      0.695459068    
  0.985000074      0.713417888    
  0.986000061      0.731500626    
  0.987000048      0.749698758    
  0.988000035      0.768002391    
  0.989000022      0.786406159    
  0.990000069      0.804900408    
  0.991000056      0.823476672    
  0.992000043      0.842125297    
  0.993000031      0.860840559    
  0.994000018      0.879609466    
  0.995000064      0.898430526    
  0.996000051      0.917288303    
  0.997000039      0.936180890    
  0.998000026      0.955093563    
  0.999000072      0.974026620    
   1.00000000      0.992960572    
   1.00100005       1.01190007    
   1.00200009       1.03082764    
   1.00300002       1.04973876    
   1.00400007       1.06862545    
   1.00500000       1.08748245    
   1.00600004       1.10629797    
   1.00700009       1.12507176    
   1.00800002       1.14378524    
   1.00900006       1.16244340    
   1.00999999       1.18102849    
   1.01100004       1.19954526    
   1.01200008       1.21797669    
   1.01300001       1.23632407    
   1.01400006       1.25457227    
   1.01500010       1.27272522    
   1.01600003       1.29076803    
   1.01700008       1.30870450    
   1.01800001       1.32651591    
   1.01900005       1.34421194    
   1.02000010       1.36177289    
   1.02100003       1.37920427    
   1.02200007       1.39649343    
   1.02300000       1.41364455    
   1.02400005       1.43064046    
   1.02500010       1.44749308    
   1.02600002       1.46417713    
   1.02700007       1.48071027    
   1.02800000       1.49706995    
   1.02900004       1.51326776    
   1.03000009       1.52928734    
   1.03100002       1.54513788    
   1.03200006       1.56080174    
   1.03299999       1.57629085    
   1.03400004       1.59158611    
   1.03500009       1.60670590    
   1.03600001       1.62162030    
   1.03700006       1.63635564    
   1.03800011       1.65088272    
   1.03900003       1.66522050    
   1.04000008       1.67935419    
   1.04100001       1.69329226    
   1.04200006       1.70702052    
   1.04300010       1.72055340    
   1.04400003       1.73386669    
   1.04500008       1.74698615    
   1.04600000       1.75988770    
   1.04700005       1.77258873    
   1.04800010       1.78507137    
   1.04900002       1.79734993    
   1.05000007       1.80941045    
   1.05100000       1.82126760    
   1.05200005       1.83290160    
   1.05300009       1.84433615    
   1.05400002       1.85554266    
   1.05500007       1.86654925    
   1.05599999       1.87733257    
   1.05700004       1.88791656    
   1.05800009       1.89827347    
   1.05900002       1.90843248    
   1.06000006       1.91836691    
   1.06100011       1.92810643    
   1.06200004       1.93761635    
   1.06300008       1.94693637    
   1.06400001       1.95603085    
   1.06500006       1.96492875    
   1.06600010       1.97361290    
   1.06700003       1.98210168    
   1.06800008       1.99037254    
   1.06900001       1.99845231    
   1.07000005       2.00632048    
   1.07100010       2.01399660    
   1.07200003       2.02146506    
   1.07300007       2.02874804    
   1.07400000       2.03581762    
   1.07500005       2.04271030    
   1.07600009       2.04939079    
   1.07700002       2.05589747    
   1.07800007       2.06219673    
   1.07900000       2.06832480    
   1.08000004       2.07424855    
   1.08100009       2.08000994    
   1.08200002       2.08556271    
   1.08300006       2.09095955    
   1.08400011       2.09615183    
   1.08500004       2.10118985    
   1.08600008       2.10603070    
   1.08700001       2.11072254    
   1.08800006       2.11521626    
   1.08900011       2.11956382    
   1.09000003       2.12372446    
   1.09100008       2.12773871    
   1.09200001       2.13157058    
   1.09300005       2.13526177    
   1.09400010       2.13877106    
   1.09500003       2.14214706    
   1.09600008       2.14534211    
   1.09700000       2.14840984    
   1.09800005       2.15129995    
   1.09900010       2.15406656    
   1.10000002       2.15666461    
   1.10100007       2.15913773    
   1.10200000       2.16145062    
   1.10300004       2.16363955    
   1.10400009       2.16567373    
   1.10500002       2.16758585    
   1.10600007       2.16935301    
   1.10699999       2.17100048    
   1.10800004       2.17250347    
   1.10900009       2.17389750    
   1.11000001       2.17514181    
   1.11100006       2.17628050    
   1.11200011       2.17728472    
   1.11300004       2.17818332    
   1.11400008       2.17895031    
   1.11500001       2.17961955    
   1.11600006       2.18015432    
   1.11700010       2.18059993    
   1.11800003       2.18091130    
   1.11900008       2.18113422    
   1.12000000       2.18123698    
   1.12100005       2.18124962    
   1.12200010       2.18114614    
   1.12300003       2.18096113    
   1.12400007       2.18065763    
   1.12500000       2.18028164    
   1.12600005       2.17978597    
   1.12700009       2.17922258    
   1.12800002       2.17854118    
   1.12900007       2.17779970    
   1.13000000       2.17694354    
   1.13100004       2.17602277    
   1.13200009       2.17500448    
   1.13300002       2.17392492    
   1.13400006       2.17273617    
   1.13500011       2.17149925    
   1.13600004       2.17015672    
   1.13700008       2.16876650    
   1.13800001       2.16727448    
   1.13900006       2.16573906    
   1.14000010       2.16410589    
   1.14100003       2.16243172    
   1.14200008       2.16066456    
   1.14300001       2.15885782    
   1.14400005       2.15695906    
   1.14500010       2.15502214    
   1.14600003       2.15300322    
   1.14700007       2.15094757    
   1.14800000       2.14880800    
   1.14900005       2.14663339    
   1.15000010       2.14438438    
   1.15100002       2.14210367    
   1.15200007       2.13974810    
   1.15300000       2.13736200    
   1.15400004       2.13490272    
   1.15500009       2.13242006    
   1.15600002       2.12986493    
   1.15700006       2.12728930    
   1.15800011       2.12463975    
   1.15900004       2.12197065    
   1.16000009       2.11924171    
   1.16100001       2.11649513    
   1.16200006       2.11367798    
   1.16300011       2.11084437    
   1.16400003       2.10795617    
   1.16500008       2.10504913    
   1.16600001       2.10208845    
   1.16700006       2.09911013    
   1.16800010       2.09607840    
   1.16900003       2.09303856    
   1.17000008       2.08994102    
   1.17100000       2.08683515    
   1.17200005       2.08368111    
   1.17300010       2.08052063    
   1.17400002       2.07730532    
   1.17500007       2.07408571    
   1.17600000       2.07082176    
   1.17700005       2.06755090    
   1.17800009       2.06423736    
   1.17900002       2.06092691    
   1.18000007       2.05756187    
   1.18100011       2.05420446    
   1.18200004       2.05079913    
   1.18300009       2.04739428    
   1.18400002       2.04395461    
   1.18500006       2.04051614    
   1.18600011       2.03703761    
   1.18700004       2.03357077    
   1.18800008       2.03005385    
   1.18900001       2.02654886    
   1.19000006       2.02301121    
   1.19100010       2.01947999    
   1.19200003       2.01590610    
   1.19300008       2.01234531    
   1.19400001       2.00875258    
   1.19500005       2.00517416    
   1.19600010       2.00155354    
   1.19700003       1.99794805    
   1.19800007       1.99431527    
   1.19900000       1.99069560    
   1.20000005       1.98703897    
   1.20100009       1.98339820    
   1.20200002       1.97973275    
   1.20300007       1.97607529    
   1.20400012       1.97239387    
   1.20500004       1.96872735    
   1.20600009       1.96503770    
   1.20700002       1.96136415    
   1.20800006       1.95765793    
   1.20900011       1.95397592    
   1.21000004       1.95026636    
   1.21100008       1.94657290    
   1.21200001       1.94286096    
   1.21300006       1.93916476    
   1.21400011       1.93544841    
   1.21500003       1.93175149    
   1.21600008       1.92803335    
   1.21700001       1.92433333    
   1.21800005       1.92061043    
   1.21900010       1.91690993    
   1.22000003       1.91319406    
   1.22100008       1.90950131    
   1.22200000       1.90578175    
   1.22300005       1.90208769    
   1.22400010       1.89837193    
   1.22500002       1.89468849    
   1.22600007       1.89097500    
   1.22700012       1.88729382    
   1.22800004       1.88359118    
   1.22900009       1.87991381    
   1.23000002       1.87622309    
   1.23100007       1.87255764    
   1.23200011       1.86886907    
   1.23300004       1.86520600    
   1.23400009       1.86153221    
   1.23500001       1.85788786    
   1.23600006       1.85422111    
   1.23700011       1.85058367    
   1.23800004       1.84693086    
   1.23900008       1.84330308    
   1.24000001       1.83966339    
   1.24100006       1.83605564    
   1.24200010       1.83242619    
   1.24300003       1.82883143    
   1.24400008       1.82521474    
   1.24500000       1.82163048    
   1.24600005       1.81803465    
   1.24700010       1.81446862    
   1.24800003       1.81088662    
   1.24900007       1.80733347    
   1.25000000       1.80377090    
   1.25100005       1.80023479    
   1.25200009       1.79668832    
   1.25300002       1.79317129    
   1.25400007       1.78964162    
   1.25500011       1.78614151    
   1.25600004       1.78263211    
   1.25700009       1.77914858    
   1.25800002       1.77565944    
   1.25900006       1.77219653    
   1.26000011       1.76872396    
   1.26100004       1.76528096    
   1.26200008       1.76182938    
   1.26300001       1.75840616    
   1.26400006       1.75497556    
   1.26500010       1.75157177    
   1.26600003       1.74816346    
   1.26700008       1.74478221    
   1.26800001       1.74139214    
   1.26900005       1.73803318    
   1.27000010       1.73466361    
   1.27100003       1.73132443    
   1.27200007       1.72797954    
   1.27300000       1.72466421    
   1.27400005       1.72133946    
   1.27500010       1.71804404    
   1.27600002       1.71474409    
   1.27700007       1.71147239    
   1.27800012       1.70819294    
   1.27900004       1.70494485    
   1.28000009       1.70168853    
   1.28100002       1.69846129    
   1.28200006       1.69522953    
   1.28300011       1.69202542    
   1.28400004       1.68881738    
   1.28500009       1.68563700    
   1.28600001       1.68245304    
   1.28700006       1.67929626    
   1.28800011       1.67613411    
   1.28900003       1.67300320    
   1.29000008       1.66986370    
   1.29100001       1.66675735    
   1.29200006       1.66364074    
   1.29300010       1.66055846    
   1.29400003       1.65746605    
   1.29500008       1.65440643    
   1.29600000       1.65133977    
   1.29700005       1.64830160    
   1.29800010       1.64526069    
   1.29900002       1.64225054    
   1.30000007       1.63923073    
   1.30100012       1.63624239    
   1.30200005       1.63324952    
   1.30300009       1.63028431    
   1.30400002       1.62731600    
   1.30500007       1.62437642    
   1.30600011       1.62143135    
   1.30700004       1.61851847    
   1.30800009       1.61559594    
   1.30900002       1.61270583    
   1.31000006       1.60980868    
   1.31100011       1.60694265    
   1.31200004       1.60407031    
   1.31300008       1.60122895    
   1.31400001       1.59838080    
   1.31500006       1.59556437    
   1.31600010       1.59273911    
   1.31700003       1.58994401    
   1.31800008       1.58714652    
   1.31900001       1.58437693    
   1.32000005       1.58160186    
   1.32100010       1.57885814    
   1.32200003       1.57610583    
   1.32300007       1.57338333    
   1.32400012       1.57065809    
   1.32500005       1.56796086    
   1.32600009       1.56525803    
   1.32700002       1.56258619    
   1.32800007       1.55990529    
   1.32900012       1.55725455    
   1.33000004       1.55460048    
   1.33100009       1.55197489    
   1.33200002       1.54934454    
   1.33300006       1.54674232    
   1.33400011       1.54413414    
   1.33500004       1.54155672    
   1.33600008       1.53897095    
   1.33700001       1.53641784    
   1.33800006       1.53385639    
   1.33900011       1.53132415    
   1.34000003       1.52878630    
   1.34100008       1.52627921    
   1.34200001       1.52376413    
   1.34300005       1.52127934    
   1.34400010       1.51878810    
   1.34500003       1.51632524    
   1.34600008       1.51385641    
   1.34700012       1.51141667    
   1.34800005       1.50897241    
   1.34900010       1.50655377    
   1.35000002       1.50413394    
   1.35100007       1.50173616    
   1.35200012       1.49933779    
   1.35300004       1.49696803    
   1.35400009       1.49458909    
   1.35500002       1.49224031    
   1.35600007       1.48988593    
   1.35700011       1.48755717    
   1.35800004       1.48522329    
   1.35900009       1.48291874    
   1.36000001       1.48060894    
   1.36100006       1.47832441    
   1.36200011       1.47603452    
   1.36300004       1.47376990    
   1.36400008       1.47150457    
   1.36500001       1.46926367    
   1.36600006       1.46701920    
   1.36700010       1.46480107    
   1.36800003       1.46257532    
   1.36900008       1.46037769    
   1.37000012       1.45817518    
   1.37100005       1.45599771    
   1.37200010       1.45381606    
   1.37300003       1.45166087    
   1.37400007       1.44950044    
   1.37500012       1.44736254    
   1.37600005       1.44522417    
   1.37700009       1.44310701    
   1.37800002       1.44099045    
   1.37900007       1.43889415    
   1.38000011       1.43679667    
   1.38100004       1.43472373    
   1.38200009       1.43264508    
   1.38300002       1.43059123    
   1.38400006       1.42853153    
   1.38500011       1.42649639    
   1.38600004       1.42445993    
   1.38700008       1.42244351    
   1.38800001       1.42042577    
   1.38900006       1.41843235    
   1.39000010       1.41643322    
   1.39100003       1.41445839    
   1.39200008       1.41247785    
   1.39300001       1.41052151    
   1.39400005       1.40856361    
   1.39500010       1.40662587    
   1.39600003       1.40468514    
   1.39700007       1.40276694    
   1.39800012       1.40084577    
   1.39900005       1.39894462    
   1.40000010       1.39704180    
   1.40100002       1.39516091    
   1.40200007       1.39327836    
   1.40300012       1.39141345    
   1.40400004       1.38955104    
   1.40500009       1.38770413    
   1.40600002       1.38585925    
   1.40700006       1.38403094    
   1.40800011       1.38220453    
   1.40900004       1.38039351    
   1.41000009       1.37858486    
   1.41100001       1.37679172    
   1.41200006       1.37500095    
   1.41300011       1.37322557    
   1.41400003       1.37145233    
   1.41500008       1.36969614    
   1.41600001       1.36793911    
   1.41700006       1.36619973    
   1.41800010       1.36446083    
   1.41900003       1.36273825    
   1.42000008       1.36101770    
   1.42100012       1.35931230    
   1.42200005       1.35760546    
   1.42300010       1.35591912    
   1.42400002       1.35423052    
   1.42500007       1.35255980    
   1.42600012       1.35088718    
   1.42700005       1.34923363    
   1.42800009       1.34757757    
   1.42900002       1.34593987    
   1.43000007       1.34430039    
   1.43100011       1.34268022    
   1.43200004       1.34105587    
   1.43300009       1.33945084    
   1.43400002       1.33784366    
   1.43500006       1.33625460    
   1.43600011       1.33466291    
   1.43700004       1.33309054    
   1.43800008       1.33151388    
   1.43900001       1.32995653    
   1.44000006       1.32839608    
   1.44100010       1.32685483    
   1.44200003       1.32530951    
   1.44300008       1.32378292    
   1.44400012       1.32225227    
   1.44500005       1.32074237    
   1.44600010       1.31922626    
   1.44700003       1.31773078    
   1.44800007       1.31623113    
   1.44900012       1.31474996    
   1.45000005       1.31326485    
   1.45100009       1.31179881    
   1.45200002       1.31032836    
   1.45300007       1.30887687    
   1.45400012       1.30742025    
   1.45500004       1.30598414    
   1.45600009       1.30454171    
   1.45700002       1.30311978    
   1.45800006       1.30169189    
   1.45900011       1.30028367    
   1.46000004       1.29887044    
   1.46100008       1.29747581    
   1.46200001       1.29607677    
   1.46300006       1.29469585    
   1.46400011       1.29331064    
   1.46500003       1.29194403    
   1.46600008       1.29057193    
   1.46700013       1.28921986    
   1.46800005       1.28786135    
   1.46900010       1.28652143    
   1.47000003       1.28517699    
   1.47100008       1.28385067    
   1.47200012       1.28251910    
   1.47300005       1.28120685    
   1.47400010       1.27988791    
   1.47500002       1.27858746    
   1.47600007       1.27728283    
   1.47700012       1.27599657    
   1.47800004       1.27470326    
   1.47900009       1.27342892    
   1.48000002       1.27215004    
   1.48100007       1.27088845    
   1.48200011       1.26962173    
   1.48300004       1.26837289    
   1.48400009       1.26711845    
   1.48500001       1.26588213    
   1.48600006       1.26464021    
   1.48700011       1.26341605    
   1.48800004       1.26218665    
   1.48900008       1.26097465    
   1.49000013       1.25975740    
   1.49100006       1.25855780    
   1.49200010       1.25735188    
   1.49300003       1.25616348    
   1.49400008       1.25497067    
   1.49500012       1.25379419    
   1.49600005       1.25261295    
   1.49700010       1.25144768    
   1.49800003       1.25027883    
   1.49900007       1.24912596    
   1.50000012       1.24796700    
   1.50100005       1.24682641    
   1.50200009       1.24567914    
   1.50300002       1.24454880    
   1.50400007       1.24341321    
   1.50500011       1.24229503    
   1.50600004       1.24117041    
   1.50700009       1.24006319    
   1.50800002       1.23894942    
   1.50900006       1.23785293    
   1.51000011       1.23675013    
   1.51100004       1.23566437    
   1.51200008       1.23457348    
   1.51300013       1.23349738    
   1.51400006       1.23241794    
   1.51500010       1.23135376    
   1.51600003       1.23028326    
   1.51700008       1.22922957    
   1.51800013       1.22817039    
   1.51900005       1.22712672    
   1.52000010       1.22607851    
   1.52100003       1.22504497    
   1.52200007       1.22400677    
   1.52300012       1.22298431    
   1.52400005       1.22195601    
   1.52500010       1.22094285    
   1.52600002       1.21992517    
   1.52700007       1.21892238    
   1.52800012       1.21791482    
   1.52900004       1.21692276    
   1.53000009       1.21592391    
   1.53100002       1.21494186    
   1.53200006       1.21395314    
   1.53300011       1.21297991    
   1.53400004       1.21200168    
   1.53500009       1.21103847    
   1.53600001       1.21006918    
   1.53700006       1.20911574    
   1.53800011       1.20815611    
   1.53900003       1.20721149    
   1.54000008       1.20626199    
   1.54100013       1.20532584    
   1.54200006       1.20438647    
   1.54300010       1.20346045    
   1.54400003       1.20252943    
   1.54500008       1.20161331    
   1.54600012       1.20069063    
   1.54700005       1.19978261    
   1.54800010       1.19887006    
   1.54900002       1.19797206    
   1.55000007       1.19706750    
   1.55100012       1.19617760    
   1.55200005       1.19528306    
   1.55300009       1.19440126    
   1.55400002       1.19351578    
   1.55500007       1.19264293    
   1.55600011       1.19176614    
   1.55700004       1.19090247    
   1.55800009       1.19003379    
   1.55900002       1.18917799    
   1.56000006       1.18831825    
   1.56100011       1.18747127    
   1.56200004       1.18662000    
   1.56300008       1.18578219    
   1.56400013       1.18493795    
   1.56500006       1.18410897    
   1.56600010       1.18327296    
   1.56700003       1.18245149    
   1.56800008       1.18162417    
   1.56900012       1.18081141    
   1.57000005       1.17999196    
   1.57100010       1.17918682    
   1.57200003       1.17837572    
   1.57300007       1.17757785    
   1.57400012       1.17677546    
   1.57500005       1.17598617    
   1.57600009       1.17519057    
   1.57700002       1.17440820    
   1.57800007       1.17362142    
   1.57900012       1.17284703    
   1.58000004       1.17206800    
   1.58100009       1.17130125    
   1.58200002       1.17052996    
   1.58300006       1.16977072    
   1.58400011       1.16900694    
   1.58500004       1.16825545    
   1.58600008       1.16749907    
   1.58700013       1.16675508    
   1.58800006       1.16600597    
   1.58900011       1.16526949    
   1.59000003       1.16452742    
   1.59100008       1.16379774    
   1.59200013       1.16306365    
   1.59300005       1.16234100    
   1.59400010       1.16161418    
   1.59500003       1.16089892    
   1.59600008       1.16017914    
   1.59700012       1.15947056    
   1.59800005       1.15875816    
   1.59900010       1.15805769    
   1.60000002       1.15735102    
   1.60100007       1.15665722    
   1.60200012       1.15595782    
   1.60300004       1.15527070    
   1.60400009       1.15457857    
   1.60500002       1.15389824    
   1.60600007       1.15321267    
   1.60700011       1.15253925    
   1.60800004       1.15186059    
   1.60900009       1.15119374    
   1.61000013       1.15052164    
   1.61100006       1.14986122    
   1.61200011       1.14919591    
   1.61300004       1.14854228    
   1.61400008       1.14788318    
   1.61500013       1.14723587    
   1.61600006       1.14658356    
   1.61700010       1.14594269    
   1.61800003       1.14529693    
   1.61900008       1.14466214    
   1.62000012       1.14402258    
   1.62100005       1.14339435    
   1.62200010       1.14276123    
   1.62300003       1.14213920    
   1.62400007       1.14151204    
   1.62500012       1.14089644    
   1.62600005       1.14027548    
   1.62700009       1.13966560    
   1.62800002       1.13905096    
   1.62900007       1.13844752    
   1.63000011       1.13783860    
   1.63100004       1.13724089    
   1.63200009       1.13663840    
   1.63300014       1.13604641    
   1.63400006       1.13544977    
   1.63500011       1.13486373    
   1.63600004       1.13427317    
   1.63700008       1.13369298    
   1.63800013       1.13310814    
   1.63900006       1.13253415    
   1.64000010       1.13195467    
   1.64100003       1.13138628    
   1.64200008       1.13081253    
   1.64300013       1.13024986    
   1.64400005       1.12968194    
   1.64500010       1.12912488    
   1.64600003       1.12856245    
   1.64700007       1.12801087    
   1.64800012       1.12745416    
   1.64900005       1.12690783    
   1.65000010       1.12635684    
   1.65100002       1.12581623    
   1.65200007       1.12527049    
   1.65300012       1.12473488    
   1.65400004       1.12419474    
   1.65500009       1.12366474    
   1.65600014       1.12312973    
   1.65700006       1.12260532    
   1.65800011       1.12207568    
   1.65900004       1.12155652    
   1.66000009       1.12103188    
   1.66100013       1.12051761    
   1.66200006       1.11999846    
   1.66300011       1.11948931    
   1.66400003       1.11897540    
   1.66500008       1.11847138    
   1.66600013       1.11796260    
   1.66700006       1.11746383    
   1.66800010       1.11695993    
   1.66900003       1.11646605    
   1.67000008       1.11596727    
   1.67100012       1.11547852    
   1.67200005       1.11498451    
   1.67300010       1.11450052    
   1.67400002       1.11401176    
   1.67500007       1.11353278    
   1.67600012       1.11304843    
   1.67700005       1.11257458    
   1.67800009       1.11209512    
   1.67900014       1.11162579    
   1.68000007       1.11115146    
   1.68100011       1.11068642    
   1.68200004       1.11021698    
   1.68300009       1.10975707    
   1.68400013       1.10929215    
   1.68500006       1.10883701    
   1.68600011       1.10837650    
   1.68700004       1.10792565    
   1.68800008       1.10747015    
   1.68900013       1.10702395    
   1.69000006       1.10657299    
   1.69100010       1.10613132    
   1.69200003       1.10568488    
   1.69300008       1.10524750    
   1.69400012       1.10480571    
   1.69500005       1.10437298    
   1.69600010       1.10393536    
   1.69700003       1.10350728    
   1.69800007       1.10307395    
   1.69900012       1.10264993    
   1.70000005       1.10222149    
   1.70100009       1.10180199    
   1.70200002       1.10137749    
   1.70300007       1.10096240    
   1.70400012       1.10054219    
   1.70500004       1.10013092    
   1.70600009       1.09971511    
   1.70700014       1.09930825    
   1.70800006       1.09889698    
   1.70900011       1.09849429    
   1.71000004       1.09808683    
   1.71100008       1.09768856    
   1.71200013       1.09728515    
   1.71300006       1.09689081    
   1.71400011       1.09649169    
   1.71500003       1.09610140    
   1.71600008       1.09570634    
   1.71700013       1.09531999    
   1.71800005       1.09492910    
   1.71900010       1.09454668    
   1.72000003       1.09415996    
   1.72100008       1.09378147    
   1.72200012       1.09339845    
   1.72300005       1.09302402    
   1.72400010       1.09264517    
   1.72500002       1.09227443    
   1.72600007       1.09189951    
   1.72700012       1.09153283    
   1.72800004       1.09116149    
   1.72900009       1.09079897    
   1.73000014       1.09043133    
   1.73100007       1.09007251    
   1.73200011       1.08970857    
   1.73300004       1.08935380    
   1.73400009       1.08899367    
   1.73500013       1.08864200    
   1.73600006       1.08828604    
   1.73700011       1.08793843    
   1.73800004       1.08758581    
   1.73900008       1.08724177    
   1.74000013       1.08689296    
   1.74100006       1.08655262    
   1.74200010       1.08620739    
   1.74300003       1.08587039    
   1.74400008       1.08552909    
   1.74500012       1.08519554    
   1.74600005       1.08485782    
   1.74700010       1.08452809    
   1.74800003       1.08419383    
   1.74900007       1.08386755    
   1.75000012       1.08353662    
   1.75100005       1.08321416    
   1.75200009       1.08288670    
   1.75300014       1.08256757    
   1.75400007       1.08224356    
   1.75500011       1.08192766    
   1.75600004       1.08160734    
   1.75700009       1.08129489    
   1.75800014       1.08097792    
   1.75900006       1.08066881    
   1.76000011       1.08035505    
   1.76100004       1.08004928    
   1.76200008       1.07973921    
   1.76300013       1.07943678    
   1.76400006       1.07912970    
   1.76500010       1.07883048    
   1.76600003       1.07852697    
   1.76700008       1.07823110    
   1.76800013       1.07793069    
   1.76900005       1.07763791    
   1.77000010       1.07734084    
   1.77100003       1.07705140    
   1.77200007       1.07675743    
   1.77300012       1.07647157    
   1.77400005       1.07618058    
   1.77500010       1.07589769    
   1.77600014       1.07560992    
   1.77700007       1.07533002    
   1.77800012       1.07504559    
   1.77900004       1.07476878    
   1.78000009       1.07448745    
   1.78100014       1.07421374    
   1.78200006       1.07393527    
   1.78300011       1.07366478    
   1.78400004       1.07338953    
   1.78500009       1.07312167    
   1.78600013       1.07284975    
   1.78700006       1.07258487    
   1.78800011       1.07231605    
   1.78900003       1.07205439    
   1.79000008       1.07178819    
   1.79100013       1.07152927    
   1.79200006       1.07126629    
   1.79300010       1.07101023    
   1.79400003       1.07075024    
   1.79500008       1.07049704    
   1.79600012       1.07024002    
   1.79700005       1.06998992    
   1.79800010       1.06973565    
   1.79900014       1.06948841    
   1.80000007       1.06923699    
   1.80100012       1.06899250    
   1.80200005       1.06874406    
   1.80300009       1.06850243    
   1.80400014       1.06825674    
   1.80500007       1.06801796    
   1.80600011       1.06777501    
   1.80700004       1.06753910    
   1.80800009       1.06729901    
   1.80900013       1.06706572    
   1.81000006       1.06682837    
   1.81100011       1.06659770    
   1.81200004       1.06636322    
   1.81300008       1.06613529    
   1.81400013       1.06590343    
   1.81500006       1.06567824    
   1.81600010       1.06544924    
   1.81700003       1.06522667    
   1.81800008       1.06500030    
   1.81900012       1.06478047    
   1.82000005       1.06455672    
   1.82100010       1.06433940    
   1.82200015       1.06411827    
   1.82300007       1.06390381    
   1.82400012       1.06368518    
   1.82500005       1.06347334    
   1.82600009       1.06325722    
   1.82700014       1.06304789    
   1.82800007       1.06283450    
   1.82900012       1.06262767    
   1.83000004       1.06241691    
   1.83100009       1.06221259    
   1.83200014       1.06200433    
   1.83300006       1.06180251    
   1.83400011       1.06159675    
   1.83500004       1.06139731    
   1.83600008       1.06119418    
   1.83700013       1.06099737    
   1.83800006       1.06079662    
   1.83900011       1.06060219    
   1.84000003       1.06040394    
   1.84100008       1.06021214    
   1.84200013       1.06001627    
   1.84300005       1.05982661    
   1.84400010       1.05963337    
   1.84500003       1.05944622    
   1.84600008       1.05925524    
   1.84700012       1.05907047    
   1.84800005       1.05888200    
   1.84900010       1.05869961    
   1.85000014       1.05851340    
   1.85100007       1.05833340    
   1.85200012       1.05814958    
   1.85300004       1.05797207    
   1.85400009       1.05779052    
   1.85500014       1.05761516    
   1.85600007       1.05743599    
   1.85700011       1.05726290    
   1.85800004       1.05708611    
   1.85900009       1.05691528    
   1.86000013       1.05674088    
   1.86100006       1.05657220    
   1.86200011       1.05640006    
   1.86300004       1.05623388    
   1.86400008       1.05606377    
   1.86500013       1.05589962    
   1.86600006       1.05573201    
   1.86700010       1.05557036    
   1.86800003       1.05540478    
   1.86900008       1.05524516    
   1.87000012       1.05508184    
   1.87100005       1.05492425    
   1.87200010       1.05476332    
   1.87300014       1.05460787    
   1.87400007       1.05444908    
   1.87500012       1.05429614    
   1.87600005       1.05413926    
   1.87700009       1.05398822    
   1.87800014       1.05383360    
   1.87900007       1.05368483    
   1.88000011       1.05353236    
   1.88100004       1.05338573    
   1.88200009       1.05323529    
   1.88300014       1.05309045    
   1.88400006       1.05294228    
   1.88500011       1.05279970    
   1.88600004       1.05265355    
   1.88700008       1.05251288    
   1.88800013       1.05236888    
   1.88900006       1.05223012    
   1.89000010       1.05208838    
   1.89100003       1.05195177    
   1.89200008       1.05181181    
   1.89300013       1.05167723    
   1.89400005       1.05153942    
   1.89500010       1.05140686    
   1.89600015       1.05127096    
   1.89700007       1.05114019    
   1.89800012       1.05100644    
   1.89900005       1.05087757    
   1.90000010       1.05074584    
   1.90100014       1.05061913    
   1.90200007       1.05048919    
   1.90300012       1.05036426    
   1.90400004       1.05023634    
   1.90500009       1.05011356    
   1.90600014       1.04998732    
   1.90700006       1.04986644    
   1.90800011       1.04974210    
   1.90900004       1.04962313    
   1.91000009       1.04950070    
   1.91100013       1.04938340    
   1.91200006       1.04926300    
   1.91300011       1.04914761    
   1.91400003       1.04902899    
   1.91500008       1.04891539    
   1.91600013       1.04879868    
   1.91700006       1.04868698    
   1.91800010       1.04857194    
   1.91900015       1.04846191    
   1.92000008       1.04834878    
   1.92100012       1.04824066    
   1.92200005       1.04812932    
   1.92300010       1.04802275    
   1.92400014       1.04791319    
   1.92500007       1.04780841    
   1.92600012       1.04770064    
   1.92700005       1.04759753    
   1.92800009       1.04749143    
   1.92900014       1.04739010    
   1.93000007       1.04728568    
   1.93100011       1.04718602    
   1.93200004       1.04708338    
   1.93300009       1.04698527    
   1.93400013       1.04688430    
   1.93500006       1.04678798    
   1.93600011       1.04668856    
   1.93700004       1.04659390    
   1.93800008       1.04649603    
   1.93900013       1.04640293    
   1.94000006       1.04630661    
   1.94100010       1.04621518    
   1.94200015       1.04612052    
   1.94300008       1.04603052    
   1.94400012       1.04593754    
   1.94500005       1.04584908    
   1.94600010       1.04575765    
   1.94700015       1.04567075    
   1.94800007       1.04558074    
   1.94900012       1.04549539    
   1.95000005       1.04540694    
   1.95100009       1.04532301    
   1.95200014       1.04523587    
   1.95300007       1.04515350    
   1.95400012       1.04506803    
   1.95500004       1.04498684    
   1.95600009       1.04490280    
   1.95700014       1.04482317    
   1.95800006       1.04474056    
   1.95900011       1.04466212    
   1.96000004       1.04458094    
   1.96100008       1.04450405    
   1.96200013       1.04442418    
   1.96300006       1.04434860    
   1.96400011       1.04427004    
   1.96500015       1.04419577    
   1.96600008       1.04411852    
   1.96700013       1.04404557    
   1.96800005       1.04396951    
   1.96900010       1.04389787    
   1.97000015       1.04382312    
   1.97100008       1.04375279    
   1.97200012       1.04367924    
   1.97300005       1.04361010    
   1.97400010       1.04353786    
   1.97500014       1.04346979    
   1.97600007       1.04339874    
   1.97700012       1.04333198    
   1.97800004       1.04326200    
   1.97900009       1.04319632    
   1.98000014       1.04312754    
   1.98100007       1.04306304    
   1.98200011       1.04299545    
   1.98300004       1.04293180    
   1.98400009       1.04286540    
   1.98500013       1.04280293    
   1.98600006       1.04273748    
   1.98700011       1.04267609    
   1.98800004       1.04261172    
   1.98900008       1.04255128    
   1.99000013       1.04248798    
   1.99100006       1.04242849    
   1.99200010       1.04236615    
   1.99300015       1.04230762    
   1.99400008       1.04224622    
   1.99500012       1.04218864    
   1.99600005       1.04212821    
   1.99700010       1.04207170    
   1.99800014       1.04201198    
   1.99900007       1.04195631    
   2.00000000       1.04189765    
   2.00100017       1.04184270    
   2.00200009       1.04178488    
   2.00300002       1.04173076    
   2.00400019       1.04167378    
   2.00500011       1.04162049    
   2.00600004       1.04156435    
   2.00700021       1.04151189    
   2.00800014       1.04145634    
   2.00900006       1.04140460    
   2.00999999       1.04135001    
   2.01100016       1.04129887    
   2.01200008       1.04124498    
   2.01300001       1.04119456    
   2.01400018       1.04114139    
   2.01500010       1.04109156    
   2.01600003       1.04103911    
   2.01700020       1.04099011    
   2.01800013       1.04093814    
   2.01900005       1.04088974    
   2.01999998       1.04083836    
   2.02100015       1.04079044    
   2.02200007       1.04073977    
   2.02300000       1.04069245    
   2.02400017       1.04064214    
   2.02500010       1.04059553    
   2.02600002       1.04054582    
   2.02700019       1.04049945    
   2.02800012       1.04045033    
   2.02900004       1.04040456    
   2.03000021       1.04035592    
   2.03100014       1.04031062    
   2.03200006       1.04026246    
   2.03299999       1.04021752    
   2.03400016       1.04016972    
   2.03500009       1.04012525    
   2.03600001       1.04007781    
   2.03700018       1.04003370    
   2.03800011       1.03998685    
   2.03900003       1.03994298    
   2.04000020       1.03989637    
   2.04100013       1.03985298    
   2.04200006       1.03980672    
   2.04299998       1.03976357    
   2.04400015       1.03971756    
   2.04500008       1.03967476    
   2.04600000       1.03962898    
   2.04700017       1.03958631    
   2.04800010       1.03954089    
   2.04900002       1.03949857    
   2.05000019       1.03945339    
   2.05100012       1.03941119    
   2.05200005       1.03936625    
   2.05300021       1.03932428    
   2.05400014       1.03927946    
   2.05500007       1.03923762    
   2.05599999       1.03919303    
   2.05700016       1.03915143    
   2.05800009       1.03910697    
   2.05900002       1.03906536    
   2.06000018       1.03902102    
   2.06100011       1.03897953    
   2.06200004       1.03893530    
   2.06300020       1.03889406    
   2.06400013       1.03884983    
   2.06500006       1.03880847    
   2.06599998       1.03876436    
   2.06700015       1.03872311    
   2.06800008       1.03867912    
   2.06900001       1.03863788    
   2.07000017       1.03859377    
   2.07100010       1.03855252    
   2.07200003       1.03850865    
   2.07300019       1.03846729    
   2.07400012       1.03842330    
   2.07500005       1.03838193    
   2.07600021       1.03833783    
   2.07700014       1.03829646    
   2.07800007       1.03825247    
   2.07900000       1.03821099    
   2.08000016       1.03816676    
   2.08100009       1.03812528    
   2.08200002       1.03808105    
   2.08300018       1.03803933    
   2.08400011       1.03799498    
   2.08500004       1.03795338    
   2.08600020       1.03790879    
   2.08700013       1.03786683    
   2.08800006       1.03782237    
   2.08899999       1.03778028    
   2.09000015       1.03773546    
   2.09100008       1.03769326    
   2.09200001       1.03764832    
   2.09300017       1.03760600    
   2.09400010       1.03756082    
   2.09500003       1.03751838    
   2.09600019       1.03747296    
   2.09700012       1.03743029    
   2.09800005       1.03738475    
   2.09900022       1.03734171    
   2.10000014       1.03729594    
   2.10100007       1.03725266    
   2.10200000       1.03720689    
   2.10300016       1.03716338    
   2.10400009       1.03711712    
   2.10500002       1.03707349    
   2.10600019       1.03702700    
   2.10700011       1.03698289    
   2.10800004       1.03693628    
   2.10900021       1.03689194    
   2.11000013       1.03684497    
   2.11100006       1.03680050    
   2.11199999       1.03675318    
   2.11300015       1.03670824    
   2.11400008       1.03666079    
   2.11500001       1.03661561    
   2.11600018       1.03656769    
   2.11700010       1.03652227    
   2.11800003       1.03647411    
   2.11900020       1.03642833    
   2.12000012       1.03637981    
   2.12100005       1.03633368    
   2.12200022       1.03628492    
   2.12300014       1.03623831    
   2.12400007       1.03618920    
   2.12500000       1.03614247    
   2.12600017       1.03609300    
   2.12700009       1.03604579    
   2.12800002       1.03599596    
   2.12900019       1.03594840    
   2.13000011       1.03589821    
   2.13100004       1.03585029    
   2.13200021       1.03579974    
   2.13300014       1.03575146    
   2.13400006       1.03570068    
   2.13499999       1.03565192    
   2.13600016       1.03560066    
   2.13700008       1.03555167    
   2.13800001       1.03550005    
   2.13900018       1.03545058    
   2.14000010       1.03539860    
   2.14100003       1.03534877    
   2.14200020       1.03529644    
   2.14300013       1.03524613    
   2.14400005       1.03519344    
   2.14500022       1.03514290    
   2.14600015       1.03508973    
   2.14700007       1.03503871    
   2.14800000       1.03498518    
   2.14900017       1.03493369    
   2.15000010       1.03487992    
   2.15100002       1.03482807    
   2.15200019       1.03477371    
   2.15300012       1.03472149    
   2.15400004       1.03466690    
   2.15500021       1.03461421    
   2.15600014       1.03455913    
   2.15700006       1.03450608    
   2.15799999       1.03445065    
   2.15900016       1.03439713    
   2.16000009       1.03434134    
   2.16100001       1.03428733    
   2.16200018       1.03423119    
   2.16300011       1.03417695    
   2.16400003       1.03412020    
   2.16500020       1.03406560    
   2.16600013       1.03400850    
   2.16700006       1.03395343    
   2.16800022       1.03389597    
   2.16900015       1.03384054    
   2.17000008       1.03378260    
   2.17100000       1.03372669    
   2.17200017       1.03366852    
   2.17300010       1.03361213    
   2.17400002       1.03355360    
   2.17500019       1.03349686    
   2.17600012       1.03343785    
   2.17700005       1.03338075    
   2.17800021       1.03332138    
   2.17900014       1.03326380    
   2.18000007       1.03320408    
   2.18099999       1.03314626    
   2.18200016       1.03308606    
   2.18300009       1.03302765    
   2.18400002       1.03296721    
   2.18500018       1.03290844    
   2.18600011       1.03284752    
   2.18700004       1.03278852    
   2.18800020       1.03272724    
   2.18900013       1.03266776    
   2.19000006       1.03260601    
   2.19100022       1.03254628    
   2.19200015       1.03248417    
   2.19300008       1.03242397    
   2.19400001       1.03236151    
   2.19500017       1.03230095    
   2.19600010       1.03223813    
   2.19700003       1.03217721    
   2.19800019       1.03211403    
   2.19900012       1.03205276    
   2.20000005       1.03198934    
   2.20100021       1.03192759    
   2.20200014       1.03186369    
   2.20300007       1.03180170    
   2.20400000       1.03173757    
   2.20500016       1.03167510    
   2.20600009       1.03161061    
   2.20700002       1.03154778    
   2.20800018       1.03148305    
   2.20900011       1.03141999    
   2.21000004       1.03135478    
   2.21100020       1.03129137    
   2.21200013       1.03122580    
   2.21300006       1.03116202    
   2.21399999       1.03109622    
   2.21500015       1.03103209    
   2.21600008       1.03096592    
   2.21700001       1.03090155    
   2.21800017       1.03083503    
   2.21900010       1.03077030    
   2.22000003       1.03070354    
   2.22100019       1.03063858    
   2.22200012       1.03057146    
   2.22300005       1.03050613    
   2.22400022       1.03043878    
   2.22500014       1.03037310    
   2.22600007       1.03030539    
   2.22700000       1.03023946    
   2.22800016       1.03017151    
   2.22900009       1.03010535    
   2.23000002       1.03003716    
   2.23100019       1.02997053    
   2.23200011       1.02990210    
   2.23300004       1.02983534    
   2.23400021       1.02976656    
   2.23500013       1.02969944    
   2.23600006       1.02963042    
   2.23699999       1.02956307    
   2.23800015       1.02949393    
   2.23900008       1.02942634    
   2.24000001       1.02935672    
   2.24100018       1.02928889    
   2.24200010       1.02921915    
   2.24300003       1.02915108    
   2.24400020       1.02908111    
   2.24500012       1.02901268    
   2.24600005       1.02894258    
   2.24700022       1.02887392    
   2.24800014       1.02880347    
   2.24900007       1.02873468    
   2.25000000       1.02866411    
   2.25100017       1.02859497    
   2.25200009       1.02852416    
   2.25300002       1.02845490    
   2.25400019       1.02838385    
   2.25500011       1.02831435    
   2.25600004       1.02824306    
   2.25700021       1.02817345    
   2.25800014       1.02810192    
   2.25900006       1.02803206    
   2.25999999       1.02796054    
   2.26100016       1.02789044    
   2.26200008       1.02781856    
   2.26300001       1.02774835    
   2.26400018       1.02767634    
   2.26500010       1.02760589    
   2.26600003       1.02753377    
   2.26700020       1.02746308    
   2.26800013       1.02739084    
   2.26900005       1.02732003    
   2.27000022       1.02724755    
   2.27100015       1.02717662    
   2.27200007       1.02710402    
   2.27300000       1.02703297    
   2.27400017       1.02696025    
   2.27500010       1.02688897    
   2.27600002       1.02681613    
   2.27700019       1.02674472    
   2.27800012       1.02667165    
   2.27900004       1.02660024    
   2.28000021       1.02652705    
   2.28100014       1.02645540    
   2.28200006       1.02638209    
   2.28299999       1.02631032    
   2.28400016       1.02623701    
   2.28500009       1.02616513    
   2.28600001       1.02609158    
   2.28700018       1.02601957    
   2.28800011       1.02594602    
   2.28900003       1.02587402    
   2.29000020       1.02580023    
   2.29100013       1.02572811    
   2.29200006       1.02565432    
   2.29300022       1.02558208    
   2.29400015       1.02550817    
   2.29500008       1.02543581    
   2.29600000       1.02536190    
   2.29700017       1.02528942    
   2.29800010       1.02521551    
   2.29900002       1.02514291    
   2.30000019       1.02506888    
   2.30100012       1.02499628    
   2.30200005       1.02492213    
   2.30300021       1.02484953    
   2.30400014       1.02477539    
   2.30500007       1.02470267    
   2.30599999       1.02462840    
   2.30700016       1.02455568    
   2.30800009       1.02448142    
   2.30900002       1.02440858    
   2.31000018       1.02433431    
   2.31100011       1.02426147    
   2.31200004       1.02418709    
   2.31300020       1.02411425    
   2.31400013       1.02403986    
   2.31500006       1.02396703    
   2.31600022       1.02389264    
   2.31700015       1.02381968    
   2.31800008       1.02374530    
   2.31900001       1.02367234    
   2.32000017       1.02359796    
   2.32100010       1.02352500    
   2.32200003       1.02345061    
   2.32300019       1.02337766    
   2.32400012       1.02330327    
   2.32500005       1.02323020    
   2.32600021       1.02315581    
   2.32700014       1.02308285    
   2.32800007       1.02300847    
   2.32900000       1.02293551    
   2.33000016       1.02286112    
   2.33100009       1.02278829    
   2.33200002       1.02271390    
   2.33300018       1.02264094    
   2.33400011       1.02256668    
   2.33500004       1.02249372    
   2.33600020       1.02241945    
   2.33700013       1.02234650    
   2.33800006       1.02227235    
   2.33900023       1.02219939    
   2.34000015       1.02212524    
   2.34100008       1.02205241    
   2.34200001       1.02197826    
   2.34300017       1.02190554    
   2.34400010       1.02183139    
   2.34500003       1.02175868    
   2.34600019       1.02168453    
   2.34700012       1.02161193    
   2.34800005       1.02153790    
   2.34900022       1.02146530    
   2.35000014       1.02139139    
   2.35100007       1.02131879    
   2.35200000       1.02124488    
   2.35300016       1.02117240    
   2.35400009       1.02109861    
   2.35500002       1.02102613    
   2.35600019       1.02095246    
   2.35700011       1.02088010    
   2.35800004       1.02080643    
   2.35900021       1.02073419    
   2.36000013       1.02066064    
   2.36100006       1.02058840    
   2.36200023       1.02051497    
   2.36300015       1.02044284    
   2.36400008       1.02036953    
   2.36500001       1.02029741    
   2.36600018       1.02022421    
   2.36700010       1.02015221    
   2.36800003       1.02007902    
   2.36900020       1.02000713    
   2.37000012       1.01993418    
   2.37100005       1.01986241    
   2.37200022       1.01978946    
   2.37300014       1.01971781    
   2.37400007       1.01964498    
   2.37500000       1.01957333    
   2.37600017       1.01950061    
   2.37700009       1.01942921    
   2.37800002       1.01935661    
   2.37900019       1.01928532    
   2.38000011       1.01921272    
   2.38100004       1.01914155    
   2.38200021       1.01906919    
   2.38300014       1.01899815    
   2.38400006       1.01892591    
   2.38500023       1.01885486    
   2.38600016       1.01878285    
   2.38700008       1.01871192    
   2.38800001       1.01864004    
   2.38900018       1.01856935    
   2.39000010       1.01849747    
   2.39100003       1.01842690    
   2.39200020       1.01835525    
   2.39300013       1.01828480    
   2.39400005       1.01821327    
   2.39500022       1.01814294    
   2.39600015       1.01807153    
   2.39700007       1.01800144    
   2.39800000       1.01793015    
   2.39900017       1.01786017    
   2.40000010       1.01778901    
   2.40100002       1.01771915    
   2.40200019       1.01764822    
   2.40300012       1.01757860    
   2.40400004       1.01750779    
   2.40500021       1.01743829    
   2.40600014       1.01736760    
   2.40700006       1.01729822    
   2.40800023       1.01722777    
   2.40900016       1.01715851    
   2.41000009       1.01708817    
   2.41100001       1.01701915    
   2.41200018       1.01694906    
   2.41300011       1.01688015    
   2.41400003       1.01681018    
   2.41500020       1.01674139    
   2.41600013       1.01667166    
   2.41700006       1.01660311    
   2.41800022       1.01653349    
   2.41900015       1.01646507    
   2.42000008       1.01639569    
   2.42100000       1.01632738    
   2.42200017       1.01625824    
   2.42300010       1.01619017    
   2.42400002       1.01612103    
   2.42500019       1.01605320    
   2.42600012       1.01598430    
   2.42700005       1.01591671    
   2.42800021       1.01584792    
   2.42900014       1.01578045    
   2.43000007       1.01571190    
   2.43100023       1.01564467    
   2.43200016       1.01557636    
   2.43300009       1.01550925    
   2.43400002       1.01544106    
   2.43500018       1.01537406    
   2.43600011       1.01530623    
   2.43700004       1.01523948    
   2.43800020       1.01517177    
   2.43900013       1.01510513    
   2.44000006       1.01503766    
   2.44100022       1.01497126    
   2.44200015       1.01490390    
   2.44300008       1.01483774    
   2.44400001       1.01477063    
   2.44500017       1.01470459    
   2.44600010       1.01463771    
   2.44700003       1.01457202    
   2.44800019       1.01450527    
   2.44900012       1.01443970    
   2.45000005       1.01437318    
   2.45100021       1.01430774    
   2.45200014       1.01424146    
   2.45300007       1.01417637    
   2.45400023       1.01411021    
   2.45500016       1.01404524    
   2.45600009       1.01397932    
   2.45700002       1.01391470    
   2.45800018       1.01384890    
   2.45900011       1.01378441    
   2.46000004       1.01371896    
   2.46100020       1.01365471    
   2.46200013       1.01358938    
   2.46300006       1.01352525    
   2.46400023       1.01346016    
   2.46500015       1.01339638    
   2.46600008       1.01333153    
   2.46700001       1.01326787    
   2.46800017       1.01320326    
   2.46900010       1.01313972    
   2.47000003       1.01307535    
   2.47100019       1.01301205    
   2.47200012       1.01294792    
   2.47300005       1.01288497    
   2.47400022       1.01282096    
   2.47500014       1.01275814    
   2.47600007       1.01269448    
   2.47700024       1.01263177    
   2.47800016       1.01256835    
   2.47900009       1.01250601    
   2.48000002       1.01244271    
   2.48100019       1.01238048    
   2.48200011       1.01231754    
   2.48300004       1.01225555    
   2.48400021       1.01219273    
   2.48500013       1.01213098    
   2.48600006       1.01206839    
   2.48700023       1.01200688    
   2.48800015       1.01194453    
   2.48900008       1.01188326    
   2.49000001       1.01182115    
   2.49100018       1.01176012    
   2.49200010       1.01169825    
   2.49300003       1.01163745    
   2.49400020       1.01157570    
   2.49500012       1.01151514    
   2.49600005       1.01145375    
   2.49700022       1.01139331    
   2.49800014       1.01133215    
   2.49900007       1.01127195    
   2.50000000       1.01121104    
   2.50100017       1.01118267    
   2.50200009       1.01115334    
   2.50300002       1.01112497    
   2.50400019       1.01109564    
   2.50500011       1.01106739    
   2.50600004       1.01103818    
   2.50700021       1.01100993    
   2.50800014       1.01098073    
   2.50900006       1.01095259    
   2.51000023       1.01092350    
   2.51100016       1.01089537    
   2.51200008       1.01086628    
   2.51300001       1.01083815    
   2.51400018       1.01080918    
   2.51500010       1.01078117    
   2.51600003       1.01075232    
   2.51700020       1.01072431    
   2.51800013       1.01069546    
   2.51900005       1.01066756    
   2.52000022       1.01063883    
   2.52100015       1.01061094    
   2.52200007       1.01058221    
   2.52300000       1.01055443    
   2.52400017       1.01052582    
   2.52500010       1.01049817    
   2.52600002       1.01046956    
   2.52700019       1.01044190    
   2.52800012       1.01041341    
   2.52900004       1.01038587    
   2.53000021       1.01035738    
   2.53100014       1.01032996    
   2.53200006       1.01030159    
   2.53300023       1.01027417    
   2.53400016       1.01024592    
   2.53500009       1.01021850    
   2.53600001       1.01019025    
   2.53700018       1.01016307    
   2.53800011       1.01013494    
   2.53900003       1.01010764    
   2.54000020       1.01007962    
   2.54100013       1.01005256    
   2.54200006       1.01002455    
   2.54300022       1.00999749    
   2.54400015       1.00996959    
   2.54500008       1.00994265    
   2.54600000       1.00991488    
   2.54700017       1.00988793    
   2.54800010       1.00986028    
   2.54900002       1.00983346    
   2.55000019       1.00980580    
   2.55100012       1.00977910    
   2.55200005       1.00975156    
   2.55300021       1.00972486    
   2.55400014       1.00969744    
   2.55500007       1.00967085    
   2.55600023       1.00964344    
   2.55700016       1.00961697    
   2.55800009       1.00958967    
   2.55900002       1.00956333    
   2.56000018       1.00953615    
   2.56100011       1.00950980    
   2.56200004       1.00948274    
   2.56300020       1.00945652    
   2.56400013       1.00942945    
   2.56500006       1.00940335    
   2.56600022       1.00937641    
   2.56700015       1.00935030    
   2.56800008       1.00932348    
   2.56900001       1.00929749    
   2.57000017       1.00927079    
   2.57100010       1.00924492    
   2.57200003       1.00921834    
   2.57300019       1.00919247    
   2.57400012       1.00916600    
   2.57500005       1.00914025    
   2.57600021       1.00911379    
   2.57700014       1.00908816    
   2.57800007       1.00906193    
   2.57900023       1.00903630    
   2.58000016       1.00901008    
   2.58100009       1.00898468    
   2.58200002       1.00895858    
   2.58300018       1.00893319    
   2.58400011       1.00890708    
   2.58500004       1.00888193    
   2.58600020       1.00885594    
   2.58700013       1.00883079    
   2.58800006       1.00880492    
   2.58900023       1.00877988    
   2.59000015       1.00875413    
   2.59100008       1.00872910    
   2.59200001       1.00870347    
   2.59300017       1.00867867    
   2.59400010       1.00865304    
   2.59500003       1.00862837    
   2.59600019       1.00860286    
   2.59700012       1.00857818    
   2.59800005       1.00855279    
   2.59900022       1.00852823    
   2.60000014       1.00850296    
   2.60100007       1.00847852    
   2.60200024       1.00845337    
   2.60300016       1.00842905    
   2.60400009       1.00840402    
   2.60500002       1.00837970    
   2.60600019       1.00835478    
   2.60700011       1.00833058    
   2.60800004       1.00830579    
   2.60900021       1.00828171    
   2.61000013       1.00825691    
   2.61100006       1.00823295    
   2.61200023       1.00820827    
   2.61300015       1.00818443    
   2.61400008       1.00815988    
   2.61500001       1.00813615    
   2.61600018       1.00811172    
   2.61700010       1.00808799    
   2.61800003       1.00806367    
   2.61900020       1.00804007    
   2.62000012       1.00801587    
   2.62100005       1.00799239    
   2.62200022       1.00796831    
   2.62300014       1.00794494    
   2.62400007       1.00792098    
   2.62500024       1.00789762    
   2.62600017       1.00787377    
   2.62700009       1.00785053    
   2.62800002       1.00782681    
   2.62900019       1.00780368    
   2.63000011       1.00778008    
   2.63100004       1.00775707    
   2.63200021       1.00773346    
   2.63300014       1.00771058    
   2.63400006       1.00768709    
   2.63500023       1.00766444    
   2.63600016       1.00764108    
   2.63700008       1.00761843    
   2.63800001       1.00759506    
   2.63900018       1.00757253    
   2.64000010       1.00754941    
   2.64100003       1.00752699    
   2.64200020       1.00750387    
   2.64300013       1.00748158    
   2.64400005       1.00745857    
   2.64500022       1.00743639    
   2.64600015       1.00741351    
   2.64700007       1.00739133    
   2.64800024       1.00736856    
   2.64900017       1.00734663    
   2.65000010       1.00732398    
   2.65100002       1.00730205    
   2.65200019       1.00727952    
   2.65300012       1.00725770    
   2.65400004       1.00723529    
   2.65500021       1.00721359    
   2.65600014       1.00719130    
   2.65700006       1.00716960    
   2.65800023       1.00714743    
   2.65900016       1.00712597    
   2.66000009       1.00710380    
   2.66100001       1.00708246    
   2.66200018       1.00706041    
   2.66300011       1.00703919    
   2.66400003       1.00701725    
   2.66500020       1.00699604    
   2.66600013       1.00697422    
   2.66700006       1.00695324    
   2.66800022       1.00693154    
   2.66900015       1.00691056    
   2.67000008       1.00688899    
   2.67100024       1.00686812    
   2.67200017       1.00684655    
   2.67300010       1.00682580    
   2.67400002       1.00680447    
   2.67500019       1.00678384    
   2.67600012       1.00676262    
   2.67700005       1.00674200    
   2.67800021       1.00672090    
   2.67900014       1.00670040    
   2.68000007       1.00667930    
   2.68100023       1.00665903    
   2.68200016       1.00663805    
   2.68300009       1.00661790    
   2.68400002       1.00659704    
   2.68500018       1.00657690    
   2.68600011       1.00655615    
   2.68700004       1.00653613    
   2.68800020       1.00651550    
   2.68900013       1.00649548    
   2.69000006       1.00647497    
   2.69100022       1.00645518    
   2.69200015       1.00643480    
   2.69300008       1.00641501    
   2.69400024       1.00639474    
   2.69500017       1.00637507    
   2.69600010       1.00635493    
   2.69700003       1.00633538    
   2.69800019       1.00631523    
   2.69900012       1.00629592    
   2.70000005       1.00627589    
   2.70100021       1.00625658    
   2.70200014       1.00623667    
   2.70300007       1.00621748    
   2.70400023       1.00619769    
   2.70500016       1.00617862    
   2.70600009       1.00615895    
   2.70700002       1.00613987    
   2.70800018       1.00612032    
   2.70900011       1.00610149    
   2.71000004       1.00608194    
   2.71100020       1.00606322    
   2.71200013       1.00604379    
   2.71300006       1.00602508    
   2.71400023       1.00600576    
   2.71500015       1.00598729    
   2.71600008       1.00596809    
   2.71700025       1.00594962    
   2.71800017       1.00593054    
   2.71900010       1.00591218    
   2.72000003       1.00589311    
   2.72100019       1.00587487    
   2.72200012       1.00585604    
   2.72300005       1.00583780    
   2.72400022       1.00581908    
   2.72500014       1.00580096    
   2.72600007       1.00578237    
   2.72700024       1.00576437    
   2.72800016       1.00574577    
   2.72900009       1.00572789    
   2.73000002       1.00570941    
   2.73100019       1.00569165    
   2.73200011       1.00567329    
   2.73300004       1.00565565    
   2.73400021       1.00563741    
   2.73500013       1.00561976    
   2.73600006       1.00560164    
   2.73700023       1.00558412    
   2.73800015       1.00556612    
   2.73900008       1.00554872    
   2.74000025       1.00553083    
   2.74100018       1.00551355    
   2.74200010       1.00549567    
   2.74300003       1.00547850    
   2.74400020       1.00546062    
   2.74500012       1.00544357    
   2.74600005       1.00542593    
   2.74700022       1.00540900    
   2.74800014       1.00539136    
   2.74900007       1.00537455    
   2.75000024       1.00535703    
   2.75100017       1.00534022    
   2.75200009       1.00532293    
   2.75300002       1.00530624    
   2.75400019       1.00528896    
   2.75500011       1.00527239    
   2.75600004       1.00525522    
   2.75700021       1.00523865    
   2.75800014       1.00522161    
   2.75900006       1.00520515    
   2.76000023       1.00518823    
   2.76100016       1.00517190    
   2.76200008       1.00515509    
   2.76300025       1.00513887    
   2.76400018       1.00512207    
   2.76500010       1.00510597    
   2.76600003       1.00508928    
   2.76700020       1.00507319    
   2.76800013       1.00505662    
   2.76900005       1.00504076    
   2.77000022       1.00502419    
   2.77100015       1.00500846    
   2.77200007       1.00499201    
   2.77300024       1.00497627    
   2.77400017       1.00495994    
   2.77500010       1.00494432    
   2.77600002       1.00492811    
   2.77700019       1.00491261    
   2.77800012       1.00489640    
   2.77900004       1.00488102    
   2.78000021       1.00486493    
   2.78100014       1.00484955    
   2.78200006       1.00483370    
   2.78300023       1.00481844    
   2.78400016       1.00480258    
   2.78500009       1.00478745    
   2.78600001       1.00477159    
   2.78700018       1.00475657    
   2.78800011       1.00474095    
   2.78900003       1.00472593    
   2.79000020       1.00471032    
   2.79100013       1.00469542    
   2.79200006       1.00467992    
   2.79300022       1.00466514    
   2.79400015       1.00464976    
   2.79500008       1.00463510    
   2.79600024       1.00461972    
   2.79700017       1.00460517    
   2.79800010       1.00458992    
   2.79900002       1.00457537    
   2.80000019       1.00456023    
   2.80100012       1.00454581    
   2.80200005       1.00453079    
   2.80300021       1.00451648    
   2.80400014       1.00450146    
   2.80500007       1.00448728    
   2.80600023       1.00447237    
   2.80700016       1.00445819    
   2.80800009       1.00444341    
   2.80900002       1.00442934    
   2.81000018       1.00441468    
   2.81100011       1.00440073    
   2.81200004       1.00438607    
   2.81300020       1.00437224    
   2.81400013       1.00435770    
   2.81500006       1.00434387    
   2.81600022       1.00432944    
   2.81700015       1.00431573    
   2.81800008       1.00430143    
   2.81900024       1.00428772    
   2.82000017       1.00427353    
   2.82100010       1.00425994    
   2.82200003       1.00424576    
   2.82300019       1.00423229    
   2.82400012       1.00421822    
   2.82500005       1.00420487    
   2.82600021       1.00419080    
   2.82700014       1.00417757    
   2.82800007       1.00416362    
   2.82900023       1.00415039    
   2.83000016       1.00413656    
   2.83100009       1.00412345    
   2.83200002       1.00410974    
   2.83300018       1.00409663    
   2.83400011       1.00408304    
   2.83500004       1.00407004    
   2.83600020       1.00405645    
   2.83700013       1.00404358    
   2.83800006       1.00403011    
   2.83900023       1.00401723    
   2.84000015       1.00400388    
   2.84100008       1.00399113    
   2.84200025       1.00397778    
   2.84300017       1.00396526    
   2.84400010       1.00395191    
   2.84500003       1.00393939    
   2.84600019       1.00392616    
   2.84700012       1.00391376    
   2.84800005       1.00390065    
   2.84900022       1.00388825    
   2.85000014       1.00387526    
   2.85100007       1.00386298    
   2.85200024       1.00384998    
   2.85300016       1.00383782    
   2.85400009       1.00382483    
   2.85500002       1.00381279    
   2.85600019       1.00379992    
   2.85700011       1.00378799    
   2.85800004       1.00377524    
   2.85900021       1.00376320    
   2.86000013       1.00375056    
   2.86100006       1.00373864    
   2.86200023       1.00372612    
   2.86300015       1.00371432    
   2.86400008       1.00370181    
   2.86500025       1.00369012    
   2.86600018       1.00367773    
   2.86700010       1.00366604    
   2.86800003       1.00365365    
   2.86900020       1.00364208    
   2.87000012       1.00362980    
   2.87100005       1.00361836    
   2.87200022       1.00360608    
   2.87300014       1.00359476    
   2.87400007       1.00358260    
   2.87500024       1.00357127    
   2.87600017       1.00355923    
   2.87700009       1.00354791    
   2.87800002       1.00353599    
   2.87900019       1.00352478    
   2.88000011       1.00351286    
   2.88100004       1.00350177    
   2.88200021       1.00348997    
   2.88300014       1.00347888    
   2.88400006       1.00346708    
   2.88500023       1.00345612    
   2.88600016       1.00344443    
   2.88700008       1.00343359    
   2.88800025       1.00342202    
   2.88900018       1.00341117    
   2.89000010       1.00339961    
   2.89100003       1.00338888    
   2.89200020       1.00337744    
   2.89300013       1.00336671    
   2.89400005       1.00335526    
   2.89500022       1.00334477    
   2.89600015       1.00333333    
   2.89700007       1.00332284    
   2.89800024       1.00331151    
   2.89900017       1.00330114    
   2.90000010       1.00328994    
   2.90100002       1.00327957    
   2.90200019       1.00326836    
   2.90300012       1.00325811    
   2.90400004       1.00324702    
   2.90500021       1.00323677    
   2.90600014       1.00322580    
   2.90700006       1.00321567    
   2.90800023       1.00320470    
   2.90900016       1.00319457    
   2.91000009       1.00318372    
   2.91100025       1.00317371    
   2.91200018       1.00316286    
   2.91300011       1.00315297    
   2.91400003       1.00314224    
   2.91500020       1.00313234    
   2.91600013       1.00312161    
   2.91700006       1.00311184    
   2.91800022       1.00310123    
   2.91900015       1.00309145    
   2.92000008       1.00308084    
   2.92100024       1.00307119    
   2.92200017       1.00306070    
   2.92300010       1.00305116    
   2.92400002       1.00304067    
   2.92500019       1.00303113    
   2.92600012       1.00302076    
   2.92700005       1.00301135    
   2.92800021       1.00300097    
   2.92900014       1.00299156    
   2.93000007       1.00298142    
   2.93100023       1.00297201    
   2.93200016       1.00296187    
   2.93300009       1.00295258    
   2.93400025       1.00294244    
   2.93500018       1.00293314    
   2.93600011       1.00292313    
   2.93700004       1.00291395    
   2.93800020       1.00290394    
   2.93900013       1.00289488    
   2.94000006       1.00288498    
   2.94100022       1.00287592    
   2.94200015       1.00286603    
   2.94300008       1.00285709    
   2.94400024       1.00284731    
   2.94500017       1.00283837    
   2.94600010       1.00282860    
   2.94700003       1.00281978    
   2.94800019       1.00281012    
   2.94900012       1.00280130    
   2.95000005       1.00279164    
   2.95100021       1.00278294    
   2.95200014       1.00277340    
   2.95300007       1.00276470    
   2.95400023       1.00275517    
   2.95500016       1.00274658    
   2.95600009       1.00273716    
   2.95700026       1.00272858    
   2.95800018       1.00271916    
   2.95900011       1.00271070    
   2.96000004       1.00270140    
   2.96100020       1.00269294    
   2.96200013       1.00268364    
   2.96300006       1.00267529    
   2.96400023       1.00266600    
   2.96500015       1.00265765    
   2.96600008       1.00264859    
   2.96700025       1.00264025    
   2.96800017       1.00263119    
   2.96900010       1.00262296    
   2.97000003       1.00261390    
   2.97100019       1.00260568    
   2.97200012       1.00259674    
   2.97300005       1.00258863    
   2.97400022       1.00257969    
   2.97500014       1.00257158    
   2.97600007       1.00256276    
   2.97700024       1.00255477    
   2.97800016       1.00254595    
   2.97900009       1.00253797    
   2.98000026       1.00252926    
   2.98100019       1.00252128    
   2.98200011       1.00251257    
   2.98300004       1.00250471    
   2.98400021       1.00249612    
   2.98500013       1.00248826    
   2.98600006       1.00247967    
   2.98700023       1.00247192    
   2.98800015       1.00246334    
   2.98900008       1.00245571    
   2.99000025       1.00244713    
   2.99100018       1.00243950    
   2.99200010       1.00243104    
   2.99300003       1.00242352    
   2.99400020       1.00241506    
   2.99500012       1.00240755    
   2.99600005       1.00239921    
   2.99700022       1.00239170    
   2.99800014       1.00238347    
   2.99900007       1.00237596    
   3.00000024       1.00236773    
   3.00100017       1.00236034    
   3.00200009       1.00235212    
   3.00300026       1.00234485    
   3.00400019       1.00233662    
   3.00500011       1.00232935    
   3.00600004       1.00232124    
   3.00700021       1.00231397    
   3.00800014       1.00230598    
   3.00900006       1.00229871    
   3.01000023       1.00229073    
   3.01100016       1.00228357    
   3.01200008       1.00227559    
   3.01300025       1.00226855    
   3.01400018       1.00226057    
   3.01500010       1.00225353    
   3.01600003       1.00224566    
   3.01700020       1.00223875    
   3.01800013       1.00223088    
   3.01900005       1.00222397    
   3.02000022       1.00221610    
   3.02100015       1.00220919    
   3.02200007       1.00220144    
   3.02300024       1.00219464    
   3.02400017       1.00218689    
   3.02500010       1.00218010    
   3.02600026       1.00217247    
   3.02700019       1.00216568    
   3.02800012       1.00215805    
   3.02900004       1.00215137    
   3.03000021       1.00214386    
   3.03100014       1.00213718    
   3.03200006       1.00212955    
   3.03300023       1.00212300    
   3.03400016       1.00211549    
   3.03500009       1.00210893    
   3.03600025       1.00210142    
   3.03700018       1.00209498    
   3.03800011       1.00208759    
   3.03900003       1.00208104    
   3.04000020       1.00207365    
   3.04100013       1.00206721    
   3.04200006       1.00205994    
   3.04300022       1.00205350    
   3.04400015       1.00204623    
   3.04500008       1.00203991    
   3.04600024       1.00203264    
   3.04700017       1.00202632    
   3.04800010       1.00201917    
   3.04900026       1.00201285    
   3.05000019       1.00200570    
   3.05100012       1.00199950    
   3.05200005       1.00199234    
   3.05300021       1.00198615    
   3.05400014       1.00197899    
   3.05500007       1.00197291    
   3.05600023       1.00196588    
   3.05700016       1.00195968    
   3.05800009       1.00195277    
   3.05900025       1.00194669    
   3.06000018       1.00193965    
   3.06100011       1.00193369    
   3.06200004       1.00192666    
   3.06300020       1.00192070    
   3.06400013       1.00191379    
   3.06500006       1.00190783    
   3.06600022       1.00190103    
   3.06700015       1.00189507    
   3.06800008       1.00188828    
   3.06900024       1.00188243    
   3.07000017       1.00187564    
   3.07100010       1.00186980    
   3.07200003       1.00186300    
   3.07300019       1.00185716    
   3.07400012       1.00185049    
   3.07500005       1.00184476    
   3.07600021       1.00183809    
   3.07700014       1.00183237    
   3.07800007       1.00182569    
   3.07900023       1.00181997    
   3.08000016       1.00181341    
   3.08100009       1.00180769    
   3.08200026       1.00180113    
   3.08300018       1.00179553    
   3.08400011       1.00178897    
   3.08500004       1.00178349    
   3.08600020       1.00177693    
   3.08700013       1.00177133    
   3.08800006       1.00176489    
   3.08900023       1.00175941    
   3.09000015       1.00175297    
   3.09100008       1.00174749    
   3.09200025       1.00174105    
   3.09300017       1.00173569    
   3.09400010       1.00172925    
   3.09500003       1.00172389    
   3.09600019       1.00171757    
   3.09700012       1.00171220    
   3.09800005       1.00170588    
   3.09900022       1.00170052    
   3.10000014       1.00169420    
   3.10100007       1.00168896    
   3.10200024       1.00168264    
   3.10300016       1.00167739    
   3.10400009       1.00167120    
   3.10500026       1.00166595    
   3.10600019       1.00165975    
   3.10700011       1.00165462    
   3.10800004       1.00164843    
   3.10900021       1.00164330    
   3.11000013       1.00163710    
   3.11100006       1.00163198    
   3.11200023       1.00162590    
   3.11300015       1.00162077    
   3.11400008       1.00161481    
   3.11500025       1.00160968    
   3.11600018       1.00160360    
   3.11700010       1.00159860    
   3.11800003       1.00159264    
   3.11900020       1.00158763    
   3.12000012       1.00158167    
   3.12100005       1.00157666    
   3.12200022       1.00157070    
   3.12300014       1.00156569    
   3.12400007       1.00155985    
   3.12500024       1.00155497    
   3.12600017       1.00154901    
   3.12700009       1.00154412    
   3.12800026       1.00153828    
   3.12900019       1.00153339    
   3.13000011       1.00152755    
   3.13100004       1.00152278    
   3.13200021       1.00151694    
   3.13300014       1.00151217    
   3.13400006       1.00150645    
   3.13500023       1.00150168    
   3.13600016       1.00149584    
   3.13700008       1.00149119    
   3.13800025       1.00148547    
   3.13900018       1.00148070    
   3.14000010       1.00147498    
   3.14100003       1.00147033    
   3.14200020       1.00146472    
   3.14300013       1.00145996    
   3.14400005       1.00145435    
   3.14500022       1.00144970    
   3.14600015       1.00144410    
   3.14700007       1.00143957    
   3.14800024       1.00143397    
   3.14900017       1.00142932    
   3.15000010       1.00142384    
   3.15100026       1.00141931    
   3.15200019       1.00141370    
   3.15300012       1.00140917    
   3.15400004       1.00140369    
   3.15500021       1.00139916    
   3.15600014       1.00139368    
   3.15700006       1.00138927    
   3.15800023       1.00138378    
   3.15900016       1.00137937    
   3.16000009       1.00137401    
   3.16100025       1.00136948    
   3.16200018       1.00136411    
   3.16300011       1.00135970    
   3.16400003       1.00135434    
   3.16500020       1.00134993    
   3.16600013       1.00134468    
   3.16700006       1.00134027    
   3.16800022       1.00133491    
   3.16900015       1.00133061    
   3.17000008       1.00132537    
   3.17100024       1.00132108    
   3.17200017       1.00131583    
   3.17300010       1.00131154    
   3.17400026       1.00130630    
   3.17500019       1.00130200    
   3.17600012       1.00129676    
   3.17700005       1.00129259    
   3.17800021       1.00128734    
   3.17900014       1.00128317    
   3.18000007       1.00127792    
   3.18100023       1.00127375    
   3.18200016       1.00126863    
   3.18300009       1.00126445    
   3.18400025       1.00125933    
   3.18500018       1.00125527    
   3.18600011       1.00125015    
   3.18700004       1.00124598    
   3.18800020       1.00124097    
   3.18900013       1.00123680    
   3.19000006       1.00123179    
   3.19100022       1.00122774    
   3.19200015       1.00122273    
   3.19300008       1.00121868    
   3.19400024       1.00121367    
   3.19500017       1.00120962    
   3.19600010       1.00120461    
   3.19700027       1.00120068    
   3.19800019       1.00119567    
   3.19900012       1.00119174    
   3.20000005       1.00118673    
   3.20100021       1.00118279    
   3.20200014       1.00117791    
   3.20300007       1.00117397    
   3.20400023       1.00116909    
   3.20500016       1.00116515    
   3.20600009       1.00116026    
   3.20700026       1.00115633    
   3.20800018       1.00115156    
   3.20900011       1.00114763    
   3.21000004       1.00114286    
   3.21100020       1.00113893    
   3.21200013       1.00113416    
   3.21300006       1.00113034    
   3.21400023       1.00112557    
   3.21500015       1.00112176    
   3.21600008       1.00111699    
   3.21700025       1.00111318    
   3.21800017       1.00110841    
   3.21900010       1.00110471    
   3.22000027       1.00109994    
   3.22100019       1.00109625    
   3.22200012       1.00109148    
   3.22300005       1.00108778    
   3.22400022       1.00108314    
   3.22500014       1.00107944    
   3.22600007       1.00107479    
   3.22700024       1.00107110    
   3.22800016       1.00106645    
   3.22900009       1.00106275    
   3.23000026       1.00105810    
   3.23100019       1.00105453    
   3.23200011       1.00104988    
   3.23300004       1.00104630    
   3.23400021       1.00104165    
   3.23500013       1.00103807    
   3.23600006       1.00103354    
   3.23700023       1.00102997    
   3.23800015       1.00102544    
   3.23900008       1.00102186    
   3.24000025       1.00101733    
   3.24100018       1.00101376    
   3.24200010       1.00100923    
   3.24300027       1.00100577    
   3.24400020       1.00100124    
   3.24500012       1.00099778    
   3.24600005       1.00099337    
   3.24700022       1.00098979    
   3.24800014       1.00098538    
   3.24900007       1.00098193    
   3.25000024       1.00097752    
   3.25100017       1.00097406    
   3.25200009       1.00096965    
   3.25300026       1.00096619    
   3.25400019       1.00096190    
   3.25500011       1.00095844    
   3.25600004       1.00095403    
   3.25700021       1.00095069    
   3.25800014       1.00094640    
   3.25900006       1.00094295    
   3.26000023       1.00093865    
   3.26100016       1.00093532    
   3.26200008       1.00093102    
   3.26300025       1.00092769    
   3.26400018       1.00092340    
   3.26500010       1.00092006    
   3.26600027       1.00091577    
   3.26700020       1.00091255    
   3.26800013       1.00090826    
   3.26900005       1.00090504    
   3.27000022       1.00090075    
   3.27100015       1.00089753    
   3.27200007       1.00089324    
   3.27300024       1.00089002    
   3.27400017       1.00088584    
   3.27500010       1.00088263    
   3.27600026       1.00087845    
   3.27700019       1.00087523    
   3.27800012       1.00087106    
   3.27900004       1.00086796    
   3.28000021       1.00086379    
   3.28100014       1.00086069    
   3.28200006       1.00085652    
   3.28300023       1.00085342    
   3.28400016       1.00084925    
   3.28500009       1.00084615    
   3.28600025       1.00084198    
   3.28700018       1.00083899    
   3.28800011       1.00083482    
   3.28900027       1.00083172    
   3.29000020       1.00082767    
   3.29100013       1.00082469    
   3.29200006       1.00082064    
   3.29300022       1.00081754    
   3.29400015       1.00081360    
   3.29500008       1.00081050    
   3.29600024       1.00080645    
   3.29700017       1.00080347    
   3.29800010       1.00079954    
   3.29900026       1.00079656    
   3.30000019       1.00079250    
   3.30100012       1.00078964    
   3.30200005       1.00078559    
   3.30300021       1.00078273    
   3.30400014       1.00077879    
   3.30500007       1.00077581    
   3.30600023       1.00077188    
   3.30700016       1.00076902    
   3.30800009       1.00076509    
   3.30900025       1.00076222    
   3.31000018       1.00075829    
   3.31100011       1.00075543    
   3.31200027       1.00075150    
   3.31300020       1.00074863    
   3.31400013       1.00074482    
   3.31500006       1.00074196    
   3.31600022       1.00073814    
   3.31700015       1.00073528    
   3.31800008       1.00073147    
   3.31900024       1.00072873    
   3.32000017       1.00072491    
   3.32100010       1.00072205    
   3.32200027       1.00071836    
   3.32300019       1.00071549    
   3.32400012       1.00071180    
   3.32500005       1.00070906    
   3.32600021       1.00070524    
   3.32700014       1.00070250    
   3.32800007       1.00069880    
   3.32900023       1.00069606    
   3.33000016       1.00069237    
   3.33100009       1.00068963    
   3.33200026       1.00068593    
   3.33300018       1.00068331    
   3.33400011       1.00067961    
   3.33500028       1.00067687    
   3.33600020       1.00067317    
   3.33700013       1.00067055    
   3.33800006       1.00066698    
   3.33900023       1.00066435    
   3.34000015       1.00066066    
   3.34100008       1.00065804    
   3.34200025       1.00065446    
   3.34300017       1.00065184    
   3.34400010       1.00064826    
   3.34500027       1.00064564    
   3.34600019       1.00064206    
   3.34700012       1.00063956    
   3.34800005       1.00063598    
   3.34900022       1.00063336    
   3.35000014       1.00062990    
   3.35100007       1.00062728    
   3.35200024       1.00062382    
   3.35300016       1.00062132    
   3.35400009       1.00061774    
   3.35500026       1.00061524    
   3.35600019       1.00061178    
   3.35700011       1.00060928    
   3.35800028       1.00060582    
   3.35900021       1.00060332    
   3.36000013       1.00059986    
   3.36100006       1.00059748    
   3.36200023       1.00059402    
   3.36300015       1.00059164    
   3.36400008       1.00058818    
   3.36500025       1.00058579    
   3.36600018       1.00058234    
   3.36700010       1.00057995    
   3.36800027       1.00057650    
   3.36900020       1.00057411    
   3.37000012       1.00057077    
   3.37100005       1.00056839    
   3.37200022       1.00056505    
   3.37300014       1.00056267    
   3.37400007       1.00055933    
   3.37500024       1.00055707    
   3.37600017       1.00055373    
   3.37700009       1.00055146    
   3.37800026       1.00054812    
   3.37900019       1.00054586    
   3.38000011       1.00054252    
   3.38100004       1.00054026    
   3.38200021       1.00053692    
   3.38300014       1.00053465    
   3.38400006       1.00053144    
   3.38500023       1.00052917    
   3.38600016       1.00052595    
   3.38700008       1.00052369    
   3.38800025       1.00052047    
   3.38900018       1.00051832    
   3.39000010       1.00051510    
   3.39100027       1.00051284    
   3.39200020       1.00050974    
   3.39300013       1.00050747    
   3.39400005       1.00050437    
   3.39500022       1.00050223    
   3.39600015       1.00049901    
   3.39700007       1.00049686    
   3.39800024       1.00049376    
   3.39900017       1.00049162    
   3.40000010       1.00048852    
   3.40100026       1.00048637    
   3.40200019       1.00048327    
   3.40300012       1.00048125    
   3.40400004       1.00047803    
   3.40500021       1.00047600    
   3.40600014       1.00047290    
   3.40700006       1.00047088    
   3.40800023       1.00046778    
   3.40900016       1.00046575    
   3.41000009       1.00046277    
   3.41100025       1.00046074    
   3.41200018       1.00045764    
   3.41300011       1.00045574    
   3.41400027       1.00045264    
   3.41500020       1.00045073    
   3.41600013       1.00044763    
   3.41700006       1.00044572    
   3.41800022       1.00044274    
   3.41900015       1.00044084    
   3.42000008       1.00043786    
   3.42100024       1.00043595    
   3.42200017       1.00043297    
   3.42300010       1.00043106    
   3.42400026       1.00042808    
   3.42500019       1.00042617    
   3.42600012       1.00042331    
   3.42700005       1.00042140    
   3.42800021       1.00041854    
   3.42900014       1.00041664    
   3.43000007       1.00041378    
   3.43100023       1.00041187    
   3.43200016       1.00040901    
   3.43300009       1.00040722    
   3.43400025       1.00040436    
   3.43500018       1.00040257    
   3.43600011       1.00039971    
   3.43700027       1.00039792    
   3.43800020       1.00039506    
   3.43900013       1.00039327    
   3.44000006       1.00039053    
   3.44100022       1.00038874    
   3.44200015       1.00038600    
   3.44300008       1.00038421    
   3.44400024       1.00038147    
   3.44500017       1.00037968    
   3.44600010       1.00037706    
   3.44700027       1.00037527    
   3.44800019       1.00037253    
   3.44900012       1.00037086    
   3.45000005       1.00036812    
   3.45100021       1.00036645    
   3.45200014       1.00036383    
   3.45300007       1.00036204    
   3.45400023       1.00035942    
   3.45500016       1.00035775    
   3.45600009       1.00035512    
   3.45700026       1.00035346    
   3.45800018       1.00035083    
   3.45900011       1.00034916    
   3.46000028       1.00034654    
   3.46100020       1.00034499    
   3.46200013       1.00034237    
   3.46300006       1.00034082    
   3.46400023       1.00033820    
   3.46500015       1.00033665    
   3.46600008       1.00033402    
   3.46700025       1.00033247    
   3.46800017       1.00032997    
   3.46900010       1.00032842    
   3.47000027       1.00032592    
   3.47100019       1.00032437    
   3.47200012       1.00032187    
   3.47300005       1.00032032    
   3.47400022       1.00031781    
   3.47500014       1.00031626    
   3.47600007       1.00031388    
   3.47700024       1.00031233    
   3.47800016       1.00030994    
   3.47900009       1.00030839    
   3.48000026       1.00030601    
   3.48100019       1.00030458    
   3.48200011       1.00030208    
   3.48300028       1.00030065    
   3.48400021       1.00029826    
   3.48500013       1.00029683    
   3.48600006       1.00029445    
   3.48700023       1.00029302    
   3.48800015       1.00029063    
   3.48900008       1.00028932    
   3.49000025       1.00028694    
   3.49100018       1.00028551    
   3.49200010       1.00028324    
   3.49300027       1.00028181    
   3.49400020       1.00027955    
   3.49500012       1.00027823    
   3.49600005       1.00027585    
   3.49700022       1.00027454    
   3.49800014       1.00027227    
   3.49900007       1.00027096    
   3.50000024       1.00026870    
   3.50100017       1.00026739    
   3.50200009       1.00026512    
   3.50300026       1.00026381    
   3.50400019       1.00026166    
   3.50500011       1.00026035    
   3.50600028       1.00025809    
   3.50700021       1.00025690    
   3.50800014       1.00025463    
   3.50900006       1.00025344    
   3.51000023       1.00025129    
   3.51100016       1.00024998    
   3.51200008       1.00024784    
   3.51300025       1.00024664    
   3.51400018       1.00024450    
   3.51500010       1.00024331    
   3.51600027       1.00024116    
   3.51700020       1.00023997    
   3.51800013       1.00023794    
   3.51900005       1.00023675    
   3.52000022       1.00023460    
   3.52100015       1.00023353    
   3.52200007       1.00023139    
   3.52300024       1.00023031    
   3.52400017       1.00022817    
   3.52500010       1.00022709    
   3.52600026       1.00022507    
   3.52700019       1.00022388    
   3.52800012       1.00022185    
   3.52900028       1.00022078    
   3.53000021       1.00021875    
   3.53100014       1.00021768    
   3.53200006       1.00021577    
   3.53300023       1.00021470    
   3.53400016       1.00021267    
   3.53500009       1.00021160    
   3.53600025       1.00020969    
   3.53700018       1.00020862    
   3.53800011       1.00020671    
   3.53900027       1.00020564    
   3.54000020       1.00020373    
   3.54100013       1.00020266    
   3.54200006       1.00020075    
   3.54300022       1.00019979    
   3.54400015       1.00019789    
   3.54500008       1.00019693    
   3.54600024       1.00019503    
   3.54700017       1.00019407    
   3.54800010       1.00019217    
   3.54900026       1.00019121    
   3.55000019       1.00018942    
   3.55100012       1.00018847    
   3.55200028       1.00018656    
   3.55300021       1.00018573    
   3.55400014       1.00018382    
   3.55500007       1.00018299    
   3.55600023       1.00018108    
   3.55700016       1.00018024    
   3.55800009       1.00017846    
   3.55900025       1.00017750    
   3.56000018       1.00017583    
   3.56100011       1.00017488    
   3.56200027       1.00017309    
   3.56300020       1.00017226    
   3.56400013       1.00017059    
   3.56500006       1.00016963    
   3.56600022       1.00016797    
   3.56700015       1.00016713    
   3.56800008       1.00016534    
   3.56900024       1.00016463    
   3.57000017       1.00016284    
   3.57100010       1.00016212    
   3.57200027       1.00016034    
   3.57300019       1.00015962    
   3.57400012       1.00015795    
   3.57500029       1.00015712    
   3.57600021       1.00015545    
   3.57700014       1.00015473    
   3.57800007       1.00015306    
   3.57900023       1.00015223    
   3.58000016       1.00015068    
   3.58100009       1.00014997    
   3.58200026       1.00014830    
   3.58300018       1.00014758    
   3.58400011       1.00014591    
   3.58500028       1.00014520    
   3.58600020       1.00014365    
   3.58700013       1.00014293    
   3.58800006       1.00014138    
   3.58900023       1.00014067    
   3.59000015       1.00013912    
   3.59100008       1.00013840    
   3.59200025       1.00013685    
   3.59300017       1.00013614    
   3.59400010       1.00013471    
   3.59500027       1.00013399    
   3.59600019       1.00013256    
   3.59700012       1.00013185    
   3.59800029       1.00013030    
   3.59900022       1.00012970    
   3.60000014       1.00012815    
   3.60100007       1.00012755    
   3.60200024       1.00012612    
   3.60300016       1.00012553    
   3.60400009       1.00012398    
   3.60500026       1.00012338    
   3.60600019       1.00012195    
   3.60700011       1.00012136    
   3.60800028       1.00011992    
   3.60900021       1.00011933    
   3.61000013       1.00011790    
   3.61100006       1.00011730    
   3.61200023       1.00011587    
   3.61300015       1.00011539    
   3.61400008       1.00011396    
   3.61500025       1.00011337    
   3.61600018       1.00011206    
   3.61700010       1.00011146    
   3.61800027       1.00011003    
   3.61900020       1.00010955    
   3.62000012       1.00010824    
   3.62100029       1.00010765    
   3.62200022       1.00010633    
   3.62300014       1.00010574    
   3.62400007       1.00010443    
   3.62500024       1.00010395    
   3.62600017       1.00010264    
   3.62700009       1.00010216    
   3.62800026       1.00010085    
   3.62900019       1.00010037    
   3.63000011       1.00009906    
   3.63100028       1.00009859    
   3.63200021       1.00009727    
   3.63300014       1.00009680    
   3.63400006       1.00009549    
   3.63500023       1.00009513    
   3.63600016       1.00009382    
   3.63700008       1.00009334    
   3.63800025       1.00009215    
   3.63900018       1.00009167    
   3.64000010       1.00009048    
   3.64100027       1.00009000    
   3.64200020       1.00008881    
   3.64300013       1.00008833    
   3.64400029       1.00008714    
   3.64500022       1.00008678    
   3.64600015       1.00008559    
   3.64700007       1.00008512    
   3.64800024       1.00008392    
   3.64900017       1.00008357    
   3.65000010       1.00008237    
   3.65100026       1.00008202    
   3.65200019       1.00008082    
   3.65300012       1.00008047    
   3.65400028       1.00007927    
   3.65500021       1.00007892    
   3.65600014       1.00007772    
   3.65700006       1.00007737    
   3.65800023       1.00007629    
   3.65900016       1.00007594    
   3.66000009       1.00007486    
   3.66100025       1.00007439    
   3.66200018       1.00007331    
   3.66300011       1.00007296    
   3.66400027       1.00007188    
   3.66500020       1.00007153    
   3.66600013       1.00007045    
   3.66700006       1.00007010    
   3.66800022       1.00006914    
   3.66900015       1.00006878    
   3.67000008       1.00006771    
   3.67100024       1.00006735    
   3.67200017       1.00006628    
   3.67300010       1.00006604    
   3.67400026       1.00006497    
   3.67500019       1.00006473    
   3.67600012       1.00006366    
   3.67700028       1.00006330    
   3.67800021       1.00006235    
   3.67900014       1.00006211    
   3.68000007       1.00006104    
   3.68100023       1.00006080    
   3.68200016       1.00005972    
   3.68300009       1.00005949    
   3.68400025       1.00005853    
   3.68500018       1.00005817    
   3.68600011       1.00005722    
   3.68700027       1.00005698    
   3.68800020       1.00005603    
   3.68900013       1.00005579    
   3.69000006       1.00005484    
   3.69100022       1.00005460    
   3.69200015       1.00005364    
   3.69300008       1.00005341    
   3.69400024       1.00005245    
   3.69500017       1.00005221    
   3.69600010       1.00005126    
   3.69700027       1.00005102    
   3.69800019       1.00005019    
   3.69900012       1.00004995    
   3.70000029       1.00004900    
   3.70100021       1.00004876    
   3.70200014       1.00004792    
   3.70300007       1.00004768    
   3.70400023       1.00004685    
   3.70500016       1.00004661    
   3.70600009       1.00004578    
   3.70700026       1.00004554    
   3.70800018       1.00004470    
   3.70900011       1.00004447    
   3.71000028       1.00004363    
   3.71100020       1.00004339    
   3.71200013       1.00004256    
   3.71300006       1.00004244    
   3.71400023       1.00004160    
   3.71500015       1.00004137    
   3.71600008       1.00004053    
   3.71700025       1.00004041    
   3.71800017       1.00003958    
   3.71900010       1.00003946    
   3.72000027       1.00003862    
   3.72100019       1.00003850    
   3.72200012       1.00003767    
   3.72300029       1.00003755    
   3.72400022       1.00003672    
   3.72500014       1.00003660    
   3.72600007       1.00003576    
   3.72700024       1.00003564    
   3.72800016       1.00003481    
   3.72900009       1.00003469    
   3.73000026       1.00003397    
   3.73100019       1.00003386    
   3.73200011       1.00003302    
   3.73300028       1.00003290    
   3.73400021       1.00003219    
   3.73500013       1.00003207    
   3.73600006       1.00003135    
   3.73700023       1.00003123    
   3.73800015       1.00003040    
   3.73900008       1.00003040    
   3.74000025       1.00002968    
   3.74100018       1.00002956    
   3.74200010       1.00002885    
   3.74300027       1.00002873    
   3.74400020       1.00002801    
   3.74500012       1.00002789    
   3.74600029       1.00002718    
   3.74700022       1.00002706    
   3.74800014       1.00002635    
   3.74900007       1.00002635    
   3.75000024       1.00002563    
   3.75100017       1.00002551    
   3.75200009       1.00002480    
   3.75300026       1.00002480    
   3.75400019       1.00002408    
   3.75500011       1.00002408    
   3.75600028       1.00002337    
   3.75700021       1.00002325    
   3.75800014       1.00002265    
   3.75900006       1.00002253    
   3.76000023       1.00002193    
   3.76100016       1.00002182    
   3.76200008       1.00002122    
   3.76300025       1.00002122    
   3.76400018       1.00002050    
   3.76500010       1.00002050    
   3.76600027       1.00001991    
   3.76700020       1.00001979    
   3.76800013       1.00001919    
   3.76900029       1.00001919    
   3.77000022       1.00001848    
   3.77100015       1.00001848    
   3.77200007       1.00001788    
   3.77300024       1.00001788    
   3.77400017       1.00001729    
   3.77500010       1.00001729    
   3.77600026       1.00001669    
   3.77700019       1.00001657    
   3.77800012       1.00001597    
   3.77900028       1.00001597    
   3.78000021       1.00001538    
   3.78100014       1.00001538    
   3.78200006       1.00001478    
   3.78300023       1.00001478    
   3.78400016       1.00001431    
   3.78500009       1.00001431    
   3.78600025       1.00001371    
   3.78700018       1.00001371    
   3.78800011       1.00001311    
   3.78900027       1.00001311    
   3.79000020       1.00001264    
   3.79100013       1.00001264    
   3.79200029       1.00001204    
   3.79300022       1.00001204    
   3.79400015       1.00001156    
   3.79500008       1.00001156    
   3.79600024       1.00001097    
   3.79700017       1.00001097    
   3.79800010       1.00001049    
   3.79900026       1.00001049    
   3.80000019       1.00001001    
   3.80100012       1.00001001    
   3.80200028       1.00000954    
   3.80300021       1.00000954    
   3.80400014       1.00000906    
   3.80500007       1.00000906    
   3.80600023       1.00000858    
   3.80700016       1.00000858    
   3.80800009       1.00000811    
   3.80900025       1.00000811    
   3.81000018       1.00000763    
   3.81100011       1.00000763    
   3.81200027       1.00000715    
   3.81300020       1.00000727    
   3.81400013       1.00000679    
   3.81500030       1.00000679    
   3.81600022       1.00000632    
   3.81700015       1.00000644    
   3.81800008       1.00000596    
   3.81900024       1.00000596    
   3.82000017       1.00000560    
   3.82100010       1.00000560    
   3.82200027       1.00000513    
   3.82300019       1.00000513    
   3.82400012       1.00000477    
   3.82500029       1.00000477    
   3.82600021       1.00000441    
   3.82700014       1.00000441    
   3.82800007       1.00000405    
   3.82900023       1.00000405    
   3.83000016       1.00000358    
   3.83100009       1.00000370    
   3.83200026       1.00000322    
   3.83300018       1.00000334    
   3.83400011       1.00000298    
   3.83500028       1.00000298    
   3.83600020       1.00000262    
   3.83700013       1.00000262    
   3.83800030       1.00000226    
   3.83900023       1.00000238    
   3.84000015       1.00000191    
   3.84100008       1.00000203    
   3.84200025       1.00000167    
   3.84300017       1.00000167    
   3.84400010       1.00000131    
   3.84500027       1.00000143    
   3.84600019       1.00000107    
   3.84700012       1.00000107    
   3.84800029       1.00000072    
   3.84900022       1.00000083    
   3.85000014       1.00000048    
   3.85100007       1.00000048    
   3.85200024       1.00000012    
   3.85300016       1.00000024    
   3.85400009      0.999999881    
   3.85500026       1.00000000    
   3.85600019      0.999999642    
   3.85700011      0.999999702    
   3.85800028      0.999999344    
   3.85900021      0.999999464    
   3.86000013      0.999999106    
   3.86100030      0.999999225    
   3.86200023      0.999998868    
   3.86300015      0.999998987    
   3.86400008      0.999998629    
   3.86500025      0.999998748    
   3.86600018      0.999998450    
   3.86700010      0.999998510    
   3.86800027      0.999998212    
   3.86900020      0.999998271    
   3.87000012      0.999997973    
   3.87100029      0.999998093    
   3.87200022      0.999997795    
   3.87300014      0.999997854    
   3.87400007      0.999997556    
   3.87500024      0.999997675    
   3.87600017      0.999997377    
   3.87700009      0.999997437    
   3.87800026      0.999997199    
   3.87900019      0.999997258    
   3.88000011      0.999996960    
   3.88100028      0.999997079    
   3.88200021      0.999996841    
   3.88300014      0.999996901    
   3.88400030      0.999996662    
   3.88500023      0.999996722    
   3.88600016      0.999996483    
   3.88700008      0.999996603    
   3.88800025      0.999996364    
   3.88900018      0.999996424    
   3.89000010      0.999996185    
   3.89100027      0.999996305    
   3.89200020      0.999996006    
   3.89300013      0.999996126    
   3.89400029      0.999995887    
   3.89500022      0.999996006    
   3.89600015      0.999995768    
   3.89700007      0.999995887    
   3.89800024      0.999995649    
   3.89900017      0.999995708    
   3.90000010      0.999995530    
   3.90100026      0.999995589    
   3.90200019      0.999995410    
   3.90300012      0.999995470    
   3.90400028      0.999995291    
   3.90500021      0.999995351    
   3.90600014      0.999995172    
   3.90700030      0.999995291    
   3.90800023      0.999995053    
   3.90900016      0.999995172    
   3.91000009      0.999994934    
   3.91100025      0.999995053    
   3.91200018      0.999994874    
   3.91300011      0.999994993    
   3.91400027      0.999994755    
   3.91500020      0.999994874    
   3.91600013      0.999994695    
   3.91700029      0.999994814    
   3.91800022      0.999994636    
   3.91900015      0.999994755    
   3.92000008      0.999994576    
   3.92100024      0.999994636    
   3.92200017      0.999994457    
   3.92300010      0.999994576    
   3.92400026      0.999994397    
   3.92500019      0.999994516    
   3.92600012      0.999994338    
   3.92700028      0.999994457    
   3.92800021      0.999994278    
   3.92900014      0.999994397    
   3.93000031      0.999994278    
   3.93100023      0.999994397    
   3.93200016      0.999994218    
   3.93300009      0.999994338    
   3.93400025      0.999994159    
   3.93500018      0.999994278    
   3.93600011      0.999994159    
   3.93700027      0.999994218    
   3.93800020      0.999994099    
   3.93900013      0.999994218    
   3.94000030      0.999994040    
   3.94100022      0.999994159    
   3.94200015      0.999994040    
   3.94300008      0.999994159    
   3.94400024      0.999994040    
   3.94500017      0.999994159    
   3.94600010      0.999993980    
   3.94700027      0.999994099    
   3.94800019      0.999993980    
   3.94900012      0.999994099    
   3.95000029      0.999993980    
   3.95100021      0.999994099    
   3.95200014      0.999993980    
   3.95300007      0.999994099    
   3.95400023      0.999993980    
   3.95500016      0.999994099    
   3.95600009      0.999993980    
   3.95700026      0.999994099    
   3.95800018      0.999993980    
   3.95900011      0.999994099    
   3.96000028      0.999993980    
   3.96100020      0.999994099    
   3.96200013      0.999994040    
   3.96300030      0.999994099    
   3.96400023      0.999994040    
   3.96500015      0.999994099    
   3.96600008      0.999994040    
   3.96700025      0.999994159    
   3.96800017      0.999994099    
   3.96900010      0.999994159    
   3.97000027      0.999994099    
   3.97100019      0.999994218    
   3.97200012      0.999994159    
   3.97300029      0.999994218    
   3.97400022      0.999994218    
   3.97500014      0.999994338    
   3.97600007      0.999994218    
   3.97700024      0.999994338    
   3.97800016      0.999994278    
   3.97900009      0.999994397    
   3.98000026      0.999994338    
   3.98100019      0.999994397    
   3.98200011      0.999994397    
   3.98300028      0.999994457    
   3.98400021      0.999994397    
   3.98500013      0.999994516    
   3.98600030      0.999994457    
   3.98700023      0.999994576    
   3.98800015      0.999994516    
   3.98900008      0.999994636    
   3.99000025      0.999994576    
   3.99100018      0.999994695    
   3.99200010      0.999994636    
   3.99300027      0.999994755    
   3.99400020      0.999994695    
   3.99500012      0.999994814    
   3.99600029      0.999994755    
   3.99700022      0.999994814    
   3.99800014      0.999994814    
   3.99900007      0.999994934    
   4.00000000      0.999994874    
   4.00100040      0.999994934    
   4.00200033      0.999994993    
   4.00300026      0.999995053    
   4.00400019      0.999995053    
   4.00500011      0.999995112    
   4.00600004      0.999995112    
   4.00699997      0.999995232    
   4.00800037      0.999995172    
   4.00900030      0.999995291    
   4.01000023      0.999995291    
   4.01100016      0.999995351    
   4.01200008      0.999995351    
   4.01300001      0.999995410    
   4.01400042      0.999995470    
   4.01500034      0.999995530    
   4.01600027      0.999995530    
   4.01700020      0.999995589    
   4.01800013      0.999995649    
   4.01900005      0.999995708    
   4.01999998      0.999995768    
   4.02100039      0.999995768    
   4.02200031      0.999995828    
   4.02300024      0.999995947    
   4.02400017      0.999995887    
   4.02500010      0.999996006    
   4.02600002      0.999996006    
   4.02700043      0.999996066    
   4.02800035      0.999996126    
   4.02900028      0.999996126    
   4.03000021      0.999996185    
   4.03100014      0.999996245    
   4.03200006      0.999996305    
   4.03299999      0.999996305    
   4.03400040      0.999996424    
   4.03500032      0.999996483    
   4.03600025      0.999996483    
   4.03700018      0.999996543    
   4.03800011      0.999996662    
   4.03900003      0.999996722    
   4.03999996      0.999996722    
   4.04100037      0.999996841    
   4.04200029      0.999996841    
   4.04300022      0.999996960    
   4.04400015      0.999996960    
   4.04500008      0.999996960    
   4.04600000      0.999997079    
   4.04700041      0.999997139    
   4.04800034      0.999997199    
   4.04900026      0.999997199    
   4.05000019      0.999997318    
   4.05100012      0.999997318    
   4.05200005      0.999997437    
   4.05299997      0.999997377    
   4.05400038      0.999997497    
   4.05500031      0.999997616    
   4.05600023      0.999997675    
   4.05700016      0.999997675    
   4.05800009      0.999997795    
   4.05900002      0.999997795    
   4.06000042      0.999997914    
   4.06100035      0.999997795    
   4.06200027      0.999998033    
   4.06300020      0.999998033    
   4.06400013      0.999998152    
   4.06500006      0.999998093    
   4.06599998      0.999998271    
   4.06700039      0.999998212    
   4.06800032      0.999998450    
   4.06900024      0.999998271    
   4.07000017      0.999998569    
   4.07100010      0.999998510    
   4.07200003      0.999998689    
   4.07300043      0.999998689    
   4.07400036      0.999998808    
   4.07500029      0.999998808    
   4.07600021      0.999998927    
   4.07700014      0.999998748    
   4.07800007      0.999999106    
   4.07900000      0.999998987    
   4.08000040      0.999999344    
   4.08100033      0.999999166    
   4.08200026      0.999999464    
   4.08300018      0.999999285    
   4.08400011      0.999999702    
   4.08500004      0.999999285    
   4.08599997      0.999999821    
   4.08700037      0.999999762    
   4.08800030       1.00000000    
   4.08900023      0.999999881    
   4.09000015       1.00000036    
   4.09100008      0.999999881    
   4.09200001       1.00000072    
   4.09300041      0.999999285    
   4.09400034       1.00000155    
   4.09500027       1.00000048    
   4.09600019       1.00000489    
